NCT Number,Sponsor,Study Title,Interventions,developed_drug,drug_classification,classification_reason,classification_confidence,verification_status,needs_manual_review
NCT01766336,"OPKO Health, Inc.",A 36-Week Safety Extension Study of ELND005 as a Treatment for Agitation and Aggression in Alzheimer's Disease,DRUG: Group 1 ELND005|DRUG: Group 2 ELND005,Group 1 ELND005; Group 2 ELND005,investigational_therapeutic_unverified,multiple unverified investigational candidates found (Group 1 ELND005; Group 2 ELND005) — could not resolve to a single drug,low,multiple_candidates_unresolved,True
NCT06623864,Universidad de Burgos,Significant Activities in the Integrated Person-centered Care Model,OTHER: meaningful activities|OTHER: other activities,,no_therapeutic_candidate,"no confirmed or investigational therapeutic candidate found, but this trial has unresolved/uncertain interventions worth a manual look",low,no_match,True
NCT04942184,Boston University,STRATEGIES to Improve Memory in Alzheimer's Disease,BEHAVIORAL: Memory strategies in Arm 1|DEVICE: Electroencephalogram (EEG) headset in Arm 1|OTHER: Tablet in Arm 1|BEHAVIORAL: Memory strategies in Arm 2|DEVICE: Electroencephalogram (EEG) headset in Arm 2|OTHER: Tablet in Arm 2,,no_therapeutic_candidate,"no confirmed or investigational therapeutic candidate found, but this trial has unresolved/uncertain interventions worth a manual look",low,no_match,True
NCT07558785,Faculty Hospital Kralovske Vinohrady,Telemedicine Self-examination of Speech and Memory for Rapid Detection of Cognitive Impairments Using Machine Learning Methods,DIAGNOSTIC_TEST: The Repeatable Battery for the Assessment of Neuropsychological Status (RBANS)|DIAGNOSTIC_TEST: the Mississippi Aphasia Screening Test|DIAGNOSTIC_TEST: Amnesia Light and Brief Assessment (ALBA)|DIAGNOSTIC_TEST: The Picture naming and immediate recall test (PICNIR)|DIAGNOSTIC_TEST: Geriatric Depression Scale (GDS-15)|DIAGNOSTIC_TEST: The Beck Anxiety Inventory (BAI)|DIAGNOSTIC_TEST: Digitial Diagnostics of Dementia (DDD),,no_therapeutic_candidate,"no confirmed or investigational therapeutic candidate found, but this trial has unresolved/uncertain interventions worth a manual look",low,no_match,True
NCT00715858,McMaster University,A Pilot Study of Inflammatory Markers in Alzheimer's Disease,DRUG: doxycycline|DRUG: rifampin|DRUG: placebo,,no_therapeutic_candidate,"no confirmed or investigational therapeutic candidate found, but this trial has unresolved/uncertain interventions worth a manual look",low,no_match,True
NCT02051335,AstraZeneca,Roflumilast and Donepezil to Reverse Scopolamine Induced Cognitive Deficits in Healthy Adults,DRUG: Roflumilast|DRUG: Roflumilast placebo|DRUG: Donepezil|DRUG: Donepezil placebo|DRUG: Scopolamine,,no_therapeutic_candidate,"no confirmed or investigational therapeutic candidate found, but this trial has unresolved/uncertain interventions worth a manual look",low,no_match,True
NCT04337255,Rush University Medical Center,Mediterranean-DASH Intervention for Neurodegenerative Delay (MIND) Diet in Stroke Patients Patients,OTHER: Behavioral Dietary intervention ( MIND Diet)|OTHER: Behavioral Usual Care Diet Intervention,,no_therapeutic_candidate,"no confirmed or investigational therapeutic candidate found, but this trial has unresolved/uncertain interventions worth a manual look",low,no_match,True
NCT04251182,"T3D Therapeutics, Inc.",Clinical Study Evaluating Efficacy and Safety of T3D-959 in Mild-to-moderate AD Subjects,DRUG: 15mg T3D-959|DRUG: 30 mg T3D-959|DRUG: 45 mg T3D-959|DRUG: Placebos,15mg T3D-959; 30 mg T3D-959; 45 mg T3D-959,investigational_therapeutic_unverified,multiple unverified investigational candidates found (15mg T3D-959; 30 mg T3D-959; 45 mg T3D-959) — could not resolve to a single drug,low,multiple_candidates_unresolved,True
NCT04740580,Baylor College of Medicine,"Glutathione, Brain Metabolism and Inflammation in Alzheimer's Disease",DIETARY_SUPPLEMENT: Glycine|DIETARY_SUPPLEMENT: N-acetylcysteine|DIETARY_SUPPLEMENT: Alanine,,no_therapeutic_candidate,"no confirmed or investigational therapeutic candidate found, but this trial has unresolved/uncertain interventions worth a manual look",low,no_match,True
NCT01024660,AstraZeneca,The Effect of Cognitive Function as Measured by Repeated Cognitive Measures After 12 Weeks Treatment With Donepezil,DRUG: Donepezil|DRUG: Donepezil|DRUG: Placebo to match Aricept,,no_therapeutic_candidate,"no confirmed or investigational therapeutic candidate found, but this trial has unresolved/uncertain interventions worth a manual look",low,no_match,True
NCT06870058,"Jiangsu Nhwa Pharmaceutical Co., Ltd.",A Study of NH280105 in Healthy Adult Participants,DRUG: NH280105- SAD|DRUG: NH280105- MAD|DRUG: Placebo,,no_therapeutic_candidate,"no confirmed or investigational therapeutic candidate found, but this trial has unresolved/uncertain interventions worth a manual look",low,no_match,True
NCT05787041,South China Center For Innovative Pharmaceuticals,The Effect of High Fat Diet on the Pharmacokinetics of AD16 Tablets in Healthy Chinese Adult Subjects,OTHER: high-fat diet group（AD16 20mg）|OTHER: fasted group（AD16 20mg）,,no_therapeutic_candidate,"no confirmed or investigational therapeutic candidate found, but this trial has unresolved/uncertain interventions worth a manual look",low,no_match,True
NCT06732128,Centre for Addiction and Mental Health,Nature-based Virtual Reality Intervention for Depression in Alzheimer's Disease,OTHER: nature-based virtual reality applications and videos|OTHER: nature-based videos,,no_therapeutic_candidate,"no confirmed or investigational therapeutic candidate found, but this trial has unresolved/uncertain interventions worth a manual look",low,no_match,True
NCT03630419,"Perseverance Research Center, LLC",Specialized Food Plan Based on Individual Physiological Comprehensive Body Assessments Accompanied With Cellular Repair Therapy to Decrease Inflammation Cognitively Impaired Patients,DIETARY_SUPPLEMENT: Mito-Food Plan|OTHER: Cellular Repair Therapy,,no_therapeutic_candidate,"no confirmed or investigational therapeutic candidate found, but this trial has unresolved/uncertain interventions worth a manual look",low,no_match,True
NCT02968719,"Corium, Inc.","A Phase 1, Corplex™ Donepezil Transdermal System Compared to Oral Aricept®",DRUG: Donepezil TDS Version A|DRUG: Donepezil TDS Version B|DRUG: Aricept|DRUG: Donepezil TDS Version D|DRUG: Donepezil TDS Version E,,no_therapeutic_candidate,"no confirmed or investigational therapeutic candidate found, but this trial has unresolved/uncertain interventions worth a manual look",low,no_match,True
NCT02036645,AstraZeneca,"SAD/MAD Study to Assess Safety, Tolerability, PK & PD of MEDI1814 in Subjects With Mild-Moderate Alzheimer's Disease.",BIOLOGICAL: MEDI1814 for IV injection|BIOLOGICAL: MEDI1814 for Subcutaneous Injection|BIOLOGICAL: IV Placebo|BIOLOGICAL: Placebo for Subcutaneous Injection,,no_therapeutic_candidate,"no confirmed or investigational therapeutic candidate found, but this trial has unresolved/uncertain interventions worth a manual look",low,no_match,True
NCT06826157,IRCCS San Raffaele,The Role of Advanced Electroencephalographic Data as Marker of Pathology and Prognosis in Primary Dementias,DIAGNOSTIC_TEST: Electroencephalogram|DIAGNOSTIC_TEST: 3 Tesla MRI|GENETIC: Apolipoprotein E genetic test,,no_therapeutic_candidate,"no confirmed or investigational therapeutic candidate found, but this trial has unresolved/uncertain interventions worth a manual look",low,no_match,True
NCT06765434,Okan University,Effects of Personalized Music Listening in Advanced Alzheimer's,OTHER: Music ( Dmitri Shostakovich's Jazz Waltz Suite)|OTHER: Music( Personalized music),,no_therapeutic_candidate,"no confirmed or investigational therapeutic candidate found, but this trial has unresolved/uncertain interventions worth a manual look",low,no_match,True
NCT01302340,Radboud University Medical Center,Delta-THC in Behavioral Disturbances in Dementia,DRUG: Delta-THC|DRUG: placebo|DRUG: Delta-THC,,no_therapeutic_candidate,"no confirmed or investigational therapeutic candidate found, but this trial has unresolved/uncertain interventions worth a manual look",low,no_match,True
NCT07007208,"University Hospital, Toulouse","Biomarkers of the Locus Coeruleus Nucleus: Links With Early Tau Pathology, Cognition and Alzheimer's Disease Risk",DRUG: a positon emission tomography (PET) exam|OTHER: MRI Contrast|OTHER: oculometry assessment|OTHER: cognitive exams,,no_therapeutic_candidate,"no confirmed or investigational therapeutic candidate found, but this trial has unresolved/uncertain interventions worth a manual look",low,no_match,True
NCT03451591,University of Edinburgh,LACunar Intervention (LACI-2) Trial-2,DRUG: Isosorbide Mononitrate XL (ISMN)|DRUG: Cilostazol|DRUG: ISMN XL and Cilostazol|OTHER: Neither ISMN nor cilostazol,Cilostazol; ISMN XL and Cilostazol; Neither ISMN nor cilostazol,investigational_therapeutic_unverified,multiple unverified investigational candidates found (Cilostazol; ISMN XL and Cilostazol; Neither ISMN nor cilostazol) — could not resolve to a single drug,low,multiple_candidates_unresolved,True
NCT07143331,Klotho Sciences Australia Pty Ltd.,A Phase 1 Study to Assess the Safety and Effects of Single and Multiple Doses of KS101 in Healthy Volunteers,DRUG: Part 1 KS101|DRUG: Part 1 Placebo|DRUG: Part 2 with Food|DRUG: Part 2 without food|DRUG: Part 3 KS101,,no_therapeutic_candidate,"no confirmed or investigational therapeutic candidate found, but this trial has unresolved/uncertain interventions worth a manual look",low,no_match,True
NCT02176629,Centre Hospitalier Universitaire de Nice,Usability of Virtual Reality in Subjects With Mild Cognitive Impairment or Alzheimer's Disease,OTHER: Condition virtual reality (VR) then Condition classic cognitive stimulation (CCS)|OTHER: Condition classic cognitive stimulation (CCS) then Condition virtual reality (VR),,no_therapeutic_candidate,"no confirmed or investigational therapeutic candidate found, but this trial has unresolved/uncertain interventions worth a manual look",low,no_match,True
NCT03259958,"Corium, Inc.",A Bioequivalence Study of Corplex™ Donepezil Transdermal Delivery System Compared to Aricept®,DRUG: Donepezil TDS|DRUG: Aricept,,no_therapeutic_candidate,"no confirmed or investigational therapeutic candidate found, but this trial has unresolved/uncertain interventions worth a manual look",low,no_match,True
NCT03790709,Anavex Life Sciences Corp.,ANAVEX2-73 for Treatment of Early Alzheimer's Disease,DRUG: High dose ANAVEX2-73|DRUG: Mid dose ANAVEX2-73|DRUG: Placebo oral capsule,High dose ANAVEX2-73; Mid dose ANAVEX2-73,investigational_therapeutic_unverified,multiple unverified investigational candidates found (High dose ANAVEX2-73; Mid dose ANAVEX2-73) — could not resolve to a single drug,low,multiple_candidates_unresolved,True
NCT02260700,"Janssen Research & Development, LLC","A Study to Evaluate Bioavailability, Food Effect, Safety and Tolerability of a Solid Dosage Formulation of JNJ-54861911 in Healthy Older Male Participants",DRUG: JNJ-54861911 (Treatment A)|DRUG: JNJ-54861911 (Treatment B)|DRUG: JNJ-54861911 (Treatment C),JNJ-54861911 (Treatment A); JNJ-54861911 (Treatment B); JNJ-54861911 (Treatment C),investigational_therapeutic_unverified,multiple unverified investigational candidates found (JNJ-54861911 (Treatment A); JNJ-54861911 (Treatment B); JNJ-54861911 (Treatment C)) — could not resolve to a single drug,low,multiple_candidates_unresolved,True
NCT02196116,"University Hospital, Bordeaux",Amyloïd Load in Elderly Population: Effect of Cognitive Reserve,OTHER: PET|OTHER: MRI|OTHER: neuropsychological tests,,no_therapeutic_candidate,"no confirmed or investigational therapeutic candidate found, but this trial has unresolved/uncertain interventions worth a manual look",low,no_match,True
NCT03978052,Parc de Salut Mar,Prevention of Cognitive Decline in ApoE4 Carriers With Subjective Cognitive Decline After EGCG and a Multimodal Intervention,DIETARY_SUPPLEMENT: EGCG|DIETARY_SUPPLEMENT: Placebo EGCG|OTHER: Healthy lifestyle recommendations|OTHER: Multimodal lifestyle intervention,,no_therapeutic_candidate,"no confirmed or investigational therapeutic candidate found, but this trial has unresolved/uncertain interventions worth a manual look",low,no_match,True
NCT00931073,Pfizer,A Phase I Study To Estimate The Effect Of Ketoconazole And Omeprazole On The Pharmacokinetics Of Dimebon In Healthy Subjects Who Are Normal Or Poor CYP2D6 Metabolizers,DRUG: Dimebon alone|DRUG: Dimebon + Ketoconazole|DRUG: Dimebon + Omeprazole,Dimebon alone; Dimebon + Ketoconazole; Dimebon + Omeprazole,investigational_therapeutic_unverified,multiple unverified investigational candidates found (Dimebon alone; Dimebon + Ketoconazole; Dimebon + Omeprazole) — could not resolve to a single drug,low,multiple_candidates_unresolved,True
NCT00692705,AstraZeneca,"Positron Emission Tomography (PET) Study With [11C]AZD2995 and [11C]AZD2184, Candidate PET Ligands for β Amyloid",DRUG: Radioligand (11C)AZD2995|DRUG: Radioligand (11C)AZD2184,,no_therapeutic_candidate,"no confirmed or investigational therapeutic candidate found, but this trial has unresolved/uncertain interventions worth a manual look",low,no_match,True
NCT01230853,Eisai Inc.,"A Randomized, Double-blind, Placebo-controlled, Combined Single Ascending Dose and Multiple Ascending Dose Study",DRUG: Active Comparator: A|DRUG: Placebo Comparator B|DRUG: Active Comparator B|DRUG: Placebo Comparator A,,no_therapeutic_candidate,"no confirmed or investigational therapeutic candidate found, but this trial has unresolved/uncertain interventions worth a manual look",low,no_match,True
NCT02576821,Centre Hospitalier St Anne,Hippocampal Sclerosis and Amnesia Not Due to Alzheimer's Disease,OTHER: Neurological examinations|OTHER: Neuropsychological examinations|OTHER: Clinical examinations|RADIATION: MRI 3T|RADIATION: MRI 7T,,no_therapeutic_candidate,"no confirmed or investigational therapeutic candidate found, but this trial has unresolved/uncertain interventions worth a manual look",low,no_match,True
NCT07416734,"University of California, San Francisco",RCT of HeartBot in Women,OTHER: HeartBot II Program|OTHER: Waitlist Control,,no_therapeutic_candidate,"no confirmed or investigational therapeutic candidate found, but this trial has unresolved/uncertain interventions worth a manual look",low,no_match,True
NCT03585907,Johns Hopkins University,Feasibility and Efficacy of Dietary Interventions for Older Adults With Subjective Cognitive Decline,DIETARY_SUPPLEMENT: MAD|DIETARY_SUPPLEMENT: MIND,,no_therapeutic_candidate,"no confirmed or investigational therapeutic candidate found, but this trial has unresolved/uncertain interventions worth a manual look",low,no_match,True
NCT02079909,"FUJIFILM Toyama Chemical Co., Ltd.",Efficacy and Safety of T-817MA in Patients With Mild to Moderate Alzheimer's Disease (US202),DRUG: T-817MA-H|DRUG: T-817MA-L|DRUG: Placebo,T-817MA-H; T-817MA-L,investigational_therapeutic_unverified,multiple unverified investigational candidates found (T-817MA-H; T-817MA-L) — could not resolve to a single drug,low,multiple_candidates_unresolved,True
NCT03204604,Wake Forest University Health Sciences,The Brain Ketone Body Challenge Imaging Study,DIETARY_SUPPLEMENT: Challenge A - low calorie Ensure®|DIETARY_SUPPLEMENT: Challenge B - Ensure® plus ketone esters (KE)|PROCEDURE: PET Scan|BEHAVIORAL: Cognitive Testing - FCSRT|BEHAVIORAL: Story Recall|BEHAVIORAL: BVRT|BEHAVIORAL: CogState One Card Learning,,no_therapeutic_candidate,"no confirmed or investigational therapeutic candidate found, but this trial has unresolved/uncertain interventions worth a manual look",low,no_match,True
NCT02521818,Johns Hopkins University,Dietary Treatments for Cognitive Impairment in Older Adults,OTHER: Modified Atkins Diet|OTHER: NIA Diet for Seniors,,no_therapeutic_candidate,"no confirmed or investigational therapeutic candidate found, but this trial has unresolved/uncertain interventions worth a manual look",low,no_match,True
NCT06850870,"Onward Health, Inc",Door-Through-Door Companion Rideshare Technology for Individuals With Alzheimer's Disease and Related Dementias (AD/ADRD),OTHER: Door-through-door companion rideshare|OTHER: Curb-to-curb rideshare services,,no_therapeutic_candidate,"no confirmed or investigational therapeutic candidate found, but this trial has unresolved/uncertain interventions worth a manual look",low,no_match,True
NCT04052737,"Pharmazz, Inc.",PMZ-1620 (Sovateltide) in Mild to Moderate Alzheimer's Disease,DRUG: Normal Saline along with standard treatment|DRUG: PMZ-1620 (sovateltide) along with standard treatment,,no_therapeutic_candidate,"no confirmed or investigational therapeutic candidate found, but this trial has unresolved/uncertain interventions worth a manual look",low,no_match,True
NCT00768261,Washington University School of Medicine,Corticolimbic Degeneration and Treatment of Dementia,DRUG: Memantine (Namenda®)|DRUG: Donepezil (Aricept®),,no_therapeutic_candidate,"no confirmed or investigational therapeutic candidate found, but this trial has unresolved/uncertain interventions worth a manual look",low,no_match,True
NCT03295110,Hospices Civils de Lyon,Connected Solution of Assistance Dedicated to Caregivers and People With Alzheimer's Disease or Related Diseases,OTHER: Functionalities of the Lili Smart Solution activated|OTHER: Functionalities of the Lili Smart Solution non activated,,no_therapeutic_candidate,"no confirmed or investigational therapeutic candidate found, but this trial has unresolved/uncertain interventions worth a manual look",low,no_match,True
NCT01211782,Cerecin,AC-1204 Long-term Efficacy Response Trial (ALERT Protocol),DRUG: caprylic triglyceride|DRUG: long-chain triglyceride,,no_therapeutic_candidate,"no confirmed or investigational therapeutic candidate found, but this trial has unresolved/uncertain interventions worth a manual look",low,no_match,True
NCT00955409,Pfizer,"Long Term Extension Study Evaluating Safety, Tolerability and Immunogenicity Of ACC-001 In Subjects With Mild To Moderate Alzheimer's Disease",BIOLOGICAL: ACC-001(3µg) + QS21|BIOLOGICAL: ACC-001(10µg) + QS21|BIOLOGICAL: ACC-001(30µg) + QS21,ACC-001(3µg) + QS21; ACC-001(10µg) + QS21; ACC-001(30µg) + QS21,investigational_therapeutic_unverified,multiple unverified investigational candidates found (ACC-001(3µg) + QS21; ACC-001(10µg) + QS21; ACC-001(30µg) + QS21) — could not resolve to a single drug,low,multiple_candidates_unresolved,True
NCT06661564,"University Hospital, Tours",Identification of Diagnosis Biomarkers in the Tears of Alzheimer's Disease Patients: The COG-EYE Pilot Study,"OTHER: Basal tear collection for the analysis of metabo-lipidomic profiles and concentrations of protein biomarkers (Tau, phosphorylated Tau, Aβ 1-40, and Aβ 1-42)|OTHER: Collection of a blood sample (5 mL) for blood biomarkers analysis",,no_therapeutic_candidate,"no confirmed or investigational therapeutic candidate found, but this trial has unresolved/uncertain interventions worth a manual look",low,no_match,True
NCT06275243,Universidad de León,Polymorphism of ApoE in Alzheimer's Disease: Genetic Study in Castile and Leon (Spain),DIAGNOSTIC_TEST: Kit Buccal swab collection & stabilization de Canvax®|OTHER: Cholesterol levels according to ApoE Genotype|OTHER: Assessing cardiovascular risk factors in all participants,,no_therapeutic_candidate,"no confirmed or investigational therapeutic candidate found, but this trial has unresolved/uncertain interventions worth a manual look",low,no_match,True
NCT05336175,University of Arizona,Biomarker Study: Heart Failure Patients at Risk,DRUG: Angiotensin 1-7|DRUG: Saline solution,,no_therapeutic_candidate,"no confirmed or investigational therapeutic candidate found, but this trial has unresolved/uncertain interventions worth a manual look",low,no_match,True
NCT06804837,Washington University School of Medicine,Implement and Test Visual Consent Template and Process,OTHER: Visual consent|OTHER: Standard consent,,no_therapeutic_candidate,"no confirmed or investigational therapeutic candidate found, but this trial has unresolved/uncertain interventions worth a manual look",low,no_match,True
NCT06041789,Duke University,Effect of Acetylcholinesterase Inhibitors on Bone Metabolism,DRUG: Donepezil|DRUG: Memantine,,no_therapeutic_candidate,"no confirmed or investigational therapeutic candidate found, but this trial has unresolved/uncertain interventions worth a manual look",low,no_match,True
NCT05805215,Masaryk University,Noninvasive Temporal Interference Stimulation: Modulating Associative Memory by Targeting Deep-brain Targets,COMBINATION_PRODUCT: Non-invasive Temporal Interference stimulation and Face-name association training task targeting the hippocampus|COMBINATION_PRODUCT: Non-invasive Temporal Interference stimulation and Face-name association training task targeting the Precuneus|COMBINATION_PRODUCT: High-frequency stimulation (placebo) with Face-name association training task,,no_therapeutic_candidate,"no confirmed or investigational therapeutic candidate found, but this trial has unresolved/uncertain interventions worth a manual look",low,no_match,True
NCT03138018,Assistance Publique Hopitaux De Marseille,Aging Stereotypes and Prodromal Alzheimer's Disease,DIAGNOSTIC_TEST: Diagnosis of MCI versus No MCI (SCI or healthy patient)|DIAGNOSTIC_TEST: Diagnosis of MCI versus No MCI (SCI or healthy patient),,no_therapeutic_candidate,"no confirmed or investigational therapeutic candidate found, but this trial has unresolved/uncertain interventions worth a manual look",low,no_match,True
NCT01309763,Affiris AG,Safety and Tolerability of AFFITOPE AD03,BIOLOGICAL: AFFITOPE AD03|BIOLOGICAL: AFFITOPE AD03 + Alum,AFFITOPE AD03; AFFITOPE AD03 + Alum,investigational_therapeutic_unverified,multiple unverified investigational candidates found (AFFITOPE AD03; AFFITOPE AD03 + Alum) — could not resolve to a single drug,low,multiple_candidates_unresolved,True
NCT04984330,Weill Medical College of Cornell University,Selinexor for Treatment of Light Chain Amyloidosis With Relapsed/Refractory Disease,DRUG: Selinexor|DRUG: Dexamethasone,,no_therapeutic_candidate,"no confirmed or investigational therapeutic candidate found, but this trial has unresolved/uncertain interventions worth a manual look",low,no_match,True
NCT01760005,Washington University School of Medicine,Dominantly Inherited Alzheimer Network Trial: An Opportunity to Prevent Dementia. A Study of Potential Disease Modifying Treatments in Individuals at Risk for or With a Type of Early Onset Alzheimer's Disease Caused by a Genetic Mutation. Master Protocol DIAN-TU-001,DRUG: Gantenerumab|DRUG: Solanezumab|DRUG: Matching Placebo (Gantenerumab)|DRUG: Matching Placebo (Solanezumab)|DRUG: Gantenerumab|DRUG: E2814|DRUG: Lecanemab|DRUG: Matching Placebo (E2814),Gantenerumab; Solanezumab; E2814; Lecanemab,investigational_therapeutic_unverified,multiple unverified investigational candidates found (Gantenerumab; Solanezumab; E2814; Lecanemab) — could not resolve to a single drug,low,multiple_candidates_unresolved,True
NCT06247345,"Alzheimer's Disease Expert Lab (ADEL), Inc.","A Phase Ia/Ib, First-in-human (FIH) Study for Safety, Tolerability, Pharmacokinetics (PK), and Clinical Activity Evaluation of ADEL-Y01",DRUG: ADEL-Y01 - healty participants|DRUG: Placebo - Healthy Participants|DRUG: ADEL-Y01 - MCI/AD|DRUG: Placebo - MCI/AD,,no_therapeutic_candidate,"no confirmed or investigational therapeutic candidate found, but this trial has unresolved/uncertain interventions worth a manual look",low,no_match,True
NCT06731049,Istanbul University - Cerrahpasa,Comparison of the Effectiveness of Treadmill-Based Walking and Dual-Task Walking Training in Alzheimer's Disease,OTHER: Treadmill-based Training Group|OTHER: Dual-Task Treadmill-based Training Group,,no_therapeutic_candidate,"no confirmed or investigational therapeutic candidate found, but this trial has unresolved/uncertain interventions worth a manual look",low,no_match,True
NCT02509117,Pfizer,First-In-Human Study Of Single And Multiple Ascending Doses Of PF-06751979,DRUG: PF-06751979 single ascending dose|DRUG: Placebo single dose|DRUG: PF-06751979 multiple ascending dose|DRUG: Placebo multiple dose|DRUG: PF-06751979 multiple dose|DRUG: PF-06751979 multiple dose,,no_therapeutic_candidate,"no confirmed or investigational therapeutic candidate found, but this trial has unresolved/uncertain interventions worth a manual look",low,no_match,True
NCT02710188,Nxera Pharma UK Limited,Relative Bioavailability Study in Healthy Subjects to Evaluate the Pharmacokinetics of HTL0009936 After One Dose of Prototype Formulation,DRUG: HTL0009936 modified release|DRUG: HTL0009936 immediate release,HTL0009936 modified release; HTL0009936 immediate release,investigational_therapeutic_unverified,multiple unverified investigational candidates found (HTL0009936 modified release; HTL0009936 immediate release) — could not resolve to a single drug,low,multiple_candidates_unresolved,True
NCT05530590,University of Minnesota,Minnesota Inclusive LTSS for LGBTQ Seniors,OTHER: Training to Serve (TTS) in person training|OTHER: Training to Serve online training (eTTS),,no_therapeutic_candidate,"no confirmed or investigational therapeutic candidate found, but this trial has unresolved/uncertain interventions worth a manual look",low,no_match,True
NCT07158905,Institute for Molecular Medicine,AV-1980R (Tau Vaccine) in Preclinical Alzheimer's Disease (TAURUS-1980),BIOLOGICAL: AV-1980R 20 µg|BIOLOGICAL: AV-1980R 60 µg|BIOLOGICAL: AV-1980R 180 µg|OTHER: Placebo,,no_therapeutic_candidate,"no confirmed or investigational therapeutic candidate found, but this trial has unresolved/uncertain interventions worth a manual look",low,no_match,True
NCT03923569,"University Hospital, Toulouse",Epileptiform Activity During REM Sleep in Alzheimer's Disease,DIAGNOSTIC_TEST: Overnight polysomnography|DIAGNOSTIC_TEST: blood sample|DIAGNOSTIC_TEST: high-resolution MRI scan|BEHAVIORAL: neuropsychological evaluation,,no_therapeutic_candidate,"no confirmed or investigational therapeutic candidate found, but this trial has unresolved/uncertain interventions worth a manual look",low,no_match,True
NCT02614131,Eli Lilly and Company,A Study of LY2599666 in Healthy Participants and Participants With Mild Cognitive Impairment or Alzheimer's Disease (AD),DRUG: LY2599666|DRUG: Solanezumab|DRUG: Placebo SC|DRUG: Placebo IV,LY2599666; Solanezumab,investigational_therapeutic_unverified,multiple unverified investigational candidates found (LY2599666; Solanezumab) — could not resolve to a single drug,low,multiple_candidates_unresolved,True
NCT00988624,Pfizer,A Study In Healthy Volunteers To Estimate The Pharmacokinetics Of Four Modified-Release Formulations Of Dimebon (Latrepirdine),DRUG: Dimebon IR Tablet|DRUG: Dimebon MR1|DRUG: Dimebon MR2|DRUG: Dimebon MR3|DRUG: Dimebon MR4,Dimebon IR; Dimebon MR1; Dimebon MR2; Dimebon MR3; Dimebon MR4,investigational_therapeutic_unverified,multiple unverified investigational candidates found (Dimebon IR; Dimebon MR1; Dimebon MR2; Dimebon MR3; Dimebon MR4) — could not resolve to a single drug,low,multiple_candidates_unresolved,True
NCT00996918,Pfizer,A Long-Term Safety And Tolerability Study Of Bapineuzumab In Alzheimer Disease Patients,DRUG: Bapineuzumab 0.5 mg/kg|DRUG: Bapineuzumab 1.0 m/kg,Bapineuzumab; Bapineuzumab 1.0 m/kg,investigational_therapeutic_unverified,multiple unverified investigational candidates found (Bapineuzumab; Bapineuzumab 1.0 m/kg) — could not resolve to a single drug,low,multiple_candidates_unresolved,True
NCT06705738,Aristotle University Of Thessaloniki,The Effect of Combination of Mediterranean Diet and Oleocanthal in Patients with Mild Cognitive Impairment,DIETARY_SUPPLEMENT: SUPOL|OTHER: Dietary Pattern: MeDi,,no_therapeutic_candidate,"no confirmed or investigational therapeutic candidate found, but this trial has unresolved/uncertain interventions worth a manual look",low,no_match,True
NCT05114187,McMaster University,An Internet-Based Education Program for Care Partners of People Living With Dementia,OTHER: Education Intervention|OTHER: Education Control,,no_therapeutic_candidate,"no confirmed or investigational therapeutic candidate found, but this trial has unresolved/uncertain interventions worth a manual look",low,no_match,True
NCT04614532,Centre Hospitalier Universitaire de Saint Etienne,Recognizing Pain Intensity in Alzheimer's Disease,DIAGNOSTIC_TEST: cognitive assessment|OTHER: Cold Pressor Test|OTHER: digital sensor of Nociception Level Index,,no_therapeutic_candidate,"no confirmed or investigational therapeutic candidate found, but this trial has unresolved/uncertain interventions worth a manual look",low,no_match,True
NCT01652222,"Barcelonabeta Brain Research Center, Pasqual Maragall Foundation","Experimental Study to Validate the ""Therapeutic Game"" CONEM-BETA",OTHER: CONEM-BETA + socio-educational training|OTHER: Socio-educational training only,,no_therapeutic_candidate,"no confirmed or investigational therapeutic candidate found, but this trial has unresolved/uncertain interventions worth a manual look",low,no_match,True
NCT02244541,Anavex Life Sciences Corp.,"Phase 2a Dose Finding, PK/PD and 12 Month Exploratory Efficacy Study of ANAVEX2-73 in Patients With Alzheimer's Disease",DRUG: ANAVEX2-73 Oral|DRUG: ANAVEX2-73 Intravenous|DRUG: ANAVEX2-73 Oral|DRUG: ANAVEX2-73 Oral,ANAVEX2-73; ANAVEX2-73 Intravenous,investigational_therapeutic_unverified,multiple unverified investigational candidates found (ANAVEX2-73; ANAVEX2-73 Intravenous) — could not resolve to a single drug,low,multiple_candidates_unresolved,True
NCT07237958,Umeå University,Effects on the Olfactory Epithelium and the Olfactory Nerve From Exposure to Diesel Exhaust,OTHER: Diesel Exhaust Particles|OTHER: Filtered air,,no_therapeutic_candidate,"no confirmed or investigational therapeutic candidate found, but this trial has unresolved/uncertain interventions worth a manual look",low,no_match,True
NCT00009204,Bruce Pollock,Serotonergic Pharmacotherapy for Agitation of Dementia,DRUG: Citalopram [Celexa]|DRUG: Perphenazine [Trilafon],,no_therapeutic_candidate,"no confirmed or investigational therapeutic candidate found, but this trial has unresolved/uncertain interventions worth a manual look",low,no_match,True
NCT04255329,"University Hospital, Montpellier",Non Verbal Communication and Dementia,OTHER: Montessori reading roundtable|OTHER: Usual reading,,no_therapeutic_candidate,"no confirmed or investigational therapeutic candidate found, but this trial has unresolved/uncertain interventions worth a manual look",low,no_match,True
NCT03538522,"Biomed Industries, Inc.","A Double-Blind, Placebo-Controlled Safety and Efficacy Study of NA-831",DRUG: N-831(Traneurocin) 10 mg QD|DRUG: NA-831 (Traneurocin) 20 mg QD|DRUG: NA-831 (Traneurocin) 40 mg QD|DRUG: Placebo oral capsule QD,,no_therapeutic_candidate,"no confirmed or investigational therapeutic candidate found, but this trial has unresolved/uncertain interventions worth a manual look",low,no_match,True
NCT01772537,Johns Hopkins University,The Effects of Anesthesia on Patients Undergoing Surgery for Repair of a Thoracoabdominal Aneurysm.,DRUG: Propofol|DRUG: isoflurane,,no_therapeutic_candidate,"no confirmed or investigational therapeutic candidate found, but this trial has unresolved/uncertain interventions worth a manual look",low,no_match,True
NCT01640275,Duke University,Markers of Alzheimers Disease After Propofol or Isoflurane Anesthesia,DRUG: Propofol|DRUG: Isoflurane,,no_therapeutic_candidate,"no confirmed or investigational therapeutic candidate found, but this trial has unresolved/uncertain interventions worth a manual look",low,no_match,True
NCT01227564,Pfizer,Amyloid Imaging And Safety Study Of ACC-001 In Subjects With Early Alzheimer's Disease,BIOLOGICAL: ACC-001 3 μg/ QS-21 50 μg|BIOLOGICAL: ACC-001 10 μg/ QS-21 50 μg|OTHER: Placebo- Phosphate buffered saline (PBS),ACC-001 3 μg/ QS-21 50 μg; ACC-001 10 μg/ QS-21 50 μg,investigational_therapeutic_unverified,multiple unverified investigational candidates found (ACC-001 3 μg/ QS-21 50 μg; ACC-001 10 μg/ QS-21 50 μg) — could not resolve to a single drug,low,multiple_candidates_unresolved,True
NCT00453544,"University of California, San Diego",Enhancing Consent for Alzheimer's Research,OTHER: Enhanced Consent Procedure|OTHER: Routine Consent Procedure,,no_therapeutic_candidate,"no confirmed or investigational therapeutic candidate found, but this trial has unresolved/uncertain interventions worth a manual look",low,no_match,True
NCT03397667,Indiana University,The Aging Brain ANSWERS Program,OTHER: ABC ANSWERS|OTHER: Control,,no_therapeutic_candidate,"no confirmed or investigational therapeutic candidate found, but this trial has unresolved/uncertain interventions worth a manual look",low,no_match,True
NCT06245616,Spanish National Research Council,Attenuation of Postprandial Inflammatory Processes in Alzheimer's Disease Patients by Consumption of Pomace Oil,DIETARY_SUPPLEMENT: Consumption of olive pomace olive oil by alzheimer's patients|DIETARY_SUPPLEMENT: Consumption of high-oleic sunflower oil by alzheimer's patients,,no_therapeutic_candidate,"no confirmed or investigational therapeutic candidate found, but this trial has unresolved/uncertain interventions worth a manual look",low,no_match,True
NCT02553928,H. Lundbeck A/S,Comparison of Once Daily and Twice Daily Dosing on Safety and Tolerability of Memantine in Patients With Alzheimer,DRUG: Memantine (once daily)|DRUG: Memantine (twice daily),,no_therapeutic_candidate,"no confirmed or investigational therapeutic candidate found, but this trial has unresolved/uncertain interventions worth a manual look",low,no_match,True
NCT02054208,Medipost Co Ltd.,Safety and Exploratory Efficacy Study of NEUROSTEM® Versus Placebo in Patients With Alzheimer's Disease,BIOLOGICAL: human umbilical cord blood derived mesenchymal stem cells|OTHER: Normal saline 2mL,,no_therapeutic_candidate,"no confirmed or investigational therapeutic candidate found, but this trial has unresolved/uncertain interventions worth a manual look",low,no_match,True
NCT05169008,CanSino Biologics Inc.,A Study to Evaluate the Safety and Immunogenicity of Ad5-nCoV and Ad5-nCoV-IH in CoronaVac Immunized Children and Adolescents,BIOLOGICAL: Recombinant Novel Coronavirus Vaccine (Adenovirus Type 5 Vector)|BIOLOGICAL: Recombinant COVID-19 vaccine (adenovirus type 5 vector) for Inhalation (Ad5-nCoV-IH),,no_therapeutic_candidate,"no confirmed or investigational therapeutic candidate found, but this trial has unresolved/uncertain interventions worth a manual look",low,no_match,True
NCT05462106,AC Immune SA,A Study to Assess the Effects of ACI-24.060 in Alzheimer's Disease and in Down Syndrome (ABATE Study),BIOLOGICAL: Placebo (Study Part 1a)|BIOLOGICAL: ACI-24.060 at Dose A in Study Part 1a|BIOLOGICAL: ACI-24.060 at Dose B in Study Part 1a|BIOLOGICAL: ACI-24.060 at Dose C in Study Part 1a|BIOLOGICAL: ACI-24.060 with an additional adjuvant at Dose D in Study Part 1b|BIOLOGICAL: Placebo (Study Part 2)|BIOLOGICAL: ACI-24.060 at Dose A in Study Part 2|BIOLOGICAL: ACI-24.060 at Dose B in Study Part 2|BIOLOGICAL: ACI-24.060 at Dose C in Study Part 2|BIOLOGICAL: Placebo (Study Part 1b)|BIOLOGICAL: ACI-24.060 with an additional adjuvant at Dose E in Study Part 1b,,no_therapeutic_candidate,"no confirmed or investigational therapeutic candidate found, but this trial has unresolved/uncertain interventions worth a manual look",low,no_match,True
NCT01297036,Korea University Anam Hospital,Pharmacokinetic Comparisons of Two Donepezil Formulations,"DRUG: Donepezil, ODT 10 mg|DRUG: Donepezil, 10 mg tablet",,no_therapeutic_candidate,"no confirmed or investigational therapeutic candidate found, but this trial has unresolved/uncertain interventions worth a manual look",low,no_match,True
NCT03617497,Universitaire Ziekenhuizen KU Leuven,Prevalence of Epilepsy and Sleep Wake Disorders in Alzheimer Disease,DIAGNOSTIC_TEST: scalp EEG and polysomnography|DIAGNOSTIC_TEST: scalp EEG with foramen ovale electrodes with polysomnography,,no_therapeutic_candidate,"no confirmed or investigational therapeutic candidate found, but this trial has unresolved/uncertain interventions worth a manual look",low,no_match,True
NCT03824197,Auburn University,Auburn University Research on Olive Oil for Alzheimer's Disease (AU-ROOAD),OTHER: EVOO|OTHER: OO,,no_therapeutic_candidate,"no confirmed or investigational therapeutic candidate found, but this trial has unresolved/uncertain interventions worth a manual look",low,no_match,True
NCT02463084,Wake Forest University Health Sciences,Macronutrient Effects on Alzheimer's Disease (MEAL-2),OTHER: Low Diet|OTHER: High Diet,,no_therapeutic_candidate,"no confirmed or investigational therapeutic candidate found, but this trial has unresolved/uncertain interventions worth a manual look",low,no_match,True
NCT03058965,Molecular NeuroImaging,Phase 0 Evaluation of [18F]MNI-958 as a Potential PET Radioligand for Imaging Tau Protein in the Brain,DRUG: [18F]MNI-958|DRUG: [18F]Florbetapir|DRUG: DaTscan,,no_therapeutic_candidate,"no confirmed or investigational therapeutic candidate found, but this trial has unresolved/uncertain interventions worth a manual look",low,no_match,True
NCT00439166,Hamilton Health Sciences Corporation,Effects of Doxycycline and Rifampicin on Biomarkers of Alzheimer's Disease in the Cerebrospinal Fluid,DRUG: doxycycline|DRUG: rifampicin|DRUG: Placebo matched to doxycycline|DRUG: Placebo matched to Rifampin,,no_therapeutic_candidate,"no confirmed or investigational therapeutic candidate found, but this trial has unresolved/uncertain interventions worth a manual look",low,no_match,True
NCT06459583,Banner Health,Evaluation of Self-Mediated Alternatives for Risk Testing Education and Return of Results,OTHER: eHealth Platform|OTHER: Videoconference Telehealth Platform,,no_therapeutic_candidate,"no confirmed or investigational therapeutic candidate found, but this trial has unresolved/uncertain interventions worth a manual look",low,no_match,True
NCT00254033,Sunnybrook Health Sciences Centre,Apathy Associated With Alzheimer's Disease,DRUG: Dextroamphetamine|DRUG: Methylphenidate,,no_therapeutic_candidate,"no confirmed or investigational therapeutic candidate found, but this trial has unresolved/uncertain interventions worth a manual look",low,no_match,True
NCT01038726,The Cleveland Clinic,Effects of Exercise and Cognitive Training on Cognitive Function in Older Adults,OTHER: Exercise Training|OTHER: Cognitive Training|OTHER: Flexibility Training|OTHER: Educational Sessions,,no_therapeutic_candidate,"no confirmed or investigational therapeutic candidate found, but this trial has unresolved/uncertain interventions worth a manual look",low,no_match,True
NCT01993836,Duke University,Markers of Alzheimers Disease and Cognitive Outcomes After Perioperative Care,DRUG: Total intravenous anesthesia with propofol|DRUG: General anesthesia with isoflurane,,no_therapeutic_candidate,"no confirmed or investigational therapeutic candidate found, but this trial has unresolved/uncertain interventions worth a manual look",low,no_match,True
NCT05642052,Université de Sherbrooke,Feasibility Study of a Community Pilot Project for the Prevention of Alzheimer's Disease: the KetoHome Study.,DIETARY_SUPPLEMENT: low carb diet|DIETARY_SUPPLEMENT: Regular diet,,no_therapeutic_candidate,"no confirmed or investigational therapeutic candidate found, but this trial has unresolved/uncertain interventions worth a manual look",low,no_match,True
NCT07673263,Ziauddin University,Effects of X Box Kinect 360 in Alzheimer's Disease,OTHER: 3D Kinect based game|OTHER: Conventional therapy group,,no_therapeutic_candidate,"no confirmed or investigational therapeutic candidate found, but this trial has unresolved/uncertain interventions worth a manual look",low,no_match,True
NCT04229186,University of Bari Aldo Moro,"Pilot Study About Extra Virgin Olive Oil ""Coratina"" in Mild Cognitive Impairment and Alzheimer's Disease Patients",DIETARY_SUPPLEMENT: EVOO-C|DIETARY_SUPPLEMENT: ROO,,no_therapeutic_candidate,"no confirmed or investigational therapeutic candidate found, but this trial has unresolved/uncertain interventions worth a manual look",low,no_match,True
NCT05081219,Wake Forest University Health Sciences,SNIFF - Combo INI+EMPA Trial,DRUG: Insulin (Humulin® R U-100)|DRUG: Empagliflozin 10 MG|DEVICE: Aptar Pharma CPS Intranasal Delivery Device|DRUG: Placebo (Insulin Diluent)|DRUG: Placebo (Capsules),,no_therapeutic_candidate,"no confirmed or investigational therapeutic candidate found, but this trial has unresolved/uncertain interventions worth a manual look",low,no_match,True
NCT06083350,Xiaofan Xu,Effects of Yeast Beta-glucan on Cognitive Function in Patients With Mild Cognitive Impairment,DIETARY_SUPPLEMENT: Yeast beta-glucan|DIETARY_SUPPLEMENT: Starch,,no_therapeutic_candidate,"no confirmed or investigational therapeutic candidate found, but this trial has unresolved/uncertain interventions worth a manual look",low,no_match,True
NCT01584440,Avanir Pharmaceuticals,"Efficacy, Safety and Tolerability Study of AVP-923 (Dextromethorphan/Quinidine) for Treatment of Symptoms of Agitation in Participants With Alzheimer's Disease",DRUG: AVP-923-20|DRUG: Placebo|DRUG: AVP-923-30,,no_therapeutic_candidate,"no confirmed or investigational therapeutic candidate found, but this trial has unresolved/uncertain interventions worth a manual look",low,no_match,True
NCT07775625,Northwestern University,Central Auditory Processing Modulation Underlying Anxiety Reduction Using Clinically Designed Improvisatory Music,OTHER: Clinically Designed Improvisatory Music|OTHER: Listening to Storytelling,,no_therapeutic_candidate,"no confirmed or investigational therapeutic candidate found, but this trial has unresolved/uncertain interventions worth a manual look",low,no_match,True
NCT00369603,Duke University,Functional Brain Imaging of Medication Treatment Response in Mild Alzheimer's Disease Patients,DRUG: Razadyne ER|DRUG: Aricept,,no_therapeutic_candidate,"no confirmed or investigational therapeutic candidate found, but this trial has unresolved/uncertain interventions worth a manual look",low,no_match,True
NCT06896201,Fondazione Policlinico Universitario Agostino Gemelli IRCCS,Comfortage - AD Prevention Strategies,"DIAGNOSTIC_TEST: Neuropsychological Assessments and Other Questionnaires|BIOLOGICAL: Blood Exams, Fluid Biomarkers, Genetics|OTHER: Connectivity Analysis|DEVICE: Physical Activity|DEVICE: Healthentia|DEVICE: Eligence|OTHER: Nutrition",,no_therapeutic_candidate,"no confirmed or investigational therapeutic candidate found, but this trial has unresolved/uncertain interventions worth a manual look",low,no_match,True
NCT02267057,University of Bergen,Efficacy of Pain Treatment on Depression in Patients With Dementia,DRUG: Paracetamol|DRUG: Buprenorphine|DRUG: Paracetamol placebo|DRUG: Buprenorphine placebo,,no_therapeutic_candidate,"no confirmed or investigational therapeutic candidate found, but this trial has unresolved/uncertain interventions worth a manual look",low,no_match,True
NCT04780399,"Dongzhimen Hospital, Beijing",Efficacy and Safety of Yangxue Qingnao Pills in the Treatment of Mild to Moderate Alzheimer's Disease,DRUG: Yangxue Qingnao pills|DRUG: Yangxue Qingnao pills|DRUG: Placebo,,no_therapeutic_candidate,"no confirmed or investigational therapeutic candidate found, but this trial has unresolved/uncertain interventions worth a manual look",low,no_match,True
NCT00574132,"JANSSEN Alzheimer Immunotherapy Research & Development, LLC",Bapineuzumab in Patients With Mild to Moderate Alzheimer's Disease (ApoE4 Non-Carrier),DRUG: Bapineuzumab 0.5 mg/kg|DRUG: Placebo Control|DRUG: Bapineuzumab 1.0 m/kg,Bapineuzumab; Bapineuzumab 1.0 m/kg,investigational_therapeutic_unverified,multiple unverified investigational candidates found (Bapineuzumab; Bapineuzumab 1.0 m/kg) — could not resolve to a single drug,low,multiple_candidates_unresolved,True
NCT07210528,"National University Hospital, Singapore",Safety Of Nrtis for Alzheimer's Therapeutic Advancement in Singapore Study,"DRUG: Emtricitabine (FTC)|DRUG: Descovy® (TAF/FTC)|DRUG: Placebo to Match Emtricitabine 200mg/Tenofovir Alafenamide 25 mg.|DRUG: Placebo Capsules to Match Emtricitabine Capsules, 200mg.",,no_therapeutic_candidate,"no confirmed or investigational therapeutic candidate found, but this trial has unresolved/uncertain interventions worth a manual look",low,no_match,True
NCT02168920,"Otsuka Pharmaceutical Co., Ltd.",Aripiprazole for the Treatment of Patients With Agitation Associated With Dementia of the Alzheimer's Type,DRUG: 2 mg/day|DRUG: 3 mg/day|DRUG: 6 mg/day|DRUG: Placebo (0 mg/day),,no_therapeutic_candidate,"no confirmed or investigational therapeutic candidate found, but this trial has unresolved/uncertain interventions worth a manual look",low,no_match,True
NCT02467413,"Botanicure Co., Ltd.",BAC in Patient With Alzheimer's Disease or Vascular Dementia,DRUG: BAC|OTHER: BAC Matched Vehicle,,no_therapeutic_candidate,"no confirmed or investigational therapeutic candidate found, but this trial has unresolved/uncertain interventions worth a manual look",low,no_match,True
NCT01837641,Eli Lilly and Company,A Study of LY3002813 in Participants With Alzheimer's Disease,BIOLOGICAL: LY3002813-IV|BIOLOGICAL: LY3002813-SC|DRUG: Placebo-IV,,no_therapeutic_candidate,"no confirmed or investigational therapeutic candidate found, but this trial has unresolved/uncertain interventions worth a manual look",low,no_match,True
NCT01554202,"University Hospital, Caen",Multi-modal Neuroimaging in Alzheimer's Disease,BEHAVIORAL: assessment of memory|BIOLOGICAL: circulating tPA dosage|GENETIC: ApoE4|OTHER: Brain imaging examination MRI and PET examinations,,no_therapeutic_candidate,"no confirmed or investigational therapeutic candidate found, but this trial has unresolved/uncertain interventions worth a manual look",low,no_match,True
NCT07432997,Applied Cognition,Pharmacological Enhancement of Glymphatic Function in Humans,DRUG: Dexmedetomidine|DRUG: Dexmedetomidine and Midodrine|OTHER: Placebo,,no_therapeutic_candidate,"no confirmed or investigational therapeutic candidate found, but this trial has unresolved/uncertain interventions worth a manual look",low,no_match,True
NCT06600880,Columbia University,Neuronavigation-guided FUS-induced BBB Opening in Alzheimer's Disease Patients and Its Effects on Brain Amyloid and Tau,DEVICE: Neuronavigation-guided single-element focused ultrasound transducer|DRUG: Lumason|OTHER: Magnetic Resonance Imaging (MRI) with or without gadolinium contrast agents|RADIATION: Positron Emission Tomography (PET)|DRUG: Amyvid|DRUG: MK-6240|DRUG: Dotarem|DIAGNOSTIC_TEST: Blood draw|DEVICE: UR5e|DIAGNOSTIC_TEST: Urine test,,no_therapeutic_candidate,"no confirmed or investigational therapeutic candidate found, but this trial has unresolved/uncertain interventions worth a manual look",low,no_match,True
NCT02130661,GlaxoSmithKline,Study to Determine the Effect of Itraconazole on the Pharmacokinetics of Rilapladib (SB659032) in Healthy Volunteers,DRUG: Rilapladib 25 mg|DRUG: Rilapladib 250 mg|DRUG: Itraconazole,,no_therapeutic_candidate,"no confirmed or investigational therapeutic candidate found, but this trial has unresolved/uncertain interventions worth a manual look",low,no_match,True
NCT06127368,"G2GBio, Inc.","Dose-Escalation Study to Assess the Safety, Tolerability, and Pharmacokinetics From Single Dose of Intramuscular (IM) and Subcutaneous (SC) Donepezil (GB-5001) Injections Versus Donepezil Oral Tablet (Aricept®) in Healthy Male Volunteers",DRUG: GB-5001A|DRUG: GB-5001D|DRUG: Oral cohort,GB-5001A; GB-5001D,investigational_therapeutic_unverified,multiple unverified investigational candidates found (GB-5001A; GB-5001D) — could not resolve to a single drug,low,multiple_candidates_unresolved,True
NCT06501495,Assistance Publique - Hôpitaux de Paris,Links Between Cognitive Deficits During Normal or Pathological Aging and Slow Waves Measured in EEG,OTHER: video polysomnography|OTHER: Attention task,,no_therapeutic_candidate,"no confirmed or investigational therapeutic candidate found, but this trial has unresolved/uncertain interventions worth a manual look",low,no_match,True
NCT02709356,Université de Sherbrooke,Medium Chain Triglycerides and Brain Metabolism in Alzheimer's Disease,DIETARY_SUPPLEMENT: 1-month of 60-40 MCT oil|DIETARY_SUPPLEMENT: 1-month of C8 MCT oil,,no_therapeutic_candidate,"no confirmed or investigational therapeutic candidate found, but this trial has unresolved/uncertain interventions worth a manual look",low,no_match,True
NCT05094271,"University of California, San Diego",Is Obstructive Sleep Apnea Important in the Development of Alzheimer's Disease?,OTHER: Supplemental Oxygen|DEVICE: Continuous Positive Airway Pressure Machine|OTHER: Room Air,,no_therapeutic_candidate,"no confirmed or investigational therapeutic candidate found, but this trial has unresolved/uncertain interventions worth a manual look",low,no_match,True
NCT03075241,Brasilia University Hospital,Z-Drugs for Sleep Disorders in Alzheimer's Disease,DRUG: Zolpidem|DRUG: Zoplicone|DRUG: Placebo,,no_therapeutic_candidate,"no confirmed or investigational therapeutic candidate found, but this trial has unresolved/uncertain interventions worth a manual look",low,no_match,True
NCT05332678,"Seelos Therapeutics, Inc.",SLS-005 (Trehalose Injection) in the Treatment of Alzheimer's Disease,DRUG: SLS-005 - Once Weekly|DRUG: SLS-005 - Twice Weekly,,no_therapeutic_candidate,"no confirmed or investigational therapeutic candidate found, but this trial has unresolved/uncertain interventions worth a manual look",low,no_match,True
NCT04390646,Nelly Pitteloud,GnRH Therapy on Cognition in Down Syndrome,"DRUG: GnRH, gonadorelin acetate|DRUG: 0.9% NaCl",,no_therapeutic_candidate,"no confirmed or investigational therapeutic candidate found, but this trial has unresolved/uncertain interventions worth a manual look",low,no_match,True
NCT00575055,"JANSSEN Alzheimer Immunotherapy Research & Development, LLC",Bapineuzumab in Patients With Mild to Moderate Alzheimer's Disease (ApoE4 Carrier),DRUG: Bapineuzumab 0.5 mg/kg|DRUG: Placebo Control|DRUG: Bapineuzumab 1.0 m/kg,Bapineuzumab; Bapineuzumab 1.0 m/kg,investigational_therapeutic_unverified,multiple unverified investigational candidates found (Bapineuzumab; Bapineuzumab 1.0 m/kg) — could not resolve to a single drug,low,multiple_candidates_unresolved,True
NCT03887455,Eisai Inc.,A Study to Confirm Safety and Efficacy of Lecanemab in Participants With Early Alzheimer's Disease,DRUG: Lecanemab IV|DRUG: Placebo|DRUG: Lecanemab SC,Lecanemab IV; Lecanemab SC,investigational_therapeutic_unverified,multiple unverified investigational candidates found (Lecanemab IV; Lecanemab SC) — could not resolve to a single drug,low,multiple_candidates_unresolved,True
NCT03226522,"Axsome Therapeutics, Inc.",Addressing Dementia Via Agitation-Centered Evaluation,DRUG: AXS-05|DRUG: Bupropion|DRUG: Placebo,,no_therapeutic_candidate,"no confirmed or investigational therapeutic candidate found, but this trial has unresolved/uncertain interventions worth a manual look",low,no_match,True
NCT01009359,Bayer,"Evaluation of the Neuroinflammation Pattern of BAY85-8102 F-18, DPA-714 in Probable Alzheimers Disease Patients Versus Healthy Volunteers and Radiation Dosimetry of F 18, DPA-714 in Healthy Volunteers",DRUG: F-18 DPA-714 (BAY85-8102)|DRUG: F-18 DPA-714 (BAY85-8102)|DRUG: F-18 DPA-714 (BAY85-8102),,no_therapeutic_candidate,"no confirmed or investigational therapeutic candidate found, but this trial has unresolved/uncertain interventions worth a manual look",low,no_match,True
NCT01025466,Inha University Hospital,Exelon Patch and Combination With Memantine Comparative Trial,"DRUG: Rivastigmine transdermal patch (Exelon patch), memantine|DRUG: Rivastigmine transdermal patch",,no_therapeutic_candidate,"no confirmed or investigational therapeutic candidate found, but this trial has unresolved/uncertain interventions worth a manual look",low,no_match,True
NCT02064920,Merck Sharp & Dohme LLC,Computerized Cognition Testing in Participants With Mild Alzheimer's Disease (AD) Treated With Donepezil (MK-0000-318),DRUG: Placebo|DRUG: Donepezil|DRUG: Donepezil,,no_therapeutic_candidate,"no confirmed or investigational therapeutic candidate found, but this trial has unresolved/uncertain interventions worth a manual look",low,no_match,True
NCT05811442,Beijing Joekai Biotechnology LLC,Study of 50561 in Patients With Mild or Moderate Alzheimer's Disease,DRUG: 50561 high dose|DRUG: 50561 low dose|DRUG: Placebo,,no_therapeutic_candidate,"no confirmed or investigational therapeutic candidate found, but this trial has unresolved/uncertain interventions worth a manual look",low,no_match,True
NCT00478205,Eisai Inc.,Comparison of 23 mg Donepezil Sustained Release (SR) to 10 mg Donepezil Immediate Release (IR) in Patients With Moderate to Severe Alzheimer's Disease,DRUG: Aricept (donepezil SR 23 mg)|DRUG: Aricept (donepezil IR 10 mg),,no_therapeutic_candidate,"no confirmed or investigational therapeutic candidate found, but this trial has unresolved/uncertain interventions worth a manual look",low,no_match,True
NCT00948766,Novartis,"Effects of Rivastigmine Patch on Activities of Daily Living and Cognition in Patients With Severe Dementia of the Alzheimer's Type (ACTION) (Study Protocol CENA713DUS44, NCT00948766) and a 24 Week Open-label Extension to Study CENA713DUS44",DRUG: Rivastigmine 4.6 mg/24 h (5 cm^2)|DRUG: Rivastigmine 9.5 mg/24 h (10 cm^2)|DRUG: Rivastigmine 13.3 mg/24 h (15 cm^2)|DRUG: Placebo,,no_therapeutic_candidate,"no confirmed or investigational therapeutic candidate found, but this trial has unresolved/uncertain interventions worth a manual look",low,no_match,True
NCT03069014,PharmatrophiX Inc.,Study of LM11A-31-BHS in Mild-moderate AD Patients,DRUG: 400mg LM11A-31-BHS|DRUG: 800mg LM11A-31-BHS|DRUG: Placebos,,no_therapeutic_candidate,"no confirmed or investigational therapeutic candidate found, but this trial has unresolved/uncertain interventions worth a manual look",low,no_match,True
NCT03274817,NYU Langone Health,A Proof of Concept Study of the Prevention of Mild Cognitive Impairment and Eventual Alzheimer's Disease Using F18 Flutemetamol,DRUG: Escitalopram Pill|DRUG: Venlafaxine Pill|DRUG: Placebo Oral Tablet,,no_therapeutic_candidate,"no confirmed or investigational therapeutic candidate found, but this trial has unresolved/uncertain interventions worth a manual look",low,no_match,True
NCT02263235,"University Hospital, Montpellier",In Vivo Alzheimer Proteomics,"BIOLOGICAL: administration of stable isotope-labelled leucine-|OTHER: collection of CSF, blood, urine, saliva",,no_therapeutic_candidate,"no confirmed or investigational therapeutic candidate found, but this trial has unresolved/uncertain interventions worth a manual look",low,no_match,True
NCT00870519,Institute for Neurodegenerative Disorders,Brain Imaging Study in Subjects With Alzheimer Disease in Comparison to Healthy Subjects,DRUG: I-123-MNI-168|DRUG: 123-I MNI-168,,no_therapeutic_candidate,"no confirmed or investigational therapeutic candidate found, but this trial has unresolved/uncertain interventions worth a manual look",low,no_match,True
NCT03506672,Centre de Recherche de l'Institut Universitaire de Geriatrie de Montreal,Assessing the Effectiveness of an Approach for Vocal Behaviors in Older People Living in Nursing Homes,OTHER: Approach based on the meanings of vocal behaviours|OTHER: Usual practices,,no_therapeutic_candidate,"no confirmed or investigational therapeutic candidate found, but this trial has unresolved/uncertain interventions worth a manual look",low,no_match,True
NCT01827982,"Janssen Research & Development, LLC","A Study to Investigate the Safety, Tolerability and Pharmacokinetics of JNJ-54861911 in Healthy Volunteers Compared With Placebo",DRUG: JNJ-54861911 1mg|DRUG: JNJ-54861911 3 mg|DRUG: JNJ-54861911 9 mg|DRUG: JNJ-54861911 27 mg|DRUG: JNJ-54861911 81 mg|DRUG: JNJ-54861911 160 mg|DRUG: JNJ-54861911 tbd|DRUG: JNJ-54861911 9 mg|DRUG: Placebo,JNJ-54861911; JNJ-54861911 tbd,investigational_therapeutic_unverified,multiple unverified investigational candidates found (JNJ-54861911; JNJ-54861911 tbd) — could not resolve to a single drug,low,multiple_candidates_unresolved,True
NCT00141661,Pfizer,A Safety and Tolerability Evaluation of Two 10-Week Dose Regimens of Orally-Administered PF-04494700 in Alzheimer's Patients,DRUG: PF-04494700 - Low Dose Arm|DRUG: PF-04494700 - High Dose Arm|DRUG: Placebo Comparator,PF-04494700 - Low Dose Arm; PF-04494700 - High Dose Arm,investigational_therapeutic_unverified,multiple unverified investigational candidates found (PF-04494700 - Low Dose Arm; PF-04494700 - High Dose Arm) — could not resolve to a single drug,low,multiple_candidates_unresolved,True
NCT05331144,Rong Zhang,"Impact of Intensive Treatment of SBP on Brain Perfusion, Amyloid, and Tau (IPAT Study)","DRUG: Angiotensin II Receptor Blockers (ARBs, losartan) and Calcium Channel Blockers (CCB, amlodipine)|OTHER: PCP",,no_therapeutic_candidate,"no confirmed or investigational therapeutic candidate found, but this trial has unresolved/uncertain interventions worth a manual look",low,no_match,True
NCT06424652,Pennington Biomedical Research Center,Effect of Physiologic Insulin Administration on Cognition,OTHER: Blood draws|OTHER: Hyperinsulinemic Euglycemic Clamp Technique Insulin Sensitivity test|OTHER: Resting Metabolic Rate (RMR),,no_therapeutic_candidate,"no confirmed or investigational therapeutic candidate found, but this trial has unresolved/uncertain interventions worth a manual look",low,no_match,True
NCT02593318,Russell Swerdlow,Trial of Oxaloacetate in Alzheimer's Disease (TOAD),DRUG: Oxaloacetate (OAA) 1g|DRUG: Oxaloacetate (OAA) 2g,,no_therapeutic_candidate,"no confirmed or investigational therapeutic candidate found, but this trial has unresolved/uncertain interventions worth a manual look",low,no_match,True
NCT00088387,National Institute of Neurological Disorders and Stroke (NINDS),Effect of Lithium and Divalproex in Alzheimer's Disease,DRUG: Divalproex|DRUG: Lithium,,no_therapeutic_candidate,"no confirmed or investigational therapeutic candidate found, but this trial has unresolved/uncertain interventions worth a manual look",low,no_match,True
NCT03174938,Skane University Hospital,The Swedish BioFINDER 2 Study,"DIAGNOSTIC_TEST: Flutemetamol F18 Injection|DIAGNOSTIC_TEST: [18F]-RO6958948|DIAGNOSTIC_TEST: Elecsys (Roche) Abeta42, Ttau and Ptau|DIAGNOSTIC_TEST: Lumipulse (Fujirebio) Abeta42, Ttau and Ptau",,no_therapeutic_candidate,"no confirmed or investigational therapeutic candidate found, but this trial has unresolved/uncertain interventions worth a manual look",low,no_match,True
NCT05397639,Suven Life Sciences Limited,Masupirdine for the Treatment of Agitation in Dementia of the Alzheimer's Type,DRUG: Masupirdine 50 mg|DRUG: Masupirdine 100 mg|DRUG: Placebo,,no_therapeutic_candidate,"no confirmed or investigational therapeutic candidate found, but this trial has unresolved/uncertain interventions worth a manual look",low,no_match,True
NCT07135245,Rune Skovgaard Rasmussen,Improved Treatment and Monitoring of Alzheimer's Disease,DRUG: Semaglutide (Rybelsus®) combined with other interventions|OTHER: Placebo|DRUG: Semaglutide (Rybelsus®),Semaglutide (Rybelsus®) combined with other interventions; Semaglutide (Rybelsus®),investigational_therapeutic_unverified,multiple unverified investigational candidates found (Semaglutide (Rybelsus®) combined with other interventions; Semaglutide (Rybelsus®)) — could not resolve to a single drug,low,multiple_candidates_unresolved,True
NCT00742417,"Instituto Grifols, S.A.",Efficacy and Safety of Plasma Exchange With 5% Albumin in Beta-amyloid Peptide Clearance in Cerebral Spinal Fluid,BIOLOGICAL: Albutein 5%|OTHER: Control,,no_therapeutic_candidate,"no confirmed or investigational therapeutic candidate found, but this trial has unresolved/uncertain interventions worth a manual look",low,no_match,True
NCT00000176,National Institute on Aging (NIA),Alzheimer's Disease Prevention Trial,DRUG: Estrogen|DRUG: Estrogen and Progesterone,Estrogen; Estrogen and Progesterone,investigational_therapeutic_unverified,multiple unverified investigational candidates found (Estrogen; Estrogen and Progesterone) — could not resolve to a single drug,low,multiple_candidates_unresolved,True
NCT00056225,National Institute on Aging (NIA),VITAL - VITamins to Slow ALzheimer's Disease (Homocysteine Study),DRUG: Folate|DRUG: Vitamin B6|DRUG: Vitamin B12,,no_therapeutic_candidate,"no confirmed or investigational therapeutic candidate found, but this trial has unresolved/uncertain interventions worth a manual look",low,no_match,True
NCT01608217,Radboud University Medical Center,Delta-THC in Dementia,DRUG: delta-9-tetrahydrocannabinol (delta-THC)|DRUG: Placebo|DRUG: Acetaminophen|DRUG: Acetaminophen,,no_therapeutic_candidate,"no confirmed or investigational therapeutic candidate found, but this trial has unresolved/uncertain interventions worth a manual look",low,no_match,True
NCT04794634,"Centre Hospitalier Universitaire, Amiens",Relationship Between Alzheimer Disease and Diminution of the Three Macular Nervous Retinal Layers,DIAGNOSTIC_TEST: Optical coherence tomography (OCT)|DIAGNOSTIC_TEST: Optical coherence tomograpohy angiography (OCTA),,no_therapeutic_candidate,"no confirmed or investigational therapeutic candidate found, but this trial has unresolved/uncertain interventions worth a manual look",low,no_match,True
NCT01696019,University of South Florida,Randomized Trial of Exercise and Social Interaction in a Community-Based Sample of Non-Demented Chinese Elders,OTHER: Fast walking|OTHER: Tai Chi|OTHER: Intellectual stimulation|OTHER: Contact and testing only,,no_therapeutic_candidate,"no confirmed or investigational therapeutic candidate found, but this trial has unresolved/uncertain interventions worth a manual look",low,no_match,True
NCT05336695,Massachusetts General Hospital,Assess Fibrin in Brains With AD/ADRD,DIAGNOSTIC_TEST: PET/MR Imaging|DRUG: 64Cu-FBP8,,no_therapeutic_candidate,"no confirmed or investigational therapeutic candidate found, but this trial has unresolved/uncertain interventions worth a manual look",low,no_match,True
NCT06116084,"Central Hospital, Nancy, France",Randomized Controlled Study Evaluating the Efficacy of Hypnosis in Nuclear Medicine,OTHER: Ericksonian Hypnosis|OTHER: Hypnosis,,no_therapeutic_candidate,"no confirmed or investigational therapeutic candidate found, but this trial has unresolved/uncertain interventions worth a manual look",low,no_match,True
NCT04623242,Washington University School of Medicine,Dominantly Inherited Alzheimer Network Trial: An Opportunity to Prevent Dementia. A Study of Potential Disease Modifying Treatments in Individuals at Risk for or With a Type of Early Onset Alzheimer's Disease Caused by a Genetic Mutation.,DRUG: Gantenerumab|DRUG: Solanezumab|DRUG: Matching Placebo (Gantenerumab)|DRUG: Matching Placebo (Solanezumab),Gantenerumab; Solanezumab,investigational_therapeutic_unverified,multiple unverified investigational candidates found (Gantenerumab; Solanezumab) — could not resolve to a single drug,low,multiple_candidates_unresolved,True
NCT04396873,National Institute of Mental Health (NIMH),PET Imaging of Cyclooxygenases in Neurodegenerative Brain Disease,DRUG: 11C-MC1|DRUG: 11C-PS13|DRUG: 18f-florbetaben,,no_therapeutic_candidate,"no confirmed or investigational therapeutic candidate found, but this trial has unresolved/uncertain interventions worth a manual look",low,no_match,True
NCT00726726,Bristol-Myers Squibb,Drug Interaction Study With a Potential Alzheimer's Disease Compound,"DRUG: Interacting drugs - Cooperstown Cocktail (midazolam, warfarin, (+ vitamin K), caffeine, omeprazole and dextromethorphan)|DRUG: BMS-708163|DRUG: BMS-708163 + Cooperstown Cocktail",BMS-708163; BMS-708163 + Cooperstown Cocktail,investigational_therapeutic_unverified,multiple unverified investigational candidates found (BMS-708163; BMS-708163 + Cooperstown Cocktail) — could not resolve to a single drug,low,multiple_candidates_unresolved,True
NCT00117403,National Institute on Aging (NIA),Anti-Oxidant Treatment of Alzheimer's Disease,"DRUG: Vitamin E, Vitamin C, and Alpha-lipoic Acid|DRUG: Coenzyme Q|DRUG: Placebo capsules|DRUG: Placebo wafers",,no_therapeutic_candidate,"no confirmed or investigational therapeutic candidate found, but this trial has unresolved/uncertain interventions worth a manual look",low,no_match,True
NCT04440020,Aristotle University Of Thessaloniki,Management of Dementia With Olive Oil Leaves - GOLDEN,OTHER: Beverage of Olive Oil Leaves|OTHER: Mediterranean Diet,,no_therapeutic_candidate,"no confirmed or investigational therapeutic candidate found, but this trial has unresolved/uncertain interventions worth a manual look",low,no_match,True
NCT01453569,"Shanghai Greenvalley Pharmaceutical Co., Ltd.","Safety, Efficacy and Dose Titration of Sodium Oligo-mannurarate Capsule on Mild to Moderate Alzheimer's Disease",DRUG: Sodium oligo-mannurarate 600mg|DRUG: Sodium oligo-mannurarate 900mg|DRUG: Placebo,,no_therapeutic_candidate,"no confirmed or investigational therapeutic candidate found, but this trial has unresolved/uncertain interventions worth a manual look",low,no_match,True
NCT04983368,Actinogen Medical,"A Double-Blind, Placebo-Controlled, Dose Ranging Study of Xanamem® in Healthy Elderly Volunteers",DRUG: Xanamem® 5 mg|DRUG: Placebo|DRUG: Xanamem® 10 mg,,no_therapeutic_candidate,"no confirmed or investigational therapeutic candidate found, but this trial has unresolved/uncertain interventions worth a manual look",low,no_match,True
NCT05973448,"University of North Carolina, Chapel Hill",The Nightlight Falls Prevention Study,OTHER: Novel Lighting Condition|OTHER: Control Lighting Condition,,no_therapeutic_candidate,"no confirmed or investigational therapeutic candidate found, but this trial has unresolved/uncertain interventions worth a manual look",low,no_match,True
NCT04570215,"University College, London",Digital Interventions in Neuro-Rehabilitation: Gotcha!,OTHER: Gotcha! Therapy application|OTHER: Gotcha Therapy application: Maintenance,,no_therapeutic_candidate,"no confirmed or investigational therapeutic candidate found, but this trial has unresolved/uncertain interventions worth a manual look",low,no_match,True
NCT05145881,Hsieh-Hsun Ho,Effect of Probiotics in Alzheimer's Disease,DIETARY_SUPPLEMENT: Low dose probiotics|DIETARY_SUPPLEMENT: Normal dose probiotics,,no_therapeutic_candidate,"no confirmed or investigational therapeutic candidate found, but this trial has unresolved/uncertain interventions worth a manual look",low,no_match,True
NCT07284472,Exciva GmbH,Safety and Efficacy of EXV-802 and EXV-801 in the Treatment of Agitation in Alzheimer's Disease Dementia,DRUG: EXV-802|DRUG: Placebo|DRUG: EXV-801,EXV-802; EXV-801,investigational_therapeutic_unverified,multiple unverified investigational candidates found (EXV-802; EXV-801) — could not resolve to a single drug,low,multiple_candidates_unresolved,True
NCT02353598,"Genentech, Inc.",A Study of Crenezumab in Participants With Mild to Moderate Alzheimer Disease,DRUG: Crenezumab dose level 1|DRUG: Crenezumab dose level 2|DRUG: Crenezumb dose level 3|DRUG: Placebo,Crenezumab dose level 1; Crenezumab dose level 2,investigational_therapeutic_unverified,multiple unverified investigational candidates found (Crenezumab dose level 1; Crenezumab dose level 2) — could not resolve to a single drug,low,multiple_candidates_unresolved,True
NCT07367815,"University Hospital, Toulouse",Allogeneic Adipose Tissue Derived-stem Cells in Alzheimer Disease,DRUG: CellREADY® drug product IV dose of 50 millions|DRUG: CellREADY® drug product IV dose of 100 millions|DIAGNOSTIC_TEST: cerebral RMI|DIAGNOSTIC_TEST: PET scan,,no_therapeutic_candidate,"no confirmed or investigational therapeutic candidate found, but this trial has unresolved/uncertain interventions worth a manual look",low,no_match,True
NCT06662578,"Cooperativa de Ensino Superior, Politécnico e Universitário",Using Equine Therapy in Dementia Cognitive Stimulation,OTHER: Traditional memory workshop|OTHER: Equine assisted therapy memory workshops,,no_therapeutic_candidate,"no confirmed or investigational therapeutic candidate found, but this trial has unresolved/uncertain interventions worth a manual look",low,no_match,True
NCT02565511,Novartis Pharmaceuticals,A Study of CAD106 and CNP520 Versus Placebo in Participants at Risk for the Onset of Clinical Symptoms of Alzheimer's Disease,BIOLOGICAL: CAD106 Immunotherapy|OTHER: Placebo to CAD106|DRUG: CNP520|OTHER: Placebo to CNP520|OTHER: Alum,CAD106 Immunotherapy; CNP520,investigational_therapeutic_unverified,multiple unverified investigational candidates found (CAD106 Immunotherapy; CNP520) — could not resolve to a single drug,low,multiple_candidates_unresolved,True
NCT06489548,Brigham and Women's Hospital,Assessment of Foralumab Safety and Modulation of Microglial Activation in Alzheimer's Disease,DRUG: Foralumab TZLS-401 50 µg|DRUG: Foralumab TZLS-401 100 µg,,no_therapeutic_candidate,"no confirmed or investigational therapeutic candidate found, but this trial has unresolved/uncertain interventions worth a manual look",low,no_match,True
NCT01145482,University of Texas at Austin,Mechanisms of Insulin Facilitation of Memory,DRUG: Insulin|OTHER: Saline,,no_therapeutic_candidate,"no confirmed or investigational therapeutic candidate found, but this trial has unresolved/uncertain interventions worth a manual look",low,no_match,True
NCT07021040,Duke University,Olfactory Biopsies,DIAGNOSTIC_TEST: olfactory testing|OTHER: Odor stimulation|PROCEDURE: Olfactory biopsy,,no_therapeutic_candidate,"no confirmed or investigational therapeutic candidate found, but this trial has unresolved/uncertain interventions worth a manual look",low,no_match,True
NCT05691842,University of Valencia,Effectiveness of a High-intensity Interval Exercise Program in People With Alzheimer's,OTHER: HIIT intervention|OTHER: Dual task intervention,,no_therapeutic_candidate,"no confirmed or investigational therapeutic candidate found, but this trial has unresolved/uncertain interventions worth a manual look",low,no_match,True
NCT07544953,Yonsei University,Amyloid Monoclonal Antibody Treatment in PD Patients With Coexistent AD Pathology,DRUG: Lecanemab|OTHER: Lecanemab non-administration group,Lecanemab; Lecanemab non-administration group,investigational_therapeutic_unverified,multiple unverified investigational candidates found (Lecanemab; Lecanemab non-administration group) — could not resolve to a single drug,low,multiple_candidates_unresolved,True
NCT03784300,Pain Therapeutics,A Safety Study of PTI-125 in Healthy Volunteers,DRUG: 50 mg PTI-125|DRUG: 100 mg PTI-125|DRUG: 200 mg PTI-125,,no_therapeutic_candidate,"no confirmed or investigational therapeutic candidate found, but this trial has unresolved/uncertain interventions worth a manual look",low,no_match,True
NCT03702465,Imperial College London,Assessment of the Impact of a Personalised Nutrition Intervention in Impaired Glucose Regulation,OTHER: DNA-based dietary intervention|OTHER: DNA-based dietary intervention using an app|OTHER: Control arm,,no_therapeutic_candidate,"no confirmed or investigational therapeutic candidate found, but this trial has unresolved/uncertain interventions worth a manual look",low,no_match,True
NCT07011745,Bristol-Myers Squibb,A Phase 3 Study to Evaluate the Safety and Efficacy of KarXT + KarX-EC for the Treatment of Agitation Associated With Alzheimer's Disease,DRUG: Xanomeline/Trospium Chloride Capsule|DRUG: Xanomeline Enteric Capsule|DRUG: Placebo,Xanomeline/Trospium Chloride; Xanomeline Enteric,investigational_therapeutic_unverified,multiple unverified investigational candidates found (Xanomeline/Trospium Chloride; Xanomeline Enteric) — could not resolve to a single drug,low,multiple_candidates_unresolved,True
NCT07064226,Fondazione Don Carlo Gnocchi ETS,Validation of a Digital Intervention to Rehabilitate Cognitive Resources,OTHER: RICORDO|OTHER: Treatment as Usual (TAU),,no_therapeutic_candidate,"no confirmed or investigational therapeutic candidate found, but this trial has unresolved/uncertain interventions worth a manual look",low,no_match,True
NCT00621647,AstraZeneca,Seroquel- Agitation Associated With Dementia,DRUG: Quetiapine Fumarate|DRUG: Quetiapine Fumarate|DRUG: Placebo,,no_therapeutic_candidate,"no confirmed or investigational therapeutic candidate found, but this trial has unresolved/uncertain interventions worth a manual look",low,no_match,True
NCT04044131,Istanbul Medipol University Hospital,Metabolic Cofactor Supplementation in Alzheimer's Disease (AD) and Parkinson's Disease (PD) Patients,DRUG: Metabolic Cofactor Supplementation|DRUG: Sorbitol,,no_therapeutic_candidate,"no confirmed or investigational therapeutic candidate found, but this trial has unresolved/uncertain interventions worth a manual look",low,no_match,True
NCT06784830,Sichuan Provincial People's Hospital,Nursing Interventions for Alzheimer's Patients During PET/CT Imaging,OTHER: Effects on Image Quality and Patient Satisfaction|OTHER: Anxiety degree of patients after nursing,,no_therapeutic_candidate,"no confirmed or investigational therapeutic candidate found, but this trial has unresolved/uncertain interventions worth a manual look",low,no_match,True
NCT06996730,Banner Health,"A Study of Donanemab, RG6289, or the Combination of Donanemab and RG6289 in Presenilin 1 (PSEN1) E280A Mutation Carriers for the Treatment of Autosomal-Dominant Alzheimer's Disease",DRUG: Donanemab|DRUG: RG6289|DRUG: Donanemab placebo|DRUG: RG6289 placebo,Donanemab; RG6289,investigational_therapeutic_unverified,multiple unverified investigational candidates found (Donanemab; RG6289) — could not resolve to a single drug,low,multiple_candidates_unresolved,True
NCT01924858,GlaxoSmithKline,A Positron Emission Tomography (PET) Study to Investigate the Brain Biodistribution of 18F GSK2647544 in Healthy Subjects to Determine Its Ability to Cross the Blood-brain-barrier.,DRUG: GSK2647544 oral|DRUG: [18F]GSK2647544 IV bolus,GSK2647544; [18F]GSK2647544 IV bolus,investigational_therapeutic_unverified,multiple unverified investigational candidates found (GSK2647544; [18F]GSK2647544 IV bolus) — could not resolve to a single drug,low,multiple_candidates_unresolved,True
NCT05532358,MODAG GmbH,A Drug-Drug Interaction Study to Assess the CYP1A2 and CYP3A4 Interaction Potential of TEV-56286 (anle138b),DRUG: anle138b (TEV-56286)|DRUG: Fluvoxamine 100 mg QD for 5 days,,no_therapeutic_candidate,"no confirmed or investigational therapeutic candidate found, but this trial has unresolved/uncertain interventions worth a manual look",low,no_match,True
NCT02746484,Fondazione Don Carlo Gnocchi ETS,ABILITY - TelerehABILITation: TechnologY-enhanced Multi-domain at Home Continuum of Care Program,OTHER: Ability platform program|OTHER: Usual care program,,no_therapeutic_candidate,"no confirmed or investigational therapeutic candidate found, but this trial has unresolved/uncertain interventions worth a manual look",low,no_match,True
NCT02612805,Hospital de Clinicas de Porto Alegre,The Diabetes and Aquatic Training Study (DATS),OTHER: Aerobic training|OTHER: Combined training|OTHER: Training placebo,,no_therapeutic_candidate,"no confirmed or investigational therapeutic candidate found, but this trial has unresolved/uncertain interventions worth a manual look",low,no_match,True
NCT00860275,Bristol-Myers Squibb,Drug-Drug Interaction (DDI) w/Ketoconazole or Fluconazole,DRUG: BMS-708163|DRUG: BMS-708163 + Ketoconazole|DRUG: Ketoconazole|DRUG: Fluconazole|DRUG: BMS-708163 + Fluconazole,BMS-708163; BMS-708163 + Ketoconazole; BMS-708163 + Fluconazole,investigational_therapeutic_unverified,multiple unverified investigational candidates found (BMS-708163; BMS-708163 + Ketoconazole; BMS-708163 + Fluconazole) — could not resolve to a single drug,low,multiple_candidates_unresolved,True
NCT05068830,Norwegian University of Science and Technology,Safety and Efficacy of Plasma Transfusion From Exercise-trained Donors in Patients With Early Alzheimer's Disease,DRUG: ExPlas|DRUG: Octaplasma|DRUG: Saline,,no_therapeutic_candidate,"no confirmed or investigational therapeutic candidate found, but this trial has unresolved/uncertain interventions worth a manual look",low,no_match,True
NCT04270175,Weill Medical College of Cornell University,"Daratumumab, Pomalidomide, and Dexamethasone (DPd) in Relapsed/Refractory Light Chain Amyloidosis Patients Previously Exposed to Daratumumab",DRUG: Daratumumab SC|DRUG: Pomalidomide|DRUG: Dexamethasone,,no_therapeutic_candidate,"no confirmed or investigational therapeutic candidate found, but this trial has unresolved/uncertain interventions worth a manual look",low,no_match,True
NCT00375557,University of Cincinnati,Safety and Efficacy of Divalproex and Quetiapine in Elderly Alzheimer's Dementia Patients,DRUG: Divalproex ER|DRUG: Quetiapine,,no_therapeutic_candidate,"no confirmed or investigational therapeutic candidate found, but this trial has unresolved/uncertain interventions worth a manual look",low,no_match,True
NCT06223360,Alzheimer's Disease Cooperative Study (ADCS),A Trial to Evaluate the Safety and Efficacy of Benfotiamine in Patients With Early Alzheimer's Disease (BenfoTeam),DRUG: Low Dose Benfotiamine|DRUG: High Dose Benfotiamine|DRUG: Placebo,,no_therapeutic_candidate,"no confirmed or investigational therapeutic candidate found, but this trial has unresolved/uncertain interventions worth a manual look",low,no_match,True
NCT02547818,"AZTherapies, Inc.",Safety and Efficacy Study of ALZT-OP1 in Subjects With Evidence of Early Alzheimer's Disease,DRUG: ALZT-OP1a|DRUG: ALZT-OP1b|OTHER: Placebo ALZT-OP1a|OTHER: Placebo ALZT-OP1b,,no_therapeutic_candidate,"no confirmed or investigational therapeutic candidate found, but this trial has unresolved/uncertain interventions worth a manual look",low,no_match,True
NCT06105320,Karolinska University Hospital,COGNIFOOD-Changing the Carbohydrate/Fat-ratio to Prevent Cognitive Decline and Alzheimer Pathology: A Pilot Study,OTHER: LCHF|OTHER: HCLF,,no_therapeutic_candidate,"no confirmed or investigational therapeutic candidate found, but this trial has unresolved/uncertain interventions worth a manual look",low,no_match,True
NCT01700556,Istituto Nazionale di Ricovero e Cura per Anziani,A Trial to Support Caregivers of Patients With Dementia in Italy: the UP-TECH Project,OTHER: Case Manager|OTHER: Assistive Technologies|OTHER: light support|OTHER: 3 preventive home visits by a nurse,,no_therapeutic_candidate,"no confirmed or investigational therapeutic candidate found, but this trial has unresolved/uncertain interventions worth a manual look",low,no_match,True
NCT02442778,"Otsuka Pharmaceutical Development & Commercialization, Inc.","Efficacy, Safety, and Tolerability of AVP-786 for the Treatment of Agitation in Participants With Dementia of the Alzheimer's Type",DRUG: AVP-786-18|DRUG: Placebo|DRUG: AVP-786-28|DRUG: AVP-786-42.63,,no_therapeutic_candidate,"no confirmed or investigational therapeutic candidate found, but this trial has unresolved/uncertain interventions worth a manual look",low,no_match,True
NCT06717971,Aoyu Li,Utilization of Exergame Programs Among Elderly Residents in Rural Nursing Care Centers,OTHER: Exergame-based multicomponent training program.|OTHER: Standard care,,no_therapeutic_candidate,"no confirmed or investigational therapeutic candidate found, but this trial has unresolved/uncertain interventions worth a manual look",low,no_match,True
NCT00692510,AstraZeneca,Drug Interaction Study Between AZD3480 and Cytochrome P450,"DRUG: AZD3480|DRUG: Placebo|DRUG: Cocktail mix (Caffeine, Bupropion, Rosiglitazone, Omeprazole, Midazolam, Bilirubin)","AZD3480; Cocktail mix (Caffeine, Bupropion, Rosiglitazone, Omeprazole, Midazolam, Bilirubin)",investigational_therapeutic_unverified,"multiple unverified investigational candidates found (AZD3480; Cocktail mix (Caffeine, Bupropion, Rosiglitazone, Omeprazole, Midazolam, Bilirubin)) — could not resolve to a single drug",low,multiple_candidates_unresolved,True
NCT03939286,RWTH Aachen University,Multimodal Imaging Study on Physical Activity in Patients With Alzheimer's Disease,OTHER: Clinical-neurological and neuropsychological tests|DIAGNOSTIC_TEST: Blood sampling|OTHER: Assessment of physical activity via fitness tracker/diary|OTHER: MRI-examinations,,no_therapeutic_candidate,"no confirmed or investigational therapeutic candidate found, but this trial has unresolved/uncertain interventions worth a manual look",low,no_match,True
NCT05629871,"University Hospital, Montpellier",Biomarkers of Sleep-wake Cycle in Prodromal Alzheimer's Disease: Role in Cognitive Decline?,PROCEDURE: Polysomnography|BEHAVIORAL: Neuropsychological assessment|BEHAVIORAL: Questionnaires on sleep and behavioural problems|PROCEDURE: Actimetry|DIAGNOSTIC_TEST: Fractional diuresis|PROCEDURE: Internal temperature measurement|OTHER: Biomarker assay,,no_therapeutic_candidate,"no confirmed or investigational therapeutic candidate found, but this trial has unresolved/uncertain interventions worth a manual look",low,no_match,True
NCT02793232,Pfizer,"Clinical Trial In Healthy Volunteers And Health Elderly Volunteers To Evaluate The Safety, Tolerability And Blood Concentration After Single And Multiple Escalating Oral Doses Of PF-06751979.",DRUG: PF-06751979 single dose|DRUG: Placebo single dose|DRUG: PF-06751979 multiple ascending dose|DRUG: Placebo multiple ascending dose|DRUG: PF-06751979 multiple dose|DRUG: Placebo multiple elderly dose,,no_therapeutic_candidate,"no confirmed or investigational therapeutic candidate found, but this trial has unresolved/uncertain interventions worth a manual look",low,no_match,True
NCT03441516,Yuhan Corporation,Effect of Choline Alphoscerate on Cognitive Function in Alzheimer's Dementia,DRUG: Alfoatirin® Tab. + Aripezil® Tab.|DRUG: Aripezil® Tab.,,no_therapeutic_candidate,"no confirmed or investigational therapeutic candidate found, but this trial has unresolved/uncertain interventions worth a manual look",low,no_match,True
NCT01638949,"University Hospital, Caen",Multi-modal Neuroimaging in Alzheimer's Disease IMAP+,BEHAVIORAL: Memory assessment|BIOLOGICAL: Circulating biomarkers measure|GENETIC: ApoE4|OTHER: Brain imaging examination MRI and PET examinations,,no_therapeutic_candidate,"no confirmed or investigational therapeutic candidate found, but this trial has unresolved/uncertain interventions worth a manual look",low,no_match,True
NCT02843906,"University Hospital, Grenoble","Cognitive, Morphological and Neurobiological Progressive Aspects in Bipolar Disorders in the Elderly: Toward to a Neurodegenerescence Detection?",PROCEDURE: Lombar Punction|RADIATION: Magnetic Resonance Imaging (MRI)|RADIATION: Positron-Emission Tomography (TEP) /(FDG)|OTHER: Psychiatric tests|OTHER: Neuropsychological Tests|GENETIC: Apolipoprotein (ApoE) detection,,no_therapeutic_candidate,"no confirmed or investigational therapeutic candidate found, but this trial has unresolved/uncertain interventions worth a manual look",low,no_match,True
NCT00867828,NeuroBioPharm Inc.,Neptune Krill Oil (NKO™) in Early Stage Alzheimer's Disease (MNEMOSYNE),DIETARY_SUPPLEMENT: Neptune Krill Oil|DIETARY_SUPPLEMENT: Fish Oil|DIETARY_SUPPLEMENT: Placebo (soy oil),,no_therapeutic_candidate,"no confirmed or investigational therapeutic candidate found, but this trial has unresolved/uncertain interventions worth a manual look",low,no_match,True
NCT01524887,Baxalta now part of Shire,"Phase 3 IGIV, 10% in Alzheimer´s Disease","BIOLOGICAL: Immune Globulin Intravenous (Human), 10% Solution|BIOLOGICAL: Human albumin 0.25%",,no_therapeutic_candidate,"no confirmed or investigational therapeutic candidate found, but this trial has unresolved/uncertain interventions worth a manual look",low,no_match,True
NCT07364019,University of British Columbia,The Brain Health PRO Online Risk Factor Reduction Study to Prevent Dementia,OTHER: Brain Health PRO|OTHER: Brain Health PRO,,no_therapeutic_candidate,"no confirmed or investigational therapeutic candidate found, but this trial has unresolved/uncertain interventions worth a manual look",low,no_match,True
NCT01561053,"Instituto Grifols, S.A.",A Study to Evaluate Albumin and Immunoglobulin in Alzheimer's Disease,BIOLOGICAL: Albumin 5%|BIOLOGICAL: Albumin 20%|BIOLOGICAL: Immunoglobulin,,no_therapeutic_candidate,"no confirmed or investigational therapeutic candidate found, but this trial has unresolved/uncertain interventions worth a manual look",low,no_match,True
NCT06244043,"University of Wisconsin, Madison",Human and Digital Support Study,OTHER: Initial Coaching Call|OTHER: Email Support|OTHER: Text Messages,,no_therapeutic_candidate,"no confirmed or investigational therapeutic candidate found, but this trial has unresolved/uncertain interventions worth a manual look",low,no_match,True
NCT00479557,Pfizer,"Study Evaluating Safety, Tolerability, And Immunogenicity Of ACC-001 In Subjects With Mild To Moderate Alzheimer's Disease",BIOLOGICAL: ACC-001 + QS-21|BIOLOGICAL: ACC-001|BIOLOGICAL: QS-21|DRUG: Placebo: Phosphate buffered saline,ACC-001 + QS-21; ACC-001; QS-21,investigational_therapeutic_unverified,multiple unverified investigational candidates found (ACC-001 + QS-21; ACC-001; QS-21) — could not resolve to a single drug,low,multiple_candidates_unresolved,True
NCT03197740,Icure Pharmaceutical Inc.,"A Multinational, Multi-center, Randomized, Double-blind, Active Comparator, Phase III Clinical Trial to Evaluate the Efficacy and Safety of Donepezil Transdermal Patch in Patients With Alzheimer's Disease",DRUG: Donepezil patch|DRUG: aricept Tab,,no_therapeutic_candidate,"no confirmed or investigational therapeutic candidate found, but this trial has unresolved/uncertain interventions worth a manual look",low,no_match,True
NCT06957418,Paul S. Aisen,Alzheimer's Tau Platform: Master Protocol,DRUG: AADvac1|DRUG: Tau2,,no_therapeutic_candidate,"no confirmed or investigational therapeutic candidate found, but this trial has unresolved/uncertain interventions worth a manual look",low,no_match,True
NCT05578443,Fujian Medical University Union Hospital,"Efficacy, Safety and Response Predictors of Astragalus Membranaceus on the Improvement of Cognitive Function in Mild-to-Moderate Alzheimer's Disease",DRUG: 10g Astragalus|BEHAVIORAL: Routine treatment|DRUG: 20g Astragalus,,no_therapeutic_candidate,"no confirmed or investigational therapeutic candidate found, but this trial has unresolved/uncertain interventions worth a manual look",low,no_match,True
NCT00548145,Osaka University,The Clinical Study of Pitavastatin Treatment for Group of Mild to Moderate Alzheimer's Disease,"DRUG: Pitavastatin|DRUG: cholesterol-lowering medicine other than statin(e.g.,Ezetimibe,Colestimide)",,no_therapeutic_candidate,"no confirmed or investigational therapeutic candidate found, but this trial has unresolved/uncertain interventions worth a manual look",low,no_match,True
NCT01117181,Johns Hopkins Bloomberg School of Public Health,Apathy in Dementia Methylphenidate Trial (ADMET),DRUG: Methylphenidate|DRUG: placebo|OTHER: Psychosocial intervention,,no_therapeutic_candidate,"no confirmed or investigational therapeutic candidate found, but this trial has unresolved/uncertain interventions worth a manual look",low,no_match,True
NCT04044495,"University Hospital, Bordeaux","Sleep, Rhythms and Risk of Alzheimer's Disease",OTHER: Multimodal brain imaging (MRI)|OTHER: Actimetry|OTHER: Sleep Diary,,no_therapeutic_candidate,"no confirmed or investigational therapeutic candidate found, but this trial has unresolved/uncertain interventions worth a manual look",low,no_match,True
NCT00959192,Pfizer,"Safety, Tolerability, And Immunogenicity Study Of ACC-001 In Japanese Subjects With Mild To Moderate Alzheimer's Disease",BIOLOGICAL: ACC-001|OTHER: QS-21|OTHER: QS-21,ACC-001; QS-21,investigational_therapeutic_unverified,multiple unverified investigational candidates found (ACC-001; QS-21) — could not resolve to a single drug,low,multiple_candidates_unresolved,True
NCT00177671,University of Pittsburgh,Antidepressant Medication Plus Donepezil for Treating Late-life Depression,DRUG: Escitalopram|DRUG: Donepezil|DRUG: Venlafaxine|DRUG: Placebo|DRUG: Duloxetine,,no_therapeutic_candidate,"no confirmed or investigational therapeutic candidate found, but this trial has unresolved/uncertain interventions worth a manual look",low,no_match,True
NCT07062198,ScandiBio Therapeutics AB,Combined Metabolic Activator Supplementation in Subjects Diagnosed With Alzheimer's Disease,DRUG: Combined metabolic activators|OTHER: Collagen and maltodextrin,,no_therapeutic_candidate,"no confirmed or investigational therapeutic candidate found, but this trial has unresolved/uncertain interventions worth a manual look",low,no_match,True
NCT01066481,Pfizer,A Study Of Oral PF-01913539 In Patients With Mild To Moderate Alzheimer's Disease,DRUG: PF-01913539 5 mg|DRUG: PF-01913539 5 mg|DRUG: Placebo,,no_therapeutic_candidate,"no confirmed or investigational therapeutic candidate found, but this trial has unresolved/uncertain interventions worth a manual look",low,no_match,True
NCT01903421,"University Health Network, Toronto",Inhalational Anesthesia and Precipitation of Dementia: is There a Link?,"DRUG: Spinal anesthesia group: bupivacaine 10-15mg|DRUG: General anesthesia group: induction propofol 1.5-2mg/kg and fentanyl 1-3g/kg, maintained with isoflurane or sevoflurane|GENETIC: Blood test|OTHER: Lumbar spinal tap|BEHAVIORAL: Montreal Cognitive Assessment (MOCA) and MMSE",,no_therapeutic_candidate,"no confirmed or investigational therapeutic candidate found, but this trial has unresolved/uncertain interventions worth a manual look",low,no_match,True
NCT03342326,Centre Hospitalier Universitaire de Saint Etienne,Lexical Priming by Music in Alzheimer's Disease and Healthy Aging,OTHER: Exposure to familiar songs|OTHER: Music Experience Questionnaire|OTHER: Implicit tasks memory|OTHER: Questionnaires,,no_therapeutic_candidate,"no confirmed or investigational therapeutic candidate found, but this trial has unresolved/uncertain interventions worth a manual look",low,no_match,True
NCT04841135,"University Hospital, Montpellier",Blood Microbiota Signature of Alzheimer's Disease,OTHER: Multiomics quantification|OTHER: Polysomnography,,no_therapeutic_candidate,"no confirmed or investigational therapeutic candidate found, but this trial has unresolved/uncertain interventions worth a manual look",low,no_match,True
NCT03865017,VTBIO Co. LTD,A Safety and Tolerability Study of GB301,BIOLOGICAL: Regulatory T cells|OTHER: Saline,,no_therapeutic_candidate,"no confirmed or investigational therapeutic candidate found, but this trial has unresolved/uncertain interventions worth a manual look",low,no_match,True
NCT05980572,Chang Gung Memorial Hospital,Effects of App-assisted Home Exercise Program in Patients With Frozen Shoulder,DRUG: Glenohumeral joint and subacromial space triamcinolone injections|DEVICE: App-assisted exercise|DRUG: Nonsteroidal anti-inflammatory drugs (aceclofenac),,no_therapeutic_candidate,"no confirmed or investigational therapeutic candidate found, but this trial has unresolved/uncertain interventions worth a manual look",low,no_match,True
NCT05617508,Haukeland University Hospital,N-DOSE AD: A Dose Optimization Trial of Nicotinamide Riboside in Alzheimer's Disease,OTHER: Placebo|DIETARY_SUPPLEMENT: Nicotinamide Riboside supplementation 1000mg daily in total|DIETARY_SUPPLEMENT: Nicotinamide Riboside dose escalation (up to 3000 mg daily in total),Nicotinamide Riboside supplementation; Nicotinamide Riboside dose escalation (up to,investigational_therapeutic_unverified,multiple unverified investigational candidates found (Nicotinamide Riboside supplementation; Nicotinamide Riboside dose escalation (up to) — could not resolve to a single drug,low,multiple_candidates_unresolved,True
NCT07222878,"NeuroPro Therapeutics, Inc.",Study to Evaluate the Relative Bioavailability of a New Formulation of NPT 2042 Soft-Gelatin Capsules Compared to the Original Formulation of NPT 2042,DRUG: NPT 2042 (Reference formula/Formulation 1)|DRUG: NPT 2042 (Test formula/Formulation 2)|DRUG: NPT 2042 (Test formula/Formulation 2),,no_therapeutic_candidate,"no confirmed or investigational therapeutic candidate found, but this trial has unresolved/uncertain interventions worth a manual look",low,no_match,True
NCT03354143,University of Texas Southwestern Medical Center,"Hypertension, Intracranial Pulsatility and Brain Amyloid-beta Accumulation in Older Adults (HIPAC Trial)",OTHER: Standard Care|OTHER: Intensive Treatment,,no_therapeutic_candidate,"no confirmed or investigational therapeutic candidate found, but this trial has unresolved/uncertain interventions worth a manual look",low,no_match,True
NCT05194917,"University of Wisconsin, Madison",Motivating Change in Aging Smokers,OTHER: Older Smoker Motivational Intervention|OTHER: Control Motivational Message,,no_therapeutic_candidate,"no confirmed or investigational therapeutic candidate found, but this trial has unresolved/uncertain interventions worth a manual look",low,no_match,True
NCT06191952,Ludwig-Maximilians - University of Munich,Davos Alzheimer's Collaborative Healthcare System Preparedness to Increase Cognitive Assessment Rates for Older Adults,DIAGNOSTIC_TEST: Cognigram|DIAGNOSTIC_TEST: Subjective cognitive decline questionnaire (SCD-Q)|DIAGNOSTIC_TEST: blood-based biomarkers|DIAGNOSTIC_TEST: ki:elements digital speech biomarker for cognition (ki:e SB-C),,no_therapeutic_candidate,"no confirmed or investigational therapeutic candidate found, but this trial has unresolved/uncertain interventions worth a manual look",low,no_match,True
NCT07386730,Jennifer Mitchell,A Study of Psychedelics in Healthy Older Adults With Low Well-being,DRUG: Psilocybin (drug)|DRUG: Dextromethorphan (DXM),,no_therapeutic_candidate,"no confirmed or investigational therapeutic candidate found, but this trial has unresolved/uncertain interventions worth a manual look",low,no_match,True
NCT07380204,Universitaire Ziekenhuizen KU Leuven,Quantification of Hsp90 in the Human Brain,OTHER: [11C]HSP990 PET dosimetry|OTHER: [11C]HSP990 PET test-retest|OTHER: [11C]HSP990 simplified scan protocol,,no_therapeutic_candidate,"no confirmed or investigational therapeutic candidate found, but this trial has unresolved/uncertain interventions worth a manual look",low,no_match,True
NCT01778946,Vanderbilt University Medical Center,Nicotine Treatment of Cognitive Decline in Down Syndrome,DRUG: Low Dose Nicotine (7mg)|DRUG: Moderate Dose Nicotine (14mg),,no_therapeutic_candidate,"no confirmed or investigational therapeutic candidate found, but this trial has unresolved/uncertain interventions worth a manual look",low,no_match,True
NCT07465783,Centre Hospitalier Universitaire de Saint Etienne,Effects of Musical Intervention by a Therapist (IMT) on Falling Asleep and Behavioral Regulation in a Secure Care Unit (SCU),OTHER: Test musicale intervention|OTHER: Controle: audio book,,no_therapeutic_candidate,"no confirmed or investigational therapeutic candidate found, but this trial has unresolved/uncertain interventions worth a manual look",low,no_match,True
NCT01994889,Pfizer,Safety and Efficacy of Tafamidis in Patients With Transthyretin Cardiomyopathy,DRUG: Tafamidis|DRUG: Tafamidis|DRUG: Placebo,,no_therapeutic_candidate,"no confirmed or investigational therapeutic candidate found, but this trial has unresolved/uncertain interventions worth a manual look",low,no_match,True
NCT01044758,Johns Hopkins University,Levetiracetam and Memory Function in Amnestic Mild Cognitive Impairment (MCI),DRUG: Levetiracetam 62.5mg|DRUG: Levetiracetam 125mg|DRUG: Levetiracetam 250mg|DRUG: Placebo,,no_therapeutic_candidate,"no confirmed or investigational therapeutic candidate found, but this trial has unresolved/uncertain interventions worth a manual look",low,no_match,True
NCT05574400,University of Michigan,"The Caffeine, Postoperative Delirium, and Change in Outcomes After Surgery (CAPACHINOS-2) Study",DRUG: Dextrose Water|DRUG: Caffeine citrate|DRUG: Caffeine citrate,,no_therapeutic_candidate,"no confirmed or investigational therapeutic candidate found, but this trial has unresolved/uncertain interventions worth a manual look",low,no_match,True
NCT02921776,Ohio State University,"Vidatalk Communication Application: Usability, Acceptability and Efficacy Study",OTHER: Aim 1 - VidaTalk - post-extubation|OTHER: Aim 2 - VidaTalk - intubated|DEVICE: Aim 3 - VidaTalk tablet app|OTHER: Aim 3 - attention-control with non-VidaTalk tablet,,no_therapeutic_candidate,"no confirmed or investigational therapeutic candidate found, but this trial has unresolved/uncertain interventions worth a manual look",low,no_match,True
NCT07142278,"Nuravax, Inc.",DUVAX: A Phase 1 Alzheimer's Vaccine Study Targeting Amyloid-Beta and Tau,BIOLOGICAL: DUVAX 200 µg|BIOLOGICAL: DUVAX 400 µg|BIOLOGICAL: Placebo (Adjuvant only),,no_therapeutic_candidate,"no confirmed or investigational therapeutic candidate found, but this trial has unresolved/uncertain interventions worth a manual look",low,no_match,True
NCT06169826,Wake Forest University Health Sciences,Histidine Oral Supplementation as a Therapeutic Modality for Alzheimer's Disease,DRUG: l-Histidine|OTHER: Control,,no_therapeutic_candidate,"no confirmed or investigational therapeutic candidate found, but this trial has unresolved/uncertain interventions worth a manual look",low,no_match,True
NCT01217541,Sykehuset Innlandet HF,Collaboration Between Department of Old Age Psychiatry and Nursing Homes,OTHER: Education and Supervision|OTHER: Control,,no_therapeutic_candidate,"no confirmed or investigational therapeutic candidate found, but this trial has unresolved/uncertain interventions worth a manual look",low,no_match,True
NCT01423396,"University Hospital, Lille",Impact of Controlling Vascular Risk Factors on the Progression of Alzheimer's Disease,OTHER: optimal care of VRF|OTHER: standard care,,no_therapeutic_candidate,"no confirmed or investigational therapeutic candidate found, but this trial has unresolved/uncertain interventions worth a manual look",low,no_match,True
NCT07417670,Carnot Laboratories,Satisfaction With Orodispersible vs Conventional Memantine in Moderate to Severe Alzheimer's Disease,DRUG: Memantine|DRUG: Memantine Oral Tablet,,no_therapeutic_candidate,"no confirmed or investigational therapeutic candidate found, but this trial has unresolved/uncertain interventions worth a manual look",low,no_match,True
NCT07526480,Thomas Jefferson University,Improving Dementia Care in Primary Practice,OTHER: Improving Dementia Care|OTHER: Enhanced Usual Care,,no_therapeutic_candidate,"no confirmed or investigational therapeutic candidate found, but this trial has unresolved/uncertain interventions worth a manual look",low,no_match,True
NCT04445831,AC Immune SA,"A Study to Evaluate the Safety, Tolerability and Immunogenicity of Tau Targeted Vaccines in Participants With Early Alzheimer's Disease",BIOLOGICAL: ACI-35.030|BIOLOGICAL: ACI-35.030|BIOLOGICAL: ACI-35.030|OTHER: Placebo|BIOLOGICAL: JACI-35.054|BIOLOGICAL: JACI-35.054,,no_therapeutic_candidate,"no confirmed or investigational therapeutic candidate found, but this trial has unresolved/uncertain interventions worth a manual look",low,no_match,True
NCT01921972,"Charite University, Berlin, Germany",The Efficacy of a Combination Regimen in Patients With Mild to Moderate Probable Alzheimer's Disease,DRUG: Galantamine CR|DRUG: Memantine|DRUG: Placebo,,no_therapeutic_candidate,"no confirmed or investigational therapeutic candidate found, but this trial has unresolved/uncertain interventions worth a manual look",low,no_match,True
NCT03240406,Albert Einstein College of Medicine,Multicultural Healthy Diet to Reduce Cognitive Decline,OTHER: Multicultural Healthy Diet|OTHER: Usual Diet plus Self-Care,,no_therapeutic_candidate,"no confirmed or investigational therapeutic candidate found, but this trial has unresolved/uncertain interventions worth a manual look",low,no_match,True
NCT03752463,Chang Gung Memorial Hospital,NMDA Enhancer for the Treatment of Mild Alzheimer's Disease,DRUG: DAOI-A group|DRUG: DAOI-B group|DRUG: DAOI-C group|DRUG: Placebo oral capsule,,no_therapeutic_candidate,"no confirmed or investigational therapeutic candidate found, but this trial has unresolved/uncertain interventions worth a manual look",low,no_match,True
NCT05558709,Assistance Publique - Hôpitaux de Paris,Social-cognitive Functioning: Validation of a New Neuropsychological Test,OTHER: REALSOCOG|OTHER: BCS|OTHER: Hetero-questionnaires,,no_therapeutic_candidate,"no confirmed or investigational therapeutic candidate found, but this trial has unresolved/uncertain interventions worth a manual look",low,no_match,True
NCT00752232,Pfizer,Study Evaluating ACC-001 in Japanese Patients With Mild To Moderate Alzheimer's Disease,BIOLOGICAL: ACC-001|OTHER: QS-21|BIOLOGICAL: ACC-001|OTHER: QS-21|OTHER: PBS,ACC-001; QS-21,investigational_therapeutic_unverified,multiple unverified investigational candidates found (ACC-001; QS-21) — could not resolve to a single drug,low,multiple_candidates_unresolved,True
NCT00884533,GlaxoSmithKline,QTc Study of Rosi XR in Healthy Volunteers,DRUG: Rosi XR|OTHER: Placebo|DRUG: Moxifloxacin,,no_therapeutic_candidate,"no confirmed or investigational therapeutic candidate found, but this trial has unresolved/uncertain interventions worth a manual look",low,no_match,True
NCT03673722,University of East Anglia,"Mediterranean Diet, Exercise and Dementia Risk in UK Adults",OTHER: Foods consistent with a MDP|OTHER: Physical Activity|OTHER: Control,,no_therapeutic_candidate,"no confirmed or investigational therapeutic candidate found, but this trial has unresolved/uncertain interventions worth a manual look",low,no_match,True
NCT05478031,reMYND,A Phase 2a Study to Investigate REM0046127 in Mild to Moderate Alzheimer's Disease,DRUG: REM0046127 High Dose|DRUG: REM0046127 Low Dose|DRUG: Placebo,,no_therapeutic_candidate,"no confirmed or investigational therapeutic candidate found, but this trial has unresolved/uncertain interventions worth a manual look",low,no_match,True
NCT00066157,"University of Wisconsin, Madison",Alzheimer's Disease: Therapeutic Potential of Estrogen,DRUG: Transdermal estradiol|DRUG: Medroxyprogesterone|DRUG: Placebo Patch|DRUG: Placebo,,no_therapeutic_candidate,"no confirmed or investigational therapeutic candidate found, but this trial has unresolved/uncertain interventions worth a manual look",low,no_match,True
NCT03907748,Anglia Ruskin University,Home-based Family Caregiver-delivered Music and Reading Interventions for People With Dementia,OTHER: Music Intervention|OTHER: Reading Intervention,,no_therapeutic_candidate,"no confirmed or investigational therapeutic candidate found, but this trial has unresolved/uncertain interventions worth a manual look",low,no_match,True
NCT04311515,"Samus Therapeutics, Inc.","To Evaluate Safety, Tolerability and Pharmacological Effects of PU AD in Subjects With Mild AD Dementia",RADIATION: Tau Positron emission tomography (PET)|RADIATION: Fluorodeoxyglucose (FDG) Positron emission tomography (PET)|DIAGNOSTIC_TEST: Cerebrospinal fluid (CSF) Biomarkers|DIAGNOSTIC_TEST: Blood Biomarkers|BEHAVIORAL: Rating Scales|DRUG: PU-AD|DRUG: Placebo,,no_therapeutic_candidate,"no confirmed or investigational therapeutic candidate found, but this trial has unresolved/uncertain interventions worth a manual look",low,no_match,True
NCT05040217,Mark Tuszynski,A Clinical Trial of AAV2-BDNF Gene Therapy in Early Alzheimer's Disease and Mild Cognitive Impairment,GENETIC: AAV2-BDNF Gene Therapy|BIOLOGICAL: AAV2-BDNF Gene Therapy,,no_therapeutic_candidate,"no confirmed or investigational therapeutic candidate found, but this trial has unresolved/uncertain interventions worth a manual look",low,no_match,True
NCT04118764,Columbia University,Non-invasive Blood-brain Barrier Opening in Alzheimer's Disease Patients Using Focused Ultrasound,DEVICE: Neuronavigation-guided single-element focused ultrasound transducer|DRUG: Definity|OTHER: Magnetic Resonance Imaging (MRI) with or without gadolinium contrast agents|OTHER: Positron Emission Tomography (PET)|OTHER: Amyvid,,no_therapeutic_candidate,"no confirmed or investigational therapeutic candidate found, but this trial has unresolved/uncertain interventions worth a manual look",low,no_match,True
NCT00046358,National Institute of Mental Health (NIMH),"The Effect of Short-Term Statins and NSAIDs on Levels of Beta-Amyloid, a Protein Associated With Alzheimer's Disease",DRUG: Lovostatin|DRUG: Ibuprofen,,no_therapeutic_candidate,"no confirmed or investigational therapeutic candidate found, but this trial has unresolved/uncertain interventions worth a manual look",low,no_match,True
NCT06773416,Sunnybrook Health Sciences Centre,CPAP Randomized Controlled Trial,COMBINATION_PRODUCT: CPAP Therapy Combined with Web-Based Sleep Education for Cognitive and Sleep Health|COMBINATION_PRODUCT: Delayed CPAP Therapy Combined with Web-Based Sleep Education for Cognitive and Sleep Health,,no_therapeutic_candidate,"no confirmed or investigational therapeutic candidate found, but this trial has unresolved/uncertain interventions worth a manual look",low,no_match,True
NCT05969054,Xiangya Hospital of Central South University,Improvement Effect of Lacosamide and Levetiracetam on Cognitive in Alzheimer's Disease Patients With Epilepsy,DRUG: Lacosamide 100 mg|DRUG: Levetiracetam 250mg,,no_therapeutic_candidate,"no confirmed or investigational therapeutic candidate found, but this trial has unresolved/uncertain interventions worth a manual look",low,no_match,True
NCT04916886,CanSino Biologics Inc.,A Clinical Trial of Immunobridging and Lot-to-lot Consistency of COVID-19 Vaccine (Ad5-nCoV) in Different Age Groups.,BIOLOGICAL: Recombinant Novel Coronavirus Vaccine (Adenovirus Type 5 Vector) 0.5ml|BIOLOGICAL: Recombinant Novel Coronavirus Vaccine (Adenovirus Type 5 Vector) 0.3ml,,no_therapeutic_candidate,"no confirmed or investigational therapeutic candidate found, but this trial has unresolved/uncertain interventions worth a manual look",low,no_match,True
NCT07252440,"Shanghai Auzone Biological Technology Co., Ltd.",A Study to Evaluate the Efficacy and Safety of TTYP01 Tablets in Early Symptomatic Alzheimer's Disease,DRUG: TTYP01 tables 60mg|DRUG: TTYP01 tables 90mg|DRUG: TTYP01 tables 0mg,,no_therapeutic_candidate,"no confirmed or investigational therapeutic candidate found, but this trial has unresolved/uncertain interventions worth a manual look",low,no_match,True
NCT03991624,Centre Hospitalier Universitaire de Saint Etienne,Lack of Decision-making in Patients With Alzheimer's Disease : Functions Involved and the Daily Consequences,DIAGNOSTIC_TEST: cognitive assessment|OTHER: Inhibition evaluation|OTHER: Assessment of mental flexibility|OTHER: Evaluation of the update|OTHER: working memory|OTHER: episodic memory,,no_therapeutic_candidate,"no confirmed or investigational therapeutic candidate found, but this trial has unresolved/uncertain interventions worth a manual look",low,no_match,True
NCT00548951,Queen's University,Alzheimer Patients and the Snoezelen Program,OTHER: Snoezelen Room|OTHER: Snoezelen Room|OTHER: Control,,no_therapeutic_candidate,"no confirmed or investigational therapeutic candidate found, but this trial has unresolved/uncertain interventions worth a manual look",low,no_match,True
NCT06495957,Guang'anmen Hospital of China Academy of Chinese Medical Sciences,Electroacupuncture for the Treatment of Agitated Symptoms of Alzheimer's Disease,OTHER: Electroacupuncture group|OTHER: Micro-acupuncture group,,no_therapeutic_candidate,"no confirmed or investigational therapeutic candidate found, but this trial has unresolved/uncertain interventions worth a manual look",low,no_match,True
NCT03448601,"University of Colorado, Denver",Alzheimer's Disease and Precision Medicine Research Among Native People,OTHER: Culturally tailored brochure intervention group|OTHER: Culturally tailored video intervention group,,no_therapeutic_candidate,"no confirmed or investigational therapeutic candidate found, but this trial has unresolved/uncertain interventions worth a manual look",low,no_match,True
NCT02260674,"Janssen Research & Development, LLC",A Safety and Tolerability Study of JNJ-54861911 in Participants With Early Alzheimer's Disease,"DRUG: JNJ-54861911, 10 milligram (mg)|DRUG: JNJ-54861911, 50 mg|DRUG: Placebo","JNJ-54861911, 10 milligram (mg); JNJ-54861911",investigational_therapeutic_unverified,"multiple unverified investigational candidates found (JNJ-54861911, 10 milligram (mg); JNJ-54861911) — could not resolve to a single drug",low,multiple_candidates_unresolved,True
NCT03352024,"University Hospital, Montpellier",Impact of Hypno-analgesia on Pain During a Lumbar Puncture for Diagnosis of Alzheimer's Disease,OTHER: Relational care|OTHER: Hypno-analgesia,,no_therapeutic_candidate,"no confirmed or investigational therapeutic candidate found, but this trial has unresolved/uncertain interventions worth a manual look",low,no_match,True
NCT04295889,University Medical Center Groningen,Towards HOMe-based Albuminuria Screening: an Implementation Study Testing Two Approaches,DIAGNOSTIC_TEST: Approach A (PeeSpot urine collection device).|DIAGNOSTIC_TEST: Approach B (ACR | EU Test kit).,,no_therapeutic_candidate,"no confirmed or investigational therapeutic candidate found, but this trial has unresolved/uncertain interventions worth a manual look",low,no_match,True
NCT07196592,Yuan Shen,Development of a Novel Multidimensional Therapeutic Intervention Protocol for MCI,"BEHAVIORAL: Olfactory stimulation|BIOLOGICAL: Temporal Interference,TI|COMBINATION_PRODUCT: Olfactory-TI Stimulation|COMBINATION_PRODUCT: Sham Control",,no_therapeutic_candidate,"no confirmed or investigational therapeutic candidate found, but this trial has unresolved/uncertain interventions worth a manual look",low,no_match,True
NCT05330871,Seventh Medical Center of PLA General Hospital,Evaluate the Safety and Immunogenicity of Ad5 COVID-19 Vaccines for Booster Use in Children Aged 6-17 Years.,BIOLOGICAL: 1 Nebulized inhalation for booster groups|BIOLOGICAL: 2 Nebulized inhalation for booster groups|BIOLOGICAL: 3 Nebulized inhalation for booster groups|BIOLOGICAL: 4 Nebulized inhalation for booster groups|BIOLOGICAL: 5 Intramuscular injection for booster groups|BIOLOGICAL: 6 Intramuscular injection for booster groups|BIOLOGICAL: 7 Intramuscular injection for booster groups|BIOLOGICAL: 8 Intramuscular injection for booster groups|BIOLOGICAL: 9 Intramuscular injection for booster groups|BIOLOGICAL: 10 Intramuscular injection for booster groups|BIOLOGICAL: 11 Nebulized inhalation for booster groups|BIOLOGICAL: 12 Nebulized inhalation for booster groups|BIOLOGICAL: 13 Nebulized inhalation for booster groups|BIOLOGICAL: 14 Nebulized inhalation for booster groups|BIOLOGICAL: 15 Intramuscular injection for booster groups|BIOLOGICAL: 16 Intramuscular injection for booster groups|BIOLOGICAL: 17 Intramuscular injection for booster groups|BIOLOGICAL: 18 Intramuscular injection for booster groups|BIOLOGICAL: 19 Intramuscular injection for booster groups|BIOLOGICAL: 20 Intramuscular injection for booster groups|BIOLOGICAL: 21 Nebulized inhalation for primary groups|BIOLOGICAL: 22 Nebulized inhalation for primary groups|BIOLOGICAL: 23 Nebulized inhalation for primary groups|BIOLOGICAL: 24 Nebulized inhalation for primary groups,,no_therapeutic_candidate,"no confirmed or investigational therapeutic candidate found, but this trial has unresolved/uncertain interventions worth a manual look",low,no_match,True
NCT03236792,Icahn School of Medicine at Mount Sinai,Ixazomib In Combination With Cyclophosphamide And Dexamethasone for Newly Diagnosed AL Amyloidosis,DRUG: Ixazomib|DRUG: Cyclophosphamide|DRUG: Dexamethasone,,no_therapeutic_candidate,"no confirmed or investigational therapeutic candidate found, but this trial has unresolved/uncertain interventions worth a manual look",low,no_match,True
NCT02471833,Emory University,Health Evaluation in African Americans Using RAS Therapy,DRUG: Telmisartan 20mg|DRUG: Telmisartan 40mg|DRUG: Placebo,,no_therapeutic_candidate,"no confirmed or investigational therapeutic candidate found, but this trial has unresolved/uncertain interventions worth a manual look",low,no_match,True
NCT02085265,Sunnybrook Health Sciences Centre,Telmisartan vs. Perindopril in Mild-Moderate Alzheimer's Disease Patients,DRUG: Perindopril|DRUG: Telmisartan,,no_therapeutic_candidate,"no confirmed or investigational therapeutic candidate found, but this trial has unresolved/uncertain interventions worth a manual look",low,no_match,True
NCT05469009,Ali Rezai,Safety and Feasibility of Exablate Blood-Brain Barrier Disruption for Mild Cognitive Impairment or Mild Alzheimer's Disease Undergoing Standard of Care Monoclonal Antibody (mAb) Therapy,DRUG: Aducanumab|DEVICE: Exablate Model 4000 Type 2|DRUG: Lecanemab,Aducanumab; Lecanemab,investigational_therapeutic_unverified,multiple unverified investigational candidates found (Aducanumab; Lecanemab) — could not resolve to a single drug,low,multiple_candidates_unresolved,True
NCT02271685,Carnegie Mellon University,Sound Estimation and Accuracy Task,OTHER: Instructions about Overestimates|OTHER: Instructions about Parkinson's|OTHER: Instructions about Underestimates|OTHER: Instructions about Alzheimers,,no_therapeutic_candidate,"no confirmed or investigational therapeutic candidate found, but this trial has unresolved/uncertain interventions worth a manual look",low,no_match,True
NCT00164749,Chinese University of Hong Kong,A Pilot Study of Curcumin and Ginkgo for Treating Alzheimer's Disease,DRUG: Placebo and ginkgo extract|DRUG: Curcumin and ginkgo extract|DRUG: Curcumin and ginkgo extract,,no_therapeutic_candidate,"no confirmed or investigational therapeutic candidate found, but this trial has unresolved/uncertain interventions worth a manual look",low,no_match,True
NCT06862960,ChenXiaoChun,Ozanimod in Patients With Alzheimer's Disease,DRUG: Ozanimod|DRUG: Conventional medication,,no_therapeutic_candidate,"no confirmed or investigational therapeutic candidate found, but this trial has unresolved/uncertain interventions worth a manual look",low,no_match,True
NCT00777608,Merck Sharp & Dohme LLC,A Study to Test the Performance of the CogState Computerized Neuropsychological Battery in Patients With Alzheimer's Disease (0000-086)(COMPLETED),DRUG: Comparator: Placebo 5mg (run in)|DRUG: Donepezil 5 - 10 mg|DRUG: Comparator: Placebo 5-10 mg|DRUG: Donepezil 10 mg,,no_therapeutic_candidate,"no confirmed or investigational therapeutic candidate found, but this trial has unresolved/uncertain interventions worth a manual look",low,no_match,True
NCT04785300,Mayo Clinic,ALSENLITE: Senolytics for Alzheimer's Disease,DRUG: Dasatinib|DRUG: Quercetin,Dasatinib; Quercetin,investigational_therapeutic_unverified,multiple unverified investigational candidates found (Dasatinib; Quercetin) — could not resolve to a single drug,low,multiple_candidates_unresolved,True
NCT01192529,"Vegenat, S.A.",Evaluation of a Diet in Patients With Senile Dementia,DIETARY_SUPPLEMENT: Supressi. T-Diet plus Range|DIETARY_SUPPLEMENT: High Protein. T-Diet plus Range,,no_therapeutic_candidate,"no confirmed or investigational therapeutic candidate found, but this trial has unresolved/uncertain interventions worth a manual look",low,no_match,True
NCT01099332,Adeona Pharmaceuticals,Trial of Novel Oral Zinc Cysteine Preparation in Alzheimer's Disease,OTHER: Gastro-retentive zinc cysteine tablet|OTHER: Tablet identical physically to active comparator containing some lactose,,no_therapeutic_candidate,"no confirmed or investigational therapeutic candidate found, but this trial has unresolved/uncertain interventions worth a manual look",low,no_match,True
NCT00990613,Pfizer,A Study Evaluating The Absorption Of Dimebon Into The Body From A Dimebon Solution Applied To The Skin,DRUG: Dimebon IR|DRUG: Dimebon Transdermal|DRUG: Dimebon Transdermal|DRUG: Dimebon IR|DRUG: Dimebon Transdermal,Dimebon IR; Dimebon,investigational_therapeutic_unverified,multiple unverified investigational candidates found (Dimebon IR; Dimebon) — could not resolve to a single drug,low,multiple_candidates_unresolved,True
NCT01143350,Centre Hospitalier Universitaire de Nice,Non Pharmacological Treatment in Alzheimer's Disease and Associated Disorders,OTHER: Bras A (EHPAD Training and stimulation)|OTHER: EHPAD Control,,no_therapeutic_candidate,"no confirmed or investigational therapeutic candidate found, but this trial has unresolved/uncertain interventions worth a manual look",low,no_match,True
NCT00866060,King's College London,Donepezil and Memantine in Moderate to Severe Alzheimer's Disease,DRUG: Memantine|DRUG: Donepezil|DRUG: Placebo donepezil|DRUG: Placebo memantine,,no_therapeutic_candidate,"no confirmed or investigational therapeutic candidate found, but this trial has unresolved/uncertain interventions worth a manual look",low,no_match,True
NCT04939792,Louisiana State University Health Sciences Center Shreveport,Optimization of Blood Levels of 25(OH)-Vitamin D in African Americans,DRUG: Vitamin D|DRUG: Placebo|DRUG: Vitamin D + L-cysteine|DRUG: L-cysteine,,no_therapeutic_candidate,"no confirmed or investigational therapeutic candidate found, but this trial has unresolved/uncertain interventions worth a manual look",low,no_match,True
NCT00818662,Baxalta now part of Shire,A Phase 3 Study Evaluating Safety and Effectiveness of Immune Globulin Intravenous (IGIV 10%) for the Treatment of Mild-to-Moderate Alzheimer´s Disease,"BIOLOGICAL: Immune Globulin Intravenous (Human), 10% (IGIV, 10%) 400 mg/kg|BIOLOGICAL: Immune Globulin Intravenous (Human), 10% (IGIV, 10%) 200 mg/kg|BIOLOGICAL: Placebo solution: Human Albumin 0.25% - 4 mL/kg|BIOLOGICAL: Placebo solution: Human Albumin 0.25% - 2 mL/kg",,no_therapeutic_candidate,"no confirmed or investigational therapeutic candidate found, but this trial has unresolved/uncertain interventions worth a manual look",low,no_match,True
NCT00235716,US Department of Veterans Affairs,"A Randomized, Clinical Trial of Vitamin E and Memantine in Alzheimer's Disease",DRUG: dl-alpha-tocopherol|DRUG: Memantine|DRUG: dl-alpha-tocopherol|DRUG: Memantine|DRUG: Placebo,,no_therapeutic_candidate,"no confirmed or investigational therapeutic candidate found, but this trial has unresolved/uncertain interventions worth a manual look",low,no_match,True
NCT07756294,Wake Forest University Health Sciences,Restoring Vascular and Insulin Function To Augment Anti-Amyloid Therapy in Alzheimer's Disease,DRUG: Empagliflozin|DRUG: Insulin|DRUG: Insulin Placebo|DRUG: Empagliflozin Placebo,,no_therapeutic_candidate,"no confirmed or investigational therapeutic candidate found, but this trial has unresolved/uncertain interventions worth a manual look",low,no_match,True
NCT02849639,Daniela Moga,The INCREASE Study - Delaying the Onset of Alzheimer's Symptomatic Expression,OTHER: Placebo|OTHER: Medication Therapy Management (MTM)|DRUG: Scopolamine patch,,no_therapeutic_candidate,"no confirmed or investigational therapeutic candidate found, but this trial has unresolved/uncertain interventions worth a manual look",low,no_match,True
NCT05647473,Fujian Medical University Union Hospital,"Efficacy, Safety and Response Predictors of Adjuvant Astragalus for Cognition in Orthostatic Hypotension",BEHAVIORAL: Routine treatment|DRUG: add-on low dose Astragalus|DRUG: add-on high dose Astragalus,,no_therapeutic_candidate,"no confirmed or investigational therapeutic candidate found, but this trial has unresolved/uncertain interventions worth a manual look",low,no_match,True
NCT01362686,Indiana University,Comparative Research of Alzheimer's Disease Drugs,DRUG: Donepezil|DRUG: Galantamine|DRUG: Rivastigmine,,no_therapeutic_candidate,"no confirmed or investigational therapeutic candidate found, but this trial has unresolved/uncertain interventions worth a manual look",low,no_match,True
NCT00056329,New York State Institute for Basic Research,Vitamin E in Aging Persons With Down Syndrome,DRUG: Vitamin E|DRUG: multivitamin|DRUG: Placebo,,no_therapeutic_candidate,"no confirmed or investigational therapeutic candidate found, but this trial has unresolved/uncertain interventions worth a manual look",low,no_match,True
NCT02460783,National Institute on Aging (NIA),"Intermittent Calorie Restriction, Insulin Resistance, and Biomarkers of Brain Function",OTHER: Boost (R) 5-2 diet|OTHER: Healthy Living Diet,,no_therapeutic_candidate,"no confirmed or investigational therapeutic candidate found, but this trial has unresolved/uncertain interventions worth a manual look",low,no_match,True
NCT02187627,Hoffmann-La Roche,"Evaluation of [11C]RO6924963, [11C]RO6931643, and [18F]RO6958948 as Tracers for Positron Emission Tomography (PET) Imaging of Tau in Healthy and Alzheimer's Disease (AD) Participants",DRUG: [11C]RO6924963|DRUG: [11C]RO6931643|DRUG: [18F]RO6958948,,no_therapeutic_candidate,"no confirmed or investigational therapeutic candidate found, but this trial has unresolved/uncertain interventions worth a manual look",low,no_match,True
NCT05576688,Ankara Yildirim Beyazıt University,"Trunk Control, Balance, Gait, Functional Mobility and Fear of Falling in People With Alzheimer's Disease",OTHER: Balance|OTHER: Trunk control|OTHER: Gait|OTHER: Functional mobility|OTHER: Fear of falling,,no_therapeutic_candidate,"no confirmed or investigational therapeutic candidate found, but this trial has unresolved/uncertain interventions worth a manual look",low,no_match,True
NCT06856681,C2N Diagnostics,Clinical Utility of Early vs. Late Blood Biomarker Testing for Alzheimer's Disease,DIAGNOSTIC_TEST: PrecivityAD2 - Early Testing|DIAGNOSTIC_TEST: PrecivityAD2 - Delayed Testing,,no_therapeutic_candidate,"no confirmed or investigational therapeutic candidate found, but this trial has unresolved/uncertain interventions worth a manual look",low,no_match,True
NCT01436045,HealthPartners Institute,Safety and Effectiveness Study of Intranasal Insulin Glulisine on Cognitive and Memory in Mild-Mod AD Patients.,DRUG: Insulin glulisine|DRUG: Saline,,no_therapeutic_candidate,"no confirmed or investigational therapeutic candidate found, but this trial has unresolved/uncertain interventions worth a manual look",low,no_match,True
NCT00814801,Janssen Pharmaceutical K.K.,An Efficacy and Safety Study of Galantamine for the Treatment of Patients With Alzheimer's Disease,DRUG: Placebo|DRUG: Galantamine 16 mg/day|DRUG: Galantamine 24 mg/day,,no_therapeutic_candidate,"no confirmed or investigational therapeutic candidate found, but this trial has unresolved/uncertain interventions worth a manual look",low,no_match,True
NCT02319005,Alnylam Pharmaceuticals,ENDEAVOUR: Phase 3 Multicenter Study of Revusiran (ALN-TTRSC) in Patients With Transthyretin (TTR) Mediated Familial Amyloidotic Cardiomyopathy (FAC),DRUG: Revusiran (ALN-TTRSC)|DRUG: Sterile Normal Saline (0.9% NaCl),,no_therapeutic_candidate,"no confirmed or investigational therapeutic candidate found, but this trial has unresolved/uncertain interventions worth a manual look",low,no_match,True
NCT03442322,University of Pittsburgh,Optimizing Care for Patients With Dementia,OTHER: transdisciplinary approach|OTHER: multidisciplinary approach,,no_therapeutic_candidate,"no confirmed or investigational therapeutic candidate found, but this trial has unresolved/uncertain interventions worth a manual look",low,no_match,True
NCT03371420,"Samus Therapeutics, Inc.",PET Imaging of Subjects Using 124I-PU-AD,DRUG: PU-AD|DEVICE: PET Scan|OTHER: Blood Draws,,no_therapeutic_candidate,"no confirmed or investigational therapeutic candidate found, but this trial has unresolved/uncertain interventions worth a manual look",low,no_match,True
NCT06120049,prof. dr. Koen Van Laere,[18F]-MFBG Versus [123I]-MIBG and [18F]-PE2I in PD vs. MSA and DLB vs. AD,DIAGNOSTIC_TEST: [18F]-MFBG PET CT|DIAGNOSTIC_TEST: [18F]-FE-PE2I PET CT or PET MRI|DIAGNOSTIC_TEST: [123I]-MIBG SPECT CT|DIAGNOSTIC_TEST: [18F]-MFBG PET dosimetry scans,,no_therapeutic_candidate,"no confirmed or investigational therapeutic candidate found, but this trial has unresolved/uncertain interventions worth a manual look",low,no_match,True
NCT02388152,H. Lundbeck A/S,Study to Evaluate the Safety and Tolerability of a New Drug Named Lu AF20513 in Patients With Mild Alzheimer's Disease,"DRUG: Lu AF20513, low dose|DRUG: Lu AF20513, medium dose|DRUG: Lu AF20513, high dose|DRUG: Lu AF20513, double high dose","Lu AF20513, low dose; Lu AF20513, medium dose; Lu AF20513, high dose; Lu AF20513, double high dose",investigational_therapeutic_unverified,"multiple unverified investigational candidates found (Lu AF20513, low dose; Lu AF20513, medium dose; Lu AF20513, high dose; Lu AF20513, double high dose) — could not resolve to a single drug",low,multiple_candidates_unresolved,True
NCT05422885,Lewis Lipsitz,Safety and Feasibility of Dasatinib and Quercetin in Adults at Risk for Alzheimer's Disease,DRUG: Dasatinib|DRUG: Quercetin,Dasatinib; Quercetin,investigational_therapeutic_unverified,multiple unverified investigational candidates found (Dasatinib; Quercetin) — could not resolve to a single drug,low,multiple_candidates_unresolved,True
NCT01940952,Samsung Medical Center,Zydena on Cognitive Function of Alzheimer's Disease Patients,DRUG: Zydena (Udenafil) 50mg + Donepezil 5mg or 10mg|DRUG: Placebo + Donepezil 5mg or 10mg|DRUG: Zydena (Udenafil) 100mg + Donepezil 5mg or 10mg,,no_therapeutic_candidate,"no confirmed or investigational therapeutic candidate found, but this trial has unresolved/uncertain interventions worth a manual look",low,no_match,True
NCT03786471,"University of California, Los Angeles",D-CARE - The Dementia Care Study: A Pragmatic Clinical Trial of Health System-Based Versus Community-Based Dementia Care,OTHER: Health System-based Dementia Care|OTHER: Community-based Dementia Care|OTHER: Usual Care,,no_therapeutic_candidate,"no confirmed or investigational therapeutic candidate found, but this trial has unresolved/uncertain interventions worth a manual look",low,no_match,True
NCT07166744,"University Hospital, Strasbourg, France",Contribution of Pathological Alpha-synuclein as a Diagnostic Biomarker for Dementia With Lewy Bodies,"OTHER: Biological : blood sampling|OTHER: nasopharyngeal swab|OTHER: Procedure : Lumbar puncture|OTHER: Behavioral : clinical, functional, cognitive and psychiatric evaluations|OTHER: MRI",,no_therapeutic_candidate,"no confirmed or investigational therapeutic candidate found, but this trial has unresolved/uncertain interventions worth a manual look",low,no_match,True
NCT00506415,Novartis Pharmaceuticals,"Comparative Efficacy, Safety, and Tolerability of Rivastigmine 10 and 15 cm^2 Patch in Patients With Alzheimer's Disease (AD) Showing Cognitive Decline",DRUG: Rivastigmine 5 cm^2|DRUG: Rivastigmine 10 cm^2|DRUG: Rivastigmine 15 cm^2|DRUG: Placebo to 15 cm^2 patch|DRUG: Placebo to 10 cm^2 patch,,no_therapeutic_candidate,"no confirmed or investigational therapeutic candidate found, but this trial has unresolved/uncertain interventions worth a manual look",low,no_match,True
NCT03935568,"Samus Therapeutics, Inc.",A Single and Multiple Ascending Dose Study to Evaluate the Safety and Pharmacokinetics of PU-AD in Healthy Subjects,DRUG: PU-AD|DRUG: Placebo|DRUG: Placebo|DRUG: PU-AD,,no_therapeutic_candidate,"no confirmed or investigational therapeutic candidate found, but this trial has unresolved/uncertain interventions worth a manual look",low,no_match,True
NCT04972643,Taichung Veterans General Hospital,The Protective Effect of Omega-3 Fatty Acid on Cognitive Function Among Patients With Mild Dementia,DIETARY_SUPPLEMENT: EPA|DIETARY_SUPPLEMENT: DHA|DIETARY_SUPPLEMENT: Placebo,,no_therapeutic_candidate,"no confirmed or investigational therapeutic candidate found, but this trial has unresolved/uncertain interventions worth a manual look",low,no_match,True
NCT01650454,"University Hospital, Bordeaux","Sleep, Cognition and Memory Disorder",OTHER: 2 night polysomnography|OTHER: battery of neuropsychological tests|OTHER: virtual reality test|OTHER: subjective evaluation of sleep and somnolence,,no_therapeutic_candidate,"no confirmed or investigational therapeutic candidate found, but this trial has unresolved/uncertain interventions worth a manual look",low,no_match,True
NCT00987090,Assistance Publique Hopitaux De Marseille,Early-onset and Late-onset Sporadic Alzheimer's Disease (AD),BIOLOGICAL: Clinic and neuropsychologic evaluation|RADIATION: MRI|PROCEDURE: PET|BIOLOGICAL: Apolipoprotein E genotyping|BIOLOGICAL: Study of cerebrospinal fluid,,no_therapeutic_candidate,"no confirmed or investigational therapeutic candidate found, but this trial has unresolved/uncertain interventions worth a manual look",low,no_match,True
NCT06511570,Acumen Pharmaceuticals,"A Study Comparing the Safety, Tolerability, and Pharmacokinetics of Sabirnetug IV and Sabirnetug + rHuPH20 SC in Healthy Participants",DRUG: sabirnetug (ACU193)|COMBINATION_PRODUCT: Sabirnetug + rHuPH20,,no_therapeutic_candidate,"no confirmed or investigational therapeutic candidate found, but this trial has unresolved/uncertain interventions worth a manual look",low,no_match,True
NCT02886494,Charsire Biotechnology Corp.,A Study to Evaluate Efficacy and Safety of BAC in Patient With Alzheimer's Disease or Vascular Dementia,DRUG: BAC treatment|DRUG: Matched vehicle,,no_therapeutic_candidate,"no confirmed or investigational therapeutic candidate found, but this trial has unresolved/uncertain interventions worth a manual look",low,no_match,True
NCT01467726,Alfasigma S.p.A.,"Safety, Pharmacokinetics and Pharmacodynamics of Velusetrag in Healthy Elderly Subjects",DRUG: Velusetrag|DRUG: Velusetrag|DRUG: Placebo,,no_therapeutic_candidate,"no confirmed or investigational therapeutic candidate found, but this trial has unresolved/uncertain interventions worth a manual look",low,no_match,True
NCT05888961,Centre Hospitalier Universitaire Dijon,"Single-center Prospective Longitudinal Study of Taste in Patients With Cognitive Disorders at Different Stages of Severity (Isolated Cognitive Complaint, Minor or Major Neurocognitive Alzheimer-type Disorders) by Analysis of Gustatory Evoked Potentials",BIOLOGICAL: Blood samples|OTHER: Interviewing the subject and scales|OTHER: Neurocognitive evaluation|OTHER: Taste tests|OTHER: Computerized food preference questionnaires|OTHER: Nutritional status - body composition,,no_therapeutic_candidate,"no confirmed or investigational therapeutic candidate found, but this trial has unresolved/uncertain interventions worth a manual look",low,no_match,True
NCT00000179,National Institute on Aging (NIA),Agitation in Alzheimer's Disease,DRUG: Trazodone|DRUG: Haloperidol,,no_therapeutic_candidate,"no confirmed or investigational therapeutic candidate found, but this trial has unresolved/uncertain interventions worth a manual look",low,no_match,True
NCT04388982,Ruijin Hospital,the Safety and the Efficacy Evaluation of Allogenic Adipose MSC-Exos in Patients With Alzheimer's Disease,BIOLOGICAL: low dosage MSCs-Exos administrated for nasal drip|BIOLOGICAL: mild dosage MSCs-Exos administrated for nasal drip|BIOLOGICAL: high dosage MSCs-Exos administrated for nasal drip,,no_therapeutic_candidate,"no confirmed or investigational therapeutic candidate found, but this trial has unresolved/uncertain interventions worth a manual look",low,no_match,True
NCT02788513,Boehringer Ingelheim,BI 425809 in Patients With Cognitive Impairment Due to Alzheimer's Disease.,DRUG: BI 425809 dose 1|DRUG: BI 425809 dose 2|DRUG: BI 425809 dose 3|DRUG: BI 425809 dose 4|DRUG: Placebo,,no_therapeutic_candidate,"no confirmed or investigational therapeutic candidate found, but this trial has unresolved/uncertain interventions worth a manual look",low,no_match,True
NCT00428389,Novartis,Safety of Switching From Donepezil to Rivastigmine Patch in Patients With Probable Alzheimer's Disease,DRUG: Rivastigmine 5 cm^2 transdermal patch|DRUG: Rivastigmine 10 cm^2 transdermal patch,,no_therapeutic_candidate,"no confirmed or investigational therapeutic candidate found, but this trial has unresolved/uncertain interventions worth a manual look",low,no_match,True
NCT01595646,Wake Forest University Health Sciences,Study of Nasal Insulin to Fight Forgetfulness - Long-acting Insulin Detemir - 120 Days (SL120),DRUG: Saline|DRUG: Insulin detemir|DRUG: Insulin,,no_therapeutic_candidate,"no confirmed or investigational therapeutic candidate found, but this trial has unresolved/uncertain interventions worth a manual look",low,no_match,True
NCT03635879,Cerecin,Medical Food Formulation Pharmacokinetic (PK) Study in Medium Chain Triglycerides,OTHER: MCTprocal medical food|OTHER: Milk/tricaprilin oil blend|OTHER: AC-1207|OTHER: AC-1205|OTHER: AC-1206|DRUG: AC-1202,Milk/tricaprilin oil blend; AC-1207; AC-1205; AC-1206; AC-1202,investigational_therapeutic_unverified,multiple unverified investigational candidates found (Milk/tricaprilin oil blend; AC-1207; AC-1205; AC-1206; AC-1202) — could not resolve to a single drug,low,multiple_candidates_unresolved,True
NCT07351773,Taizhou Second People's Hospital,Ultrasound-Guided Stellate Ganglion Block for Alzheimer's Disease,PROCEDURE: Ultrasound-Guided Stellate Ganglion Block|DRUG: Memantine hydrochloride|DRUG: Donepezil hydrochloride,,no_therapeutic_candidate,"no confirmed or investigational therapeutic candidate found, but this trial has unresolved/uncertain interventions worth a manual look",low,no_match,True
NCT06649929,University of Utah,Nuestro Sueno: Cultural Adaptation of a Couples Intervention to Improve PAP Adherence and Sleep Health Among Latino Couples With Implications for Alzheimer's Disease Risk,BEHAVIORAL: Couples-based treatment- Patient|BEHAVIORAL: Couples-based treatment- Partner|OTHER: Information control- Patient|OTHER: Information control- Partner,,no_therapeutic_candidate,"no confirmed or investigational therapeutic candidate found, but this trial has unresolved/uncertain interventions worth a manual look",low,no_match,True
NCT04019665,"Centre Hospitalier Universitaire, Amiens",Self-screening of Cognitive Impairment in Primary Care,OTHER: MMSE (mini mental state examination)|OTHER: SAGE (Self-Administered Gerocognitive Exam),,no_therapeutic_candidate,"no confirmed or investigational therapeutic candidate found, but this trial has unresolved/uncertain interventions worth a manual look",low,no_match,True
NCT02380573,The University of Texas Health Science Center at San Antonio,"Effects of Methylene Blue in Healthy Aging, Mild Cognitive Impairment and Alzheimer's Disease",DRUG: Methylene Blue|DRUG: FD&C Blue # 2|DRUG: Phenazopyridine hydrochloride,,no_therapeutic_candidate,"no confirmed or investigational therapeutic candidate found, but this trial has unresolved/uncertain interventions worth a manual look",low,no_match,True
NCT06213766,Hospices Civils de Lyon,Spatial and Ocular Trajectories for the Early Diagnosis of Alzheimer's Disease.,DIAGNOSTIC_TEST: Cognitive assessment|OTHER: Questionnaires|DEVICE: Spatial navigation task with eye-tracking.|BIOLOGICAL: Blood sampling,,no_therapeutic_candidate,"no confirmed or investigational therapeutic candidate found, but this trial has unresolved/uncertain interventions worth a manual look",low,no_match,True
NCT07764146,Voyager Therapeutics,An Open Label Dose Escalation Study of VY1706 in Participants With Early Alzheimer's Disease,DRUG: VY1706 Low dose|DRUG: VY1706 Mid dose|DRUG: VY1706 High Dose|DEVICE: Anti-AAV9 Total Antibody (TAb) Assay,,no_therapeutic_candidate,"no confirmed or investigational therapeutic candidate found, but this trial has unresolved/uncertain interventions worth a manual look",low,no_match,True
NCT03553173,Fundación Pública Andaluza para la gestión de la Investigación en Sevilla,So-Lo-Mo Intervention Applied to the Smoking Cessation Process,OTHER: So-Lo-Mo|BEHAVIORAL: Psychological advice|DRUG: Bupropion Pill|DRUG: Varenicline Pill,,no_therapeutic_candidate,"no confirmed or investigational therapeutic candidate found, but this trial has unresolved/uncertain interventions worth a manual look",low,no_match,True
NCT01547169,University of Washington,Study of Nasal Insulin to Fight Forgetfulness - Long-acting Insulin Detemir - 21 Days,DRUG: Placebo Comparator|DRUG: insulin detemir|DRUG: insulin detemir,,no_therapeutic_candidate,"no confirmed or investigational therapeutic candidate found, but this trial has unresolved/uncertain interventions worth a manual look",low,no_match,True
NCT03249688,Karolinska Institutet,Multimodal Preventive Trial for Alzheimer's Disease,OTHER: Regular health advice|BEHAVIORAL: Multidomain lifestyle|DIETARY_SUPPLEMENT: Medical food,,no_therapeutic_candidate,"no confirmed or investigational therapeutic candidate found, but this trial has unresolved/uncertain interventions worth a manual look",low,no_match,True
NCT02984540,Wake Forest University Health Sciences,Effect of a Modified Ketogenic-Mediterranean Diet on Alzheimer's Disease,OTHER: Low-Carbohydrate Diet|OTHER: Low-Fat Diet,,no_therapeutic_candidate,"no confirmed or investigational therapeutic candidate found, but this trial has unresolved/uncertain interventions worth a manual look",low,no_match,True
NCT00495417,Affiris AG,Tolerability and Safety of Subcutaneous Administration of Affitope AD01 in Mild to Moderate Alzheimer's Disease,BIOLOGICAL: AFFITOPE AD01|BIOLOGICAL: AFFITOPE AD01 adjuvanted,AFFITOPE AD01; AFFITOPE AD01 adjuvanted,investigational_therapeutic_unverified,multiple unverified investigational candidates found (AFFITOPE AD01; AFFITOPE AD01 adjuvanted) — could not resolve to a single drug,low,multiple_candidates_unresolved,True
NCT03867253,Oryzon Genomics S.A.,Testing the Safety and Preliminary Efficacy of the New Drug ORY-2001 in Mild to Moderate Alzheimer's Disease,DRUG: ORY-2001 Low dose|DRUG: ORY-2001 High dose|DRUG: Placebo,,no_therapeutic_candidate,"no confirmed or investigational therapeutic candidate found, but this trial has unresolved/uncertain interventions worth a manual look",low,no_match,True
NCT00090402,Oregon Health and Science University,Fish Oil and Alpha Lipoic Acid in Treating Alzheimer's Disease,DIETARY_SUPPLEMENT: Fish Oil|DIETARY_SUPPLEMENT: Lipoic Acid|OTHER: Fish Oil Placebo|OTHER: Lipoic Acid Placebo,,no_therapeutic_candidate,"no confirmed or investigational therapeutic candidate found, but this trial has unresolved/uncertain interventions worth a manual look",low,no_match,True
NCT02323217,Imperial College London,I2PETHV - Imidazoline2 Binding Site in Healthy Volunteers,RADIATION: [11C]BU99008|DRUG: Idazoxan|DRUG: Isocarboxazid,,no_therapeutic_candidate,"no confirmed or investigational therapeutic candidate found, but this trial has unresolved/uncertain interventions worth a manual look",low,no_match,True
NCT01399125,Novartis Pharmaceuticals,"A 24-Week Efficacy, Safety and Tolerability of Rivastigmine Patch Study in Patients With Probable Alzheimer's Disease",DRUG: Rivastigmine Patch|DRUG: Rivastigmine Capsules|DRUG: Placebo to Rivastigmine patch|DRUG: Placebo to Rivastigmine capsules,,no_therapeutic_candidate,"no confirmed or investigational therapeutic candidate found, but this trial has unresolved/uncertain interventions worth a manual look",low,no_match,True
NCT01061489,University of Konstanz,Sensory-cognitive and Physical Fitness Training in Mild Cognitive Impairment,OTHER: auditory discrimination training|OTHER: physical movement training,,no_therapeutic_candidate,"no confirmed or investigational therapeutic candidate found, but this trial has unresolved/uncertain interventions worth a manual look",low,no_match,True
NCT03172117,Medipost Co Ltd.,Follow-up Study of Safety and Efficacy in Subjects Who Completed NEUROSTEM® Phase-I/IIa Clinical Trial.,BIOLOGICAL: human umbilical cord blood derived mesenchymal stem cells|OTHER: Normal saline 2mL,,no_therapeutic_candidate,"no confirmed or investigational therapeutic candidate found, but this trial has unresolved/uncertain interventions worth a manual look",low,no_match,True
NCT01739348,Merck Sharp & Dohme LLC,An Efficacy and Safety Trial of Verubecestat (MK-8931) in Mild to Moderate Alzheimer's Disease (P07738),DRUG: Verubecestat (Part I and Part II)|DRUG: Verubecestat (Part I and Part II)|DRUG: Verubecestat (Part I and Part II)|DRUG: Placebo (Part I)|DRUG: Verubecestat (Part II),Verubecestat; Verubecestat (Part II),investigational_therapeutic_unverified,multiple unverified investigational candidates found (Verubecestat; Verubecestat (Part II)) — could not resolve to a single drug,low,multiple_candidates_unresolved,True
NCT04786223,Val Lowe,Targeting Neuroinflammation as a Contributing Pathology in Alzheimer's Disease Dementia and Related Dementias,DRUG: C-11 ER-176|DIAGNOSTIC_TEST: Blood Test,,no_therapeutic_candidate,"no confirmed or investigational therapeutic candidate found, but this trial has unresolved/uncertain interventions worth a manual look",low,no_match,True
NCT01815112,"Centre Hospitalier Universitaire, Amiens",Early Diagnosis of Alzheimer-like Dementia: Benefit of MRI and PET Imaging,OTHER: Magnetic resonance imaging|OTHER: Positron emission tomography,,no_therapeutic_candidate,"no confirmed or investigational therapeutic candidate found, but this trial has unresolved/uncertain interventions worth a manual look",low,no_match,True
NCT07011732,Bristol-Myers Squibb,A Phase 3 Study to Evaluate the Safety and Efficacy of KarXT + KarX-EC for the Treatment of Agitation Associated With Alzheimer's Disease (ADAGIO-1),DRUG: Xanomeline/Trospium Chloride Capsule|DRUG: Xanomeline Enteric Capsule|DRUG: Placebo,Xanomeline/Trospium Chloride; Xanomeline Enteric,investigational_therapeutic_unverified,multiple unverified investigational candidates found (Xanomeline/Trospium Chloride; Xanomeline Enteric) — could not resolve to a single drug,low,multiple_candidates_unresolved,True
NCT04099823,Mayo Clinic,MR Evaluation of Cerebrospinal Fluid (CSF) Dynamics,OTHER: MRI screening form|DIAGNOSTIC_TEST: Urine pregnancy test|DIAGNOSTIC_TEST: MR brain,,no_therapeutic_candidate,"no confirmed or investigational therapeutic candidate found, but this trial has unresolved/uncertain interventions worth a manual look",low,no_match,True
NCT03472664,Wake Forest University Health Sciences,Brain Energy for Amyloid Transformation in Alzheimer's Disease Study,OTHER: low carbohydrate/high fat diet|OTHER: low fat/high carbohydrate diet,,no_therapeutic_candidate,"no confirmed or investigational therapeutic candidate found, but this trial has unresolved/uncertain interventions worth a manual look",low,no_match,True
NCT02754830,Eli Lilly and Company,A Study of LY3303560 in Healthy Participants and Participants With Alzheimer's Disease (AD),DRUG: LY3303560 - IV|DRUG: Saline Solution - IV|DRUG: LY3303560 - SC,LY3303560 - IV; LY3303560 - SC,investigational_therapeutic_unverified,multiple unverified investigational candidates found (LY3303560 - IV; LY3303560 - SC) — could not resolve to a single drug,low,multiple_candidates_unresolved,True
NCT06367426,Pharmacobio,A Phase I Study of DDN-A-0101 in Healthy Volunteers and Elder People,DRUG: DDN-A-0101 (SAD)|DRUG: DDN-A-0101 (MAD)|DRUG: Placebo (SAD)|DRUG: Placebo (MAD),,no_therapeutic_candidate,"no confirmed or investigational therapeutic candidate found, but this trial has unresolved/uncertain interventions worth a manual look",low,no_match,True
NCT06711952,Ludwig-Maximilians - University of Munich,German Validation Study of the Subjective Cognitive Decline Questionnaire (SCD-Q),DIAGNOSTIC_TEST: Subjective Cognitive Decline-Questionnaire (SCD-Q)|DIAGNOSTIC_TEST: Cognitive Failure Questionnaire (CFQ)|DIAGNOSTIC_TEST: biomarkers|DIAGNOSTIC_TEST: Cognitive Tests,,no_therapeutic_candidate,"no confirmed or investigational therapeutic candidate found, but this trial has unresolved/uncertain interventions worth a manual look",low,no_match,True
NCT01594346,New York State Institute for Basic Research,Multicenter Vitamin E Trial in Aging Persons With Down Syndrome,DRUG: Alpha-Tocopherol|DRUG: Sugar Pill,,no_therapeutic_candidate,"no confirmed or investigational therapeutic candidate found, but this trial has unresolved/uncertain interventions worth a manual look",low,no_match,True
NCT06080659,Rennes University Hospital,Network-based biOmarker Discovery of Neurodegenerative Diseases Using Multimodal Connectivity,DIAGNOSTIC_TEST: fMRI|DIAGNOSTIC_TEST: CONFMEM,,no_therapeutic_candidate,"no confirmed or investigational therapeutic candidate found, but this trial has unresolved/uncertain interventions worth a manual look",low,no_match,True
NCT00498602,Pfizer,Study Evaluating ACC-001 In Subjects With Mild To Moderate Alzheimer's Disease,BIOLOGICAL: ACC-001 + QS-21|BIOLOGICAL: QS-21|OTHER: Diluent: Phosphate Buffered Saline|BIOLOGICAL: ACC-001,ACC-001 + QS-21; QS-21; ACC-001,investigational_therapeutic_unverified,multiple unverified investigational candidates found (ACC-001 + QS-21; QS-21; ACC-001) — could not resolve to a single drug,low,multiple_candidates_unresolved,True
NCT00960531,Pfizer,A Long Term Extension Study Evaluating ACC-001 With QS-21 in Subjects With Mild to Moderate Alzheimer's Disease,BIOLOGICAL: ACC-001+ QS21 (3mcg)|BIOLOGICAL: ACC-001 (10 mcg) + QS-21|BIOLOGICAL: ACC-001+QS-21 (30mcg),ACC-001+ QS21; ACC-001; ACC-001+QS-21,investigational_therapeutic_unverified,multiple unverified investigational candidates found (ACC-001+ QS21; ACC-001; ACC-001+QS-21) — could not resolve to a single drug,low,multiple_candidates_unresolved,True
NCT02638519,Thunder Bay Regional Health Research Institute,HP Xenon-129 fMRI of Healthy Volunteers and Participants With Alzheimer's Disease,OTHER: Traditional Proton fMRI|OTHER: Hyperpolarized Xenon-129 fMRI|DRUG: Hyperpolarized Xenon-129|DEVICE: 1H-129Xe Dual-Tuned Quadrature Head Coil,,no_therapeutic_candidate,"no confirmed or investigational therapeutic candidate found, but this trial has unresolved/uncertain interventions worth a manual look",low,no_match,True
NCT04482036,Indiana University,The MObile AssessMENT of Behavioral and Psychological Symptoms of Dementia in Amnestic MCI and AD (MOMENT) Study,OTHER: Mobile Phone Application Assessments|OTHER: Standard Assessments,,no_therapeutic_candidate,"no confirmed or investigational therapeutic candidate found, but this trial has unresolved/uncertain interventions worth a manual look",low,no_match,True
NCT02811653,"Centre Hospitalier Universitaire, Amiens",Motor Slowing and Its Lesion-related Correlates in Alzheimer's Disease,DEVICE: Brain MRI|OTHER: neuropsychological evaluation|BIOLOGICAL: Blood,,no_therapeutic_candidate,"no confirmed or investigational therapeutic candidate found, but this trial has unresolved/uncertain interventions worth a manual look",low,no_match,True
NCT00549601,Novartis,"Convenience, Tolerability, and Safety of Change in the Administration of Rivastigmine From Capsules to a Transdermal Patch in Patients With Mild to Moderate Alzheimer's Disease",DRUG: Rivastigmine patch (4.6 mg/day switch to 9.5 mg/day)|DRUG: Rivastigmine patch (9.5 mg/day)|DRUG: Rivastigmine capsules (6 mg to 12 mg/day),,no_therapeutic_candidate,"no confirmed or investigational therapeutic candidate found, but this trial has unresolved/uncertain interventions worth a manual look",low,no_match,True
NCT04840992,CanSino Biologics Inc.,Phase I/II Clinical Trial of Recombinant Novel Coronavirus (COVID-19) Vaccine (Adenovirus Type 5 Vector) for Inhalation,BIOLOGICAL: Recombinant Novel Coronavirus Vaccine (Adenovirus Type 5 Vector) for Inhalation|BIOLOGICAL: Recombinant Novel Coronavirus Vaccine (Adenovirus Type 5 Vector)|BIOLOGICAL: Placebo for Inhalation|BIOLOGICAL: Placebo,,no_therapeutic_candidate,"no confirmed or investigational therapeutic candidate found, but this trial has unresolved/uncertain interventions worth a manual look",low,no_match,True
NCT00505167,Hospital Miguel Servet,Memantine Versus Donepezil in Early Stages of Alzheimer's Disease,DRUG: Memantine|DRUG: Donepezil,,no_therapeutic_candidate,"no confirmed or investigational therapeutic candidate found, but this trial has unresolved/uncertain interventions worth a manual look",low,no_match,True
NCT03878212,The Hong Kong Polytechnic University,Effects of mHealth on Promoting Self-care Health Management Among Older Adults in the Community,OTHER: mHealth application with interactivity|OTHER: mHealth application,,no_therapeutic_candidate,"no confirmed or investigational therapeutic candidate found, but this trial has unresolved/uncertain interventions worth a manual look",low,no_match,True
NCT05269394,Washington University School of Medicine,Dominantly Inherited Alzheimer Network Trial: An Opportunity to Prevent Dementia. A Study of Potential Disease Modifying Treatments in Individuals With a Type of Early Onset Alzheimer's Disease Caused by a Genetic Mutation (DIAN-TU),DRUG: E2814|DRUG: Lecanemab|DRUG: Matching Placebo (E2814),E2814; Lecanemab,investigational_therapeutic_unverified,multiple unverified investigational candidates found (E2814; Lecanemab) — could not resolve to a single drug,low,multiple_candidates_unresolved,True
NCT05343611,"Massimo Venturelli, PhD",Chocolate and Physical Exercise to Reduce Malnutrition in Pre-dementia Aged People,BEHAVIORAL: Combination of High Protein Diet and Physical Exercise protocol|DIETARY_SUPPLEMENT: HPP Choko|DIETARY_SUPPLEMENT: HPP/VE Choko,,no_therapeutic_candidate,"no confirmed or investigational therapeutic candidate found, but this trial has unresolved/uncertain interventions worth a manual look",low,no_match,True
NCT07361887,University of Seville,Deciphering the Effect of Moderate Wine Consumption on Healthy Aging Through Postprandial Extracellular Vesicles.,DIETARY_SUPPLEMENT: White Wine|DIETARY_SUPPLEMENT: Red Wine|DIETARY_SUPPLEMENT: Water,,no_therapeutic_candidate,"no confirmed or investigational therapeutic candidate found, but this trial has unresolved/uncertain interventions worth a manual look",low,no_match,True
NCT01083316,Boston Medical Center,Bortezomib and Dexamethasone Followed by High-Dose Melphalan and Stem Cell Transplantation for Primary (AL) Amyloidosis,DRUG: Bortezomib|DRUG: Dexamethasone|DRUG: Melphalan,,no_therapeutic_candidate,"no confirmed or investigational therapeutic candidate found, but this trial has unresolved/uncertain interventions worth a manual look",low,no_match,True
NCT02778581,Team Foods Colombia S.A.,Study to Evaluate the Effect of a Vegetal Oil on Cognitive Impairment,DIETARY_SUPPLEMENT: Lipidic Blend 1|DIETARY_SUPPLEMENT: Lipidic Blend 2|DIETARY_SUPPLEMENT: Placebo,,no_therapeutic_candidate,"no confirmed or investigational therapeutic candidate found, but this trial has unresolved/uncertain interventions worth a manual look",low,no_match,True
NCT02492529,Rennes University Hospital,Knowing and Remembering: Cognitive and Neural Influences of Familiarity on Recognition Memory in Early Alzheimer's Disease,OTHER: Neuropsychological tests|DEVICE: A cranial MRI|OTHER: Experimental procedure,,no_therapeutic_candidate,"no confirmed or investigational therapeutic candidate found, but this trial has unresolved/uncertain interventions worth a manual look",low,no_match,True
NCT07479914,University of Milano Bicocca,Art of Memory for Cognitive Enhancement in the Monza Brain Health Service,OTHER: Art of memory classes|OTHER: General information on art of memory,,no_therapeutic_candidate,"no confirmed or investigational therapeutic candidate found, but this trial has unresolved/uncertain interventions worth a manual look",low,no_match,True
