nct_id,title,phase_clean,drug_type,target,status_clean,is_aribio,developed_drug,developed_drug_normalized,drug_classification,classification_reason,official_pipeline_match,official_source_url,verification_status,classification_confidence,needs_manual_review,pipeline_scope,scope_reason,scope_method,scope_confidence,manual_review_required
NCT02667496,Safety Study of Sargramostim in Treating Patients With Mild Cognitive Impairment Due to Alzheimer's Disease,Phase 2,Small Molecule,Amyloid,Discontinued,False,Sargramostim GZ402664,sargramostim gz402664,investigational_therapeutic_unverified,sole investigational candidate identified (Sargramostim GZ402664); not yet confirmed via official pipeline,False,,no_match,medium,True,Therapeutic Drug,investigational therapeutic candidate; drug/biological intervention type with no disqualifying evidence found,rule_classification,medium,True
NCT01266525,Effect of Different Doses of SAR110894 on Cognition in Patients With Mild to Moderate Alzheimer's Disease on Donepezil,Phase 2,Small Molecule,Symptomatic,Completed,False,SAR110894,sar110894,investigational_therapeutic_unverified,sole investigational candidate identified (SAR110894); not yet confirmed via official pipeline,False,,no_match,medium,True,Therapeutic Drug,investigational therapeutic candidate; drug/biological intervention type with no disqualifying evidence found,rule_classification,medium,True
NCT07251023,Efficacy and Safety of DMB-I (INN: Latrepirdine) in Patients With Alzheimer Type Dementia,Phase 3,Small Molecule,Neuroprotection,Recruiting,False,DMB-I (INN: Latrepirdine),dmb i inn latrepirdine,investigational_therapeutic_unverified,sole investigational candidate identified (DMB-I (INN: Latrepirdine)); not yet confirmed via official pipeline,False,,no_match,medium,True,Therapeutic Drug,investigational therapeutic candidate; drug/biological intervention type with no disqualifying evidence found,rule_classification,medium,True
NCT01245530,An Efficacy and Safety Study of INM-176 for the Treatment of Patients With Alzheimer Type Dementia,Phase 3,Small Molecule,Symptomatic,Completed,False,INM-176,inm 176,investigational_therapeutic_unverified,sole investigational candidate identified (INM-176); not yet confirmed via official pipeline,False,,no_match,medium,True,Therapeutic Drug,investigational therapeutic candidate; drug/biological intervention type with no disqualifying evidence found,rule_classification,medium,True
NCT02434666,Long Term Extension Safety Study in Patients With Dementia of the Alzheimer's Type Who Completed Study CPC-001-07,Phase 2,Small Molecule,Other,Completed,False,CPC-201,cpc 201,investigational_therapeutic_unverified,sole investigational candidate identified (CPC-201); not yet confirmed via official pipeline,False,,no_match,medium,True,Therapeutic Drug,investigational therapeutic candidate; drug/biological intervention type with no disqualifying evidence found,rule_classification,medium,True
NCT06534723,Phase 3 Clinical Trial of Wujia Yizhi Granules in the Treatment of Mild-to-moderate Alzheimer's Dementia (Syndrome of Deficiency of Spleen and Kidney),Phase 3,Small Molecule,Other,Recruiting,False,Wujia Yizhi granules,wujia yizhi granules,investigational_therapeutic_unverified,sole investigational candidate identified (Wujia Yizhi granules); not yet confirmed via official pipeline,False,,no_match,medium,True,Therapeutic Drug,investigational therapeutic candidate; drug/biological intervention type with no disqualifying evidence found,rule_classification,medium,True
NCT01297218,The Safety and The Efficacy Evaluation of NEUROSTEM®-AD in Patients With Alzheimer's Disease,Phase 1,Cell/Gene Therapy,Other,Completed,False,Human Umbilical Cord Blood Derived-Mesenchymal Stem Cells,human umbilical cord blood derived mesenchymal stem cells,investigational_therapeutic_unverified,sole investigational candidate identified (Human Umbilical Cord Blood Derived-Mesenchymal Stem Cells); not yet confirmed via official pipeline,False,,no_match,medium,True,Therapeutic Drug,investigational therapeutic candidate; drug/biological intervention type with no disqualifying evidence found,rule_classification,medium,True
NCT00322153,A Study of the Safety and Efficacy of Memantine in Moderate to Severe Alzheimer's Disease,Phase 3,Small Molecule,Symptomatic,Completed,False,memantine,memantine,investigational_therapeutic_unverified,sole investigational candidate identified (memantine); not yet confirmed via official pipeline,False,,no_match,medium,True,Therapeutic Drug,investigational therapeutic candidate; drug/biological intervention type with no disqualifying evidence found,rule_classification,medium,True
NCT04413344,Repurposing Bromocriptine for Abeta Metabolism in Alzheimer's Disease,Phase 2,Small Molecule,Amyloid,Completed,False,Bromocriptine Mesilate,bromocriptine mesilate,investigational_therapeutic_unverified,sole investigational candidate identified (Bromocriptine Mesilate); not yet confirmed via official pipeline,False,,no_match,medium,True,Therapeutic Drug,investigational therapeutic candidate; drug/biological intervention type with no disqualifying evidence found,rule_classification,medium,True
NCT07688213,A Study to Investigate the Safety and Effectiveness of SAR448851 in Participants With Early Alzheimer's Disease,Phase 2,Small Molecule,Other,Recruiting,False,SAR448851,sar448851,investigational_therapeutic_unverified,sole investigational candidate identified (SAR448851); not yet confirmed via official pipeline,False,,no_match,medium,True,Therapeutic Drug,investigational therapeutic candidate; drug/biological intervention type with no disqualifying evidence found,rule_classification,medium,True
NCT04462029,A Study to Compare the Pharmacokinetics of BR4002 and BR4002-1 in Healthy Volunteers,Phase 1,Small Molecule,Other,Completed,False,BR4002,br4002,investigational_therapeutic_unverified,sole investigational candidate identified (BR4002); not yet confirmed via official pipeline,False,,no_match,medium,True,Therapeutic Drug,investigational therapeutic candidate; drug/biological intervention type with no disqualifying evidence found,rule_classification,medium,True
NCT07212062,The Purpose of This Study is to Evaluate the Safety and Tolerability of X/T+X-EC in Participants With Alzheimer's Disease Who Are Currently Treated With Lecanemab.,Phase 2,Biologic,Amyloid,Recruiting,False,Lecanemab,lecanemab,investigational_therapeutic_unverified,sole investigational candidate identified (Lecanemab); not yet confirmed via official pipeline,False,,no_match,medium,True,Therapeutic Drug,investigational therapeutic candidate; drug/biological intervention type with no disqualifying evidence found,rule_classification,medium,True
NCT07169578,A Study of Trontinemab in Participants With Early Symptomatic Alzheimer's Disease,Phase 3,Biologic,Amyloid,Recruiting,False,Trontinemab,trontinemab,investigational_therapeutic_unverified,sole investigational candidate identified (Trontinemab); not yet confirmed via official pipeline,False,,no_match,medium,True,Therapeutic Drug,investigational therapeutic candidate; drug/biological intervention type with no disqualifying evidence found,rule_classification,medium,True
NCT07170150,A Clinical Trial of Trontinemab in Participants With Early Symptomatic Alzheimer's Disease,Phase 3,Biologic,Amyloid,Recruiting,False,Trontinemab,trontinemab,investigational_therapeutic_unverified,sole investigational candidate identified (Trontinemab); not yet confirmed via official pipeline,False,,no_match,medium,True,Therapeutic Drug,investigational therapeutic candidate; drug/biological intervention type with no disqualifying evidence found,rule_classification,medium,True
NCT07177352,Screening Study to Determine Individuals With Potential Trial Eligibility for Alzheimer's Disease Studies,Phase 3,Non-Drug/Behavioral,Other,Recruiting,False,,,no_therapeutic_candidate,no drug/biological therapeutic candidate found among this trial's interventions,False,,not_applicable,high,False,Exclude,no drug/biological therapeutic candidate found among this trial's interventions,rule_classification,high,False
NCT07399171,Study to Evaluate the Effect of HT-4253 for the Prevention of Alzheimer's Disease in APOE4 Carriers,Phase 2,Small Molecule,Other,Recruiting,False,HT-4253,ht 4253,investigational_therapeutic_unverified,sole investigational candidate identified (HT-4253); not yet confirmed via official pipeline,False,,no_match,medium,True,Therapeutic Drug,investigational therapeutic candidate; drug/biological intervention type with no disqualifying evidence found,rule_classification,medium,True
NCT06647498,A Study of a Potential Disease Modifying Treatment in Individuals at Risk for or With a Type of Early Onset AD Caused by a Genetic Mutation,Phase 3,Small Molecule,Amyloid,Recruiting,False,Remternetug,remternetug,investigational_therapeutic_unverified,sole investigational candidate identified (Remternetug); not yet confirmed via official pipeline,False,,no_match,medium,True,Therapeutic Drug,investigational therapeutic candidate; drug/biological intervention type with no disqualifying evidence found,rule_classification,medium,True
NCT06424236,Dominantly Inherited Alzheimer Network Trial: An Opportunity to Prevent Dementia: A Study of Potential Disease Modifying Treatments in Individuals at Risk for or With a Type of Early Onset Alzheimer's Disease Caused by a Genetic Mutation,Phase 3,Biologic,Amyloid,Discontinued,False,Gantenerumab,gantenerumab,investigational_therapeutic_unverified,sole investigational candidate identified (Gantenerumab); not yet confirmed via official pipeline,False,,no_match,medium,True,Therapeutic Drug,investigational therapeutic candidate; drug/biological intervention type with no disqualifying evidence found,rule_classification,medium,True
NCT05891496,A Research Study Looking at the Effect of Semaglutide on the Immune System and Other Biological Processes in People With Alzheimer's Disease,Phase 3,Small Molecule,Metabolism,Completed,False,Semaglutide,semaglutide,investigational_therapeutic_unverified,sole investigational candidate identified (Semaglutide); not yet confirmed via official pipeline,False,,no_match,medium,True,Therapeutic Drug,investigational therapeutic candidate; drug/biological intervention type with no disqualifying evidence found,rule_classification,medium,True
NCT05256134,A Study to Evaluate the Efficacy and Safety of Gantenerumab in Participants at Risk for or at the Earliest Stages of Alzheimer's Disease (AD),Phase 3,Biologic,Amyloid,Discontinued,False,Gantenerumab,gantenerumab,sponsor_developed_therapeutic,official pipeline record matched (Gantenerumab) but source_url is blank — verify manually,True,,pipeline_record_match_without_source,medium,True,Therapeutic Drug,confirmed or unsourced official sponsor-pipeline match,rule_classification,medium,False
NCT03131453,A Study of CNP520 Versus Placebo in Participants at Risk for the Onset of Clinical Symptoms of Alzheimer's Disease,Phase 3,Small Molecule,Amyloid,Discontinued,False,CNP520,cnp520,investigational_therapeutic_unverified,sole investigational candidate identified (CNP520); not yet confirmed via official pipeline,False,,no_match,medium,True,Therapeutic Drug,investigational therapeutic candidate; drug/biological intervention type with no disqualifying evidence found,rule_classification,medium,True
NCT05552157,A Study of Potential Disease Modifying Treatments in Individuals at Risk for or With a Type of Early Onset AD Caused by a Genetic Mutation,Phase 3,Small Molecule,Amyloid,Recruiting,False,Remternetug,remternetug,investigational_therapeutic_unverified,sole investigational candidate identified (Remternetug); not yet confirmed via official pipeline,False,,no_match,medium,True,Therapeutic Drug,investigational therapeutic candidate; drug/biological intervention type with no disqualifying evidence found,rule_classification,medium,True
NCT05269394,Dominantly Inherited Alzheimer Network Trial: An Opportunity to Prevent Dementia. A Study of Potential Disease Modifying Treatments in Individuals With a Type of Early Onset Alzheimer's Disease Caused by a Genetic Mutation (DIAN-TU),Phase 3,Biologic,Amyloid,Active,False,E2814; Lecanemab,e2814 lecanemab,investigational_therapeutic_unverified,multiple unverified investigational candidates found (E2814; Lecanemab) — could not resolve to a single drug,False,,multiple_candidates_unresolved,low,True,Needs Review,multiple distinct unverified candidates found in one trial — scope not determined at trial level,rule_classification,low,True
NCT04639050,"Brainshuttle AD: A Multiple Ascending Dose Study to Investigate the Safety, Tolerability, Pharmacokinetics, and Pharmacodynamics of RO7126209 Following Intravenous Infusion in Participants With Prodromal or Mild to Moderate Alzheimer's Disease",Phase 2,Small Molecule,Other,Active,False,RO7126209,ro7126209,investigational_therapeutic_unverified,sole investigational candidate identified (RO7126209); not yet confirmed via official pipeline,False,,no_match,medium,True,Therapeutic Drug,investigational therapeutic candidate; drug/biological intervention type with no disqualifying evidence found,rule_classification,medium,True
NCT04623242,Dominantly Inherited Alzheimer Network Trial: An Opportunity to Prevent Dementia. A Study of Potential Disease Modifying Treatments in Individuals at Risk for or With a Type of Early Onset Alzheimer's Disease Caused by a Genetic Mutation.,Phase 3,Biologic,Amyloid,Completed,False,Gantenerumab; Solanezumab,gantenerumab solanezumab,investigational_therapeutic_unverified,multiple unverified investigational candidates found (Gantenerumab; Solanezumab) — could not resolve to a single drug,False,,multiple_candidates_unresolved,low,True,Needs Review,multiple distinct unverified candidates found in one trial — scope not determined at trial level,rule_classification,low,True
NCT02565511,A Study of CAD106 and CNP520 Versus Placebo in Participants at Risk for the Onset of Clinical Symptoms of Alzheimer's Disease,Phase 3,Biologic,Amyloid,Discontinued,False,CAD106 Immunotherapy; CNP520,cad106 immunotherapy cnp520,investigational_therapeutic_unverified,multiple unverified investigational candidates found (CAD106 Immunotherapy; CNP520) — could not resolve to a single drug,False,,multiple_candidates_unresolved,low,True,Needs Review,multiple distinct unverified candidates found in one trial — scope not determined at trial level,rule_classification,low,True
NCT00456417,Evaluation of [123I] MNI-187 and SPECT in Patients With Alzheimers Disease in Comparison to Healthy Subjects,Phase 1,Small Molecule,Tau,Completed,False,123-I MNI-187 and Imaging Procedures,123 i mni 187 and imaging procedures,investigational_therapeutic_unverified,sole investigational candidate identified (123-I MNI-187 and Imaging Procedures); not yet confirmed via official pipeline,False,,no_match,medium,True,Therapeutic Drug,investigational therapeutic candidate; drug/biological intervention type with no disqualifying evidence found,rule_classification,medium,True
NCT00448799,Evaluation of [123I] AV83 and SPECT in Patients With Alzheimer Disease in Comparison to Healthy Controls,Phase 1,Non-Drug/Behavioral,Other,Completed,False,,,no_therapeutic_candidate,no drug/biological therapeutic candidate found among this trial's interventions,False,,not_applicable,high,False,Exclude,no drug/biological therapeutic candidate found among this trial's interventions,rule_classification,high,False
NCT00439010,Use of [123I] AV39 and SPECT Imaging as a Marker of Protein Disposition in Subjects With Alzheimer Disease Compared to Healthy Subjects,Phase 1,Small Molecule,Other,Completed,False,[123I] AV 39,123i av 39,investigational_therapeutic_unverified,sole investigational candidate identified ([123I] AV 39); not yet confirmed via official pipeline,False,,no_match,medium,True,Therapeutic Drug,investigational therapeutic candidate; drug/biological intervention type with no disqualifying evidence found,rule_classification,medium,True
NCT07066826,Clinical Study to Evaluate the Efficacy and Safety of Huperzine A Controlled-Release Tablets in Patients With Mild-to-Moderate Dementia of the Alzheimer's Type,Phase 3,Small Molecule,Symptomatic,Recruiting,False,Huperzine A,huperzine a,investigational_therapeutic_unverified,sole investigational candidate identified (Huperzine A); not yet confirmed via official pipeline,False,,no_match,medium,True,Therapeutic Drug,investigational therapeutic candidate; drug/biological intervention type with no disqualifying evidence found,rule_classification,medium,True
NCT01760005,Dominantly Inherited Alzheimer Network Trial: An Opportunity to Prevent Dementia. A Study of Potential Disease Modifying Treatments in Individuals at Risk for or With a Type of Early Onset Alzheimer's Disease Caused by a Genetic Mutation. Master Protocol DIAN-TU-001,Phase 3,Biologic,Amyloid,Active,False,Gantenerumab; Solanezumab; E2814; Lecanemab,gantenerumab solanezumab e2814 lecanemab,investigational_therapeutic_unverified,multiple unverified investigational candidates found (Gantenerumab; Solanezumab; E2814; Lecanemab) — could not resolve to a single drug,False,,multiple_candidates_unresolved,low,True,Needs Review,multiple distinct unverified candidates found in one trial — scope not determined at trial level,rule_classification,low,True
NCT04023994,"A Single Ascending Dose Study to Investigate the Safety, Tolerability, Immunogenicity and Pharmacokinetics of Intravenously Administered RO7126209 in Healthy Participants",Phase 1,Small Molecule,Other,Completed,False,RO7126209,ro7126209,investigational_therapeutic_unverified,sole investigational candidate identified (RO7126209); not yet confirmed via official pipeline,False,,no_match,medium,True,Therapeutic Drug,investigational therapeutic candidate; drug/biological intervention type with no disqualifying evidence found,rule_classification,medium,True
NCT07218081,A Trial to Test Intermittent Deep Brain Stimulation of Nucleus Basalis of Meynert to Treat Alzheimers.,Phase 1,Device,Other,Recruiting,False,,,no_therapeutic_candidate,no drug/biological therapeutic candidate found among this trial's interventions,False,,not_applicable,high,False,Exclude,no drug/biological therapeutic candidate found among this trial's interventions,rule_classification,high,False
NCT07143734,Transcranial Pulse Stimulation for Alzheimer's Disease,Phase 2,Device,Other,Recruiting,False,,,no_therapeutic_candidate,no drug/biological therapeutic candidate found among this trial's interventions,False,,not_applicable,high,False,Exclude,no drug/biological therapeutic candidate found among this trial's interventions,rule_classification,high,False
NCT01733355,"A Phase 0, Open Label, Multi-center Exploratory and Safety Study of [F-18]T807",Phase 1,Non-Drug/Behavioral,Other,Discontinued,False,,,no_therapeutic_candidate,no drug/biological therapeutic candidate found among this trial's interventions,False,,not_applicable,high,False,Exclude,no drug/biological therapeutic candidate found among this trial's interventions,rule_classification,high,False
NCT01723488,"A Phase 0, Open Label, Multi-Center, Exploratory and Safety Study of [F-18]T808",Phase 1,Non-Drug/Behavioral,Other,Discontinued,False,,,no_therapeutic_candidate,no drug/biological therapeutic candidate found among this trial's interventions,False,,not_applicable,high,False,Exclude,no drug/biological therapeutic candidate found among this trial's interventions,rule_classification,high,False
NCT07651319,Interleukine-2 (IL-2) Plus Semaglutide in Alzheimer's Disease,Phase 2,Small Molecule,Metabolism,Recruiting,False,Semaglutide Plus IL-2,semaglutide plus il 2,investigational_therapeutic_unverified,sole investigational candidate identified (Semaglutide Plus IL-2); not yet confirmed via official pipeline,False,,no_match,medium,True,Therapeutic Drug,investigational therapeutic candidate; drug/biological intervention type with no disqualifying evidence found,rule_classification,medium,True
NCT02860065,CPC-201 Alzheimer's Disease Type Dementia: PET Study,Phase 2,Small Molecule,Other,Discontinued,False,CPC-201,cpc 201,investigational_therapeutic_unverified,sole investigational candidate identified (CPC-201); not yet confirmed via official pipeline,False,,no_match,medium,True,Therapeutic Drug,investigational therapeutic candidate; drug/biological intervention type with no disqualifying evidence found,rule_classification,medium,True
NCT07693140,Low-Dose Radiotherapy for Alzheimer's Disease,Phase 2,Non-Drug/Behavioral,Other,Recruiting,False,,,no_therapeutic_candidate,no drug/biological therapeutic candidate found among this trial's interventions,False,,not_applicable,high,False,Exclude,no drug/biological therapeutic candidate found among this trial's interventions,rule_classification,high,False
NCT06709014,A Double-blind Dual Study Assessing Safety and Efficacy of Buntanetap in Participants With Early AD,Phase 3,Small Molecule,Neuroprotection,Active,False,buntanetap/posiphen,buntanetap posiphen,investigational_therapeutic_unverified,sole investigational candidate identified (buntanetap/posiphen); not yet confirmed via official pipeline,False,,no_match,medium,True,Therapeutic Drug,investigational therapeutic candidate; drug/biological intervention type with no disqualifying evidence found,rule_classification,medium,True
NCT03748303,Allopregnanolone Regenerative Therapeutic for Early Alzheimer's Disease: Intramuscular Study,Phase 1,Small Molecule,Neuroprotection,Discontinued,False,Allopregnanolone,allopregnanolone,investigational_therapeutic_unverified,sole investigational candidate identified (Allopregnanolone); not yet confirmed via official pipeline,False,,no_match,medium,True,Therapeutic Drug,investigational therapeutic candidate; drug/biological intervention type with no disqualifying evidence found,rule_classification,medium,True
NCT02833792,Allogeneic Human Mesenchymal Stem Cells for Alzheimer's Disease,Phase 2,Cell/Gene Therapy,Other,Unknown,False,Human Mesenchymal Stem Cells and Lactated Riunger's,human mesenchymal stem cells and lactated riunger s,investigational_therapeutic_unverified,sole investigational candidate identified (Human Mesenchymal Stem Cells and Lactated Riunger's); not yet confirmed via official pipeline,False,,no_match,medium,True,Therapeutic Drug,investigational therapeutic candidate; drug/biological intervention type with no disqualifying evidence found,rule_classification,medium,True
NCT02185053,A Phase II Study of CPC-201 to Treat Alzheimer's Disease Type Dementia,Phase 2,Small Molecule,Other,Completed,False,CPC-201,cpc 201,investigational_therapeutic_unverified,sole investigational candidate identified (CPC-201); not yet confirmed via official pipeline,False,,no_match,medium,True,Therapeutic Drug,investigational therapeutic candidate; drug/biological intervention type with no disqualifying evidence found,rule_classification,medium,True
NCT04408755,"Assessment of the Efficacy, Safety, and Tolerability of AVP-786 for the Treatment of Agitation in Patients With Dementia of the Alzheimer's Type",Phase 3,Small Molecule,Neuropsychiatric,Discontinued,False,AVP-786,avp 786,investigational_therapeutic_unverified,sole investigational candidate identified (AVP-786); not yet confirmed via official pipeline,False,,no_match,medium,True,Therapeutic Drug,investigational therapeutic candidate; drug/biological intervention type with no disqualifying evidence found,rule_classification,medium,True
NCT04464564,"Study to Assess the Efficacy, Safety, and Tolerability of AVP-786 for the Treatment of Agitation in Patients With Dementia of the Alzheimer's Type",Phase 3,Small Molecule,Neuropsychiatric,Discontinued,False,AVP-786,avp 786,investigational_therapeutic_unverified,sole investigational candidate identified (AVP-786); not yet confirmed via official pipeline,False,,no_match,medium,True,Therapeutic Drug,investigational therapeutic candidate; drug/biological intervention type with no disqualifying evidence found,rule_classification,medium,True
NCT06996730,"A Study of Donanemab, RG6289, or the Combination of Donanemab and RG6289 in Presenilin 1 (PSEN1) E280A Mutation Carriers for the Treatment of Autosomal-Dominant Alzheimer's Disease",Phase 3,Biologic,Amyloid,Recruiting,False,Donanemab; RG6289,donanemab rg6289,investigational_therapeutic_unverified,multiple unverified investigational candidates found (Donanemab; RG6289) — could not resolve to a single drug,False,,multiple_candidates_unresolved,low,True,Needs Review,multiple distinct unverified candidates found in one trial — scope not determined at trial level,rule_classification,low,True
NCT03393520,"Assessment of the Efficacy, Safety, and Tolerability of AVP-786 (Deudextromethorphan Hydrobromide [d6-DM]/Quinidine Sulfate [Q]) for the Treatment of Agitation in Patients With Dementia of the Alzheimer's Type",Phase 3,Small Molecule,Neuropsychiatric,Completed,False,AVP-786,avp 786,investigational_therapeutic_unverified,sole investigational candidate identified (AVP-786); not yet confirmed via official pipeline,False,,no_match,medium,True,Therapeutic Drug,investigational therapeutic candidate; drug/biological intervention type with no disqualifying evidence found,rule_classification,medium,True
NCT02442765,"Efficacy, Safety and Tolerability of AVP-786 for the Treatment of Agitation in Patients With Dementia of the Alzheimer's Type",Phase 3,Small Molecule,Neuropsychiatric,Completed,False,AVP-786,avp 786,investigational_therapeutic_unverified,sole investigational candidate identified (AVP-786); not yet confirmed via official pipeline,False,,no_match,medium,True,Therapeutic Drug,investigational therapeutic candidate; drug/biological intervention type with no disqualifying evidence found,rule_classification,medium,True
NCT03724942,Brexpiprazole for the Long-term Treatment of Patients With Agitation Associated With Dementia of the Alzheimer's Type,Phase 3,Small Molecule,Neuropsychiatric,Completed,False,Brexpiprazole,brexpiprazole,investigational_therapeutic_unverified,sole investigational candidate identified (Brexpiprazole); not yet confirmed via official pipeline,False,,no_match,medium,True,Therapeutic Drug,investigational therapeutic candidate; drug/biological intervention type with no disqualifying evidence found,rule_classification,medium,True
NCT03620981,Brexpiprazole for the Treatment of Patients With Agitation Associated With Dementia of the Alzheimer's Type,Phase 3,Small Molecule,Neuropsychiatric,Completed,False,Brexpiprazole,brexpiprazole,investigational_therapeutic_unverified,sole investigational candidate identified (Brexpiprazole); not yet confirmed via official pipeline,False,,no_match,medium,True,Therapeutic Drug,investigational therapeutic candidate; drug/biological intervention type with no disqualifying evidence found,rule_classification,medium,True
NCT06651567,A Study to Assess the Efficacy and Safety of ITI-1284 in the Treatment of Agitation Associated With Alzheimer's Dementia,Phase 2,Small Molecule,Neuropsychiatric,Recruiting,False,ITI-1284,iti 1284,investigational_therapeutic_unverified,sole investigational candidate identified (ITI-1284); not yet confirmed via official pipeline,False,,no_match,medium,True,Therapeutic Drug,investigational therapeutic candidate; drug/biological intervention type with no disqualifying evidence found,rule_classification,medium,True
NCT02168920,Aripiprazole for the Treatment of Patients With Agitation Associated With Dementia of the Alzheimer's Type,Phase 3,Small Molecule,Neuropsychiatric,Discontinued,False,,,no_therapeutic_candidate,"no confirmed or investigational therapeutic candidate found, but this trial has unresolved/uncertain interventions worth a manual look",False,,no_match,low,True,Needs Review,no therapeutic candidate; trial has unresolved/uncertain interventions,rule_classification,low,True
NCT02442778,"Efficacy, Safety, and Tolerability of AVP-786 for the Treatment of Agitation in Participants With Dementia of the Alzheimer's Type",Phase 3,Small Molecule,Neuropsychiatric,Completed,False,,,no_therapeutic_candidate,"no confirmed or investigational therapeutic candidate found, but this trial has unresolved/uncertain interventions worth a manual look",False,,no_match,low,True,Needs Review,no therapeutic candidate; trial has unresolved/uncertain interventions,rule_classification,low,True
NCT02446132,"Long Term, Extension Study of the Safety and Efficacy of AVP-786 for the Treatment of Agitation in Patients With Dementia of the Alzheimer's Type",Phase 3,Small Molecule,Neuropsychiatric,Discontinued,False,AVP-786,avp 786,investigational_therapeutic_unverified,sole investigational candidate identified (AVP-786); not yet confirmed via official pipeline,False,,no_match,medium,True,Therapeutic Drug,investigational therapeutic candidate; drug/biological intervention type with no disqualifying evidence found,rule_classification,medium,True
NCT03024944,TAU PET Imaging in Northern Manhattan Study of Metabolism and Mind,Phase 2,Small Molecule,Tau,Discontinued,False,,,no_therapeutic_candidate,no drug/biological therapeutic candidate found among this trial's interventions,False,,not_applicable,high,False,Exclude,no drug/biological therapeutic candidate found among this trial's interventions,rule_classification,high,False
NCT07717411,A Study of Trontinemab in Cognitively Unimpaired Individuals at Risk for Progression to Symptomatic Alzheimer's Disease,Phase 3,Biologic,Amyloid,Recruiting,False,Trontinemab,trontinemab,investigational_therapeutic_unverified,sole investigational candidate identified (Trontinemab); not yet confirmed via official pipeline,False,,no_match,medium,True,Therapeutic Drug,investigational therapeutic candidate; drug/biological intervention type with no disqualifying evidence found,rule_classification,medium,True
NCT07279740,Combined Brain Stimulation and Methylphenidate Treatment for Apathy in Dementia,Phase 2,Device,Neuropsychiatric,Recruiting,False,Methylphenidate (MPH),methylphenidate mph,investigational_therapeutic_unverified,sole investigational candidate identified (Methylphenidate (MPH)); not yet confirmed via official pipeline,False,,no_match,medium,True,Therapeutic Drug,investigational therapeutic candidate; drug/biological intervention type with no disqualifying evidence found,rule_classification,medium,True
NCT07105709,Open-label Extension Study in Participants With Early Alzheimer's Disease,Phase 2,Small Molecule,Other,Recruiting,False,GSK4527226,gsk4527226,investigational_therapeutic_unverified,sole investigational candidate identified (GSK4527226); not yet confirmed via official pipeline,False,,no_match,medium,True,Therapeutic Drug,investigational therapeutic candidate; drug/biological intervention type with no disqualifying evidence found,rule_classification,medium,True
NCT07599670,A Study to Assess the Safety and Effects of ABBV-1758 Following Subcutaneous or Intravenous Injections in Participants With Alzheimer's Disease,Phase 2,Small Molecule,Tau,Recruiting,False,ABBV-1758,abbv 1758,investigational_therapeutic_unverified,sole investigational candidate identified (ABBV-1758); not yet confirmed via official pipeline,False,,no_match,medium,True,Therapeutic Drug,investigational therapeutic candidate; drug/biological intervention type with no disqualifying evidence found,rule_classification,medium,True
NCT07094516,A Clinical Trial to Learn About the Effects of VHB937 in People With Early Alzheimer's Disease,Phase 2,Biologic,Other,Recruiting,False,VHB937,vhb937,investigational_therapeutic_unverified,sole investigational candidate identified (VHB937); not yet confirmed via official pipeline,False,,no_match,medium,True,Therapeutic Drug,investigational therapeutic candidate; drug/biological intervention type with no disqualifying evidence found,rule_classification,medium,True
NCT06602258,A Study of E2814 With Concurrent Lecanemab Treatment in Participants With Early Alzheimer's Disease,Phase 2,Biologic,Amyloid,Active,False,Lecanemab,lecanemab,sponsor_developed_therapeutic,official pipeline record matched (Lecanemab) but source_url is blank — verify manually,True,,pipeline_record_match_without_source,medium,True,Therapeutic Drug,confirmed or unsourced official sponsor-pipeline match,rule_classification,medium,False
NCT05811442,Study of 50561 in Patients With Mild or Moderate Alzheimer's Disease,Phase 2,Small Molecule,Other,Completed,False,,,no_therapeutic_candidate,"no confirmed or investigational therapeutic candidate found, but this trial has unresolved/uncertain interventions worth a manual look",False,,no_match,low,True,Needs Review,no therapeutic candidate; trial has unresolved/uncertain interventions,rule_classification,low,True
NCT05804383,A Multiple Ascending Dose Study in Healthy Volunteers and Patients With Alzheimer's Disease,Phase 1,Small Molecule,Amyloid,Completed,False,BMS-984923,bms 984923,investigational_therapeutic_unverified,sole investigational candidate identified (BMS-984923); not yet confirmed via official pipeline,False,,no_match,medium,True,Therapeutic Drug,investigational therapeutic candidate; drug/biological intervention type with no disqualifying evidence found,rule_classification,medium,True
NCT06199037,Safety and Pharmacodynamics of SHR-1707 in Alzheimer's Disease Patients,Phase 2,Small Molecule,Amyloid,Discontinued,False,SHR-1707,shr 1707,investigational_therapeutic_unverified,sole investigational candidate identified (SHR-1707); not yet confirmed via official pipeline,False,,no_match,medium,True,Therapeutic Drug,investigational therapeutic candidate; drug/biological intervention type with no disqualifying evidence found,rule_classification,medium,True
NCT06079190,Efficacy and Safety of GSK4527226 [AL101] in Participants With Early Alzheimer's Disease,Phase 2,Small Molecule,Other,Active,False,GSK4527226,gsk4527226,investigational_therapeutic_unverified,sole investigational candidate identified (GSK4527226); not yet confirmed via official pipeline,False,,no_match,medium,True,Therapeutic Drug,investigational therapeutic candidate; drug/biological intervention type with no disqualifying evidence found,rule_classification,medium,True
NCT07060391,A Prospective Multicenter RCT Study of Deep Jugular Lymphovenous Anastomosis in the Treatment of Alzheimer's Disease,Phase 3,Small Molecule,Symptomatic,Recruiting,False,Donepezil drug treatment,donepezil drug treatment,investigational_therapeutic_unverified,sole investigational candidate identified (Donepezil drug treatment); not yet confirmed via official pipeline,False,,no_match,medium,True,Therapeutic Drug,investigational therapeutic candidate; drug/biological intervention type with no disqualifying evidence found,rule_classification,medium,True
NCT05602727,Efficacy and Safety of MK-1942 as an Adjunct Therapy in Participants With Mild to Moderate Alzheimer's Disease Dementia (MK-1942-008),Phase 2,Small Molecule,Other,Discontinued,False,MK-1942,mk 1942,investigational_therapeutic_unverified,sole investigational candidate identified (MK-1942); not yet confirmed via official pipeline,False,,no_match,medium,True,Therapeutic Drug,investigational therapeutic candidate; drug/biological intervention type with no disqualifying evidence found,rule_classification,medium,True
NCT05681819,A Study of SHR-1707 With Mild Cognitive Impairment Due to Alzheimer's Disease or Mild Alzheimer's Disease,Phase 1,Small Molecule,Amyloid,Completed,False,SHR-1707,shr 1707,investigational_therapeutic_unverified,sole investigational candidate identified (SHR-1707); not yet confirmed via official pipeline,False,,no_match,medium,True,Therapeutic Drug,investigational therapeutic candidate; drug/biological intervention type with no disqualifying evidence found,rule_classification,medium,True
NCT06976216,A Study to Evaluate the Efficacy and Safety of KarXT + KarX-EC for Cognitive Impairment in Alzheimer's Disease,Phase 3,Small Molecule,Neuropsychiatric,Recruiting,False,KarXT,karxt,investigational_therapeutic_unverified,sole investigational candidate identified (KarXT); not yet confirmed via official pipeline,False,,no_match,medium,True,Therapeutic Drug,investigational therapeutic candidate; drug/biological intervention type with no disqualifying evidence found,rule_classification,medium,True
NCT04308304,MK-1942/Donepezil Interactions in Participants With Alzheimer's Disease (MK-1942-005),Phase 1,Small Molecule,Symptomatic,Completed,False,MK-1942,mk 1942,investigational_therapeutic_unverified,sole investigational candidate identified (MK-1942); not yet confirmed via official pipeline,False,,no_match,medium,True,Therapeutic Drug,investigational therapeutic candidate; drug/biological intervention type with no disqualifying evidence found,rule_classification,medium,True
NCT06653153,A Study of Remternetug (LY3372993) in Early Alzheimer's Disease (TRAILRUNNER-ALZ 3),Phase 3,Small Molecule,Amyloid,Active,False,Remternetug,remternetug,investigational_therapeutic_unverified,sole investigational candidate identified (Remternetug); not yet confirmed via official pipeline,False,,no_match,medium,True,Therapeutic Drug,investigational therapeutic candidate; drug/biological intervention type with no disqualifying evidence found,rule_classification,medium,True
NCT05551741,A First in Human Study of IBC-Ab002 in Persons With Early Alzheimer's Disease (AD),Phase 1,Biologic,Other,Completed,False,IBC-Ab002,ibc ab002,investigational_therapeutic_unverified,sole investigational candidate identified (IBC-Ab002); not yet confirmed via official pipeline,False,,no_match,medium,True,Therapeutic Drug,investigational therapeutic candidate; drug/biological intervention type with no disqualifying evidence found,rule_classification,medium,True
NCT06976203,A Study to Evaluate the Efficacy and Safety of KarXT + KarX-EC for Cognitive Impairment in Alzheimer's Disease (MINDSET 2),Phase 3,Small Molecule,Neuropsychiatric,Recruiting,False,KarXT,karxt,investigational_therapeutic_unverified,sole investigational candidate identified (KarXT); not yet confirmed via official pipeline,False,,no_match,medium,True,Therapeutic Drug,investigational therapeutic candidate; drug/biological intervention type with no disqualifying evidence found,rule_classification,medium,True
NCT07011745,A Phase 3 Study to Evaluate the Safety and Efficacy of KarXT + KarX-EC for the Treatment of Agitation Associated With Alzheimer's Disease,Phase 3,Small Molecule,Neuropsychiatric,Recruiting,False,Xanomeline/Trospium Chloride; Xanomeline Enteric,xanomeline trospium chloride xanomeline enteric,investigational_therapeutic_unverified,multiple unverified investigational candidates found (Xanomeline/Trospium Chloride; Xanomeline Enteric) — could not resolve to a single drug,False,,multiple_candidates_unresolved,low,True,Needs Review,multiple distinct unverified candidates found in one trial — scope not determined at trial level,rule_classification,low,True
NCT06964230,A Phase 2b/3 Clinical Study Evaluating T3D-959 in Mild-to-Moderate Alzheimer's Disease Subjects,Phase 3,Small Molecule,Metabolism,Recruiting,False,T3D-959,t3d 959,investigational_therapeutic_unverified,sole investigational candidate identified (T3D-959); not yet confirmed via official pipeline,False,,no_match,medium,True,Therapeutic Drug,investigational therapeutic candidate; drug/biological intervention type with no disqualifying evidence found,rule_classification,medium,True
NCT07214727,A Study to Evaluate ALN-5288 in Patients With Alzheimer's Disease,Phase 1,Small Molecule,Other,Recruiting,False,ALN-5288,aln 5288,investigational_therapeutic_unverified,sole investigational candidate identified (ALN-5288); not yet confirmed via official pipeline,False,,no_match,medium,True,Therapeutic Drug,investigational therapeutic candidate; drug/biological intervention type with no disqualifying evidence found,rule_classification,medium,True
NCT05476783,A Long Term Extension Study to Assess the Safety of TB006 in Participants With Alzheimer's Disease,Phase 2,Small Molecule,Amyloid,Discontinued,False,TB006,tb006,investigational_therapeutic_unverified,sole investigational candidate identified (TB006); not yet confirmed via official pipeline,False,,no_match,medium,True,Therapeutic Drug,investigational therapeutic candidate; drug/biological intervention type with no disqualifying evidence found,rule_classification,medium,True
NCT04926272,Amyloid-beta PET Imaging With 18F-92 in Alzheimer's Disease,Phase 2,Small Molecule,Amyloid,Unknown,False,18F-92,18f 92,investigational_therapeutic_unverified,sole investigational candidate identified (18F-92); not yet confirmed via official pipeline,False,,no_match,medium,True,Therapeutic Drug,investigational therapeutic candidate; drug/biological intervention type with no disqualifying evidence found,rule_classification,medium,True
NCT06530732,Deep Cervical Lymphatlc-Venous Anastomosis Surgery for the Treatment of Alzheimer's Disease: A Pilot Study (DIVA Study),Phase 3,Biologic,Amyloid,Recruiting,False,Lecanemab,lecanemab,investigational_therapeutic_unverified,sole investigational candidate identified (Lecanemab); not yet confirmed via official pipeline,False,,no_match,medium,True,Therapeutic Drug,investigational therapeutic candidate; drug/biological intervention type with no disqualifying evidence found,rule_classification,medium,True
NCT02292238,Benfotiamine in Alzheimer's Disease: A Pilot Study,Phase 2,Small Molecule,Other,Completed,False,Benfotiamine,benfotiamine,investigational_therapeutic_unverified,sole investigational candidate identified (Benfotiamine); not yet confirmed via official pipeline,False,,no_match,medium,True,Therapeutic Drug,investigational therapeutic candidate; drug/biological intervention type with no disqualifying evidence found,rule_classification,medium,True
NCT06292351,DMB-I in the Treatment of Alzheimer Type Dementia,Phase 2,Small Molecule,Neuroprotection,Completed,False,DMB-I (Dimebon),dmb i dimebon,investigational_therapeutic_unverified,sole investigational candidate identified (DMB-I (Dimebon)); not yet confirmed via official pipeline,False,,no_match,medium,True,Therapeutic Drug,investigational therapeutic candidate; drug/biological intervention type with no disqualifying evidence found,rule_classification,medium,True
NCT05463731,A Study of Remternetug (LY3372993) in Participants With Alzheimer's Disease (TRAILRUNNER-ALZ 1),Phase 3,Small Molecule,Amyloid,Completed,False,Remternetug,remternetug,investigational_therapeutic_unverified,sole investigational candidate identified (Remternetug); not yet confirmed via official pipeline,False,,no_match,medium,True,Therapeutic Drug,investigational therapeutic candidate; drug/biological intervention type with no disqualifying evidence found,rule_classification,medium,True
NCT07234942,"A Study to Investigate the Safety, Tolerability, Pharmacokinetics, and Pharmacodynamics of RO7812653 in Participants With Early Symptomatic Alzheimer's Disease (eAD)",Phase 1,Small Molecule,Other,Recruiting,False,RO7812653,ro7812653,investigational_therapeutic_unverified,sole investigational candidate identified (RO7812653); not yet confirmed via official pipeline,False,,no_match,medium,True,Therapeutic Drug,investigational therapeutic candidate; drug/biological intervention type with no disqualifying evidence found,rule_classification,medium,True
NCT03548584,"A Trial to Evaluate the Safety, Efficacy, and Tolerability of Brexpiprazole in Treating Agitation Associated With Dementia of the Alzheimer's Type",Phase 3,Small Molecule,Neuropsychiatric,Completed,False,Brexpiprazole,brexpiprazole,investigational_therapeutic_unverified,sole investigational candidate identified (Brexpiprazole); not yet confirmed via official pipeline,False,,no_match,medium,True,Therapeutic Drug,investigational therapeutic candidate; drug/biological intervention type with no disqualifying evidence found,rule_classification,medium,True
NCT05074498,"Study to Assess the Safety, Tolerability, Pharmacokinetics, Pharmacodynamics, and Efficacy of TB006 in Participants With Alzheimer's Disease",Phase 2,Small Molecule,Amyloid,Completed,False,TB006,tb006,investigational_therapeutic_unverified,sole investigational candidate identified (TB006); not yet confirmed via official pipeline,False,,no_match,medium,True,Therapeutic Drug,investigational therapeutic candidate; drug/biological intervention type with no disqualifying evidence found,rule_classification,medium,True
NCT01703117,Riluzole in Mild Alzheimer's Disease,Phase 2,Small Molecule,Other,Completed,False,Riluzole,riluzole,investigational_therapeutic_unverified,sole investigational candidate identified (Riluzole); not yet confirmed via official pipeline,False,,no_match,medium,True,Therapeutic Drug,investigational therapeutic candidate; drug/biological intervention type with no disqualifying evidence found,rule_classification,medium,True
NCT04174287,Modeling the Relationships Between Functional Connectivity and Amyloid Deposition in Alzheimer's Disease,Phase 2,Small Molecule,Amyloid,Unknown,False,,,no_therapeutic_candidate,no drug/biological therapeutic candidate found among this trial's interventions,False,,not_applicable,high,False,Exclude,no drug/biological therapeutic candidate found among this trial's interventions,rule_classification,high,False
NCT03352557,Phase 2 Study of BIIB092 in Participants With Early Alzheimer's Disease,Phase 2,Small Molecule,Tau,Discontinued,False,BIIB092,biib092,investigational_therapeutic_unverified,sole investigational candidate identified (BIIB092); not yet confirmed via official pipeline,False,,no_match,medium,True,Therapeutic Drug,investigational therapeutic candidate; drug/biological intervention type with no disqualifying evidence found,rule_classification,medium,True
NCT06285240,Efficacy and Safety of MK-1167 in Participants With Alzheimer's Disease Dementia Taking Stable Donepezil Treatment (MK-1167-007),Phase 1,Small Molecule,Symptomatic,Completed,False,MK-1167,mk 1167,investigational_therapeutic_unverified,sole investigational candidate identified (MK-1167); not yet confirmed via official pipeline,False,,no_match,medium,True,Therapeutic Drug,investigational therapeutic candidate; drug/biological intervention type with no disqualifying evidence found,rule_classification,medium,True
NCT04271163,Transcranial Electromagnetic Treatment (TEMT) Against Alzheimer's Disease,Phase 2,Device,Other,Unknown,False,,,no_therapeutic_candidate,no drug/biological therapeutic candidate found among this trial's interventions,False,,not_applicable,high,False,Exclude,no drug/biological therapeutic candidate found among this trial's interventions,rule_classification,high,False
NCT05744401,"A Long-term Extension Study to Evaluate Safety, Tolerability, and Efficacy of AL002 in Alzheimer's Disease",Phase 2,Small Molecule,Inflammation,Discontinued,False,AL002,al002,investigational_therapeutic_unverified,sole investigational candidate identified (AL002); not yet confirmed via official pipeline,False,,no_match,medium,True,Therapeutic Drug,investigational therapeutic candidate; drug/biological intervention type with no disqualifying evidence found,rule_classification,medium,True
NCT03856359,Trial of Rifaximin in Probable Alzheimer's Disease,Phase 2,Small Molecule,Other,Completed,False,Rifaximin 550 milligrams (MG),rifaximin 550 milligrams mg,investigational_therapeutic_unverified,sole investigational candidate identified (Rifaximin 550 milligrams (MG)); not yet confirmed via official pipeline,False,,no_match,medium,True,Therapeutic Drug,investigational therapeutic candidate; drug/biological intervention type with no disqualifying evidence found,rule_classification,medium,True
NCT01504854,Resveratrol for Alzheimer's Disease,Phase 2,Small Molecule,Other,Completed,False,Resveratrol,resveratrol,investigational_therapeutic_unverified,sole investigational candidate identified (Resveratrol); not yet confirmed via official pipeline,False,,no_match,medium,True,Therapeutic Drug,investigational therapeutic candidate; drug/biological intervention type with no disqualifying evidence found,rule_classification,medium,True
NCT04867616,"A Study to Test the Efficacy, Safety, and Tolerability of Bepranemab (UCB0107) in Patients With Mild Cognitive Impairment or Mild Alzheimer's Disease (AD)",Phase 2,Biologic,Tau,Completed,False,Bepranemab,bepranemab,investigational_therapeutic_unverified,sole investigational candidate identified (Bepranemab); not yet confirmed via official pipeline,False,,no_match,medium,True,Therapeutic Drug,investigational therapeutic candidate; drug/biological intervention type with no disqualifying evidence found,rule_classification,medium,True
NCT05267535,Piromelatine 20 mg in Participants With Mild Dementia Due to Alzheimer's Disease,Phase 3,Small Molecule,Other,Active,False,Piromelatine,piromelatine,investigational_therapeutic_unverified,sole investigational candidate identified (Piromelatine); not yet confirmed via official pipeline,False,,no_match,medium,True,Therapeutic Drug,investigational therapeutic candidate; drug/biological intervention type with no disqualifying evidence found,rule_classification,medium,True
NCT03712787,An Extension Study of ABBV-8E12 in Early Alzheimer's Disease (AD),Phase 2,Biologic,Tau,Discontinued,False,Tilavonemab,tilavonemab,investigational_therapeutic_unverified,sole investigational candidate identified (Tilavonemab); not yet confirmed via official pipeline,False,,no_match,medium,True,Therapeutic Drug,investigational therapeutic candidate; drug/biological intervention type with no disqualifying evidence found,rule_classification,medium,True
NCT06833281,Extension Study of Participants From SPG302-ALZ-101,Phase 2,Small Molecule,Tau,Discontinued,False,SPG302,spg302,investigational_therapeutic_unverified,sole investigational candidate identified (SPG302); not yet confirmed via official pipeline,False,,no_match,medium,True,Therapeutic Drug,investigational therapeutic candidate; drug/biological intervention type with no disqualifying evidence found,rule_classification,medium,True
NCT05352763,Open-Label Extension of the PTI-125-04 Study in Mild-to-Moderate Alzheimer's Disease,Phase 2,Small Molecule,Amyloid,Discontinued,False,Simufilam,simufilam,sponsor_developed_therapeutic,official pipeline record matched (Simufilam) but source_url is blank — verify manually,True,,pipeline_record_match_without_source,medium,True,Therapeutic Drug,confirmed or unsourced official sponsor-pipeline match,rule_classification,medium,False
NCT05332678,SLS-005 (Trehalose Injection) in the Treatment of Alzheimer's Disease,Phase 2,Small Molecule,Other,Discontinued,False,,,no_therapeutic_candidate,"no confirmed or investigational therapeutic candidate found, but this trial has unresolved/uncertain interventions worth a manual look",False,,no_match,low,True,Needs Review,no therapeutic candidate; trial has unresolved/uncertain interventions,rule_classification,low,True
NCT02916056,2-Year Extension Study of Azeliragon in Subjects With Alzheimer's Disease (STEADFAST Extension),Phase 3,Small Molecule,Amyloid,Discontinued,False,Azeliragon,azeliragon,investigational_therapeutic_unverified,sole investigational candidate identified (Azeliragon); not yet confirmed via official pipeline,False,,no_match,medium,True,Therapeutic Drug,investigational therapeutic candidate; drug/biological intervention type with no disqualifying evidence found,rule_classification,medium,True
NCT03289143,A Study to Evaluate the Efficacy and Safety of Semorinemab in Patients With Prodromal to Mild Alzheimer's Disease,Phase 2,Biologic,Tau,Discontinued,False,Semorinemab,semorinemab,investigational_therapeutic_unverified,sole investigational candidate identified (Semorinemab); not yet confirmed via official pipeline,False,,no_match,medium,True,Therapeutic Drug,investigational therapeutic candidate; drug/biological intervention type with no disqualifying evidence found,rule_classification,medium,True
NCT02615002,Safety and Efficacy of Piromelatine in Mild Alzheimer's Disease Patients (ReCOGNITION),Phase 2,Small Molecule,Other,Completed,False,Piromelatine,piromelatine,investigational_therapeutic_unverified,sole investigational candidate identified (Piromelatine); not yet confirmed via official pipeline,False,,no_match,medium,True,Therapeutic Drug,investigational therapeutic candidate; drug/biological intervention type with no disqualifying evidence found,rule_classification,medium,True
NCT03955380,MAD Phase I Study to Investigate Contraloid Acetate,Phase 1,Small Molecule,Other,Completed,False,Contraloid,contraloid,investigational_therapeutic_unverified,sole investigational candidate identified (Contraloid); not yet confirmed via official pipeline,False,,no_match,medium,True,Therapeutic Drug,investigational therapeutic candidate; drug/biological intervention type with no disqualifying evidence found,rule_classification,medium,True
NCT03944460,SAD Phase I Study (First-in-human) to Investigate Contraloid Acetate,Phase 1,Small Molecule,Other,Completed,False,Contraloid,contraloid,investigational_therapeutic_unverified,sole investigational candidate identified (Contraloid); not yet confirmed via official pipeline,False,,no_match,medium,True,Therapeutic Drug,investigational therapeutic candidate; drug/biological intervention type with no disqualifying evidence found,rule_classification,medium,True
NCT03790982,Evaluate the Safety and Efficacy of AD-35 Tablet in Subjects With Mild to Moderate Alzheimer's Disease,Phase 2,Small Molecule,Other,Unknown,False,AD-35,ad 35,investigational_therapeutic_unverified,sole investigational candidate identified (AD-35); not yet confirmed via official pipeline,False,,no_match,medium,True,Therapeutic Drug,investigational therapeutic candidate; drug/biological intervention type with no disqualifying evidence found,rule_classification,medium,True
NCT05310071,A Study to Verify the Clinical Benefit of Aducanumab in Participants With Early Alzheimer's Disease,Phase 3,Biologic,Amyloid,Discontinued,False,Aducanumab,aducanumab,sponsor_developed_therapeutic,official pipeline record matched (Aducanumab) but source_url is blank — verify manually,True,,pipeline_record_match_without_source,medium,True,Therapeutic Drug,confirmed or unsourced official sponsor-pipeline match,rule_classification,medium,False
NCT02772185,Neurostimulation and Cognitive Intervention in Alzheimer's Disease,Phase 3,Device,Other,Unknown,False,,,no_therapeutic_candidate,no drug/biological therapeutic candidate found among this trial's interventions,False,,not_applicable,high,False,Exclude,no drug/biological therapeutic candidate found among this trial's interventions,rule_classification,high,False
NCT01782742,Bexarotene Amyloid Treatment for Alzheimer's Disease,Phase 2,Small Molecule,Neuroprotection,Completed,False,Bexarotene,bexarotene,investigational_therapeutic_unverified,sole investigational candidate identified (Bexarotene); not yet confirmed via official pipeline,False,,no_match,medium,True,Therapeutic Drug,investigational therapeutic candidate; drug/biological intervention type with no disqualifying evidence found,rule_classification,medium,True
NCT06402838,A Study to Evaluate the Safety and Biomarker Effects of RO7269162 in Participants at Risk for or at the Prodromal Stage of Alzheimer's Disease (AD),Phase 2,Small Molecule,Other,Active,False,RO7269162,ro7269162,investigational_therapeutic_unverified,sole investigational candidate identified (RO7269162); not yet confirmed via official pipeline,False,,no_match,medium,True,Therapeutic Drug,investigational therapeutic candidate; drug/biological intervention type with no disqualifying evidence found,rule_classification,medium,True
NCT07721467,Neuroplasticity Enhancement From Cognitive Training Reinforced by Psilocybin,Phase 2,Small Molecule,Other,Recruiting,False,Psilocybin,psilocybin,investigational_therapeutic_unverified,sole investigational candidate identified (Psilocybin); not yet confirmed via official pipeline,False,,no_match,medium,True,Therapeutic Drug,investigational therapeutic candidate; drug/biological intervention type with no disqualifying evidence found,rule_classification,medium,True
NCT05578443,"Efficacy, Safety and Response Predictors of Astragalus Membranaceus on the Improvement of Cognitive Function in Mild-to-Moderate Alzheimer's Disease",Phase 2,Small Molecule,Other,Unknown,False,,,no_therapeutic_candidate,"no confirmed or investigational therapeutic candidate found, but this trial has unresolved/uncertain interventions worth a manual look",False,,no_match,low,True,Needs Review,no therapeutic candidate; trial has unresolved/uncertain interventions,rule_classification,low,True
NCT02586909,12-Month Open-Label Extension Study of Intepirdine (RVT-101) in Subjects With Alzheimer's Disease: MINDSET Extension,Phase 3,Small Molecule,Other,Discontinued,False,RVT-101,rvt 101,investigational_therapeutic_unverified,sole investigational candidate identified (RVT-101); not yet confirmed via official pipeline,False,,no_match,medium,True,Therapeutic Drug,investigational therapeutic candidate; drug/biological intervention type with no disqualifying evidence found,rule_classification,medium,True
NCT02972658,A Study of Lanabecestat (LY3314814) in Early Alzheimer's Disease Dementia,Phase 3,Small Molecule,Amyloid,Discontinued,False,Lanabecestat,lanabecestat,investigational_therapeutic_unverified,sole investigational candidate identified (Lanabecestat); not yet confirmed via official pipeline,False,,no_match,medium,True,Therapeutic Drug,investigational therapeutic candidate; drug/biological intervention type with no disqualifying evidence found,rule_classification,medium,True
NCT02085265,Telmisartan vs. Perindopril in Mild-Moderate Alzheimer's Disease Patients,Phase 2,Small Molecule,Other,Discontinued,False,,,no_therapeutic_candidate,"no confirmed or investigational therapeutic candidate found, but this trial has unresolved/uncertain interventions worth a manual look",False,,no_match,low,True,Needs Review,no therapeutic candidate; trial has unresolved/uncertain interventions,rule_classification,low,True
NCT05607615,A 6-Month Study to Evaluate the Safety & Potential Efficacy of Trappsol Cyclo in Patients With Early Alzheimer's Disease,Phase 2,Small Molecule,Other,Unknown,False,Hydroxypropyl Beta Cyclodextrin,hydroxypropyl beta cyclodextrin,investigational_therapeutic_unverified,sole investigational candidate identified (Hydroxypropyl Beta Cyclodextrin); not yet confirmed via official pipeline,False,,no_match,medium,True,Therapeutic Drug,investigational therapeutic candidate; drug/biological intervention type with no disqualifying evidence found,rule_classification,medium,True
NCT01058941,Lipoic Acid and Omega-3 Fatty Acids for Alzheimer's Disease,Phase 2,Small Molecule,Other,Completed,False,Lipoic acid and fish oil concentrate,lipoic acid and fish oil concentrate,investigational_therapeutic_unverified,sole investigational candidate identified (Lipoic acid and fish oil concentrate); not yet confirmed via official pipeline,False,,no_match,medium,True,Therapeutic Drug,investigational therapeutic candidate; drug/biological intervention type with no disqualifying evidence found,rule_classification,medium,True
NCT02947893,"Impact of Nilotinib on Safety, Biomarkers and Clinical Outcomes in Mild to Moderate Alzheimer's Disease",Phase 2,Small Molecule,Neuroprotection,Completed,False,Nilotinib (s) Once a Day by Mouth,nilotinib s once a day by mouth,investigational_therapeutic_unverified,sole investigational candidate identified (Nilotinib (s) Once a Day by Mouth); not yet confirmed via official pipeline,False,,no_match,medium,True,Therapeutic Drug,investigational therapeutic candidate; drug/biological intervention type with no disqualifying evidence found,rule_classification,medium,True
NCT03491150,An Open-Label Crenezumab Study in Participants With Alzheimer's Disease,Phase 3,Biologic,Amyloid,Discontinued,False,Crenezumab,crenezumab,investigational_therapeutic_unverified,sole investigational candidate identified (Crenezumab); not yet confirmed via official pipeline,False,,no_match,medium,True,Therapeutic Drug,investigational therapeutic candidate; drug/biological intervention type with no disqualifying evidence found,rule_classification,medium,True
NCT02791191,A Study of LY3202626 on Disease Progression in Participants With Mild Alzheimer's Disease Dementia,Phase 2,Small Molecule,Other,Discontinued,False,LY3202626,ly3202626,investigational_therapeutic_unverified,sole investigational candidate identified (LY3202626); not yet confirmed via official pipeline,False,,no_match,medium,True,Therapeutic Drug,investigational therapeutic candidate; drug/biological intervention type with no disqualifying evidence found,rule_classification,medium,True
NCT02377713,A Single Dose Study of KHK6640 in Japanese Patients With Alzheimer's Disease.,Phase 1,Small Molecule,Amyloid,Completed,False,KHK6640,khk6640,investigational_therapeutic_unverified,sole investigational candidate identified (KHK6640); not yet confirmed via official pipeline,False,,no_match,medium,True,Therapeutic Drug,investigational therapeutic candidate; drug/biological intervention type with no disqualifying evidence found,rule_classification,medium,True
NCT04305210,Alzheimer's Disease: Clinical Investigation and Neuroimage Studies Including 18F-PM-PBB3 and 18F-florbetapir (AV-45) PET Examination,Phase 2,Small Molecule,Amyloid,Unknown,False,F-18 PMPBB3,f 18 pmpbb3,investigational_therapeutic_unverified,sole investigational candidate identified (F-18 PMPBB3); not yet confirmed via official pipeline,False,,no_match,medium,True,Therapeutic Drug,investigational therapeutic candidate; drug/biological intervention type with no disqualifying evidence found,rule_classification,medium,True
NCT02792257,Trial of Dronabinol Adjunctive Treatment of Agitation in Alzheimer's Disease,Phase 2,Small Molecule,Neuropsychiatric,Completed,False,Dronabinol (Marinol®),dronabinol marinol,investigational_therapeutic_unverified,sole investigational candidate identified (Dronabinol (Marinol®)); not yet confirmed via official pipeline,False,,no_match,medium,True,Therapeutic Drug,investigational therapeutic candidate; drug/biological intervention type with no disqualifying evidence found,rule_classification,medium,True
NCT06384573,DIAN-TU Amyloid Removal Trial (ART) in Dominantly Inherited Alzheimer's Disease,Phase 3,Biologic,Amyloid,Active,False,lecanemab,lecanemab,investigational_therapeutic_unverified,sole investigational candidate identified (lecanemab); not yet confirmed via official pipeline,False,,no_match,medium,True,Therapeutic Drug,investigational therapeutic candidate; drug/biological intervention type with no disqualifying evidence found,rule_classification,medium,True
NCT02899091,Evaluation of the Safety and Potential Therapeutic Effects of CB-AC-02 in Patients With Alzheimer's Disease,Phase 2,Biologic,Other,Unknown,False,CB-AC-02,cb ac 02,investigational_therapeutic_unverified,sole investigational candidate identified (CB-AC-02); not yet confirmed via official pipeline,False,,no_match,medium,True,Therapeutic Drug,investigational therapeutic candidate; drug/biological intervention type with no disqualifying evidence found,rule_classification,medium,True
NCT01560585,Open Label Study of Isotretinoin in Mild to Moderate Alzheimer's Disease,Phase 2,Small Molecule,Other,Discontinued,False,Isotretinoin,isotretinoin,investigational_therapeutic_unverified,sole investigational candidate identified (Isotretinoin); not yet confirmed via official pipeline,False,,no_match,medium,True,Therapeutic Drug,investigational therapeutic candidate; drug/biological intervention type with no disqualifying evidence found,rule_classification,medium,True
NCT02956486,A 24-Month Study to Evaluate the Efficacy and Safety of Elenbecestat (E2609) in Participants With Early Alzheimer's Disease,Phase 3,Small Molecule,Amyloid,Discontinued,False,Elenbecestat,elenbecestat,investigational_therapeutic_unverified,sole investigational candidate identified (Elenbecestat); not yet confirmed via official pipeline,False,,no_match,medium,True,Therapeutic Drug,investigational therapeutic candidate; drug/biological intervention type with no disqualifying evidence found,rule_classification,medium,True
NCT01689233,Safety and Efficacy Study Evaluating TRx0237 in Subjects With Mild Alzheimer's Disease,Phase 3,Small Molecule,Other,Completed,False,TRx0237,trx0237,investigational_therapeutic_unverified,sole investigational candidate identified (TRx0237); not yet confirmed via official pipeline,False,,no_match,medium,True,Therapeutic Drug,investigational therapeutic candidate; drug/biological intervention type with no disqualifying evidence found,rule_classification,medium,True
NCT02079909,Efficacy and Safety of T-817MA in Patients With Mild to Moderate Alzheimer's Disease (US202),Phase 2,Small Molecule,Neuroprotection,Completed,False,T-817MA-H; T-817MA-L,t 817ma h t 817ma l,investigational_therapeutic_unverified,multiple unverified investigational candidates found (T-817MA-H; T-817MA-L) — could not resolve to a single drug,False,,multiple_candidates_unresolved,low,True,Needs Review,multiple distinct unverified candidates found in one trial — scope not determined at trial level,rule_classification,low,True
NCT05423522,Clinical Safety and Efficacy Evaluation of NanoLithium® NP03 in Patients With Mild-to-severe Alzheimer's Disease,Phase 2,Small Molecule,Other,Completed,False,NanoLithium® NP03,nanolithium np03,investigational_therapeutic_unverified,sole investigational candidate identified (NanoLithium® NP03); not yet confirmed via official pipeline,False,,no_match,medium,True,Therapeutic Drug,investigational therapeutic candidate; drug/biological intervention type with no disqualifying evidence found,rule_classification,medium,True
NCT02925650,"Safety, Tolerability, PK and PD of Posiphen® in Subjects With Early Alzheimer's Disease",Phase 2,Small Molecule,Neuroprotection,Completed,False,Posiphen,posiphen,investigational_therapeutic_unverified,sole investigational candidate identified (Posiphen); not yet confirmed via official pipeline,False,,no_match,medium,True,Therapeutic Drug,investigational therapeutic candidate; drug/biological intervention type with no disqualifying evidence found,rule_classification,medium,True
NCT02260674,A Safety and Tolerability Study of JNJ-54861911 in Participants With Early Alzheimer's Disease,Phase 2,Small Molecule,Amyloid,Completed,False,"JNJ-54861911, 10 milligram (mg); JNJ-54861911",jnj 54861911 10 milligram mg jnj 54861911,investigational_therapeutic_unverified,"multiple unverified investigational candidates found (JNJ-54861911, 10 milligram (mg); JNJ-54861911) — could not resolve to a single drug",False,,multiple_candidates_unresolved,low,True,Needs Review,multiple distinct unverified candidates found in one trial — scope not determined at trial level,rule_classification,low,True
NCT03656042,To Evaluate the Efficacy and Safety/Tolerability Profiles of G-CSF in Subjects With Mild to Moderate Alzheimer's Disease,Phase 2,Small Molecule,Other,Completed,False,Filgrastim,filgrastim,investigational_therapeutic_unverified,sole investigational candidate identified (Filgrastim); not yet confirmed via official pipeline,False,,no_match,medium,True,Therapeutic Drug,investigational therapeutic candidate; drug/biological intervention type with no disqualifying evidence found,rule_classification,medium,True
NCT02327182,Safety Study of MT-4666 in Subjects With Alzheimer's Disease,Phase 3,Small Molecule,Other,Discontinued,False,MT-4666,mt 4666,investigational_therapeutic_unverified,sole investigational candidate identified (MT-4666); not yet confirmed via official pipeline,False,,no_match,medium,True,Therapeutic Drug,investigational therapeutic candidate; drug/biological intervention type with no disqualifying evidence found,rule_classification,medium,True
NCT02142777,S-Equol in Alzheimer's Disease (SEAD) Trial,Phase 1,Small Molecule,Other,Completed,False,S -Equol,s equol,investigational_therapeutic_unverified,sole investigational candidate identified (S -Equol); not yet confirmed via official pipeline,False,,no_match,medium,True,Therapeutic Drug,investigational therapeutic candidate; drug/biological intervention type with no disqualifying evidence found,rule_classification,medium,True
NCT05227118,Elpipodect (MK-8189) Safety and Tolerability in Participants With Alzheimer's Disease With or Without Symptoms of Agitation-Aggression and/or Psychosis (MK-8189-017),Phase 1,Small Molecule,Neuropsychiatric,Completed,False,Elpipodect,elpipodect,investigational_therapeutic_unverified,sole investigational candidate identified (Elpipodect); not yet confirmed via official pipeline,False,,no_match,medium,True,Therapeutic Drug,investigational therapeutic candidate; drug/biological intervention type with no disqualifying evidence found,rule_classification,medium,True
NCT01883648,Study to Evaluate Coconut Oil for Alzheimer's Disease,Phase 3,Small Molecule,Other,Discontinued,False,Coconut Oil Beverage,coconut oil beverage,investigational_therapeutic_unverified,sole investigational candidate identified (Coconut Oil Beverage); not yet confirmed via official pipeline,False,,no_match,medium,True,Therapeutic Drug,investigational therapeutic candidate; drug/biological intervention type with no disqualifying evidence found,rule_classification,medium,True
NCT01689246,Safety and Efficacy Study Evaluating TRx0237 in Subjects With Mild to Moderate Alzheimer's Disease,Phase 3,Small Molecule,Other,Completed,False,TRx0237,trx0237,investigational_therapeutic_unverified,sole investigational candidate identified (TRx0237); not yet confirmed via official pipeline,False,,no_match,medium,True,Therapeutic Drug,investigational therapeutic candidate; drug/biological intervention type with no disqualifying evidence found,rule_classification,medium,True
NCT03828747,A Study of Semorinemab in Patients With Moderate Alzheimer's Disease,Phase 2,Biologic,Tau,Completed,False,Semorinemab,semorinemab,investigational_therapeutic_unverified,sole investigational candidate identified (Semorinemab); not yet confirmed via official pipeline,False,,no_match,medium,True,Therapeutic Drug,investigational therapeutic candidate; drug/biological intervention type with no disqualifying evidence found,rule_classification,medium,True
NCT01715350,Study to Explore the Optimal Dosage/Administration in Alzheimer's Disease,Phase 2,Small Molecule,Other,Completed,False,PM012,pm012,investigational_therapeutic_unverified,sole investigational candidate identified (PM012); not yet confirmed via official pipeline,False,,no_match,medium,True,Therapeutic Drug,investigational therapeutic candidate; drug/biological intervention type with no disqualifying evidence found,rule_classification,medium,True
NCT02017340,A Phase III Trial of Nilvadipine to Treat Alzheimer's Disease,Phase 3,Small Molecule,Other,Completed,False,Nilvadipine,nilvadipine,investigational_therapeutic_unverified,sole investigational candidate identified (Nilvadipine); not yet confirmed via official pipeline,False,,no_match,medium,True,Therapeutic Drug,investigational therapeutic candidate; drug/biological intervention type with no disqualifying evidence found,rule_classification,medium,True
NCT00857649,Efficacy and Safety of Memantine in Moderate to Severe Alzheimer's Disease,Phase 3,Small Molecule,Symptomatic,Discontinued,False,Memantine,memantine,investigational_therapeutic_unverified,sole investigational candidate identified (Memantine); not yet confirmed via official pipeline,False,,no_match,medium,True,Therapeutic Drug,investigational therapeutic candidate; drug/biological intervention type with no disqualifying evidence found,rule_classification,medium,True
NCT02547818,Safety and Efficacy Study of ALZT-OP1 in Subjects With Evidence of Early Alzheimer's Disease,Phase 3,Small Molecule,Other,Completed,False,,,no_therapeutic_candidate,"no confirmed or investigational therapeutic candidate found, but this trial has unresolved/uncertain interventions worth a manual look",False,,no_match,low,True,Needs Review,no therapeutic candidate; trial has unresolved/uncertain interventions,rule_classification,low,True
NCT00857233,Safety and Tolerability of Memantine in Moderate to Severe Alzheimer's Disease,Phase 3,Small Molecule,Symptomatic,Discontinued,False,Memantine,memantine,investigational_therapeutic_unverified,sole investigational candidate identified (Memantine); not yet confirmed via official pipeline,False,,no_match,medium,True,Therapeutic Drug,investigational therapeutic candidate; drug/biological intervention type with no disqualifying evidence found,rule_classification,medium,True
NCT02912169,Study to Assess the Safety and Effects of Autologous Adipose-Derived Stromal Cells in Patients With Alzheimer's Disease,Phase 2,Biologic,Other,Discontinued,False,Infusion of AD-SVF via IV and Intranasal,infusion of ad svf via iv and intranasal,investigational_therapeutic_unverified,sole investigational candidate identified (Infusion of AD-SVF via IV and Intranasal); not yet confirmed via official pipeline,False,,no_match,medium,True,Therapeutic Drug,investigational therapeutic candidate; drug/biological intervention type with no disqualifying evidence found,rule_classification,medium,True
NCT00357357,European Study of HF0220 in Mild to Moderate Alzheimer's Disease Patients,Phase 2,Small Molecule,Other,Completed,False,HF0220,hf0220,investigational_therapeutic_unverified,sole investigational candidate identified (HF0220); not yet confirmed via official pipeline,False,,no_match,medium,True,Therapeutic Drug,investigational therapeutic candidate; drug/biological intervention type with no disqualifying evidence found,rule_classification,medium,True
NCT02279511,ATP in Alzheimer Disease,Phase 2,Small Molecule,Other,Completed,False,ADENOSINE TRIPHOSPHATE,adenosine triphosphate,investigational_therapeutic_unverified,sole investigational candidate identified (ADENOSINE TRIPHOSPHATE); not yet confirmed via official pipeline,False,,no_match,medium,True,Therapeutic Drug,investigational therapeutic candidate; drug/biological intervention type with no disqualifying evidence found,rule_classification,medium,True
NCT01428453,A Phase 2a Study to Evaluate the Effect of Rilapladib (SB-659032) in Alzheimer's Disease,Phase 2,Small Molecule,Other,Completed,False,250mg rilapladib,250mg rilapladib,investigational_therapeutic_unverified,sole investigational candidate identified (250mg rilapladib); not yet confirmed via official pipeline,False,,no_match,medium,True,Therapeutic Drug,investigational therapeutic candidate; drug/biological intervention type with no disqualifying evidence found,rule_classification,medium,True
NCT03307993,Positron Emission Tomography (PET) Study in Patients With Alzheimer's Disease,Phase 1,Small Molecule,Other,Discontinued,False,Idalopirdine,idalopirdine,investigational_therapeutic_unverified,sole investigational candidate identified (Idalopirdine); not yet confirmed via official pipeline,False,,no_match,medium,True,Therapeutic Drug,investigational therapeutic candidate; drug/biological intervention type with no disqualifying evidence found,rule_classification,medium,True
NCT02884492,Imaging Tau in Alzheimer's Disease and Normal Aging,Phase 2,Small Molecule,Tau,Discontinued,False,,,no_therapeutic_candidate,no drug/biological therapeutic candidate found among this trial's interventions,False,,not_applicable,high,False,Exclude,no drug/biological therapeutic candidate found among this trial's interventions,rule_classification,high,False
NCT02831283,Imaging Inflammation in Alzheimer's Disease,Phase 2,Small Molecule,Amyloid,Completed,False,11C-PBR28,11c pbr28,investigational_therapeutic_unverified,sole investigational candidate identified (11C-PBR28); not yet confirmed via official pipeline,False,,no_match,medium,True,Therapeutic Drug,investigational therapeutic candidate; drug/biological intervention type with no disqualifying evidence found,rule_classification,medium,True
NCT01561430,Study of LY2886721 in Mild Cognitive Impairment Due to Alzheimer's Disease or Mild Alzheimer's Disease,Phase 2,Small Molecule,Amyloid,Discontinued,False,LY2886721,ly2886721,investigational_therapeutic_unverified,sole investigational candidate identified (LY2886721); not yet confirmed via official pipeline,False,,no_match,medium,True,Therapeutic Drug,investigational therapeutic candidate; drug/biological intervention type with no disqualifying evidence found,rule_classification,medium,True
NCT02094729,"A Randomized, Double-blind, Placebo-controlled Study to Assess Safety, Tolerability, Pharmacokinetics, Immunogenicity, and Pharmacodynamic Response of Repeated Intravenous Infusions of BAN2401 in Subjects With Mild Cognitive Impairment Due to Alzheimer's Disease and Mild Alzheimer's Disease",Phase 1,Small Molecule,Other,Completed,False,Lecanemab,lecanemab,sponsor_developed_therapeutic,official pipeline record matched (Lecanemab) but source_url is blank — verify manually,True,,pipeline_record_match_without_source,medium,True,Therapeutic Drug,confirmed or unsourced official sponsor-pipeline match,rule_classification,medium,False
NCT02880956,A Study to Evaluate the Efficacy and Safety of ABBV-8E12 in Participants With Early Alzheimer's Disease,Phase 2,Small Molecule,Tau,Completed,False,ABBV-8E12,abbv 8e12,investigational_therapeutic_unverified,sole investigational candidate identified (ABBV-8E12); not yet confirmed via official pipeline,False,,no_match,medium,True,Therapeutic Drug,investigational therapeutic candidate; drug/biological intervention type with no disqualifying evidence found,rule_classification,medium,True
NCT01075763,A Pilot Trial of Interferon Beta-1a in Alzheimer's Disease,Phase 2,Small Molecule,Other,Completed,False,Interferon beta-1a,interferon beta 1a,investigational_therapeutic_unverified,sole investigational candidate identified (Interferon beta-1a); not yet confirmed via official pipeline,False,,no_match,medium,True,Therapeutic Drug,investigational therapeutic candidate; drug/biological intervention type with no disqualifying evidence found,rule_classification,medium,True
NCT01424436,Modulation of Abeta Levels by GSK933776 in Alzheimer's Disease Patient,Phase 1,Biologic,Amyloid,Completed,False,GSK933776,gsk933776,investigational_therapeutic_unverified,sole investigational candidate identified (GSK933776); not yet confirmed via official pipeline,False,,no_match,medium,True,Therapeutic Drug,investigational therapeutic candidate; drug/biological intervention type with no disqualifying evidence found,rule_classification,medium,True
NCT02033941,Phase 2 Study to Examine Grape Seed Extract as an Anti-Oligomerization Agent in Alzheimer's Disease (AD),Phase 2,Small Molecule,Amyloid,Discontinued,False,Meganatural-Az Grapeseed Extract,meganatural az grapeseed extract,investigational_therapeutic_unverified,sole investigational candidate identified (Meganatural-Az Grapeseed Extract); not yet confirmed via official pipeline,False,,no_match,medium,True,Therapeutic Drug,investigational therapeutic candidate; drug/biological intervention type with no disqualifying evidence found,rule_classification,medium,True
NCT02585934,Study Evaluating Intepirdine (RVT-101) in Subjects With Mild to Moderate Alzheimer's Disease on Donepezil: MINDSET Study,Phase 3,Small Molecule,Symptomatic,Completed,False,RVT-101,rvt 101,investigational_therapeutic_unverified,sole investigational candidate identified (RVT-101); not yet confirmed via official pipeline,False,,no_match,medium,True,Therapeutic Drug,investigational therapeutic candidate; drug/biological intervention type with no disqualifying evidence found,rule_classification,medium,True
NCT01569516,Study of Octohydroaminoacridine Succinate Tablets in Patients With Alzheimer's Disease,Phase 2,Small Molecule,Symptomatic,Unknown,False,Octohydroaminoacridine Succinate,octohydroaminoacridine succinate,investigational_therapeutic_unverified,sole investigational candidate identified (Octohydroaminoacridine Succinate); not yet confirmed via official pipeline,False,,no_match,medium,True,Therapeutic Drug,investigational therapeutic candidate; drug/biological intervention type with no disqualifying evidence found,rule_classification,medium,True
NCT05328115,"A Study on the Safety, Tolerability and Immunogenicity of ALZ-101 in Participants With Early Alzheimer's Disease",Phase 1,Biologic,Other,Completed,False,ALZ-101,alz 101,investigational_therapeutic_unverified,sole investigational candidate identified (ALZ-101); not yet confirmed via official pipeline,False,,no_match,medium,True,Therapeutic Drug,investigational therapeutic candidate; drug/biological intervention type with no disqualifying evidence found,rule_classification,medium,True
NCT00762411,"Effects of LY450139, on the Progression of Alzheimer's Disease as Compared With Placebo",Phase 3,Small Molecule,Amyloid,Completed,False,LY450139,ly450139,investigational_therapeutic_unverified,sole investigational candidate identified (LY450139); not yet confirmed via official pipeline,False,,no_match,medium,True,Therapeutic Drug,investigational therapeutic candidate; drug/biological intervention type with no disqualifying evidence found,rule_classification,medium,True
NCT02220738,"Study to Evaluate the Safety, Tolerability, and Pharmacokinetics of ABT-957 in Subjects With Mild-to-Moderate Alzheimer's Disease on Stable Doses of Acetylcholinesterase Inhibitors",Phase 1,Small Molecule,Symptomatic,Discontinued,False,ABT-957,abt 957,investigational_therapeutic_unverified,sole investigational candidate identified (ABT-957); not yet confirmed via official pipeline,False,,no_match,medium,True,Therapeutic Drug,investigational therapeutic candidate; drug/biological intervention type with no disqualifying evidence found,rule_classification,medium,True
NCT00051909,Efficacy and Safety of LY451395 in Patients With Probable Alzheimer's Disease,Phase 2,Small Molecule,Other,Completed,False,LY451395,ly451395,investigational_therapeutic_unverified,sole investigational candidate identified (LY451395); not yet confirmed via official pipeline,False,,no_match,medium,True,Therapeutic Drug,investigational therapeutic candidate; drug/biological intervention type with no disqualifying evidence found,rule_classification,medium,True
NCT02783573,A Study of Lanabecestat (LY3314814) in Participants With Mild Alzheimer's Disease Dementia,Phase 3,Small Molecule,Amyloid,Discontinued,False,Lanabecestat,lanabecestat,investigational_therapeutic_unverified,sole investigational candidate identified (Lanabecestat); not yet confirmed via official pipeline,False,,no_match,medium,True,Therapeutic Drug,investigational therapeutic candidate; drug/biological intervention type with no disqualifying evidence found,rule_classification,medium,True
NCT01908010,"Safety, Tolerability, and Pharmacokinetics of ABT-354 in Subjects With Mild-to-Moderate Alzheimer's Disease on Stable Doses of Acetylcholinesterase Inhibitors",Phase 1,Small Molecule,Symptomatic,Completed,False,ABT-354,abt 354,investigational_therapeutic_unverified,sole investigational candidate identified (ABT-354); not yet confirmed via official pipeline,False,,no_match,medium,True,Therapeutic Drug,investigational therapeutic candidate; drug/biological intervention type with no disqualifying evidence found,rule_classification,medium,True
NCT02560753,Feasibility Study in Subjects With Mild to Moderate Alzheimer's Disease,Phase 2,Small Molecule,Metabolism,Completed,False,T3D-959,t3d 959,investigational_therapeutic_unverified,sole investigational candidate identified (T3D-959); not yet confirmed via official pipeline,False,,no_match,medium,True,Therapeutic Drug,investigational therapeutic candidate; drug/biological intervention type with no disqualifying evidence found,rule_classification,medium,True
NCT01966666,"A Safety, Tolerability, Pharmacokinetics, Pharmacodynamics and Preliminary Efficacy Study of TPI-287 in Alzheimer's Disease",Phase 1,Small Molecule,Other,Completed,False,TPI-287,tpi 287,investigational_therapeutic_unverified,sole investigational candidate identified (TPI-287); not yet confirmed via official pipeline,False,,no_match,medium,True,Therapeutic Drug,investigational therapeutic candidate; drug/biological intervention type with no disqualifying evidence found,rule_classification,medium,True
NCT01068353,Safety and Tolerability of Etanercept in Alzheimer's Disease,Phase 2,Biologic,Inflammation,Completed,False,Etanercept,etanercept,investigational_therapeutic_unverified,sole investigational candidate identified (Etanercept); not yet confirmed via official pipeline,False,,no_match,medium,True,Therapeutic Drug,investigational therapeutic candidate; drug/biological intervention type with no disqualifying evidence found,rule_classification,medium,True
NCT02756858,An Extension Study of ANAVEX2-73 in Patients With Mild to Moderate Alzheimer's Disease,Phase 2,Small Molecule,Neuroprotection,Completed,False,ANAVEX2-73,anavex2 73,investigational_therapeutic_unverified,sole investigational candidate identified (ANAVEX2-73); not yet confirmed via official pipeline,False,,no_match,medium,True,Therapeutic Drug,investigational therapeutic candidate; drug/biological intervention type with no disqualifying evidence found,rule_classification,medium,True
NCT01677754,A Study of RO4602522 in Participants With Moderate Severity Alzheimer Disease on Background Alzheimer Disease Therapy,Phase 2,Small Molecule,Symptomatic,Completed,False,RO4602522,ro4602522,investigational_therapeutic_unverified,sole investigational candidate identified (RO4602522); not yet confirmed via official pipeline,False,,no_match,medium,True,Therapeutic Drug,investigational therapeutic candidate; drug/biological intervention type with no disqualifying evidence found,rule_classification,medium,True
NCT02754830,A Study of LY3303560 in Healthy Participants and Participants With Alzheimer's Disease (AD),Phase 1,Small Molecule,Tau,Completed,False,LY3303560 - IV; LY3303560 - SC,ly3303560 iv ly3303560 sc,investigational_therapeutic_unverified,multiple unverified investigational candidates found (LY3303560 - IV; LY3303560 - SC) — could not resolve to a single drug,False,,multiple_candidates_unresolved,low,True,Needs Review,multiple distinct unverified candidates found in one trial — scope not determined at trial level,rule_classification,low,True
NCT01254448,Multiple Ascending Dose Study of TC-5619 in Healthy Elderly Subjects and Subjects With Alzheimer's Disease,Phase 1,Small Molecule,Other,Completed,False,TC-5619,tc 5619,investigational_therapeutic_unverified,sole investigational candidate identified (TC-5619); not yet confirmed via official pipeline,False,,no_match,medium,True,Therapeutic Drug,investigational therapeutic candidate; drug/biological intervention type with no disqualifying evidence found,rule_classification,medium,True
NCT01843075,Evaluating Liraglutide in Alzheimer's Disease,Phase 2,Small Molecule,Metabolism,Unknown,False,Liraglutide,liraglutide,investigational_therapeutic_unverified,sole investigational candidate identified (Liraglutide); not yet confirmed via official pipeline,False,,no_match,medium,True,Therapeutic Drug,investigational therapeutic candidate; drug/biological intervention type with no disqualifying evidence found,rule_classification,medium,True
NCT02080364,Evaluation of the Efficacy and Safety of Azeliragon (TTP488) in Patients With Mild Alzheimer's Disease,Phase 3,Small Molecule,Amyloid,Discontinued,False,Azeliragon,azeliragon,investigational_therapeutic_unverified,sole investigational candidate identified (Azeliragon); not yet confirmed via official pipeline,False,,no_match,medium,True,Therapeutic Drug,investigational therapeutic candidate; drug/biological intervention type with no disqualifying evidence found,rule_classification,medium,True
NCT00611312,Effects of Delivery Mode of Cognition Intervention in Early Alzheimer's Disease,Phase 2,Non-Drug/Behavioral,Other,Completed,False,,,no_therapeutic_candidate,no drug/biological therapeutic candidate found among this trial's interventions,False,,not_applicable,high,False,Exclude,no drug/biological therapeutic candidate found among this trial's interventions,rule_classification,high,False
NCT00082602,Safety and Tolerability Study of Extended Release (ER) Galantamine in Alzheimer's Disease,Phase 3,Small Molecule,Symptomatic,Completed,False,galantamine,galantamine,investigational_therapeutic_unverified,sole investigational candidate identified (galantamine); not yet confirmed via official pipeline,False,,no_match,medium,True,Therapeutic Drug,investigational therapeutic candidate; drug/biological intervention type with no disqualifying evidence found,rule_classification,medium,True
NCT01466088,"Efficacy, Safety, & Tolerability of AZD3480 Patients With Mild to Moderate Dementia of the Alzheimer's Type (AD)",Phase 2,Small Molecule,Symptomatic,Completed,False,AZD3480,azd3480,investigational_therapeutic_unverified,sole investigational candidate identified (AZD3480); not yet confirmed via official pipeline,False,,no_match,medium,True,Therapeutic Drug,investigational therapeutic candidate; drug/biological intervention type with no disqualifying evidence found,rule_classification,medium,True
NCT02580305,SUVN-502 With Donepezil and Memantine for the Treatment of Moderate Alzheimer's Disease- Phase 2a Study,Phase 2,Small Molecule,Symptomatic,Completed,False,SUVN-502,suvn 502,investigational_therapeutic_unverified,sole investigational candidate identified (SUVN-502); not yet confirmed via official pipeline,False,,no_match,medium,True,Therapeutic Drug,investigational therapeutic candidate; drug/biological intervention type with no disqualifying evidence found,rule_classification,medium,True
NCT00100334,Safety Study of PPI-1019 in Subjects With Mild-Moderate Alzheimer's Disease,Phase 2,Small Molecule,Other,Completed,False,PPI-1019 (APAN),ppi 1019 apan,investigational_therapeutic_unverified,sole investigational candidate identified (PPI-1019 (APAN)); not yet confirmed via official pipeline,False,,no_match,medium,True,Therapeutic Drug,investigational therapeutic candidate; drug/biological intervention type with no disqualifying evidence found,rule_classification,medium,True
NCT00205621,Positron Emission Tomography of Amyloid in Alzheimer's Disease,Phase 1,Device,Amyloid,Discontinued,False,,,no_therapeutic_candidate,no drug/biological therapeutic candidate found among this trial's interventions,False,,not_applicable,high,False,Exclude,no drug/biological therapeutic candidate found among this trial's interventions,rule_classification,high,False
NCT02221947,"Study to Evaluate the Preliminary Safety, Efficacy, PK and PD of Bryostatin 1 in Patients With Alzheimer's Disease",Phase 2,Small Molecule,Neuroprotection,Discontinued,False,Bryostatin 1,bryostatin 1,investigational_therapeutic_unverified,sole investigational candidate identified (Bryostatin 1); not yet confirmed via official pipeline,False,,no_match,medium,True,Therapeutic Drug,investigational therapeutic candidate; drug/biological intervention type with no disqualifying evidence found,rule_classification,medium,True
NCT00663936,Efficacy and Safety of T-817MA in Patients With Mild to Moderate Alzheimer's Disease,Phase 2,Small Molecule,Neuroprotection,Completed,False,T-817MA,t 817ma,investigational_therapeutic_unverified,sole investigational candidate identified (T-817MA); not yet confirmed via official pipeline,False,,no_match,medium,True,Therapeutic Drug,investigational therapeutic candidate; drug/biological intervention type with no disqualifying evidence found,rule_classification,medium,True
NCT00100282,Safety Study of PPI-1019 in Patients With Mild-Moderate Alzheimer's Disease,Phase 1,Small Molecule,Other,Completed,False,PPI-1019 (APAN),ppi 1019 apan,investigational_therapeutic_unverified,sole investigational candidate identified (PPI-1019 (APAN)); not yet confirmed via official pipeline,False,,no_match,medium,True,Therapeutic Drug,investigational therapeutic candidate; drug/biological intervention type with no disqualifying evidence found,rule_classification,medium,True
NCT02907567,Clinical Trial of CT1812 in Mild to Moderate Alzheimer's Disease,Phase 2,Small Molecule,Amyloid,Completed,False,CT1812,ct1812,investigational_therapeutic_unverified,sole investigational candidate identified (CT1812); not yet confirmed via official pipeline,False,,no_match,medium,True,Therapeutic Drug,investigational therapeutic candidate; drug/biological intervention type with no disqualifying evidence found,rule_classification,medium,True
NCT00646269,Efficacy Assessment of Three Non Pharmacological Therapies in Alzheimer's Disease,Phase 3,Non-Drug/Behavioral,Other,Completed,False,,,no_therapeutic_candidate,no drug/biological therapeutic candidate found among this trial's interventions,False,,not_applicable,high,False,Exclude,no drug/biological therapeutic candidate found among this trial's interventions,rule_classification,high,False
NCT02760602,A Study of Solanezumab (LY2062430) in Participants With Prodromal Alzheimer's Disease,Phase 3,Biologic,Amyloid,Discontinued,False,Solanezumab,solanezumab,investigational_therapeutic_unverified,sole investigational candidate identified (Solanezumab); not yet confirmed via official pipeline,False,,no_match,medium,True,Therapeutic Drug,investigational therapeutic candidate; drug/biological intervention type with no disqualifying evidence found,rule_classification,medium,True
NCT01388478,Safety Study of R(+)Pramipexole to Treat Early Alzheimer's Disease,Phase 2,Small Molecule,Other,Completed,False,R-pramipexole,r pramipexole,investigational_therapeutic_unverified,sole investigational candidate identified (R-pramipexole); not yet confirmed via official pipeline,False,,no_match,medium,True,Therapeutic Drug,investigational therapeutic candidate; drug/biological intervention type with no disqualifying evidence found,rule_classification,medium,True
NCT01767311,"A Study to Evaluate Safety, Tolerability, and Efficacy of Lecanemab in Subjects With Early Alzheimer's Disease",Phase 2,Biologic,Amyloid,Completed,False,Lecanemab,lecanemab,sponsor_developed_therapeutic,official pipeline record matched (Lecanemab) but source_url is blank — verify manually,True,,pipeline_record_match_without_source,medium,True,Therapeutic Drug,confirmed or unsourced official sponsor-pipeline match,rule_classification,medium,False
NCT00733642,Single Dose Escalation Study of PF-04360365 In Subjects With Mild To Moderate Alzheimer's Disease,Phase 1,Biologic,Amyloid,Completed,False,PF-04360365,pf 04360365,investigational_therapeutic_unverified,sole investigational candidate identified (PF-04360365); not yet confirmed via official pipeline,False,,no_match,medium,True,Therapeutic Drug,investigational therapeutic candidate; drug/biological intervention type with no disqualifying evidence found,rule_classification,medium,True
NCT00757939,A Study to Assess Regional Cerebral Blood Flow as an Alzheimer's Disease Biomarker Compared to Positron Emission Tomography in Patients With Mild-to-Moderate Alzheimer's Disease and Cognitively Normal Elderly Subjects (Study MK-0000-068)(COMPLETED),Phase 1,Non-Drug/Behavioral,Other,Completed,False,,,no_therapeutic_candidate,no drug/biological therapeutic candidate found among this trial's interventions,False,,not_applicable,high,False,Exclude,no drug/biological therapeutic candidate found among this trial's interventions,rule_classification,high,False
NCT00013650,Effects of an Anti-Inflammatory Drug in Alzheimer's Disease,Phase 1,Small Molecule,Inflammation,Completed,False,Cyclophosphamate,cyclophosphamate,investigational_therapeutic_unverified,sole investigational candidate identified (Cyclophosphamate); not yet confirmed via official pipeline,False,,no_match,medium,True,Therapeutic Drug,investigational therapeutic candidate; drug/biological intervention type with no disqualifying evidence found,rule_classification,medium,True
NCT00708552,Study of SB-742457 or Donepezil Versus Placebo in Subjects With Mild-to-moderate Alzheimer's Disease,Phase 2,Small Molecule,Symptomatic,Completed,False,SB-742457,sb 742457,investigational_therapeutic_unverified,sole investigational candidate identified (SB-742457); not yet confirmed via official pipeline,False,,no_match,medium,True,Therapeutic Drug,investigational therapeutic candidate; drug/biological intervention type with no disqualifying evidence found,rule_classification,medium,True
NCT01409915,Study of the Safety & Efficacy of Leukine® in the Treatment of Alzheimer's Disease,Phase 2,Small Molecule,Other,Completed,False,Sagramostim,sagramostim,investigational_therapeutic_unverified,sole investigational candidate identified (Sagramostim); not yet confirmed via official pipeline,False,,no_match,medium,True,Therapeutic Drug,investigational therapeutic candidate; drug/biological intervention type with no disqualifying evidence found,rule_classification,medium,True
NCT01626391,Safety Study of TRx0237 in Patients Already Taking Medications for Mild and Moderate Alzheimer's Disease,Phase 2,Small Molecule,Other,Discontinued,False,TRx0237,trx0237,investigational_therapeutic_unverified,sole investigational candidate identified (TRx0237); not yet confirmed via official pipeline,False,,no_match,medium,True,Therapeutic Drug,investigational therapeutic candidate; drug/biological intervention type with no disqualifying evidence found,rule_classification,medium,True
NCT01617577,Efficacy and Safety of Filgrastim in Alzheimer's Disease,Phase 2,Small Molecule,Other,Completed,False,G-CSF; filgrastim,g csf filgrastim,investigational_therapeutic_unverified,sole investigational candidate identified (G-CSF; filgrastim); not yet confirmed via official pipeline,False,,no_match,medium,True,Therapeutic Drug,investigational therapeutic candidate; drug/biological intervention type with no disqualifying evidence found,rule_classification,medium,True
NCT00348192,SB-742457 And Donepezil In Alzheimer's Disease,Phase 2,Small Molecule,Symptomatic,Completed,False,SB-742457,sb 742457,investigational_therapeutic_unverified,sole investigational candidate identified (SB-742457); not yet confirmed via official pipeline,False,,no_match,medium,True,Therapeutic Drug,investigational therapeutic candidate; drug/biological intervention type with no disqualifying evidence found,rule_classification,medium,True
NCT04241068,"A Study to Evaluate Safety and Tolerability of Aducanumab in Participants With Alzheimer's Disease Who Had Previously Participated in the Aducanumab Studies 221AD103, 221AD301, 221AD302 and 221AD205",Phase 3,Biologic,Amyloid,Discontinued,False,Aducanumab,aducanumab,sponsor_developed_therapeutic,official pipeline record matched (Aducanumab) but source_url is blank — verify manually,True,,pipeline_record_match_without_source,medium,True,Therapeutic Drug,confirmed or unsourced official sponsor-pipeline match,rule_classification,medium,False
NCT03668405,A Study to Evaluate the Long-term Safety and Tolerability of Lu AF20513 and the Antibody Response in Patients With Alzheimer's Disease (AD),Phase 1,Small Molecule,Amyloid,Discontinued,False,Lu AF20513,lu af20513,investigational_therapeutic_unverified,sole investigational candidate identified (Lu AF20513); not yet confirmed via official pipeline,False,,no_match,medium,True,Therapeutic Drug,investigational therapeutic candidate; drug/biological intervention type with no disqualifying evidence found,rule_classification,medium,True
NCT01406145,A Study of the Safety and Tolerability of ASP0777 in Subjects With Alzheimer's Disease (AD) Taking a Stable Dose of Donepezil,Phase 1,Small Molecule,Symptomatic,Completed,False,ASP0777,asp0777,investigational_therapeutic_unverified,sole investigational candidate identified (ASP0777); not yet confirmed via official pipeline,False,,no_match,medium,True,Therapeutic Drug,investigational therapeutic candidate; drug/biological intervention type with no disqualifying evidence found,rule_classification,medium,True
NCT01005862,Effect of PF-04360365 On ABETA In Patients With Alzheimer's Disease And Healthy Volunteers,Phase 1,Biologic,Amyloid,Completed,False,PF-04360365,pf 04360365,investigational_therapeutic_unverified,sole investigational candidate identified (PF-04360365); not yet confirmed via official pipeline,False,,no_match,medium,True,Therapeutic Drug,investigational therapeutic candidate; drug/biological intervention type with no disqualifying evidence found,rule_classification,medium,True
NCT01940952,Zydena on Cognitive Function of Alzheimer's Disease Patients,Phase 3,Small Molecule,Symptomatic,Unknown,False,,,no_therapeutic_candidate,"no confirmed or investigational therapeutic candidate found, but this trial has unresolved/uncertain interventions worth a manual look",False,,no_match,low,True,Needs Review,no therapeutic candidate; trial has unresolved/uncertain interventions,rule_classification,low,True
NCT02672306,Safety and Exploratory Efficacy Study of UCMSCs in Patients With Alzheimer's Disease,Phase 2,Biologic,Other,Unknown,False,UCMSCs,ucmscs,investigational_therapeutic_unverified,sole investigational candidate identified (UCMSCs); not yet confirmed via official pipeline,False,,no_match,medium,True,Therapeutic Drug,investigational therapeutic candidate; drug/biological intervention type with no disqualifying evidence found,rule_classification,medium,True
NCT03113812,Repeated Subcutaneous Administration of ABvac40 in Mild to Moderate Alzheimer's Disease Patients,Phase 1,Small Molecule,Amyloid,Completed,False,ABvac40,abvac40,investigational_therapeutic_unverified,sole investigational candidate identified (ABvac40); not yet confirmed via official pipeline,False,,no_match,medium,True,Therapeutic Drug,investigational therapeutic candidate; drug/biological intervention type with no disqualifying evidence found,rule_classification,medium,True
NCT00945672,A Multiple Dose Study of PF-04360365 In Patients With Mild to Moderate Alzheimer's Disease,Phase 2,Biologic,Amyloid,Completed,False,PF-04360365,pf 04360365,investigational_therapeutic_unverified,sole investigational candidate identified (PF-04360365); not yet confirmed via official pipeline,False,,no_match,medium,True,Therapeutic Drug,investigational therapeutic candidate; drug/biological intervention type with no disqualifying evidence found,rule_classification,medium,True
NCT00596024,Lutein and Alzheimer's Disease Study,Phase 2,Dietary Supplement,Other,Discontinued,False,lutein/zeaxanthin,lutein zeaxanthin,investigational_therapeutic_unverified,sole investigational candidate identified (lutein/zeaxanthin); not yet confirmed via official pipeline,False,,no_match,medium,True,Non-Drug Intervention,dietary supplement / nutraceutical — excluded from the default therapeutic view unless curated as a genuine investigational program (data/reference/intervention_scope_overrides.csv),rule_type,medium,False
NCT02686216,"Biodistribution, Pharmacokinetics, and Safety of F-18 THK-5351 PET in Alzheimer's Disease Patients and Healthy Subjects.(Positron Emission Tomograph )",Phase 1,Small Molecule,Tau,Completed,False,,,no_therapeutic_candidate,no drug/biological therapeutic candidate found among this trial's interventions,False,,not_applicable,high,False,Exclude,no drug/biological therapeutic candidate found among this trial's interventions,rule_classification,high,False
NCT02471196,Efficacy of ORM-12741 on Agitation/Aggression Symptoms in Alzheimer's Disease,Phase 2,Small Molecule,Neuropsychiatric,Completed,False,ORM-12741,orm 12741,investigational_therapeutic_unverified,sole investigational candidate identified (ORM-12741); not yet confirmed via official pipeline,False,,no_match,medium,True,Therapeutic Drug,investigational therapeutic candidate; drug/biological intervention type with no disqualifying evidence found,rule_classification,medium,True
NCT02600130,Lomecel-B Infusion Versus Placebo in Patients With Alzheimer's Disease,Phase 1,Cell/Gene Therapy,Other,Completed,False,Longeveron Mesenchymal Stem Cells,longeveron mesenchymal stem cells,investigational_therapeutic_unverified,sole investigational candidate identified (Longeveron Mesenchymal Stem Cells); not yet confirmed via official pipeline,False,,no_match,medium,True,Therapeutic Drug,investigational therapeutic candidate; drug/biological intervention type with no disqualifying evidence found,rule_classification,medium,True
NCT00930059,A Study Of PF-04447943 Compared To Placebo In Subjects With Mild To Moderate Alzheimer's Disease,Phase 2,Small Molecule,Neuroprotection,Completed,False,PF-04447943,pf 04447943,investigational_therapeutic_unverified,sole investigational candidate identified (PF-04447943); not yet confirmed via official pipeline,False,,no_match,medium,True,Therapeutic Drug,investigational therapeutic candidate; drug/biological intervention type with no disqualifying evidence found,rule_classification,medium,True
NCT00678431,Randomized Trial of a Nutritional Supplement in Alzheimer's Disease,Phase 3,Dietary Supplement,Metabolism,Completed,False,"Resveratrol with Glucose, and Malate",resveratrol with glucose and malate,investigational_therapeutic_unverified,"sole investigational candidate identified (Resveratrol with Glucose, and Malate); not yet confirmed via official pipeline",False,,no_match,medium,True,Non-Drug Intervention,dietary supplement / nutraceutical — excluded from the default therapeutic view unless curated as a genuine investigational program (data/reference/intervention_scope_overrides.csv),rule_type,medium,False
NCT01900665,Progress of Mild Alzheimer's Disease in Participants on Solanezumab Versus Placebo,Phase 3,Biologic,Amyloid,Discontinued,False,Solanezumab,solanezumab,investigational_therapeutic_unverified,sole investigational candidate identified (Solanezumab); not yet confirmed via official pipeline,False,,no_match,medium,True,Therapeutic Drug,investigational therapeutic candidate; drug/biological intervention type with no disqualifying evidence found,rule_classification,medium,True
NCT02359552,Rasagiline Rescue in Alzheimer's Disease Clinical Trial,Phase 2,Small Molecule,Symptomatic,Completed,False,Rasagiline,rasagiline,investigational_therapeutic_unverified,sole investigational candidate identified (Rasagiline); not yet confirmed via official pipeline,False,,no_match,medium,True,Therapeutic Drug,investigational therapeutic candidate; drug/biological intervention type with no disqualifying evidence found,rule_classification,medium,True
NCT02389413,Safety and Tolerability of PQ912 in Subjects With Early Alzheimer's Disease,Phase 2,Small Molecule,Amyloid,Completed,False,PQ912,pq912,investigational_therapeutic_unverified,sole investigational candidate identified (PQ912); not yet confirmed via official pipeline,False,,no_match,medium,True,Therapeutic Drug,investigational therapeutic candidate; drug/biological intervention type with no disqualifying evidence found,rule_classification,medium,True
NCT00205179,Alzheimer's Disease: Potential Benefit of Isoflavones,Phase 2,Small Molecule,Other,Completed,False,Novasoy,novasoy,investigational_therapeutic_unverified,sole investigational candidate identified (Novasoy); not yet confirmed via official pipeline,False,,no_match,medium,True,Therapeutic Drug,investigational therapeutic candidate; drug/biological intervention type with no disqualifying evidence found,rule_classification,medium,True
NCT01864655,Safety and Tolerability of AZD0530 (Saracatinib) in Alzheimer's Disease,Phase 1,Small Molecule,Other,Completed,False,saracatinib,saracatinib,investigational_therapeutic_unverified,sole investigational candidate identified (saracatinib); not yet confirmed via official pipeline,False,,no_match,medium,True,Therapeutic Drug,investigational therapeutic candidate; drug/biological intervention type with no disqualifying evidence found,rule_classification,medium,True
NCT01227564,Amyloid Imaging And Safety Study Of ACC-001 In Subjects With Early Alzheimer's Disease,Phase 2,Biologic,Amyloid,Completed,False,ACC-001 3 μg/ QS-21 50 μg; ACC-001 10 μg/ QS-21 50 μg,acc 001 3 g qs 21 50 g acc 001 10 g qs 21 50 g,investigational_therapeutic_unverified,multiple unverified investigational candidates found (ACC-001 3 μg/ QS-21 50 μg; ACC-001 10 μg/ QS-21 50 μg) — could not resolve to a single drug,False,,multiple_candidates_unresolved,low,True,Needs Review,multiple distinct unverified candidates found in one trial — scope not determined at trial level,rule_classification,low,True
NCT01439555,Endothelial Facilitation in Alzheimer's Disease,Phase 2,Small Molecule,Metabolism,Completed,False,Simvastatin,simvastatin,investigational_therapeutic_unverified,sole investigational candidate identified (Simvastatin); not yet confirmed via official pipeline,False,,no_match,medium,True,Therapeutic Drug,investigational therapeutic candidate; drug/biological intervention type with no disqualifying evidence found,rule_classification,medium,True
NCT00811122,"Biodistribution of 11C-PIB PET in Alzheimer's Disease, Frontotemporal Dementia, and Cognitively Normal Elderly",Phase 1,Non-Drug/Behavioral,Other,Discontinued,False,,,no_therapeutic_candidate,no drug/biological therapeutic candidate found among this trial's interventions,False,,not_applicable,high,False,Exclude,no drug/biological therapeutic candidate found among this trial's interventions,rule_classification,high,False
NCT00377715,"Double-blind, Placebo-controlled Study of Oral Dimebon in Subjects With Mild to Moderate Alzheimer's Disease",Phase 2,Small Molecule,Neuroprotection,Completed,False,Dimebon,dimebon,investigational_therapeutic_unverified,sole investigational candidate identified (Dimebon); not yet confirmed via official pipeline,False,,no_match,medium,True,Therapeutic Drug,investigational therapeutic candidate; drug/biological intervention type with no disqualifying evidence found,rule_classification,medium,True
NCT00581867,Memory and Insulin in Early Alzheimer's Disease,Phase 2,Small Molecule,Metabolism,Completed,False,Insulin Aspart,insulin aspart,investigational_therapeutic_unverified,sole investigational candidate identified (Insulin Aspart); not yet confirmed via official pipeline,False,,no_match,medium,True,Therapeutic Drug,investigational therapeutic candidate; drug/biological intervention type with no disqualifying evidence found,rule_classification,medium,True
NCT01125631,Multiple Intravenous Dose Study Of PF-04360365 In Japanese Patients With Mild To Moderate Alzheimer's Disease,Phase 1,Biologic,Amyloid,Completed,False,PF-04360365,pf 04360365,investigational_therapeutic_unverified,sole investigational candidate identified (PF-04360365); not yet confirmed via official pipeline,False,,no_match,medium,True,Therapeutic Drug,investigational therapeutic candidate; drug/biological intervention type with no disqualifying evidence found,rule_classification,medium,True
NCT00566501,Open-Label Extension Study of 23 mg Donepezil SR in Participants With Moderate to Severe Alzheimer's Disease,Phase 3,Small Molecule,Symptomatic,Completed,False,Donepezil,donepezil,investigational_therapeutic_unverified,sole investigational candidate identified (Donepezil); not yet confirmed via official pipeline,False,,no_match,medium,True,Therapeutic Drug,investigational therapeutic candidate; drug/biological intervention type with no disqualifying evidence found,rule_classification,medium,True
NCT00710684,"A Study of SB-742457, Added to Donepezil for the Treatment of Mild-to-moderate Alzheimer's Disease",Phase 2,Small Molecule,Symptomatic,Completed,False,SB-742457,sb 742457,investigational_therapeutic_unverified,sole investigational candidate identified (SB-742457); not yet confirmed via official pipeline,False,,no_match,medium,True,Therapeutic Drug,investigational therapeutic candidate; drug/biological intervention type with no disqualifying evidence found,rule_classification,medium,True
NCT02031198,"18-months Safety Follow-up Study of AADvac1, an Active Tau Vaccine for Alzheimer's Disease",Phase 1,Small Molecule,Tau,Completed,False,AADvac1,aadvac1,investigational_therapeutic_unverified,sole investigational candidate identified (AADvac1); not yet confirmed via official pipeline,False,,no_match,medium,True,Therapeutic Drug,investigational therapeutic candidate; drug/biological intervention type with no disqualifying evidence found,rule_classification,medium,True
NCT00217763,European Study of 3APS in Mild to Moderate Alzheimer's Disease Patients,Phase 3,Small Molecule,Amyloid,Unknown,False,3APS,3aps,investigational_therapeutic_unverified,sole investigational candidate identified (3APS); not yet confirmed via official pipeline,False,,no_match,medium,True,Therapeutic Drug,investigational therapeutic candidate; drug/biological intervention type with no disqualifying evidence found,rule_classification,medium,True
NCT02054208,Safety and Exploratory Efficacy Study of NEUROSTEM® Versus Placebo in Patients With Alzheimer's Disease,Phase 2,Cell/Gene Therapy,Other,Completed,False,,,no_therapeutic_candidate,"no confirmed or investigational therapeutic candidate found, but this trial has unresolved/uncertain interventions worth a manual look",False,,no_match,low,True,Needs Review,no therapeutic candidate; trial has unresolved/uncertain interventions,rule_classification,low,True
NCT02484547,221AD302 Phase 3 Study of Aducanumab (BIIB037) in Early Alzheimer's Disease,Phase 3,Biologic,Amyloid,Discontinued,False,Aducanumab (BIIB037),aducanumab biib037,investigational_therapeutic_unverified,sole investigational candidate identified (Aducanumab (BIIB037)); not yet confirmed via official pipeline,False,,no_match,medium,True,Therapeutic Drug,investigational therapeutic candidate; drug/biological intervention type with no disqualifying evidence found,rule_classification,medium,True
NCT04187547,A Phase III Multi Regional Clinical Trial (MRCT) of Tricaprilin in Mild to Moderately Severe Probable Alzheimer's Disease With Optional Open Label Extension,Phase 3,Small Molecule,Metabolism,Discontinued,False,Tricaprilin,tricaprilin,investigational_therapeutic_unverified,sole investigational candidate identified (Tricaprilin); not yet confirmed via official pipeline,False,,no_match,medium,True,Therapeutic Drug,investigational therapeutic candidate; drug/biological intervention type with no disqualifying evidence found,rule_classification,medium,True
NCT02477800,221AD301 Phase 3 Study of Aducanumab (BIIB037) in Early Alzheimer's Disease,Phase 3,Biologic,Amyloid,Discontinued,False,Aducanumab (BIIB037),aducanumab biib037,investigational_therapeutic_unverified,sole investigational candidate identified (Aducanumab (BIIB037)); not yet confirmed via official pipeline,False,,no_match,medium,True,Therapeutic Drug,investigational therapeutic candidate; drug/biological intervention type with no disqualifying evidence found,rule_classification,medium,True
NCT01428362,VI-1121 for the Treatment Alzheimer's Disease,Phase 2,Small Molecule,Other,Completed,False,VI-1121,vi 1121,investigational_therapeutic_unverified,sole investigational candidate identified (VI-1121); not yet confirmed via official pipeline,False,,no_match,medium,True,Therapeutic Drug,investigational therapeutic candidate; drug/biological intervention type with no disqualifying evidence found,rule_classification,medium,True
NCT01009255,Study to Evaluate the Efficacy and Safety of GSK239512 in Alzheimer's Disease,Phase 2,Small Molecule,Symptomatic,Completed,False,GSK239512,gsk239512,investigational_therapeutic_unverified,sole investigational candidate identified (GSK239512); not yet confirmed via official pipeline,False,,no_match,medium,True,Therapeutic Drug,investigational therapeutic candidate; drug/biological intervention type with no disqualifying evidence found,rule_classification,medium,True
NCT03817684,Tetra PICASSO AD Trial: Study to Evaluate Effects of BPN14770 in Early Alzheimer's Subjects,Phase 2,Small Molecule,Neuroprotection,Completed,False,BPN14770,bpn14770,investigational_therapeutic_unverified,sole investigational candidate identified (BPN14770); not yet confirmed via official pipeline,False,,no_match,medium,True,Therapeutic Drug,investigational therapeutic candidate; drug/biological intervention type with no disqualifying evidence found,rule_classification,medium,True
NCT00722046,Multiple IV Dose Study Of PF-04360365 In Patients With Mild To Moderate Alzheimer's Disease,Phase 2,Biologic,Amyloid,Completed,False,PF-04360365,pf 04360365,investigational_therapeutic_unverified,sole investigational candidate identified (PF-04360365); not yet confirmed via official pipeline,False,,no_match,medium,True,Therapeutic Drug,investigational therapeutic candidate; drug/biological intervention type with no disqualifying evidence found,rule_classification,medium,True
NCT00679627,A Study of Galantamine Used to Treat Patients With Mild to Moderate Alzheimer's Disease,Phase 3,Small Molecule,Symptomatic,Discontinued,False,Galantamine,galantamine,investigational_therapeutic_unverified,sole investigational candidate identified (Galantamine); not yet confirmed via official pipeline,False,,no_match,medium,True,Therapeutic Drug,investigational therapeutic candidate; drug/biological intervention type with no disqualifying evidence found,rule_classification,medium,True
NCT00309725,A Cardiac Safety Study of Galantamine in the Treatment of Alzheimer's Disease.,Phase 3,Small Molecule,Symptomatic,Completed,False,galantamine,galantamine,investigational_therapeutic_unverified,sole investigational candidate identified (galantamine); not yet confirmed via official pipeline,False,,no_match,medium,True,Therapeutic Drug,investigational therapeutic candidate; drug/biological intervention type with no disqualifying evidence found,rule_classification,medium,True
NCT00937352,A Long-Term Safety and Tolerability Study in Subjects With Mild to Moderate Alzheimer's Disease,Phase 3,Biologic,Amyloid,Discontinued,False,Bapineuzumab,bapineuzumab,investigational_therapeutic_unverified,sole investigational candidate identified (Bapineuzumab); not yet confirmed via official pipeline,False,,no_match,medium,True,Therapeutic Drug,investigational therapeutic candidate; drug/biological intervention type with no disqualifying evidence found,rule_classification,medium,True
NCT00265148,Brain Imaging Study Of Rosiglitazone Efficacy And Safety In Alzheimer's Disease,Phase 2,Small Molecule,Metabolism,Completed,False,Rosiglitazone,rosiglitazone,investigational_therapeutic_unverified,sole investigational candidate identified (Rosiglitazone); not yet confirmed via official pipeline,False,,no_match,medium,True,Therapeutic Drug,investigational therapeutic candidate; drug/biological intervention type with no disqualifying evidence found,rule_classification,medium,True
NCT02719327,Brain Amyloid and Vascular Effects of Eicosapentaenoic Acid,Phase 3,Small Molecule,Amyloid,Completed,False,icosapent ethyl (IPE),icosapent ethyl ipe,investigational_therapeutic_unverified,sole investigational candidate identified (icosapent ethyl (IPE)); not yet confirmed via official pipeline,False,,no_match,medium,True,Therapeutic Drug,investigational therapeutic candidate; drug/biological intervention type with no disqualifying evidence found,rule_classification,medium,True
NCT00715858,A Pilot Study of Inflammatory Markers in Alzheimer's Disease,Phase 3,Small Molecule,Inflammation,Unknown,False,,,no_therapeutic_candidate,"no confirmed or investigational therapeutic candidate found, but this trial has unresolved/uncertain interventions worth a manual look",False,,no_match,low,True,Needs Review,no therapeutic candidate; trial has unresolved/uncertain interventions,rule_classification,low,True
NCT01374438,"3-month Study of MSDC-0160 Effects on Brain Glucose Utilization, Cognition & Safety in Subjects With Alzheimer's Disease",Phase 2,Small Molecule,Metabolism,Completed,False,MSDC-0160,msdc 0160,investigational_therapeutic_unverified,sole investigational candidate identified (MSDC-0160); not yet confirmed via official pipeline,False,,no_match,medium,True,Therapeutic Drug,investigational therapeutic candidate; drug/biological intervention type with no disqualifying evidence found,rule_classification,medium,True
NCT03114657,A Study of Crenezumab Versus Placebo to Evaluate the Efficacy and Safety in Participants With Prodromal to Mild Alzheimer's Disease (AD),Phase 3,Biologic,Amyloid,Discontinued,False,Crenezumab,crenezumab,investigational_therapeutic_unverified,sole investigational candidate identified (Crenezumab); not yet confirmed via official pipeline,False,,no_match,medium,True,Therapeutic Drug,investigational therapeutic candidate; drug/biological intervention type with no disqualifying evidence found,rule_classification,medium,True
NCT02006641,Idalopirdine in Patients With Mild-moderate Alzheimer's Disease Treated With Donepezil,Phase 3,Small Molecule,Symptomatic,Completed,False,Idalopirdine,idalopirdine,investigational_therapeutic_unverified,sole investigational candidate identified (Idalopirdine); not yet confirmed via official pipeline,False,,no_match,medium,True,Therapeutic Drug,investigational therapeutic candidate; drug/biological intervention type with no disqualifying evidence found,rule_classification,medium,True
NCT00408525,Donepezil and Brain Activity Patterns in Those at Risk For Alzheimer's Disease,Phase 1,Small Molecule,Symptomatic,Completed,False,donepezil,donepezil,investigational_therapeutic_unverified,sole investigational candidate identified (donepezil); not yet confirmed via official pipeline,False,,no_match,medium,True,Therapeutic Drug,investigational therapeutic candidate; drug/biological intervention type with no disqualifying evidence found,rule_classification,medium,True
NCT02002819,Levetiracetam for Alzheimer's Disease-Associated Network Hyperexcitability,Phase 2,Small Molecule,Other,Completed,False,levetiracetam,levetiracetam,investigational_therapeutic_unverified,sole investigational candidate identified (levetiracetam); not yet confirmed via official pipeline,False,,no_match,medium,True,Therapeutic Drug,investigational therapeutic candidate; drug/biological intervention type with no disqualifying evidence found,rule_classification,medium,True
NCT01561053,A Study to Evaluate Albumin and Immunoglobulin in Alzheimer's Disease,Phase 3,Biologic,Other,Completed,False,,,no_therapeutic_candidate,"no confirmed or investigational therapeutic candidate found, but this trial has unresolved/uncertain interventions worth a manual look",False,,no_match,low,True,Needs Review,no therapeutic candidate; trial has unresolved/uncertain interventions,rule_classification,low,True
NCT00744978,"Evaluation of the Efficacy of Varenicline on Cognition, Safety, Tolerability and Pharmacokinetics in Subjects With Mild-to-Moderate Alzheimer's Disease",Phase 2,Small Molecule,Other,Completed,False,Varenicline,varenicline,investigational_therapeutic_unverified,sole investigational candidate identified (Varenicline); not yet confirmed via official pipeline,False,,no_match,medium,True,Therapeutic Drug,investigational therapeutic candidate; drug/biological intervention type with no disqualifying evidence found,rule_classification,medium,True
NCT00235716,"A Randomized, Clinical Trial of Vitamin E and Memantine in Alzheimer's Disease",Phase 3,Small Molecule,Symptomatic,Completed,False,,,no_therapeutic_candidate,"no confirmed or investigational therapeutic candidate found, but this trial has unresolved/uncertain interventions worth a manual look",False,,no_match,low,True,Needs Review,no therapeutic candidate; trial has unresolved/uncertain interventions,rule_classification,low,True
NCT01716637,Short Term Efficacy and Safety of Perispinal Administration of Etanercept in Mild to Moderate Alzheimer's Disease,Phase 1,Biologic,Inflammation,Completed,False,Etanercept,etanercept,investigational_therapeutic_unverified,sole investigational candidate identified (Etanercept); not yet confirmed via official pipeline,False,,no_match,medium,True,Therapeutic Drug,investigational therapeutic candidate; drug/biological intervention type with no disqualifying evidence found,rule_classification,medium,True
NCT01324518,Safety and Efficacy of ORM-12741 in Patients With Alzheimer's Disease,Phase 2,Small Molecule,Other,Completed,False,ORM-12741,orm 12741,investigational_therapeutic_unverified,sole investigational candidate identified (ORM-12741); not yet confirmed via official pipeline,False,,no_match,medium,True,Therapeutic Drug,investigational therapeutic candidate; drug/biological intervention type with no disqualifying evidence found,rule_classification,medium,True
NCT01179373,Deep Transcranial Magnetic Stimulation for Treatment of Alzheimer's Disease,Phase 2,Device,Other,Completed,False,,,no_therapeutic_candidate,no drug/biological therapeutic candidate found among this trial's interventions,False,,not_applicable,high,False,Exclude,no drug/biological therapeutic candidate found among this trial's interventions,rule_classification,high,False
NCT00087789,CERE-110 in Subjects With Mild to Moderate Alzheimer's Disease,Phase 1,Cell/Gene Therapy,Other,Completed,False,CERE-110: Adeno-Associated Virus Delivery of NGF,cere 110 adeno associated virus delivery of ngf,investigational_therapeutic_unverified,sole investigational candidate identified (CERE-110: Adeno-Associated Virus Delivery of NGF); not yet confirmed via official pipeline,False,,no_match,medium,True,Needs Review,GENETIC intervention type with no clear evidence of gene therapy vs. genetic testing/genotyping,rule_type,low,True
NCT03456349,Multi-centre Study of HTL0018318 in Patients as an add-on to Standard-of-care,Phase 1,Small Molecule,Other,Completed,False,HTL0018318,htl0018318,investigational_therapeutic_unverified,sole investigational candidate identified (HTL0018318); not yet confirmed via official pipeline,False,,no_match,medium,True,Therapeutic Drug,investigational therapeutic candidate; drug/biological intervention type with no disqualifying evidence found,rule_classification,medium,True
NCT00319891,Computer-Based Training for Mild Alzheimer's Disease,Phase 1,Non-Drug/Behavioral,Other,Completed,False,,,no_therapeutic_candidate,no drug/biological therapeutic candidate found among this trial's interventions,False,,not_applicable,high,False,Exclude,no drug/biological therapeutic candidate found among this trial's interventions,rule_classification,high,False
NCT01284387,Amyloid Imaging And Safety Study Of ACC-001 In Subjects With Mild to Moderate Alzheimer's Disease,Phase 2,Biologic,Amyloid,Completed,False,ACC-001 (vanutide cridificar),acc 001 vanutide cridificar,investigational_therapeutic_unverified,sole investigational candidate identified (ACC-001 (vanutide cridificar)); not yet confirmed via official pipeline,False,,no_match,medium,True,Therapeutic Drug,investigational therapeutic candidate; drug/biological intervention type with no disqualifying evidence found,rule_classification,medium,True
NCT02431468,A Study Assessing Bryostatin in the Treatment of Moderately Severe to Severe Alzheimer's Disease,Phase 2,Small Molecule,Neuroprotection,Completed,False,Bryostatin 1,bryostatin 1,investigational_therapeutic_unverified,sole investigational candidate identified (Bryostatin 1); not yet confirmed via official pipeline,False,,no_match,medium,True,Therapeutic Drug,investigational therapeutic candidate; drug/biological intervention type with no disqualifying evidence found,rule_classification,medium,True
NCT00381238,Open-Label Extension Assessing Long-Term Safety Of Rosiglitazone In Subjects With Mild To Moderate Alzheimer's Disease,Phase 2,Small Molecule,Metabolism,Completed,False,rosiglitazone,rosiglitazone,investigational_therapeutic_unverified,sole investigational candidate identified (rosiglitazone); not yet confirmed via official pipeline,False,,no_match,medium,True,Therapeutic Drug,investigational therapeutic candidate; drug/biological intervention type with no disqualifying evidence found,rule_classification,medium,True
NCT00904683,Effect of LY2062430 on the Progression of Alzheimer's Disease,Phase 3,Small Molecule,Other,Completed,False,LY2062430,ly2062430,investigational_therapeutic_unverified,sole investigational candidate identified (LY2062430); not yet confirmed via official pipeline,False,,no_match,medium,True,Therapeutic Drug,investigational therapeutic candidate; drug/biological intervention type with no disqualifying evidence found,rule_classification,medium,True
NCT01238458,"Phase II Study for Amyloid Binding Imaging Study of [18F]AV-45 in Patients With Mild Cognitive Impairment, Alzheimer's Disease and Healthy Volunteers",Phase 2,Small Molecule,Amyloid,Unknown,False,,,no_therapeutic_candidate,no drug/biological therapeutic candidate found among this trial's interventions,False,,not_applicable,high,False,Exclude,no drug/biological therapeutic candidate found among this trial's interventions,rule_classification,high,False
NCT00675090,Bridging Study With GSK239512 In Patients With Mild To Moderate Alzheimer's Disease,Phase 1,Small Molecule,Symptomatic,Completed,False,GSK239512,gsk239512,investigational_therapeutic_unverified,sole investigational candidate identified (GSK239512); not yet confirmed via official pipeline,False,,no_match,medium,True,Therapeutic Drug,investigational therapeutic candidate; drug/biological intervention type with no disqualifying evidence found,rule_classification,medium,True
NCT02064920,Computerized Cognition Testing in Participants With Mild Alzheimer's Disease (AD) Treated With Donepezil (MK-0000-318),Phase 2,Small Molecule,Symptomatic,Completed,False,,,no_therapeutic_candidate,"no confirmed or investigational therapeutic candidate found, but this trial has unresolved/uncertain interventions worth a manual look",False,,no_match,low,True,Needs Review,no therapeutic candidate; trial has unresolved/uncertain interventions,rule_classification,low,True
NCT00749216,Solanezumab Safety Study in Japanese Patients With Alzheimer's Disease,Phase 2,Biologic,Amyloid,Completed,False,Solanezumab,solanezumab,investigational_therapeutic_unverified,sole investigational candidate identified (Solanezumab); not yet confirmed via official pipeline,False,,no_match,medium,True,Therapeutic Drug,investigational therapeutic candidate; drug/biological intervention type with no disqualifying evidence found,rule_classification,medium,True
NCT01955161,Study of Idalopirdine in Patients With Mild - Moderate Alzheimer's Disease Treated With Donepezil,Phase 3,Small Molecule,Symptomatic,Completed,False,Idalopirdine,idalopirdine,investigational_therapeutic_unverified,sole investigational candidate identified (Idalopirdine); not yet confirmed via official pipeline,False,,no_match,medium,True,Therapeutic Drug,investigational therapeutic candidate; drug/biological intervention type with no disqualifying evidence found,rule_classification,medium,True
NCT01127633,Continued Safety Monitoring of Solanezumab (LY2062430) in Alzheimer's Disease,Phase 3,Biologic,Amyloid,Discontinued,False,Solanezumab,solanezumab,investigational_therapeutic_unverified,sole investigational candidate identified (Solanezumab); not yet confirmed via official pipeline,False,,no_match,medium,True,Therapeutic Drug,investigational therapeutic candidate; drug/biological intervention type with no disqualifying evidence found,rule_classification,medium,True
NCT01565343,A Study of 18F-AV-45 in Alzheimer's Disease (AD) and Healthy Volunteers,Phase 1,Small Molecule,Amyloid,Completed,False,,,no_therapeutic_candidate,no drug/biological therapeutic candidate found among this trial's interventions,False,,not_applicable,high,False,Exclude,no drug/biological therapeutic candidate found among this trial's interventions,rule_classification,high,False
NCT02820896,A Study of RO7105705 in Healthy Participants and Participants With Mild-to-Moderate Alzheimer's Disease,Phase 1,Small Molecule,Tau,Completed,False,RO7105705,ro7105705,investigational_therapeutic_unverified,sole investigational candidate identified (RO7105705); not yet confirmed via official pipeline,False,,no_match,medium,True,Therapeutic Drug,investigational therapeutic candidate; drug/biological intervention type with no disqualifying evidence found,rule_classification,medium,True
NCT00580931,Safety Study of Nicotinamide to Treat Alzheimer's Disease,Phase 2,Small Molecule,Metabolism,Completed,False,Nicotinamide,nicotinamide,investigational_therapeutic_unverified,sole investigational candidate identified (Nicotinamide); not yet confirmed via official pipeline,False,,no_match,medium,True,Therapeutic Drug,investigational therapeutic candidate; drug/biological intervention type with no disqualifying evidence found,rule_classification,medium,True
NCT02792179,Evaluation of [18F]RO6958948 as Tracer for Positron Emission Tomography (PET) Imaging of Tau Burden in Alzheimer's Disease Participants,Phase 1,Small Molecule,Tau,Completed,False,,,no_therapeutic_candidate,no drug/biological therapeutic candidate found among this trial's interventions,False,,not_applicable,high,False,Exclude,no drug/biological therapeutic candidate found among this trial's interventions,rule_classification,high,False
NCT02670083,A Study Evaluating the Efficacy and Safety of Crenezumab Versus Placebo in Participants With Prodromal to Mild Alzheimer's Disease (AD).,Phase 3,Biologic,Amyloid,Discontinued,False,Crenezumab,crenezumab,investigational_therapeutic_unverified,sole investigational candidate identified (Crenezumab); not yet confirmed via official pipeline,False,,no_match,medium,True,Therapeutic Drug,investigational therapeutic candidate; drug/biological intervention type with no disqualifying evidence found,rule_classification,medium,True
NCT00675623,A Safety and Efficacy Study of Oral Dimebon in Patients With Mild-To-Moderate Alzheimer's Disease,Phase 3,Small Molecule,Neuroprotection,Completed,False,Dimebon,dimebon,investigational_therapeutic_unverified,sole investigational candidate identified (Dimebon); not yet confirmed via official pipeline,False,,no_match,medium,True,Therapeutic Drug,investigational therapeutic candidate; drug/biological intervention type with no disqualifying evidence found,rule_classification,medium,True
NCT00083421,Effects of ONO-2506PO in Patients With Alzheimer's Disease,Phase 2,Small Molecule,Other,Completed,False,ONO-2506PO,ono 2506po,investigational_therapeutic_unverified,sole investigational candidate identified (ONO-2506PO); not yet confirmed via official pipeline,False,,no_match,medium,True,Therapeutic Drug,investigational therapeutic candidate; drug/biological intervention type with no disqualifying evidence found,rule_classification,medium,True
NCT00838110,A Phase 3 Study To Evaluate The Safety And Tolerability Of Dimebon Patients With Mild To Moderate Alzheimer's Disease,Phase 3,Small Molecule,Neuroprotection,Completed,False,Dimebon,dimebon,investigational_therapeutic_unverified,sole investigational candidate identified (Dimebon); not yet confirmed via official pipeline,False,,no_match,medium,True,Therapeutic Drug,investigational therapeutic candidate; drug/biological intervention type with no disqualifying evidence found,rule_classification,medium,True
NCT00855868,Ability Of ([18F]-AV-45) PET Scan to Distinguish Alzheimer's Disease Subjects From Cognitively Normal Individuals,Phase 2,Small Molecule,Amyloid,Completed,False,,,no_therapeutic_candidate,no drug/biological therapeutic candidate found among this trial's interventions,False,,not_applicable,high,False,Exclude,no drug/biological therapeutic candidate found among this trial's interventions,rule_classification,high,False
NCT02127476,A Study of Single and Multiple Doses of KHK6640 in Subjects With Prodromal or Mild to Moderate Alzheimer's Disease,Phase 1,Small Molecule,Amyloid,Completed,False,KHK6640,khk6640,investigational_therapeutic_unverified,sole investigational candidate identified (KHK6640); not yet confirmed via official pipeline,False,,no_match,medium,True,Therapeutic Drug,investigational therapeutic candidate; drug/biological intervention type with no disqualifying evidence found,rule_classification,medium,True
NCT00829374,Safety and Efficacy Study Evaluating Dimebon in Patients With Mild to Moderate Alzheimer's Disease on Donepezil,Phase 3,Small Molecule,Neuroprotection,Completed,False,Dimebon,dimebon,investigational_therapeutic_unverified,sole investigational candidate identified (Dimebon); not yet confirmed via official pipeline,False,,no_match,medium,True,Therapeutic Drug,investigational therapeutic candidate; drug/biological intervention type with no disqualifying evidence found,rule_classification,medium,True
NCT02006654,Study of Idalopirdine in Patients With Mild - Moderate Alzheimer's Disease Treated With an Acetylcholinesterase Inhibitor,Phase 3,Small Molecule,Symptomatic,Completed,False,Idalopirdine,idalopirdine,investigational_therapeutic_unverified,sole investigational candidate identified (Idalopirdine); not yet confirmed via official pipeline,False,,no_match,medium,True,Therapeutic Drug,investigational therapeutic candidate; drug/biological intervention type with no disqualifying evidence found,rule_classification,medium,True
NCT02167256,"A Phase IIa Multi-Center Study of 18F-FDG PET, Safety, and Tolerability of AZD0530 in Mild Alzheimer's Disease",Phase 2,Small Molecule,Other,Completed,False,AZD0530,azd0530,investigational_therapeutic_unverified,sole investigational candidate identified (AZD0530); not yet confirmed via official pipeline,False,,no_match,medium,True,Therapeutic Drug,investigational therapeutic candidate; drug/biological intervention type with no disqualifying evidence found,rule_classification,medium,True
NCT01028911,"A Study to Evaluate the Safety, Tolerability, and Blood Levels of PF-03654746 in Subjects With Mild to Moderate Alzheimer's Disease",Phase 1,Small Molecule,Other,Discontinued,False,PF-03654746,pf 03654746,investigational_therapeutic_unverified,sole investigational candidate identified (PF-03654746); not yet confirmed via official pipeline,False,,no_match,medium,True,Therapeutic Drug,investigational therapeutic candidate; drug/biological intervention type with no disqualifying evidence found,rule_classification,medium,True
NCT00018343,Alzheimer's Disease and Aging: Therapeutic Potential of Estrogen,Phase 2,Small Molecule,Neuroprotection,Completed,False,estrogen,estrogen,investigational_therapeutic_unverified,sole investigational candidate identified (estrogen); not yet confirmed via official pipeline,False,,no_match,medium,True,Therapeutic Drug,investigational therapeutic candidate; drug/biological intervention type with no disqualifying evidence found,rule_classification,medium,True
NCT03594123,A 12-week Extension Trial to Evaluate the Safety and Tolerability of Brexpiprazole in the Treatment of Subjects With Agitation Associated With Dementia of the Alzheimer's Type,Phase 3,Small Molecule,Neuropsychiatric,Completed,False,Brexpiprazole,brexpiprazole,investigational_therapeutic_unverified,sole investigational candidate identified (Brexpiprazole); not yet confirmed via official pipeline,False,,no_match,medium,True,Therapeutic Drug,investigational therapeutic candidate; drug/biological intervention type with no disqualifying evidence found,rule_classification,medium,True
NCT02551809,"Evaluate the Safety, Tolerability, Immunogenicity and Efficacy of UB-311 in Mild Alzheimer's Disease (AD) Patients",Phase 2,Biologic,Amyloid,Completed,False,UB-311,ub 311,investigational_therapeutic_unverified,sole investigational candidate identified (UB-311); not yet confirmed via official pipeline,False,,no_match,medium,True,Therapeutic Drug,investigational therapeutic candidate; drug/biological intervention type with no disqualifying evidence found,rule_classification,medium,True
NCT02434718,Single and Multiple Ascending Dose Study of Aducanumab (BIIB037) in Japanese Participants With Alzheimer's Disease,Phase 1,Biologic,Amyloid,Completed,False,Aducanumab,aducanumab,sponsor_developed_therapeutic,official pipeline record matched (Aducanumab) but source_url is blank — verify manually,True,,pipeline_record_match_without_source,medium,True,Therapeutic Drug,confirmed or unsourced official sponsor-pipeline match,rule_classification,medium,False
NCT02051608,A Study of Gantenerumab in Participants With Mild Alzheimer Disease,Phase 3,Biologic,Amyloid,Completed,False,Gantenerumab,gantenerumab,sponsor_developed_therapeutic,official pipeline record matched (Gantenerumab) but source_url is blank — verify manually,True,,pipeline_record_match_without_source,medium,True,Therapeutic Drug,confirmed or unsourced official sponsor-pipeline match,rule_classification,medium,False
NCT00888056,Chronic Electrical Stimulation of Hypothalamus/Fornix in Alzheimer's Disease,Phase 2,Non-Drug/Behavioral,Other,Unknown,False,,,no_therapeutic_candidate,no drug/biological therapeutic candidate found among this trial's interventions,False,,not_applicable,high,False,Exclude,no drug/biological therapeutic candidate found among this trial's interventions,rule_classification,high,False
NCT00965588,"Study to Evaluate Safety, Tolerability and Immunogenicity of Vaccine (UB 311) in Subjects With Alzheimer's Disease",Phase 1,Biologic,Other,Completed,False,UB 311,ub 311,investigational_therapeutic_unverified,sole investigational candidate identified (UB 311); not yet confirmed via official pipeline,False,,no_match,medium,True,Therapeutic Drug,investigational therapeutic candidate; drug/biological intervention type with no disqualifying evidence found,rule_classification,medium,True
NCT00606164,"Safety, Efficacy, Pharmacokinetics, and Pharmacodynamics Study of Bryostatin 1 in Patients With Alzheimer's Disease",Phase 2,Small Molecule,Neuroprotection,Unknown,False,Bryostatin for,bryostatin for,investigational_therapeutic_unverified,sole investigational candidate identified (Bryostatin for); not yet confirmed via official pipeline,False,,no_match,medium,True,Therapeutic Drug,investigational therapeutic candidate; drug/biological intervention type with no disqualifying evidence found,rule_classification,medium,True
NCT00164749,A Pilot Study of Curcumin and Ginkgo for Treating Alzheimer's Disease,Phase 2,Small Molecule,Other,Completed,False,,,no_therapeutic_candidate,"no confirmed or investigational therapeutic candidate found, but this trial has unresolved/uncertain interventions worth a manual look",False,,no_match,low,True,Needs Review,no therapeutic candidate; trial has unresolved/uncertain interventions,rule_classification,low,True
NCT00842673,Preliminary Efficacy and Safety Study of ST101 in Alzheimer's Disease,Phase 2,Small Molecule,Neuroprotection,Completed,False,ST101,st101,investigational_therapeutic_unverified,sole investigational candidate identified (ST101); not yet confirmed via official pipeline,False,,no_match,medium,True,Therapeutic Drug,investigational therapeutic candidate; drug/biological intervention type with no disqualifying evidence found,rule_classification,medium,True
NCT00423085,Efficacy and Safety of Rivastigmine Transdermal Patch in Patients With Mild to Moderate Alzheimer's Disease,Phase 3,Small Molecule,Symptomatic,Completed,False,Rivastigmine patch,rivastigmine patch,investigational_therapeutic_unverified,sole investigational candidate identified (Rivastigmine patch); not yet confirmed via official pipeline,False,,no_match,medium,True,Therapeutic Drug,investigational therapeutic candidate; drug/biological intervention type with no disqualifying evidence found,rule_classification,medium,True
NCT00934050,ELND005 Long-Term Follow-up Study in Subjects With Alzheimer's Disease,Phase 2,Small Molecule,Amyloid,Completed,False,ELND005 (scyllo-inositol),elnd005 scyllo inositol,investigational_therapeutic_unverified,sole investigational candidate identified (ELND005 (scyllo-inositol)); not yet confirmed via official pipeline,False,,no_match,medium,True,Therapeutic Drug,investigational therapeutic candidate; drug/biological intervention type with no disqualifying evidence found,rule_classification,medium,True
NCT00905372,Effect of LY2062430 on the Progression of Alzheimer's Disease,Phase 3,Small Molecule,Other,Completed,False,LY2062430,ly2062430,investigational_therapeutic_unverified,sole investigational candidate identified (LY2062430); not yet confirmed via official pipeline,False,,no_match,medium,True,Therapeutic Drug,investigational therapeutic candidate; drug/biological intervention type with no disqualifying evidence found,rule_classification,medium,True
NCT06736509,"An Open-Label Study to Assess the Long-term Safety of AXS-05 in Subjects With Dementia of the Alzheimer's Type, ADVANCE-2 and ACCORD-2 Extension Study",Phase 3,Small Molecule,Other,Discontinued,False,AXS-05 (dextromethorphan-bupropion),axs 05 dextromethorphan bupropion,investigational_therapeutic_unverified,sole investigational candidate identified (AXS-05 (dextromethorphan-bupropion)); not yet confirmed via official pipeline,False,,no_match,medium,True,Therapeutic Drug,investigational therapeutic candidate; drug/biological intervention type with no disqualifying evidence found,rule_classification,medium,True
NCT00219232,An Open-label Extension to Evaluate the Efficacy and Safety of the Rivastigmine Transdermal Patch in Patients With Probable Alzheimer's Disease,Phase 3,Small Molecule,Symptomatic,Completed,False,Rivastigmine Patch,rivastigmine patch,investigational_therapeutic_unverified,sole investigational candidate identified (Rivastigmine Patch); not yet confirmed via official pipeline,False,,no_match,medium,True,Therapeutic Drug,investigational therapeutic candidate; drug/biological intervention type with no disqualifying evidence found,rule_classification,medium,True
NCT03316898,A FDG-PET Study of AGN-242071 Added to Standard-of-Care (Donepezil ± Memantine) for the Treatment of Participants With Mild to Moderate Alzheimer's Disease,Phase 1,Small Molecule,Symptomatic,Discontinued,False,AGN-242071,agn 242071,investigational_therapeutic_unverified,sole investigational candidate identified (AGN-242071); not yet confirmed via official pipeline,False,,no_match,medium,True,Therapeutic Drug,investigational therapeutic candidate; drug/biological intervention type with no disqualifying evidence found,rule_classification,medium,True
NCT00976118,Activity of Masitinib (AB1010) in Mild to Moderate Alzheimer's Disease,Phase 2,Small Molecule,Other,Completed,False,masitinib (AB1010),masitinib ab1010,investigational_therapeutic_unverified,sole investigational candidate identified (masitinib (AB1010)); not yet confirmed via official pipeline,False,,no_match,medium,True,Therapeutic Drug,investigational therapeutic candidate; drug/biological intervention type with no disqualifying evidence found,rule_classification,medium,True
NCT00090116,The Safety and Efficacy of Neramexane in Patients With Moderate to Severe Alzheimer's Disease,Phase 3,Small Molecule,Other,Completed,False,Neramexane,neramexane,investigational_therapeutic_unverified,sole investigational candidate identified (Neramexane); not yet confirmed via official pipeline,False,,no_match,medium,True,Therapeutic Drug,investigational therapeutic candidate; drug/biological intervention type with no disqualifying evidence found,rule_classification,medium,True
NCT00056225,VITAL - VITamins to Slow ALzheimer's Disease (Homocysteine Study),Phase 3,Small Molecule,Other,Completed,False,,,no_therapeutic_candidate,"no confirmed or investigational therapeutic candidate found, but this trial has unresolved/uncertain interventions worth a manual look",False,,no_match,low,True,Needs Review,no therapeutic candidate; trial has unresolved/uncertain interventions,rule_classification,low,True
NCT00362024,MK0952 in Patients With Mild-to-Moderate Alzheimer's Disease (0952-004)(COMPLETED),Phase 2,Small Molecule,Other,Discontinued,False,MK0952,mk0952,investigational_therapeutic_unverified,sole investigational candidate identified (MK0952); not yet confirmed via official pipeline,False,,no_match,medium,True,Therapeutic Drug,investigational therapeutic candidate; drug/biological intervention type with no disqualifying evidence found,rule_classification,medium,True
NCT02386306,"Study Evaluating Safety, Tolerability, and PK of Multiple Ascending Doses of GC021109 in Subjects With Mild to Moderate Alzheimer's Disease",Phase 1,Small Molecule,Other,Completed,False,GC021109,gc021109,investigational_therapeutic_unverified,sole investigational candidate identified (GC021109); not yet confirmed via official pipeline,False,,no_match,medium,True,Therapeutic Drug,investigational therapeutic candidate; drug/biological intervention type with no disqualifying evidence found,rule_classification,medium,True
NCT00459550,A Clinical Study to Assess Single and Repeat Doses of a New Medication (GSK933776) in Patients With Alzheimer's Disease,Phase 1,Small Molecule,Other,Completed,False,GSK933776,gsk933776,investigational_therapeutic_unverified,sole investigational candidate identified (GSK933776); not yet confirmed via official pipeline,False,,no_match,medium,True,Therapeutic Drug,investigational therapeutic candidate; drug/biological intervention type with no disqualifying evidence found,rule_classification,medium,True
NCT00380276,Open-Label Treatment With MPC-7869 for Patients With Alzheimer's Who Previously Participated in an MPC-7869 Protocol,Phase 3,Small Molecule,Amyloid,Discontinued,False,MPC-7869,mpc 7869,investigational_therapeutic_unverified,sole investigational candidate identified (MPC-7869); not yet confirmed via official pipeline,False,,no_match,medium,True,Therapeutic Drug,investigational therapeutic candidate; drug/biological intervention type with no disqualifying evidence found,rule_classification,medium,True
NCT01397539,Single Ascending Dose Study of BIIB037 in Participants With Alzheimer's Disease,Phase 1,Small Molecule,Other,Completed,False,Aducanumab,aducanumab,sponsor_developed_therapeutic,official pipeline record matched (Aducanumab) but source_url is blank — verify manually,True,,pipeline_record_match_without_source,medium,True,Therapeutic Drug,confirmed or unsourced official sponsor-pipeline match,rule_classification,medium,False
NCT00478205,Comparison of 23 mg Donepezil Sustained Release (SR) to 10 mg Donepezil Immediate Release (IR) in Patients With Moderate to Severe Alzheimer's Disease,Phase 3,Small Molecule,Symptomatic,Completed,False,,,no_therapeutic_candidate,"no confirmed or investigational therapeutic candidate found, but this trial has unresolved/uncertain interventions worth a manual look",False,,no_match,low,True,Needs Review,no therapeutic candidate; trial has unresolved/uncertain interventions,rule_classification,low,True
NCT00753662,Deep Transcranial Magnetic Stimulation in Patients With Alzheimer's Disease,Phase 2,Device,Other,Unknown,False,,,no_therapeutic_candidate,no drug/biological therapeutic candidate found among this trial's interventions,False,,not_applicable,high,False,Exclude,no drug/biological therapeutic candidate found among this trial's interventions,rule_classification,high,False
NCT02640092,Longitudinal Evaluation of [18F]GTP1 as a PET Radioligand for Imaging Tau in the Brain of Participants With Alzheimer's Disease Compared to Healthy Participants,Phase 1,Small Molecule,Tau,Completed,False,,,no_therapeutic_candidate,no drug/biological therapeutic candidate found among this trial's interventions,False,,not_applicable,high,False,Exclude,no drug/biological therapeutic candidate found among this trial's interventions,rule_classification,high,False
NCT00594568,Effect of LY450139 on the Long Term Progression of Alzheimer's Disease,Phase 3,Small Molecule,Amyloid,Completed,False,LY450139,ly450139,investigational_therapeutic_unverified,sole investigational candidate identified (LY450139); not yet confirmed via official pipeline,False,,no_match,medium,True,Therapeutic Drug,investigational therapeutic candidate; drug/biological intervention type with no disqualifying evidence found,rule_classification,medium,True
NCT00804271,Memantine and Validation of a New Alzheimer's Disease Scale,Phase 3,Small Molecule,Symptomatic,Completed,False,memantine,memantine,investigational_therapeutic_unverified,sole investigational candidate identified (memantine); not yet confirmed via official pipeline,False,,no_match,medium,True,Therapeutic Drug,investigational therapeutic candidate; drug/biological intervention type with no disqualifying evidence found,rule_classification,medium,True
NCT01399125,"A 24-Week Efficacy, Safety and Tolerability of Rivastigmine Patch Study in Patients With Probable Alzheimer's Disease",Phase 3,Small Molecule,Symptomatic,Completed,False,,,no_therapeutic_candidate,"no confirmed or investigational therapeutic candidate found, but this trial has unresolved/uncertain interventions worth a manual look",False,,no_match,low,True,Needs Review,no therapeutic candidate; trial has unresolved/uncertain interventions,rule_classification,low,True
NCT01548430,A Safety Study of TTP4000 in Subjects With Alzheimer's Disease,Phase 1,Small Molecule,Other,Completed,False,TTP4000,ttp4000,investigational_therapeutic_unverified,sole investigational candidate identified (TTP4000); not yet confirmed via official pipeline,False,,no_match,medium,True,Therapeutic Drug,investigational therapeutic candidate; drug/biological intervention type with no disqualifying evidence found,rule_classification,medium,True
NCT00684944,Open Label Study of TRx0014 in Alzheimer's Disease,Phase 2,Small Molecule,Tau,Completed,False,TRx0014,trx0014,investigational_therapeutic_unverified,sole investigational candidate identified (TRx0014); not yet confirmed via official pipeline,False,,no_match,medium,True,Therapeutic Drug,investigational therapeutic candidate; drug/biological intervention type with no disqualifying evidence found,rule_classification,medium,True
NCT00988598,"A Brief Study To Evaluate The Safety, Tolerability, And Blood Levels Of Multiple Doses Of PF-044467943 Or Placebo In Combination With Donepezil In Subjects With Mild To Moderate Alzheimer's Disease",Phase 1,Small Molecule,Neuroprotection,Completed,False,PF-04447943,pf 04447943,investigational_therapeutic_unverified,sole investigational candidate identified (PF-04447943); not yet confirmed via official pipeline,False,,no_match,medium,True,Therapeutic Drug,investigational therapeutic candidate; drug/biological intervention type with no disqualifying evidence found,rule_classification,medium,True
NCT00555204,Safety and Efficacy Study of ABT-089 in Adults With Mild to Moderate Alzheimer's Disease,Phase 2,Small Molecule,Symptomatic,Discontinued,False,ABT-089,abt 089,investigational_therapeutic_unverified,sole investigational candidate identified (ABT-089); not yet confirmed via official pipeline,False,,no_match,medium,True,Therapeutic Drug,investigational therapeutic candidate; drug/biological intervention type with no disqualifying evidence found,rule_classification,medium,True
NCT00224497,A Dose Ranging Study To Investigate The Efficacy And Safety Of SB-742457 In Alzheimer's Disease,Phase 2,Small Molecule,Symptomatic,Completed,False,SB-742457,sb 742457,investigational_therapeutic_unverified,sole investigational candidate identified (SB-742457); not yet confirmed via official pipeline,False,,no_match,medium,True,Therapeutic Drug,investigational therapeutic candidate; drug/biological intervention type with no disqualifying evidence found,rule_classification,medium,True
NCT00384423,Short Term Effects of PRX-03140 in Patients With Mild Alzheimer's Disease Being Treated With Aricept,Phase 2,Small Molecule,Symptomatic,Completed,False,PRX-03140,prx 03140,investigational_therapeutic_unverified,sole investigational candidate identified (PRX-03140); not yet confirmed via official pipeline,False,,no_match,medium,True,Therapeutic Drug,investigational therapeutic candidate; drug/biological intervention type with no disqualifying evidence found,rule_classification,medium,True
NCT01485302,Single and Repeated Dosing Study to Assess the Safety and the Concentration-time Profile of SAR228810 in Alzheimer's Patients,Phase 1,Small Molecule,Amyloid,Completed,False,SAR228810,sar228810,investigational_therapeutic_unverified,sole investigational candidate identified (SAR228810); not yet confirmed via official pipeline,False,,no_match,medium,True,Therapeutic Drug,investigational therapeutic candidate; drug/biological intervention type with no disqualifying evidence found,rule_classification,medium,True
NCT01527916,Evaluate the Efficacy and Safety of ABT-126 in Subjects With Mild to Moderate Alzheimer's Disease,Phase 2,Small Molecule,Symptomatic,Completed,False,ABT-126,abt 126,investigational_therapeutic_unverified,sole investigational candidate identified (ABT-126); not yet confirmed via official pipeline,False,,no_match,medium,True,Therapeutic Drug,investigational therapeutic candidate; drug/biological intervention type with no disqualifying evidence found,rule_classification,medium,True
NCT02423200,"Clinical Pharmacology of p38 MAP Kinase Inhibitor, VX-745, in Mild Cognitive Impairment Due to Alzheimer's Disease (AD) or Mild AD",Phase 2,Small Molecule,Other,Completed,False,VX-745,vx 745,investigational_therapeutic_unverified,sole investigational candidate identified (VX-745); not yet confirmed via official pipeline,False,,no_match,medium,True,Therapeutic Drug,investigational therapeutic candidate; drug/biological intervention type with no disqualifying evidence found,rule_classification,medium,True
NCT00814801,An Efficacy and Safety Study of Galantamine for the Treatment of Patients With Alzheimer's Disease,Phase 3,Small Molecule,Symptomatic,Completed,False,,,no_therapeutic_candidate,"no confirmed or investigational therapeutic candidate found, but this trial has unresolved/uncertain interventions worth a manual look",False,,no_match,low,True,Needs Review,no therapeutic candidate; trial has unresolved/uncertain interventions,rule_classification,low,True
NCT01019421,Lu AE58054 Added to Donepezil for the Treatment for Moderate Alzheimer's Disease,Phase 2,Small Molecule,Symptomatic,Completed,False,Lu AE58054,lu ae58054,investigational_therapeutic_unverified,sole investigational candidate identified (Lu AE58054); not yet confirmed via official pipeline,False,,no_match,medium,True,Therapeutic Drug,investigational therapeutic candidate; drug/biological intervention type with no disqualifying evidence found,rule_classification,medium,True
NCT02244541,"Phase 2a Dose Finding, PK/PD and 12 Month Exploratory Efficacy Study of ANAVEX2-73 in Patients With Alzheimer's Disease",Phase 2,Small Molecule,Neuroprotection,Completed,False,ANAVEX2-73; ANAVEX2-73 Intravenous,anavex2 73 anavex2 73 intravenous,investigational_therapeutic_unverified,multiple unverified investigational candidates found (ANAVEX2-73; ANAVEX2-73 Intravenous) — could not resolve to a single drug,False,,multiple_candidates_unresolved,low,True,Needs Review,multiple distinct unverified candidates found in one trial — scope not determined at trial level,rule_classification,low,True
NCT01482845,"A Phase 1 Study of the Safety, Tolerability and Pharmacokinetics of ABT-126 in Subjects With Alzheimer's Disease",Phase 1,Small Molecule,Symptomatic,Completed,False,ABT-126,abt 126,investigational_therapeutic_unverified,sole investigational candidate identified (ABT-126); not yet confirmed via official pipeline,False,,no_match,medium,True,Therapeutic Drug,investigational therapeutic candidate; drug/biological intervention type with no disqualifying evidence found,rule_classification,medium,True
NCT01852110,Efficacy and Safety of MK-7622 as Adjunct Therapy in Participants With Alzheimer's Disease (MK-7622-012),Phase 2,Small Molecule,Other,Discontinued,False,MK-7622,mk 7622,investigational_therapeutic_unverified,sole investigational candidate identified (MK-7622); not yet confirmed via official pipeline,False,,no_match,medium,True,Therapeutic Drug,investigational therapeutic candidate; drug/biological intervention type with no disqualifying evidence found,rule_classification,medium,True
NCT00842816,Preliminary Efficacy and Safety Study of ST101 Plus Aricept in Alzheimer's Disease,Phase 2,Small Molecule,Neuroprotection,Completed,False,ST101,st101,investigational_therapeutic_unverified,sole investigational candidate identified (ST101); not yet confirmed via official pipeline,False,,no_match,medium,True,Therapeutic Drug,investigational therapeutic candidate; drug/biological intervention type with no disqualifying evidence found,rule_classification,medium,True
NCT01148498,A Biomarker Study of Solanezumab in Patients With and Without Alzheimer's,Phase 2,Biologic,Amyloid,Completed,False,solanezumab,solanezumab,investigational_therapeutic_unverified,sole investigational candidate identified (solanezumab); not yet confirmed via official pipeline,False,,no_match,medium,True,Therapeutic Drug,investigational therapeutic candidate; drug/biological intervention type with no disqualifying evidence found,rule_classification,medium,True
NCT00105105,Mifepristone as Adjunctive Therapy in Alzheimer's Disease,Phase 2,Small Molecule,Other,Discontinued,False,Mifepristone,mifepristone,investigational_therapeutic_unverified,sole investigational candidate identified (Mifepristone); not yet confirmed via official pipeline,False,,no_match,medium,True,Therapeutic Drug,investigational therapeutic candidate; drug/biological intervention type with no disqualifying evidence found,rule_classification,medium,True
NCT02079246,Long-term Safety and Tolerability of Idalopirdine (Lu AE58054) as Adjunctive Treatment to Donepezil in Patients With Mild-moderate Alzheimer's Disease,Phase 3,Small Molecule,Symptomatic,Completed,False,Idalopirdine,idalopirdine,investigational_therapeutic_unverified,sole investigational candidate identified (Idalopirdine); not yet confirmed via official pipeline,False,,no_match,medium,True,Therapeutic Drug,investigational therapeutic candidate; drug/biological intervention type with no disqualifying evidence found,rule_classification,medium,True
NCT01094340,Thalidomide for Patients With Mild to Moderate Alzheimer's Disease,Phase 3,Small Molecule,Other,Unknown,False,Thalidomide,thalidomide,investigational_therapeutic_unverified,sole investigational candidate identified (Thalidomide); not yet confirmed via official pipeline,False,,no_match,medium,True,Therapeutic Drug,investigational therapeutic candidate; drug/biological intervention type with no disqualifying evidence found,rule_classification,medium,True
NCT00244322,Effects of LY450139 Dihydrate on Subjects With Mild to Moderate Alzheimer's Disease,Phase 2,Small Molecule,Amyloid,Completed,False,LY450139 dihydrate,ly450139 dihydrate,investigational_therapeutic_unverified,sole investigational candidate identified (LY450139 dihydrate); not yet confirmed via official pipeline,False,,no_match,medium,True,Therapeutic Drug,investigational therapeutic candidate; drug/biological intervention type with no disqualifying evidence found,rule_classification,medium,True
NCT00093951,SGS742 in Patients With Mild to Moderate Alzheimer's Disease (AD),Phase 2,Small Molecule,Other,Completed,False,SGS742,sgs742,investigational_therapeutic_unverified,sole investigational candidate identified (SGS742); not yet confirmed via official pipeline,False,,no_match,medium,True,Therapeutic Drug,investigational therapeutic candidate; drug/biological intervention type with no disqualifying evidence found,rule_classification,medium,True
NCT02550665,Optimal Dose Escalation Strategy to Successful Achievement of High Dose Donepezil 23mg,Phase 3,Small Molecule,Symptomatic,Completed,False,donepezil,donepezil,investigational_therapeutic_unverified,sole investigational candidate identified (donepezil); not yet confirmed via official pipeline,False,,no_match,medium,True,Therapeutic Drug,investigational therapeutic candidate; drug/biological intervention type with no disqualifying evidence found,rule_classification,medium,True
NCT01723826,A Long-Term Safety Extension of Studies ABE4869g and ABE4955g in Participants With Mild to Moderate Alzheimer's Disease Treated With Crenezumab,Phase 2,Biologic,Amyloid,Completed,False,Crenezumab,crenezumab,investigational_therapeutic_unverified,sole investigational candidate identified (Crenezumab); not yet confirmed via official pipeline,False,,no_match,medium,True,Therapeutic Drug,investigational therapeutic candidate; drug/biological intervention type with no disqualifying evidence found,rule_classification,medium,True
NCT01676935,This is a Safety and Tolerability Study Evaluating a New Treatment for Subjects With Mild to Moderate Alzheimer's Disease,Phase 2,Small Molecule,Symptomatic,Discontinued,False,ABT-126,abt 126,investigational_therapeutic_unverified,sole investigational candidate identified (ABT-126); not yet confirmed via official pipeline,False,,no_match,medium,True,Therapeutic Drug,investigational therapeutic candidate; drug/biological intervention type with no disqualifying evidence found,rule_classification,medium,True
NCT00736775,"A Study of the Safety, Pharmacokinetics, Pharmacodynamics, and Immunogenicity of Anti-Abeta (MABT5102A) in Patients With Alzheimer's Disease",Phase 1,Small Molecule,Amyloid,Completed,False,anti-Abeta,anti abeta,investigational_therapeutic_unverified,sole investigational candidate identified (anti-Abeta); not yet confirmed via official pipeline,False,,no_match,medium,True,Therapeutic Drug,investigational therapeutic candidate; drug/biological intervention type with no disqualifying evidence found,rule_classification,medium,True
NCT01690195,Safety and Tolerability Study Evaluating a New Treatment for Subjects With Mild to Moderate Alzheimer's Disease,Phase 2,Small Molecule,Symptomatic,Discontinued,False,ABT-126,abt 126,investigational_therapeutic_unverified,sole investigational candidate identified (ABT-126); not yet confirmed via official pipeline,False,,no_match,medium,True,Therapeutic Drug,investigational therapeutic candidate; drug/biological intervention type with no disqualifying evidence found,rule_classification,medium,True
NCT00117403,Anti-Oxidant Treatment of Alzheimer's Disease,Phase 1,Small Molecule,Other,Completed,False,,,no_therapeutic_candidate,"no confirmed or investigational therapeutic candidate found, but this trial has unresolved/uncertain interventions worth a manual look",False,,no_match,low,True,Needs Review,no therapeutic candidate; trial has unresolved/uncertain interventions,rule_classification,low,True
NCT01547689,Safety and Efficiency of Umbilical Cord-derived Mesenchymal Stem Cells(UC-MSC) in Patients With Alzheimer's Disease,Phase 2,Biologic,Other,Unknown,False,Human Umbilical Cord Derived MSC,human umbilical cord derived msc,investigational_therapeutic_unverified,sole investigational candidate identified (Human Umbilical Cord Derived MSC); not yet confirmed via official pipeline,False,,no_match,medium,True,Therapeutic Drug,investigational therapeutic candidate; drug/biological intervention type with no disqualifying evidence found,rule_classification,medium,True
NCT00299988,Phase II Study of Intravenous Immunoglobulin (IVIg) for Alzheimer's Disease,Phase 2,Biologic,Other,Discontinued,False,Intravenous Immunoglobulin,intravenous immunoglobulin,investigational_therapeutic_unverified,sole investigational candidate identified (Intravenous Immunoglobulin); not yet confirmed via official pipeline,False,,no_match,medium,True,Therapeutic Drug,investigational therapeutic candidate; drug/biological intervention type with no disqualifying evidence found,rule_classification,medium,True
NCT00693004,Study of PRX-03140 Monotherapy in Subjects With Alzheimer's Disease,Phase 2,Small Molecule,Symptomatic,Discontinued,False,PRX-03140,prx 03140,investigational_therapeutic_unverified,sole investigational candidate identified (PRX-03140); not yet confirmed via official pipeline,False,,no_match,medium,True,Therapeutic Drug,investigational therapeutic candidate; drug/biological intervention type with no disqualifying evidence found,rule_classification,medium,True
NCT00704782,Study of Combination Therapy With Dimebon and Donepezil (Aricept) in Patients With Alzheimer's Disease,Phase 2,Small Molecule,Neuroprotection,Discontinued,False,dimebon,dimebon,investigational_therapeutic_unverified,sole investigational candidate identified (dimebon); not yet confirmed via official pipeline,False,,no_match,medium,True,Therapeutic Drug,investigational therapeutic candidate; drug/biological intervention type with no disqualifying evidence found,rule_classification,medium,True
NCT00795418,Safety and Tolerability of Repeated Subcutaneous Injections of CAD 106 in Mild Alzheimer's Patients,Phase 2,Biologic,Amyloid,Completed,False,CAD106,cad106,investigational_therapeutic_unverified,sole investigational candidate identified (CAD106); not yet confirmed via official pipeline,False,,no_match,medium,True,Therapeutic Drug,investigational therapeutic candidate; drug/biological intervention type with no disqualifying evidence found,rule_classification,medium,True
NCT00843518,Treatment for Aggression and Agitation in Patients With Alzheimer's Disease,Phase 2,Small Molecule,Neuropsychiatric,Completed,False,LY451395,ly451395,investigational_therapeutic_unverified,sole investigational candidate identified (LY451395); not yet confirmed via official pipeline,False,,no_match,medium,True,Therapeutic Drug,investigational therapeutic candidate; drug/biological intervention type with no disqualifying evidence found,rule_classification,medium,True
NCT00454870,Safety and Efficacy of MEM 3454 Versus Placebo in Patients With Mild to Moderate Alzheimer's Disease,Phase 2,Small Molecule,Other,Completed,False,MEM 3454,mem 3454,investigational_therapeutic_unverified,sole investigational candidate identified (MEM 3454); not yet confirmed via official pipeline,False,,no_match,medium,True,Therapeutic Drug,investigational therapeutic candidate; drug/biological intervention type with no disqualifying evidence found,rule_classification,medium,True
NCT01282619,Study of Huperzine A Sustained-Release Tablets in Patients With Alzheimer's Disease,Phase 3,Small Molecule,Symptomatic,Unknown,False,Huperzine A,huperzine a,investigational_therapeutic_unverified,sole investigational candidate identified (Huperzine A); not yet confirmed via official pipeline,False,,no_match,medium,True,Therapeutic Drug,investigational therapeutic candidate; drug/biological intervention type with no disqualifying evidence found,rule_classification,medium,True
NCT00876863,"Randomized, Controlled Study Evaluating CERE-110 in Subjects With Mild to Moderate Alzheimer's Disease",Phase 2,Small Molecule,Other,Completed,False,CERE-110: Adeno-Associated Virus Surgery,cere 110 adeno associated virus surgery,investigational_therapeutic_unverified,sole investigational candidate identified (CERE-110: Adeno-Associated Virus Surgery); not yet confirmed via official pipeline,False,,no_match,medium,True,Therapeutic Drug,investigational therapeutic candidate; drug/biological intervention type with no disqualifying evidence found,rule_classification,medium,True
NCT01193608,Study Evaluating The Safety Of AAB-003 (PF-05236812) In Subjects With Alzheimer's Disease,Phase 1,Small Molecule,Amyloid,Completed,False,AAB-003 (PF-05236812),aab 003 pf 05236812,investigational_therapeutic_unverified,sole investigational candidate identified (AAB-003 (PF-05236812)); not yet confirmed via official pipeline,False,,no_match,medium,True,Therapeutic Drug,investigational therapeutic candidate; drug/biological intervention type with no disqualifying evidence found,rule_classification,medium,True
NCT01120002,Efficacy and Safety of Tamibarotene (OAM80) for Alzheimer's Disease,Phase 2,Small Molecule,Other,Unknown,False,Tamibarotene,tamibarotene,investigational_therapeutic_unverified,sole investigational candidate identified (Tamibarotene); not yet confirmed via official pipeline,False,,no_match,medium,True,Therapeutic Drug,investigational therapeutic candidate; drug/biological intervention type with no disqualifying evidence found,rule_classification,medium,True
NCT00420420,MK0249 for the Symptomatic Treatment of Alzheimer's Disease (MK0249-011),Phase 2,Small Molecule,Other,Completed,False,MK0249,mk0249,investigational_therapeutic_unverified,sole investigational candidate identified (MK0249); not yet confirmed via official pipeline,False,,no_match,medium,True,Therapeutic Drug,investigational therapeutic candidate; drug/biological intervention type with no disqualifying evidence found,rule_classification,medium,True
NCT00948909,Efficacy and Safety Study for Subjects With Mild-to-Moderate Alzheimer's Disease,Phase 2,Small Molecule,Symptomatic,Completed,False,ABT-126,abt 126,investigational_therapeutic_unverified,sole investigational candidate identified (ABT-126); not yet confirmed via official pipeline,False,,no_match,medium,True,Therapeutic Drug,investigational therapeutic candidate; drug/biological intervention type with no disqualifying evidence found,rule_classification,medium,True
NCT01137526,Efficacy and Safety Study of ABT-384 in Subjects With Mild-to-Moderate Alzheimer's Disease,Phase 2,Small Molecule,Symptomatic,Completed,False,ABT-384,abt 384,investigational_therapeutic_unverified,sole investigational candidate identified (ABT-384); not yet confirmed via official pipeline,False,,no_match,medium,True,Therapeutic Drug,investigational therapeutic candidate; drug/biological intervention type with no disqualifying evidence found,rule_classification,medium,True
NCT01739348,An Efficacy and Safety Trial of Verubecestat (MK-8931) in Mild to Moderate Alzheimer's Disease (P07738),Phase 3,Small Molecule,Amyloid,Discontinued,False,Verubecestat; Verubecestat (Part II),verubecestat verubecestat part ii,investigational_therapeutic_unverified,multiple unverified investigational candidates found (Verubecestat; Verubecestat (Part II)) — could not resolve to a single drug,False,,multiple_candidates_unresolved,low,True,Needs Review,multiple distinct unverified candidates found in one trial — scope not determined at trial level,rule_classification,low,True
NCT01018875,Efficacy and Safety Study of ABT-288 in Subjects With Mild-to-Moderate Alzheimer's Disease,Phase 2,Small Molecule,Symptomatic,Completed,False,ABT-288,abt 288,investigational_therapeutic_unverified,sole investigational candidate identified (ABT-288); not yet confirmed via official pipeline,False,,no_match,medium,True,Therapeutic Drug,investigational therapeutic candidate; drug/biological intervention type with no disqualifying evidence found,rule_classification,medium,True
NCT02579252,24 Months Safety and Efficacy Study of AADvac1 in Patients With Mild Alzheimer's Disease,Phase 2,Biologic,Other,Completed,False,AADvac1,aadvac1,investigational_therapeutic_unverified,sole investigational candidate identified (AADvac1); not yet confirmed via official pipeline,False,,no_match,medium,True,Therapeutic Drug,investigational therapeutic candidate; drug/biological intervention type with no disqualifying evidence found,rule_classification,medium,True
NCT01066546,An Extension To The B1451006 Protocol To Evaluate The Safety and Efficacy of Dimebon In Subjects With Moderate-to-Severe Alzheimer's Disease,Phase 3,Small Molecule,Neuroprotection,Discontinued,False,Dimebon for administration,dimebon for administration,investigational_therapeutic_unverified,sole investigational candidate identified (Dimebon for administration); not yet confirmed via official pipeline,False,,no_match,medium,True,Therapeutic Drug,investigational therapeutic candidate; drug/biological intervention type with no disqualifying evidence found,rule_classification,medium,True
NCT00672945,A Study of PRX-03140 in Subjects With Alzheimer's Disease Receiving a Stable Dose of Donepezil,Phase 2,Small Molecule,Symptomatic,Discontinued,False,PRX-03140,prx 03140,investigational_therapeutic_unverified,sole investigational candidate identified (PRX-03140); not yet confirmed via official pipeline,False,,no_match,medium,True,Therapeutic Drug,investigational therapeutic candidate; drug/biological intervention type with no disqualifying evidence found,rule_classification,medium,True
NCT00411580,Safety and Tolerability Study in Patients With Mild to Moderate Alzheimer's Disease (AD),Phase 1,Biologic,Amyloid,Completed,False,CAD106,cad106,investigational_therapeutic_unverified,sole investigational candidate identified (CAD106); not yet confirmed via official pipeline,False,,no_match,medium,True,Therapeutic Drug,investigational therapeutic candidate; drug/biological intervention type with no disqualifying evidence found,rule_classification,medium,True
NCT01677572,"Multiple Dose Study of Aducanumab (BIIB037) (Recombinant, Fully Human Anti-Aβ IgG1 mAb) in Participants With Prodromal or Mild Alzheimer's Disease",Phase 1,Biologic,Amyloid,Discontinued,False,"Aducanumab (recombinant, fully human anti-Aβ IgG1 mAb)",aducanumab recombinant fully human anti a igg1 mab,investigational_therapeutic_unverified,"sole investigational candidate identified (Aducanumab (recombinant, fully human anti-Aβ IgG1 mAb)); not yet confirmed via official pipeline",False,,no_match,medium,True,Therapeutic Drug,investigational therapeutic candidate; drug/biological intervention type with no disqualifying evidence found,rule_classification,medium,True
NCT00257673,Safety and Efficacy of MEM 1003 Versus Placebo in Patients With Mild to Moderate Alzheimer's Disease,Phase 2,Small Molecule,Neuroprotection,Completed,False,MEM 1003,mem 1003,investigational_therapeutic_unverified,sole investigational candidate identified (MEM 1003); not yet confirmed via official pipeline,False,,no_match,medium,True,Therapeutic Drug,investigational therapeutic candidate; drug/biological intervention type with no disqualifying evidence found,rule_classification,medium,True
NCT02626572,Efficacy and Safety of 3 Doses of S47445 Versus Placebo in Patients With Alzheimer's Disease at Mild to Moderate Stages With Depressive Symptoms,Phase 2,Small Molecule,Neuropsychiatric,Completed,False,S47445,s47445,investigational_therapeutic_unverified,sole investigational candidate identified (S47445); not yet confirmed via official pipeline,False,,no_match,medium,True,Therapeutic Drug,investigational therapeutic candidate; drug/biological intervention type with no disqualifying evidence found,rule_classification,medium,True
NCT00001933,Nefiracetam in the Treatment of Alzheimer's Disease,Phase 2,Small Molecule,Other,Completed,False,Nefiracetam,nefiracetam,investigational_therapeutic_unverified,sole investigational candidate identified (Nefiracetam); not yet confirmed via official pipeline,False,,no_match,medium,True,Therapeutic Drug,investigational therapeutic candidate; drug/biological intervention type with no disqualifying evidence found,rule_classification,medium,True
NCT01224106,A Study of Gantenerumab in Participants With Prodromal Alzheimer's Disease,Phase 3,Biologic,Amyloid,Completed,False,Gantenerumab,gantenerumab,sponsor_developed_therapeutic,official pipeline record matched (Gantenerumab) but source_url is blank — verify manually,True,,pipeline_record_match_without_source,medium,True,Therapeutic Drug,confirmed or unsourced official sponsor-pipeline match,rule_classification,medium,False
NCT00443417,A Trial of SK-PC-B70M in Mild to Moderate Alzheimer's Disease,Phase 2,Small Molecule,Other,Completed,False,SK-PC-B70M,sk pc b70m,investigational_therapeutic_unverified,sole investigational candidate identified (SK-PC-B70M); not yet confirmed via official pipeline,False,,no_match,medium,True,Therapeutic Drug,investigational therapeutic candidate; drug/biological intervention type with no disqualifying evidence found,rule_classification,medium,True
NCT00203359,TNF-Alpha Inhibition for Treatment of Alzheimer's Disease,Phase 1,Small Molecule,Inflammation,Completed,False,etanercept given by perispinal administration,etanercept given by perispinal administration,investigational_therapeutic_unverified,sole investigational candidate identified (etanercept given by perispinal administration); not yet confirmed via official pipeline,False,,no_match,medium,True,Therapeutic Drug,investigational therapeutic candidate; drug/biological intervention type with no disqualifying evidence found,rule_classification,medium,True
NCT00428090,Rosiglitazone (Extended Release Tablets) As Monotherapy In Subjects With Mild To Moderate Alzheimer's Disease,Phase 3,Small Molecule,Metabolism,Completed,False,Rosiglitazone,rosiglitazone,investigational_therapeutic_unverified,sole investigational candidate identified (Rosiglitazone); not yet confirmed via official pipeline,False,,no_match,medium,True,Therapeutic Drug,investigational therapeutic candidate; drug/biological intervention type with no disqualifying evidence found,rule_classification,medium,True
NCT00428389,Safety of Switching From Donepezil to Rivastigmine Patch in Patients With Probable Alzheimer's Disease,Phase 3,Small Molecule,Symptomatic,Completed,False,,,no_therapeutic_candidate,"no confirmed or investigational therapeutic candidate found, but this trial has unresolved/uncertain interventions worth a manual look",False,,no_match,low,True,Needs Review,no therapeutic candidate; trial has unresolved/uncertain interventions,rule_classification,low,True
NCT00231946,ALADDIN Study - Phase III: Antigonadotropin-Leuprolide in Alzheimer's Disease Drug INvestigation (VP-AD-301),Phase 3,Small Molecule,Other,Completed,False,VP4896,vp4896,investigational_therapeutic_unverified,sole investigational candidate identified (VP4896); not yet confirmed via official pipeline,False,,no_match,medium,True,Therapeutic Drug,investigational therapeutic candidate; drug/biological intervention type with no disqualifying evidence found,rule_classification,medium,True
NCT01496170,"A Study of the Safety, Tolerability, and Pharmacodynamics of MK-8931 in Participants With Alzheimer's Disease (MK-8931-010 AM1 [P07820 AM1])",Phase 1,Small Molecule,Amyloid,Completed,False,MK-8931,mk 8931,investigational_therapeutic_unverified,sole investigational candidate identified (MK-8931); not yet confirmed via official pipeline,False,,no_match,medium,True,Therapeutic Drug,investigational therapeutic candidate; drug/biological intervention type with no disqualifying evidence found,rule_classification,medium,True
NCT00203320,TNF-Alpha Inhibition for Treatment of Alzheimer's Disease,Phase 1,Small Molecule,Inflammation,Completed,False,etanercept given by perispinal administration,etanercept given by perispinal administration,investigational_therapeutic_unverified,sole investigational candidate identified (etanercept given by perispinal administration); not yet confirmed via official pipeline,False,,no_match,medium,True,Therapeutic Drug,investigational therapeutic candidate; drug/biological intervention type with no disqualifying evidence found,rule_classification,medium,True
NCT00142805,Tricaprilin in Mild to Moderate Alzheimer's Disease,Phase 2,Small Molecule,Metabolism,Completed,False,Tricaprilin,tricaprilin,investigational_therapeutic_unverified,sole investigational candidate identified (Tricaprilin); not yet confirmed via official pipeline,False,,no_match,medium,True,Therapeutic Drug,investigational therapeutic candidate; drug/biological intervention type with no disqualifying evidence found,rule_classification,medium,True
NCT01549834,Evaluate the Efficacy and Safety of ABT-126 in Subjects With Mild to Moderate Alzheimer's Disease on Stable Doses of Acetylcholinesterase Inhibitors,Phase 2,Small Molecule,Symptomatic,Completed,False,ABT-126,abt 126,investigational_therapeutic_unverified,sole investigational candidate identified (ABT-126); not yet confirmed via official pipeline,False,,no_match,medium,True,Therapeutic Drug,investigational therapeutic candidate; drug/biological intervention type with no disqualifying evidence found,rule_classification,medium,True
NCT01459016,A Non-drug Methods Study in Participants With Alzheimer's Disease,Phase 1,Non-Drug/Behavioral,Amyloid,Completed,False,,,no_therapeutic_candidate,no drug/biological therapeutic candidate found among this trial's interventions,False,,not_applicable,high,False,Exclude,no drug/biological therapeutic candidate found among this trial's interventions,rule_classification,high,False
NCT01492374,"Study to Evaluate the Safety, Tolerability and the Effect of BMS-241027 on Cerebrospinal Fluid Biomarkers in Subjects With Mild Alzheimer's Disease",Phase 1,Small Molecule,Other,Completed,False,BMS-241027,bms 241027,investigational_therapeutic_unverified,sole investigational candidate identified (BMS-241027); not yet confirmed via official pipeline,False,,no_match,medium,True,Therapeutic Drug,investigational therapeutic candidate; drug/biological intervention type with no disqualifying evidence found,rule_classification,medium,True
NCT01343966,A Study to Evaluate the Efficacy and Safety of MABT5102A in Patients With Mild to Moderate Alzheimer's Disease (ABBY),Phase 2,Biologic,Amyloid,Completed,False,MABT5102A,mabt5102a,investigational_therapeutic_unverified,sole investigational candidate identified (MABT5102A); not yet confirmed via official pipeline,False,,no_match,medium,True,Therapeutic Drug,investigational therapeutic candidate; drug/biological intervention type with no disqualifying evidence found,rule_classification,medium,True
NCT01254773,Amyloid Imaging And Safety Study Of Subcutaneous Bapineuzumab In Subjects With Mild to Moderate Alzheimer's Disease,Phase 2,Biologic,Amyloid,Completed,False,Experimental Bapineuzumab,experimental bapineuzumab,investigational_therapeutic_unverified,sole investigational candidate identified (Experimental Bapineuzumab); not yet confirmed via official pipeline,False,,no_match,medium,True,Therapeutic Drug,investigational therapeutic candidate; drug/biological intervention type with no disqualifying evidence found,rule_classification,medium,True
NCT00880412,A Study to Determine the Clinical Safety/Tolerability and Exploratory Efficacy of EHT 0202 as Adjunctive Therapy to Acetylcholinesterase Inhibitor in Mild to Moderate Alzheimer's Disease,Phase 2,Small Molecule,Symptomatic,Completed,False,EHT 0202 etazolate,eht 0202 etazolate,investigational_therapeutic_unverified,sole investigational candidate identified (EHT 0202 etazolate); not yet confirmed via official pipeline,False,,no_match,medium,True,Therapeutic Drug,investigational therapeutic candidate; drug/biological intervention type with no disqualifying evidence found,rule_classification,medium,True
NCT01712074,Study Evaluating TheSafety And Efficacy Of PF-05212377 Or Placebo In Subjects With Alzheimer's Disease With Existing Neuropsychiatric Symptoms On Donepezil,Phase 2,Small Molecule,Symptomatic,Discontinued,False,PF-05212377 (SAM-760),pf 05212377 sam 760,investigational_therapeutic_unverified,sole investigational candidate identified (PF-05212377 (SAM-760)); not yet confirmed via official pipeline,False,,no_match,medium,True,Therapeutic Drug,investigational therapeutic candidate; drug/biological intervention type with no disqualifying evidence found,rule_classification,medium,True
NCT01600859,Evaluation of E2609 in Subjects With Mild Cognitive Impairment or Mild Dementia Due to Alzheimer's Disease (Study: E2609-A001-101 Amendment 02),Phase 1,Small Molecule,Amyloid,Completed,False,E2609,e2609,investigational_therapeutic_unverified,sole investigational candidate identified (E2609); not yet confirmed via official pipeline,False,,no_match,medium,True,Therapeutic Drug,investigational therapeutic candidate; drug/biological intervention type with no disqualifying evidence found,rule_classification,medium,True
NCT00575055,Bapineuzumab in Patients With Mild to Moderate Alzheimer's Disease (ApoE4 Carrier),Phase 3,Biologic,Amyloid,Completed,False,Bapineuzumab; Bapineuzumab 1.0 m/kg,bapineuzumab bapineuzumab 1 0 m kg,investigational_therapeutic_unverified,multiple unverified investigational candidates found (Bapineuzumab; Bapineuzumab 1.0 m/kg) — could not resolve to a single drug,False,,multiple_candidates_unresolved,low,True,Needs Review,multiple distinct unverified candidates found in one trial — scope not determined at trial level,rule_classification,low,True
NCT00348140,Rosiglitazone (Extended Release Tablets) As Adjunctive Therapy In Subjects With Mild To Moderate Alzheimer's Disease,Phase 3,Small Molecule,Metabolism,Completed,False,Rosiglitazone,rosiglitazone,investigational_therapeutic_unverified,sole investigational candidate identified (Rosiglitazone); not yet confirmed via official pipeline,False,,no_match,medium,True,Therapeutic Drug,investigational therapeutic candidate; drug/biological intervention type with no disqualifying evidence found,rule_classification,medium,True
NCT00329082,Effects of LY2062430 in Subjects With Mild-to-Moderate Alzheimer's Disease and in Healthy Volunteers,Phase 2,Small Molecule,Other,Completed,False,LY2062430,ly2062430,investigational_therapeutic_unverified,sole investigational candidate identified (LY2062430); not yet confirmed via official pipeline,False,,no_match,medium,True,Therapeutic Drug,investigational therapeutic candidate; drug/biological intervention type with no disqualifying evidence found,rule_classification,medium,True
NCT00151333,Study Evaluating SRA-333 in Mild to Moderate Alzheimer's Disease (AD),Phase 2,Small Molecule,Other,Completed,False,SRA-333,sra 333,investigational_therapeutic_unverified,sole investigational candidate identified (SRA-333); not yet confirmed via official pipeline,False,,no_match,medium,True,Therapeutic Drug,investigational therapeutic candidate; drug/biological intervention type with no disqualifying evidence found,rule_classification,medium,True
NCT00440050,"DHA (Docosahexaenoic Acid), an Omega 3 Fatty Acid, in Slowing the Progression of Alzheimer's Disease",Phase 3,Small Molecule,Other,Completed,False,DHA (Docosahexaenoic Acid),dha docosahexaenoic acid,investigational_therapeutic_unverified,sole investigational candidate identified (DHA (Docosahexaenoic Acid)); not yet confirmed via official pipeline,False,,no_match,medium,True,Therapeutic Drug,investigational therapeutic candidate; drug/biological intervention type with no disqualifying evidence found,rule_classification,medium,True
NCT01766336,A 36-Week Safety Extension Study of ELND005 as a Treatment for Agitation and Aggression in Alzheimer's Disease,Phase 2,Small Molecule,Amyloid,Discontinued,False,Group 1 ELND005; Group 2 ELND005,group 1 elnd005 group 2 elnd005,investigational_therapeutic_unverified,multiple unverified investigational candidates found (Group 1 ELND005; Group 2 ELND005) — could not resolve to a single drug,False,,multiple_candidates_unresolved,low,True,Needs Review,multiple distinct unverified candidates found in one trial — scope not determined at trial level,rule_classification,low,True
NCT00959192,"Safety, Tolerability, And Immunogenicity Study Of ACC-001 In Japanese Subjects With Mild To Moderate Alzheimer's Disease",Phase 2,Biologic,Amyloid,Completed,False,ACC-001; QS-21,acc 001 qs 21,investigational_therapeutic_unverified,multiple unverified investigational candidates found (ACC-001; QS-21) — could not resolve to a single drug,False,,multiple_candidates_unresolved,low,True,Needs Review,multiple distinct unverified candidates found in one trial — scope not determined at trial level,rule_classification,low,True
NCT01859767,Efficacy and Safety of MNI-672 SPECT for Detection/Exclusion of Cerebral B-amyloid in AD Subjects Compared to HVs.,Phase 1,Small Molecule,Amyloid,Completed,False,,,no_therapeutic_candidate,no drug/biological therapeutic candidate found among this trial's interventions,False,,not_applicable,high,False,Exclude,no drug/biological therapeutic candidate found among this trial's interventions,rule_classification,high,False
NCT00099710,Curcumin in Patients With Mild to Moderate Alzheimer's Disease,Phase 2,Dietary Supplement,Other,Completed,False,Curcumin C3 Complex,curcumin c3 complex,investigational_therapeutic_unverified,sole investigational candidate identified (Curcumin C3 Complex); not yet confirmed via official pipeline,False,,no_match,medium,True,Non-Drug Intervention,dietary supplement / nutraceutical — excluded from the default therapeutic view unless curated as a genuine investigational program (data/reference/intervention_scope_overrides.csv),rule_type,medium,False
NCT00130429,Safety and Effect on Memory of PYM50028 in Mild Alzheimer's Disease,Phase 2,Small Molecule,Other,Completed,False,PYM50028,pym50028,investigational_therapeutic_unverified,sole investigational candidate identified (PYM50028); not yet confirmed via official pipeline,False,,no_match,medium,True,Therapeutic Drug,investigational therapeutic candidate; drug/biological intervention type with no disqualifying evidence found,rule_classification,medium,True
NCT00890890,"A Multicenter, Double Blind, Placebo-Controlled, Safety and Tolerability Study of BMS-708163 in Patients With Prodromal Alzheimer's Disease",Phase 2,Small Molecule,Amyloid,Discontinued,False,Avagacestat,avagacestat,investigational_therapeutic_unverified,sole investigational candidate identified (Avagacestat); not yet confirmed via official pipeline,False,,no_match,medium,True,Therapeutic Drug,investigational therapeutic candidate; drug/biological intervention type with no disqualifying evidence found,rule_classification,medium,True
NCT01035138,A Study of Semagacestat for Alzheimer's Patients,Phase 3,Small Molecule,Amyloid,Completed,False,semagacestat,semagacestat,investigational_therapeutic_unverified,sole investigational candidate identified (semagacestat); not yet confirmed via official pipeline,False,,no_match,medium,True,Therapeutic Drug,investigational therapeutic candidate; drug/biological intervention type with no disqualifying evidence found,rule_classification,medium,True
NCT00574132,Bapineuzumab in Patients With Mild to Moderate Alzheimer's Disease (ApoE4 Non-Carrier),Phase 3,Biologic,Amyloid,Completed,False,Bapineuzumab; Bapineuzumab 1.0 m/kg,bapineuzumab bapineuzumab 1 0 m kg,investigational_therapeutic_unverified,multiple unverified investigational candidates found (Bapineuzumab; Bapineuzumab 1.0 m/kg) — could not resolve to a single drug,False,,multiple_candidates_unresolved,low,True,Needs Review,multiple distinct unverified candidates found in one trial — scope not determined at trial level,rule_classification,low,True
NCT06586606,A Study to Evaluate the Effects of Itraconazole on MK-1708 in Healthy Participants (MK-1708-003),Phase 1,Small Molecule,Other,Completed,False,MK-1708,mk 1708,investigational_therapeutic_unverified,sole investigational candidate identified (MK-1708); not yet confirmed via official pipeline,False,,no_match,medium,True,Therapeutic Drug,investigational therapeutic candidate; drug/biological intervention type with no disqualifying evidence found,rule_classification,medium,True
NCT01238991,"Long Term Extension Study Evaluating Safety, Tolerability And Immunogenicity Of ACC-001 In Japanese Subjects With Mild To Moderate Alzheimer's Disease",Phase 2,Biologic,Amyloid,Discontinued,False,ACC-001,acc 001,investigational_therapeutic_unverified,sole investigational candidate identified (ACC-001); not yet confirmed via official pipeline,False,,no_match,medium,True,Therapeutic Drug,investigational therapeutic candidate; drug/biological intervention type with no disqualifying evidence found,rule_classification,medium,True
NCT01735630,Efficacy and Safety Study of ELND005 as a Treatment for Agitation and Aggression in Alzheimer's Disease,Phase 2,Small Molecule,Amyloid,Completed,False,ELND005,elnd005,investigational_therapeutic_unverified,sole investigational candidate identified (ELND005); not yet confirmed via official pipeline,False,,no_match,medium,True,Therapeutic Drug,investigational therapeutic candidate; drug/biological intervention type with no disqualifying evidence found,rule_classification,medium,True
NCT00602680,Effect on Cognitive Performance and Safety/Tolerability of SSR180711C in Mild Alzheimer's Disease,Phase 2,Small Molecule,Symptomatic,Discontinued,False,SSR180711C,ssr180711c,investigational_therapeutic_unverified,sole investigational candidate identified (SSR180711C); not yet confirmed via official pipeline,False,,no_match,medium,True,Therapeutic Drug,investigational therapeutic candidate; drug/biological intervention type with no disqualifying evidence found,rule_classification,medium,True
NCT00939783,An Extension To The B1451027 Protocol To Evaluate The Long Term Safety And Tolerability Of Dimebon In Patients With Alzheimer's Disease,Phase 3,Small Molecule,Neuroprotection,Discontinued,False,Dimebon,dimebon,investigational_therapeutic_unverified,sole investigational candidate identified (Dimebon); not yet confirmed via official pipeline,False,,no_match,medium,True,Therapeutic Drug,investigational therapeutic candidate; drug/biological intervention type with no disqualifying evidence found,rule_classification,medium,True
NCT00074529,Study of MK0677 for the Treatment of Alzheimer's Disease (0677-030)(COMPLETED),Phase 2,Small Molecule,Other,Completed,False,MK0677,mk0677,investigational_therapeutic_unverified,sole investigational candidate identified (MK0677); not yet confirmed via official pipeline,False,,no_match,medium,True,Therapeutic Drug,investigational therapeutic candidate; drug/biological intervention type with no disqualifying evidence found,rule_classification,medium,True
NCT01369225,Open Label Extension Study Evaluating Safety and Tolerability of AAB-003 (PF-05236812) in Subject With Mild to Moderate Alzheimer's Disease,Phase 1,Small Molecule,Amyloid,Completed,False,AAB-003 (PF-05236812),aab 003 pf 05236812,investigational_therapeutic_unverified,sole investigational candidate identified (AAB-003 (PF-05236812)); not yet confirmed via official pipeline,False,,no_match,medium,True,Therapeutic Drug,investigational therapeutic candidate; drug/biological intervention type with no disqualifying evidence found,rule_classification,medium,True
NCT01397578,A Study to Evaluate the Impact of MABT5102A on Brain Amyloid Load and Related Biomarkers in Patients With Mild to Moderate Alzheimer's Disease,Phase 2,Biologic,Amyloid,Completed,False,MABT5102A,mabt5102a,investigational_therapeutic_unverified,sole investigational candidate identified (MABT5102A); not yet confirmed via official pipeline,False,,no_match,medium,True,Therapeutic Drug,investigational therapeutic candidate; drug/biological intervention type with no disqualifying evidence found,rule_classification,medium,True
NCT00471211,"Study Evaluating the Safety, Tolerability and Efficacy of PBT2 in Patients With Early Alzheimer's Disease",Phase 2,Small Molecule,Amyloid,Completed,False,PBT2,pbt2,investigational_therapeutic_unverified,sole investigational candidate identified (PBT2); not yet confirmed via official pipeline,False,,no_match,medium,True,Therapeutic Drug,investigational therapeutic candidate; drug/biological intervention type with no disqualifying evidence found,rule_classification,medium,True
NCT00314912,Open-Label Extension of the Phase III Study With Tramiprosate (3APS) in Patients With Mild to Moderate Alzheimer's Disease,Phase 3,Small Molecule,Amyloid,Unknown,False,Tramiprosate (3APS),tramiprosate 3aps,investigational_therapeutic_unverified,sole investigational candidate identified (Tramiprosate (3APS)); not yet confirmed via official pipeline,False,,no_match,medium,True,Therapeutic Drug,investigational therapeutic candidate; drug/biological intervention type with no disqualifying evidence found,rule_classification,medium,True
NCT00886951,Single Photon Emission Computed Tomography (SPECT) Imaging Study to Develop a Biomarker for Alzheimer's Disease,Phase 1,Small Molecule,Other,Discontinued,False,I123MNI388/I123MNI390,i123mni388 i123mni390,investigational_therapeutic_unverified,sole investigational candidate identified (I123MNI388/I123MNI390); not yet confirmed via official pipeline,False,,no_match,medium,True,Therapeutic Drug,investigational therapeutic candidate; drug/biological intervention type with no disqualifying evidence found,rule_classification,medium,True
NCT00688207,Mild Alzheimer''s Disease to Assess the of Extended Release Formulation of Rosiglitazone (RSG XR),Phase 1,Small Molecule,Metabolism,Completed,False,Rosiglitazone (),rosiglitazone,investigational_therapeutic_unverified,sole investigational candidate identified (Rosiglitazone ()); not yet confirmed via official pipeline,False,,no_match,medium,True,Therapeutic Drug,investigational therapeutic candidate; drug/biological intervention type with no disqualifying evidence found,rule_classification,medium,True
NCT00069849,A Study of the Safety and Efficacy of Multiple Doses of ABT-089 in Subjects With Alzheimer's Disease,Phase 2,Small Molecule,Symptomatic,Discontinued,False,ABT-089,abt 089,investigational_therapeutic_unverified,sole investigational candidate identified (ABT-089); not yet confirmed via official pipeline,False,,no_match,medium,True,Therapeutic Drug,investigational therapeutic candidate; drug/biological intervention type with no disqualifying evidence found,rule_classification,medium,True
NCT00812565,Study of Octagam (Intravenous Immunoglobulin [IVIG]) 10% on the Treatment of Mild to Moderate Alzheimer's Disease,Phase 2,Biologic,Other,Completed,False,octagam 10%,octagam 10,investigational_therapeutic_unverified,sole investigational candidate identified (octagam 10%); not yet confirmed via official pipeline,False,,no_match,medium,True,Therapeutic Drug,investigational therapeutic candidate; drug/biological intervention type with no disqualifying evidence found,rule_classification,medium,True
NCT01117818,"Clinical- and Immunological Activity, Safety and Tolerability of Different Doses / Formulations of AFFITOPE AD02 in Early Alzheimer's Disease",Phase 2,Biologic,Amyloid,Completed,False,active: AFFITOPE AD02,active affitope ad02,investigational_therapeutic_unverified,sole investigational candidate identified (active: AFFITOPE AD02); not yet confirmed via official pipeline,False,,no_match,medium,True,Therapeutic Drug,investigational therapeutic candidate; drug/biological intervention type with no disqualifying evidence found,rule_classification,medium,True
NCT00870519,Brain Imaging Study in Subjects With Alzheimer Disease in Comparison to Healthy Subjects,Phase 1,Small Molecule,Other,Discontinued,False,,,no_therapeutic_candidate,"no confirmed or investigational therapeutic candidate found, but this trial has unresolved/uncertain interventions worth a manual look",False,,no_match,low,True,Needs Review,no therapeutic candidate; trial has unresolved/uncertain interventions,rule_classification,low,True
NCT00884507,A Study of RO5313534 as Add-on to Donepezil Treatment in Patients With Mild to Moderate Alzheimer's Disease,Phase 2,Small Molecule,Symptomatic,Completed,False,RO5313534,ro5313534,investigational_therapeutic_unverified,sole investigational candidate identified (RO5313534); not yet confirmed via official pipeline,False,,no_match,medium,True,Therapeutic Drug,investigational therapeutic candidate; drug/biological intervention type with no disqualifying evidence found,rule_classification,medium,True
NCT01609335,Normative Values for Cognitive Testing and Alzheimer's Imaging Biomarkers in Young Adults,Phase 1,Small Molecule,Other,Completed,False,,,no_therapeutic_candidate,no drug/biological therapeutic candidate found among this trial's interventions,False,,not_applicable,high,False,Exclude,no drug/biological therapeutic candidate found among this trial's interventions,rule_classification,high,False
NCT06957418,Alzheimer's Tau Platform: Master Protocol,Phase 2,Small Molecule,Tau,Recruiting,False,,,no_therapeutic_candidate,"no confirmed or investigational therapeutic candidate found, but this trial has unresolved/uncertain interventions worth a manual look",False,,no_match,low,True,Needs Review,no therapeutic candidate; trial has unresolved/uncertain interventions,rule_classification,low,True
NCT00810147,"A Phase II, Multicenter, Double Blind, Placebo-Controlled Safety, Tolerability Study of BMS-708163 in Patients With Mild to Moderate Alzheimer's Disease",Phase 2,Small Molecule,Amyloid,Completed,False,BMS-708163,bms 708163,investigational_therapeutic_unverified,sole investigational candidate identified (BMS-708163); not yet confirmed via official pipeline,False,,no_match,medium,True,Therapeutic Drug,investigational therapeutic candidate; drug/biological intervention type with no disqualifying evidence found,rule_classification,medium,True
NCT02360657,Study Investigating the Effects of JNJ-54861911 on Amyloid-beta Processing in Cerebrospinal Fluid (CSF) and Plasma in Japanese Participants Asymptomatic at Risk for Alzheimer Dementia,Phase 1,Small Molecule,Amyloid,Completed,False,JNJ-54861911,jnj 54861911,investigational_therapeutic_unverified,sole investigational candidate identified (JNJ-54861911); not yet confirmed via official pipeline,False,,no_match,medium,True,Therapeutic Drug,investigational therapeutic candidate; drug/biological intervention type with no disqualifying evidence found,rule_classification,medium,True
NCT00606476,"AAB-001 (Bapineuzumab) Open-Label, Long-Term Extension Study in Patients With Mild to Moderate Alzheimer's Disease",Phase 2,Biologic,Amyloid,Discontinued,False,Bapineuzumab (AAB-001),bapineuzumab aab 001,investigational_therapeutic_unverified,sole investigational candidate identified (Bapineuzumab (AAB-001)); not yet confirmed via official pipeline,False,,no_match,medium,True,Therapeutic Drug,investigational therapeutic candidate; drug/biological intervention type with no disqualifying evidence found,rule_classification,medium,True
NCT03531710,"An Extension Study of V203-AD Study to Evaluate the Safety, Tolerability, Immunogenicity, and Efficacy of UB-311",Phase 2,Biologic,Amyloid,Discontinued,False,UB-311,ub 311,investigational_therapeutic_unverified,sole investigational candidate identified (UB-311); not yet confirmed via official pipeline,False,,no_match,medium,True,Therapeutic Drug,investigational therapeutic candidate; drug/biological intervention type with no disqualifying evidence found,rule_classification,medium,True
NCT00087724,A Randomized Study to Evaluate FK962 in Subjects With Mild to Moderate Alzheimer's Disease,Phase 2,Small Molecule,Other,Discontinued,False,FK962,fk962,investigational_therapeutic_unverified,sole investigational candidate identified (FK962); not yet confirmed via official pipeline,False,,no_match,medium,True,Therapeutic Drug,investigational therapeutic candidate; drug/biological intervention type with no disqualifying evidence found,rule_classification,medium,True
NCT01764243,Safety and Efficacy of MT-4666,Phase 2,Small Molecule,Other,Completed,False,MT-4666,mt 4666,investigational_therapeutic_unverified,sole investigational candidate identified (MT-4666); not yet confirmed via official pipeline,False,,no_match,medium,True,Therapeutic Drug,investigational therapeutic candidate; drug/biological intervention type with no disqualifying evidence found,rule_classification,medium,True
NCT00566397,A Phase 2 Study Evaluating The Efficacy And Safety Of PF 04494700 In Mild To Moderate Alzheimer's Disease,Phase 2,Small Molecule,Amyloid,Completed,False,PF-04494700,pf 04494700,investigational_therapeutic_unverified,sole investigational candidate identified (PF-04494700); not yet confirmed via official pipeline,False,,no_match,medium,True,Therapeutic Drug,investigational therapeutic candidate; drug/biological intervention type with no disqualifying evidence found,rule_classification,medium,True
NCT01998841,"A Study of Crenezumab Versus Placebo in Preclinical Presenilin1 (PSEN1) E280A Mutation Carriers to Evaluate Efficacy and Safety in the Treatment of Autosomal-Dominant Alzheimer's Disease (AD), Including a Placebo-Treated Non-Carrier Cohort",Phase 2,Biologic,Amyloid,Completed,False,Crenezumab,crenezumab,investigational_therapeutic_unverified,sole investigational candidate identified (Crenezumab); not yet confirmed via official pipeline,False,,no_match,medium,True,Therapeutic Drug,investigational therapeutic candidate; drug/biological intervention type with no disqualifying evidence found,rule_classification,medium,True
NCT00633841,Tolerability and Safety of Subcutaneous Administration of AFFITOPE AD02 in Mild to Moderate Alzheimer's Disease,Phase 1,Biologic,Amyloid,Completed,False,AFFITOPE AD02,affitope ad02,investigational_therapeutic_unverified,sole investigational candidate identified (AFFITOPE AD02); not yet confirmed via official pipeline,False,,no_match,medium,True,Therapeutic Drug,investigational therapeutic candidate; drug/biological intervention type with no disqualifying evidence found,rule_classification,medium,True
NCT00439166,Effects of Doxycycline and Rifampicin on Biomarkers of Alzheimer's Disease in the Cerebrospinal Fluid,Phase 3,Small Molecule,Other,Completed,False,,,no_therapeutic_candidate,"no confirmed or investigational therapeutic candidate found, but this trial has unresolved/uncertain interventions worth a manual look",False,,no_match,low,True,Needs Review,no therapeutic candidate; trial has unresolved/uncertain interventions,rule_classification,low,True
NCT00174525,Safety Study of Passive Immunization for Patients With Mild to Moderate Alzheimer's Disease,Phase 2,Small Molecule,Other,Unknown,False,AAB-001,aab 001,investigational_therapeutic_unverified,sole investigational candidate identified (AAB-001); not yet confirmed via official pipeline,False,,no_match,medium,True,Therapeutic Drug,investigational therapeutic candidate; drug/biological intervention type with no disqualifying evidence found,rule_classification,medium,True
NCT01436045,Safety and Effectiveness Study of Intranasal Insulin Glulisine on Cognitive and Memory in Mild-Mod AD Patients.,Phase 2,Small Molecule,Metabolism,Completed,False,,,no_therapeutic_candidate,"no confirmed or investigational therapeutic candidate found, but this trial has unresolved/uncertain interventions worth a manual look",False,,no_match,low,True,Needs Review,no therapeutic candidate; trial has unresolved/uncertain interventions,rule_classification,low,True
NCT01614886,"Randomized, Double-blind Study to Evaluate the Tolerability of 2 Different Titration Methods of Rivastigmine Patch in AD Patients (MMSE 10-20)",Phase 3,Small Molecule,Symptomatic,Completed,False,ENA713,ena713,investigational_therapeutic_unverified,sole investigational candidate identified (ENA713); not yet confirmed via official pipeline,False,,no_match,medium,True,Therapeutic Drug,investigational therapeutic candidate; drug/biological intervention type with no disqualifying evidence found,rule_classification,medium,True
NCT00455000,"A Phase I, Single IV Dose Of PF-04360365 In Adults With Mild To Moderate Alzheimer's Disease",Phase 1,Biologic,Amyloid,Completed,False,PF-04360365,pf 04360365,investigational_therapeutic_unverified,sole investigational candidate identified (PF-04360365); not yet confirmed via official pipeline,False,,no_match,medium,True,Therapeutic Drug,investigational therapeutic candidate; drug/biological intervention type with no disqualifying evidence found,rule_classification,medium,True
NCT00607308,"A Phase I, Single Dose Study Of PF-04360365 In Japanese Patients With Mild To Moderate Alzheimer's Disease",Phase 1,Biologic,Amyloid,Completed,False,PF-04360365,pf 04360365,investigational_therapeutic_unverified,sole investigational candidate identified (PF-04360365); not yet confirmed via official pipeline,False,,no_match,medium,True,Therapeutic Drug,investigational therapeutic candidate; drug/biological intervention type with no disqualifying evidence found,rule_classification,medium,True
NCT05965414,Safety and Pharmacokinetics of Single Ascending Doses and Multiple Ascending Doses of CS6253 in Healthy Volunteers,Phase 1,Small Molecule,Other,Completed,False,CS6253 for,cs6253 for,investigational_therapeutic_unverified,sole investigational candidate identified (CS6253 for); not yet confirmed via official pipeline,False,,no_match,medium,True,Therapeutic Drug,investigational therapeutic candidate; drug/biological intervention type with no disqualifying evidence found,rule_classification,medium,True
NCT00495417,Tolerability and Safety of Subcutaneous Administration of Affitope AD01 in Mild to Moderate Alzheimer's Disease,Phase 1,Biologic,Amyloid,Completed,False,AFFITOPE AD01; AFFITOPE AD01 adjuvanted,affitope ad01 affitope ad01 adjuvanted,investigational_therapeutic_unverified,multiple unverified investigational candidates found (AFFITOPE AD01; AFFITOPE AD01 adjuvanted) — could not resolve to a single drug,False,,multiple_candidates_unresolved,low,True,Needs Review,multiple distinct unverified candidates found in one trial — scope not determined at trial level,rule_classification,low,True
NCT00334568,Effects Of Rosiglitazone (Extended Release Tablets) On Cerebral Glucose Utilisation And Cognition Alzheimers Disease,Phase 2,Small Molecule,Metabolism,Discontinued,False,Rosiglitazone (),rosiglitazone,investigational_therapeutic_unverified,sole investigational candidate identified (Rosiglitazone ()); not yet confirmed via official pipeline,False,,no_match,medium,True,Therapeutic Drug,investigational therapeutic candidate; drug/biological intervention type with no disqualifying evidence found,rule_classification,medium,True
NCT00359944,Safety and Efficacy Study of AC-3933 in Adults With Mild to Moderate Alzheimer's Disease,Phase 2,Small Molecule,Symptomatic,Completed,False,AC-3933,ac 3933,investigational_therapeutic_unverified,sole investigational candidate identified (AC-3933); not yet confirmed via official pipeline,False,,no_match,medium,True,Therapeutic Drug,investigational therapeutic candidate; drug/biological intervention type with no disqualifying evidence found,rule_classification,medium,True
NCT00097916,An Evaluation of the Safety and Efficacy of Memantine in Agitated Patients With Moderate to Severe Alzheimer's Disease,Phase 3,Small Molecule,Symptomatic,Completed,False,memantine HCl,memantine hcl,investigational_therapeutic_unverified,sole investigational candidate identified (memantine HCl); not yet confirmed via official pipeline,False,,no_match,medium,True,Therapeutic Drug,investigational therapeutic candidate; drug/biological intervention type with no disqualifying evidence found,rule_classification,medium,True
NCT05787028,"Safety, Tolerability and Pharmacokinetics of AD16 Tablets in Adult Healthy Subjects After Single Administration",Phase 1,Small Molecule,Other,Completed,False,AD16,ad16,investigational_therapeutic_unverified,sole investigational candidate identified (AD16); not yet confirmed via official pipeline,False,,no_match,medium,True,Therapeutic Drug,investigational therapeutic candidate; drug/biological intervention type with no disqualifying evidence found,rule_classification,medium,True
NCT00112073,AAB-001 in Patients With Mild to Moderate Alzheimer's Disease,Phase 2,Biologic,Amyloid,Completed,False,bapineuzumab,bapineuzumab,investigational_therapeutic_unverified,sole investigational candidate identified (bapineuzumab); not yet confirmed via official pipeline,False,,no_match,medium,True,Therapeutic Drug,investigational therapeutic candidate; drug/biological intervention type with no disqualifying evidence found,rule_classification,medium,True
NCT00021723,"Randomized Safety, Tolerability and Pilot Efficacy of AN-1792 in Alzheimer's Disease",Phase 2,Biologic,Other,Discontinued,False,AN-1792 also known as AIP-001,an 1792 also known as aip 001,investigational_therapeutic_unverified,sole investigational candidate identified (AN-1792 also known as AIP-001); not yet confirmed via official pipeline,False,,no_match,medium,True,Therapeutic Drug,investigational therapeutic candidate; drug/biological intervention type with no disqualifying evidence found,rule_classification,medium,True
NCT00951834,Sunphenon EGCg (Epigallocatechin-Gallate) in the Early Stage of Alzheimer´s Disease,Phase 3,Small Molecule,Other,Completed,False,Epigallocatechin-Gallate,epigallocatechin gallate,investigational_therapeutic_unverified,sole investigational candidate identified (Epigallocatechin-Gallate); not yet confirmed via official pipeline,False,,no_match,medium,True,Therapeutic Drug,investigational therapeutic candidate; drug/biological intervention type with no disqualifying evidence found,rule_classification,medium,True
NCT01211782,AC-1204 Long-term Efficacy Response Trial (ALERT Protocol),Phase 3,Small Molecule,Other,Discontinued,False,,,no_therapeutic_candidate,"no confirmed or investigational therapeutic candidate found, but this trial has unresolved/uncertain interventions worth a manual look",False,,no_match,low,True,Needs Review,no therapeutic candidate; trial has unresolved/uncertain interventions,rule_classification,low,True
NCT01024660,The Effect of Cognitive Function as Measured by Repeated Cognitive Measures After 12 Weeks Treatment With Donepezil,Phase 1,Small Molecule,Symptomatic,Completed,False,,,no_therapeutic_candidate,"no confirmed or investigational therapeutic candidate found, but this trial has unresolved/uncertain interventions worth a manual look",False,,no_match,low,True,Needs Review,no therapeutic candidate; trial has unresolved/uncertain interventions,rule_classification,low,True
NCT01826110,PET Imaging Study Using [11C]PIB in Subjects With AD & Healthy Volunteers,Phase 1,Small Molecule,Other,Completed,False,,,no_therapeutic_candidate,no drug/biological therapeutic candidate found among this trial's interventions,False,,not_applicable,high,False,Exclude,no drug/biological therapeutic candidate found among this trial's interventions,rule_classification,high,False
NCT00838877,"Positron Emission Tomography (PET) Study With [18F]AZD4694 and [11C]AZD2184, Candidate PET Ligands for Aβ Amyloid",Phase 1,Small Molecule,Amyloid,Completed,False,radioligand [11C]AZD2184,radioligand 11c azd2184,investigational_therapeutic_unverified,sole investigational candidate identified (radioligand [11C]AZD2184); not yet confirmed via official pipeline,False,,no_match,medium,True,Therapeutic Drug,investigational therapeutic candidate; drug/biological intervention type with no disqualifying evidence found,rule_classification,medium,True
NCT04973189,A Study of SHR-1707 in Healthy Young Adult and Elderly Subjects,Phase 1,Small Molecule,Amyloid,Completed,False,SHR-1707,shr 1707,investigational_therapeutic_unverified,sole investigational candidate identified (SHR-1707); not yet confirmed via official pipeline,False,,no_match,medium,True,Therapeutic Drug,investigational therapeutic candidate; drug/biological intervention type with no disqualifying evidence found,rule_classification,medium,True
NCT00621010,Safety Study of CTS21166 to Treat Alzheimer Disease,Phase 1,Small Molecule,Other,Completed,False,CTS21166 (ZPQ-21166),cts21166 zpq 21166,investigational_therapeutic_unverified,sole investigational candidate identified (CTS21166 (ZPQ-21166)); not yet confirmed via official pipeline,False,,no_match,medium,True,Therapeutic Drug,investigational therapeutic candidate; drug/biological intervention type with no disqualifying evidence found,rule_classification,medium,True
NCT00829816,"Safety and Tolerability of Dimebon in Patients on Memantine, and Memantine Plus Donepezil",Phase 1,Small Molecule,Neuroprotection,Completed,False,Dimebon,dimebon,investigational_therapeutic_unverified,sole investigational candidate identified (Dimebon); not yet confirmed via official pipeline,False,,no_match,medium,True,Therapeutic Drug,investigational therapeutic candidate; drug/biological intervention type with no disqualifying evidence found,rule_classification,medium,True
NCT01249196,A Confirmatory Trial of SK-PC-B70M in Mild to Moderate Alzheimer's Disease,Phase 3,Small Molecule,Other,Completed,False,SK-PC-B70M,sk pc b70m,investigational_therapeutic_unverified,sole investigational candidate identified (SK-PC-B70M); not yet confirmed via official pipeline,False,,no_match,medium,True,Therapeutic Drug,investigational therapeutic candidate; drug/biological intervention type with no disqualifying evidence found,rule_classification,medium,True
NCT01350362,"Efficacy, Safety and Tolerability of Tideglusib to Treat Mild-to-Moderate Alzheimer's Disease Patients",Phase 2,Small Molecule,Tau,Completed,False,tideglusib,tideglusib,investigational_therapeutic_unverified,sole investigational candidate identified (tideglusib); not yet confirmed via official pipeline,False,,no_match,medium,True,Therapeutic Drug,investigational therapeutic candidate; drug/biological intervention type with no disqualifying evidence found,rule_classification,medium,True
NCT02016560,"Analysis of 18F-AV-1451 PET Imaging in Cognitively Healthy, MCI, and AD Subjects",Phase 3,Small Molecule,Amyloid,Completed,False,,,no_therapeutic_candidate,no drug/biological therapeutic candidate found among this trial's interventions,False,,not_applicable,high,False,Exclude,no drug/biological therapeutic candidate found among this trial's interventions,rule_classification,high,False
NCT00550420,Study Of Rosiglitazone XR In Subjects With Mild-to-Moderate Alzheimers,Phase 3,Small Molecule,Metabolism,Discontinued,False,Rosiglitazone,rosiglitazone,investigational_therapeutic_unverified,sole investigational candidate identified (Rosiglitazone); not yet confirmed via official pipeline,False,,no_match,medium,True,Therapeutic Drug,investigational therapeutic candidate; drug/biological intervention type with no disqualifying evidence found,rule_classification,medium,True
NCT01565382,Evaluation of Inter-reader Reliability Using Images From Subjects With Alzheimer's Disease (AD) or Mild Cognitive Impairment (MCI),Phase 3,Small Molecule,Amyloid,Completed,False,,,no_therapeutic_candidate,no drug/biological therapeutic candidate found among this trial's interventions,False,,not_applicable,high,False,Exclude,no drug/biological therapeutic candidate found among this trial's interventions,rule_classification,high,False
NCT00160147,Treatment of Elderly Subjects With Psychosis and Behavioral Disturbances Associated With Dementia of the Alzheimer's Type,Phase 3,Small Molecule,Neuropsychiatric,Discontinued,False,bifeprunox,bifeprunox,investigational_therapeutic_unverified,sole investigational candidate identified (bifeprunox); not yet confirmed via official pipeline,False,,no_match,medium,True,Therapeutic Drug,investigational therapeutic candidate; drug/biological intervention type with no disqualifying evidence found,rule_classification,medium,True
NCT04476303,A Study to Evaluate the Pharmacokinetics and Safety of BEY2153 in Healthy Participants,Phase 1,Small Molecule,Other,Completed,False,BEY2153,bey2153,investigational_therapeutic_unverified,sole investigational candidate identified (BEY2153); not yet confirmed via official pipeline,False,,no_match,medium,True,Therapeutic Drug,investigational therapeutic candidate; drug/biological intervention type with no disqualifying evidence found,rule_classification,medium,True
NCT01152216,An Extension of the CONCERT Protocol (DIM18),Phase 3,Small Molecule,Neuroprotection,Discontinued,False,Dimebon,dimebon,investigational_therapeutic_unverified,sole investigational candidate identified (Dimebon); not yet confirmed via official pipeline,False,,no_match,medium,True,Therapeutic Drug,investigational therapeutic candidate; drug/biological intervention type with no disqualifying evidence found,rule_classification,medium,True
NCT03838185,"Study to Assess the Safety, Tolerability and Pharmacokinetics of Single Ascending Oral Doses of J147",Phase 1,Small Molecule,Other,Completed,False,J147,j147,investigational_therapeutic_unverified,sole investigational candidate identified (J147); not yet confirmed via official pipeline,False,,no_match,medium,True,Therapeutic Drug,investigational therapeutic candidate; drug/biological intervention type with no disqualifying evidence found,rule_classification,medium,True
NCT01729598,Valproic Acid in Subjects With Intact Cognition - Proof of Concept Study,Phase 1,Small Molecule,Other,Completed,False,Valproic Acid,valproic acid,investigational_therapeutic_unverified,sole investigational candidate identified (Valproic Acid); not yet confirmed via official pipeline,False,,no_match,medium,True,Therapeutic Drug,investigational therapeutic candidate; drug/biological intervention type with no disqualifying evidence found,rule_classification,medium,True
NCT01097096,"Safety, Tolerability and Abeta-specific Antibody Response of Repeated i.m. Injections of Adjuvanted CAD106 in Mild Alzheimer Patients",Phase 2,Biologic,Amyloid,Completed,False,CAD106,cad106,investigational_therapeutic_unverified,sole investigational candidate identified (CAD106); not yet confirmed via official pipeline,False,,no_match,medium,True,Therapeutic Drug,investigational therapeutic candidate; drug/biological intervention type with no disqualifying evidence found,rule_classification,medium,True
NCT00968097,Evaluation of [123I] MNI-340 and SPECT as a Marker of Beta-Amyloid Protein Deposition,Phase 1,Small Molecule,Amyloid,Discontinued,False,123-I MNI-340,123 i mni 340,investigational_therapeutic_unverified,sole investigational candidate identified (123-I MNI-340); not yet confirmed via official pipeline,False,,no_match,medium,True,Therapeutic Drug,investigational therapeutic candidate; drug/biological intervention type with no disqualifying evidence found,rule_classification,medium,True
NCT00490568,Open-Label Extension Study Of Rosiglitazone XR As Adjunctive Therapy In Subjects With Mild-to-Moderate Alzheimers,Phase 3,Small Molecule,Metabolism,Discontinued,False,Rosiglitazone,rosiglitazone,investigational_therapeutic_unverified,sole investigational candidate identified (Rosiglitazone); not yet confirmed via official pipeline,False,,no_match,medium,True,Therapeutic Drug,investigational therapeutic candidate; drug/biological intervention type with no disqualifying evidence found,rule_classification,medium,True
NCT00939822,Statin Effects on Beta-Amyloid and Cerebral Perfusion in Adults at Risk for Alzheimer's Disease,Phase 2,Small Molecule,Metabolism,Completed,False,Simvastatin,simvastatin,investigational_therapeutic_unverified,sole investigational candidate identified (Simvastatin); not yet confirmed via official pipeline,False,,no_match,medium,True,Therapeutic Drug,investigational therapeutic candidate; drug/biological intervention type with no disqualifying evidence found,rule_classification,medium,True
NCT00742417,Efficacy and Safety of Plasma Exchange With 5% Albumin in Beta-amyloid Peptide Clearance in Cerebral Spinal Fluid,Phase 2,Biologic,Amyloid,Completed,False,,,no_therapeutic_candidate,"no confirmed or investigational therapeutic candidate found, but this trial has unresolved/uncertain interventions worth a manual look",False,,no_match,low,True,Needs Review,no therapeutic candidate; trial has unresolved/uncertain interventions,rule_classification,low,True
NCT01385033,[18F]MK-3328 as a Possible Novel Positron Emission Tomography (PET) Tracer for the Detection of Brain Amyloid Plaques (MK-3328-002),Phase 1,Small Molecule,Amyloid,Discontinued,False,[18F]MK-3328,18f mk 3328,investigational_therapeutic_unverified,sole investigational candidate identified ([18F]MK-3328); not yet confirmed via official pipeline,False,,no_match,medium,True,Therapeutic Drug,investigational therapeutic candidate; drug/biological intervention type with no disqualifying evidence found,rule_classification,medium,True
NCT01741194,AC-1204 26-Week Long Term Efficacy Response Trial With Optional Open-label Ext,Phase 3,Small Molecule,Other,Completed,False,AC-1204,ac 1204,investigational_therapeutic_unverified,sole investigational candidate identified (AC-1204); not yet confirmed via official pipeline,False,,no_match,medium,True,Therapeutic Drug,investigational therapeutic candidate; drug/biological intervention type with no disqualifying evidence found,rule_classification,medium,True
NCT01702467,"Safety, Tolerability, Pharmacokinetics and Pharmacodynamics of Single, Oral Escalating Doses of GSK2647544 in Healthy Volunteers",Phase 1,Small Molecule,Inflammation,Completed,False,GSK2647544,gsk2647544,investigational_therapeutic_unverified,sole investigational candidate identified (GSK2647544); not yet confirmed via official pipeline,False,,no_match,medium,True,Therapeutic Drug,investigational therapeutic candidate; drug/biological intervention type with no disqualifying evidence found,rule_classification,medium,True
NCT05015803,Enhanced CBTi for Older Adult Sleep and Cognition,Phase 3,Other,Neuropsychiatric,Completed,False,CBTi with Application,cbti with application,investigational_therapeutic_unverified,sole investigational candidate identified (CBTi with Application); not yet confirmed via official pipeline,False,,no_match,medium,True,Non-Drug Intervention,"name describes a non-drug (digital/behavioral) supportive activity, not a pharmaceutical",rule_keyword,high,False
NCT03935568,A Single and Multiple Ascending Dose Study to Evaluate the Safety and Pharmacokinetics of PU-AD in Healthy Subjects,Phase 1,Small Molecule,Other,Discontinued,False,,,no_therapeutic_candidate,"no confirmed or investigational therapeutic candidate found, but this trial has unresolved/uncertain interventions worth a manual look",False,,no_match,low,True,Needs Review,no therapeutic candidate; trial has unresolved/uncertain interventions,rule_classification,low,True
NCT02130661,Study to Determine the Effect of Itraconazole on the Pharmacokinetics of Rilapladib (SB659032) in Healthy Volunteers,Phase 1,Small Molecule,Other,Discontinued,False,,,no_therapeutic_candidate,"no confirmed or investigational therapeutic candidate found, but this trial has unresolved/uncertain interventions worth a manual look",False,,no_match,low,True,Needs Review,no therapeutic candidate; trial has unresolved/uncertain interventions,rule_classification,low,True
NCT01467726,"Safety, Pharmacokinetics and Pharmacodynamics of Velusetrag in Healthy Elderly Subjects",Phase 1,Small Molecule,Other,Completed,False,,,no_therapeutic_candidate,"no confirmed or investigational therapeutic candidate found, but this trial has unresolved/uncertain interventions worth a manual look",False,,no_match,low,True,Needs Review,no therapeutic candidate; trial has unresolved/uncertain interventions,rule_classification,low,True
NCT01309763,Safety and Tolerability of AFFITOPE AD03,Phase 1,Biologic,Amyloid,Completed,False,AFFITOPE AD03; AFFITOPE AD03 + Alum,affitope ad03 affitope ad03 alum,investigational_therapeutic_unverified,multiple unverified investigational candidates found (AFFITOPE AD03; AFFITOPE AD03 + Alum) — could not resolve to a single drug,False,,multiple_candidates_unresolved,low,True,Needs Review,multiple distinct unverified candidates found in one trial — scope not determined at trial level,rule_classification,low,True
NCT02576639,Dose-ranging Safety and Tolerability Study in Subjects ≥60 Years of Age,Phase 2,Small Molecule,Amyloid,Completed,False,CNP520,cnp520,investigational_therapeutic_unverified,sole investigational candidate identified (CNP520); not yet confirmed via official pipeline,False,,no_match,medium,True,Therapeutic Drug,investigational therapeutic candidate; drug/biological intervention type with no disqualifying evidence found,rule_classification,medium,True
NCT00531804,A Multiple Ascending Dose Study of R1450 in Patients With Alzheimer Disease.,Phase 1,Biologic,Amyloid,Completed,False,Gantenerumab,gantenerumab,sponsor_developed_therapeutic,official pipeline record matched (Gantenerumab) but source_url is blank — verify manually,True,,pipeline_record_match_without_source,medium,True,Therapeutic Drug,confirmed or unsourced official sponsor-pipeline match,rule_classification,medium,False
NCT00777608,A Study to Test the Performance of the CogState Computerized Neuropsychological Battery in Patients With Alzheimer's Disease (0000-086)(COMPLETED),Phase 1,Small Molecule,Symptomatic,Completed,False,,,no_therapeutic_candidate,"no confirmed or investigational therapeutic candidate found, but this trial has unresolved/uncertain interventions worth a manual look",False,,no_match,low,True,Needs Review,no therapeutic candidate; trial has unresolved/uncertain interventions,rule_classification,low,True
NCT01978327,"GSK2647544 RD, DDI in Healthy Young and Elderly Volunteers",Phase 1,Small Molecule,Inflammation,Discontinued,False,GSK2647544,gsk2647544,investigational_therapeutic_unverified,sole investigational candidate identified (GSK2647544); not yet confirmed via official pipeline,False,,no_match,medium,True,Therapeutic Drug,investigational therapeutic candidate; drug/biological intervention type with no disqualifying evidence found,rule_classification,medium,True
NCT00750529,Alzheimer and Sleep,Phase 1,Small Molecule,Symptomatic,Completed,False,Galantamine and Donepezil,galantamine and donepezil,investigational_therapeutic_unverified,sole investigational candidate identified (Galantamine and Donepezil); not yet confirmed via official pipeline,False,,no_match,medium,True,Therapeutic Drug,investigational therapeutic candidate; drug/biological intervention type with no disqualifying evidence found,rule_classification,medium,True
NCT01163825,Encapsulated Cell Biodelivery of Nerve Growth Factor to Alzheimer´s Disease Patients,Phase 1,Small Molecule,Other,Unknown,False,Nerve Growth Factor,nerve growth factor,investigational_therapeutic_unverified,sole investigational candidate identified (Nerve Growth Factor); not yet confirmed via official pipeline,False,,no_match,medium,True,Therapeutic Drug,investigational therapeutic candidate; drug/biological intervention type with no disqualifying evidence found,rule_classification,medium,True
NCT00809510,A Study of the Long-term Safety of ABT-089 for Subjects With Mild-to-moderate Alzheimer's Disease Who Participated in the M06-876 Study,Phase 2,Small Molecule,Symptomatic,Discontinued,False,ABT-089,abt 089,investigational_therapeutic_unverified,sole investigational candidate identified (ABT-089); not yet confirmed via official pipeline,False,,no_match,medium,True,Therapeutic Drug,investigational therapeutic candidate; drug/biological intervention type with no disqualifying evidence found,rule_classification,medium,True
NCT04169126,Topography Staging and Dual Phase Image Quantification of Tau PET in Cognitive Impairment Subjects,Phase 2,Small Molecule,Tau,Unknown,False,F-18 PMPBB3,f 18 pmpbb3,investigational_therapeutic_unverified,sole investigational candidate identified (F-18 PMPBB3); not yet confirmed via official pipeline,False,,no_match,medium,True,Therapeutic Drug,investigational therapeutic candidate; drug/biological intervention type with no disqualifying evidence found,rule_classification,medium,True
NCT03438604,A Study to Evaluate the Effect of Heat Application on the Delivery Profile of Corplex™ Donepezil Transdermal Delivery System (TDS),Phase 1,Small Molecule,Symptomatic,Completed,False,Donepezil TDS,donepezil tds,investigational_therapeutic_unverified,sole investigational candidate identified (Donepezil TDS); not yet confirmed via official pipeline,False,,no_match,medium,True,Therapeutic Drug,investigational therapeutic candidate; drug/biological intervention type with no disqualifying evidence found,rule_classification,medium,True
NCT01924858,A Positron Emission Tomography (PET) Study to Investigate the Brain Biodistribution of 18F GSK2647544 in Healthy Subjects to Determine Its Ability to Cross the Blood-brain-barrier.,Phase 1,Small Molecule,Inflammation,Discontinued,False,GSK2647544; [18F]GSK2647544 IV bolus,gsk2647544 18f gsk2647544 iv bolus,investigational_therapeutic_unverified,multiple unverified investigational candidates found (GSK2647544; [18F]GSK2647544 IV bolus) — could not resolve to a single drug,False,,multiple_candidates_unresolved,low,True,Needs Review,multiple distinct unverified candidates found in one trial — scope not determined at trial level,rule_classification,low,True
NCT03432195,A Clinical Study to Evaluate the Pharmacokinetics (PK) of Corplex™ Donepezil Transdermal Delivery System (TDS) Applied to Different Body Locations,Phase 1,Small Molecule,Symptomatic,Completed,False,Donepezil TDS,donepezil tds,investigational_therapeutic_unverified,sole investigational candidate identified (Donepezil TDS); not yet confirmed via official pipeline,False,,no_match,medium,True,Therapeutic Drug,investigational therapeutic candidate; drug/biological intervention type with no disqualifying evidence found,rule_classification,medium,True
NCT03259958,A Bioequivalence Study of Corplex™ Donepezil Transdermal Delivery System Compared to Aricept®,Phase 1,Small Molecule,Symptomatic,Completed,False,,,no_therapeutic_candidate,"no confirmed or investigational therapeutic candidate found, but this trial has unresolved/uncertain interventions worth a manual look",False,,no_match,low,True,Needs Review,no therapeutic candidate; trial has unresolved/uncertain interventions,rule_classification,low,True
NCT07167966,Alzheimer's Tau Platform: Regimen A - AADvac1,Phase 2,Biologic,Amyloid,Recruiting,False,Donanemab,donanemab,investigational_therapeutic_unverified,sole investigational candidate identified (Donanemab); not yet confirmed via official pipeline,False,,no_match,medium,True,Therapeutic Drug,investigational therapeutic candidate; drug/biological intervention type with no disqualifying evidence found,rule_classification,medium,True
NCT00416078,Online Caregiver Psychoeducation and Support for Alzheimer's,Phase 3,Non-Drug/Behavioral,Other,Completed,False,,,no_therapeutic_candidate,no drug/biological therapeutic candidate found among this trial's interventions,False,,not_applicable,high,False,Exclude,no drug/biological therapeutic candidate found among this trial's interventions,rule_classification,high,False
NCT00991419,To Compare Positron Emission Tomography (PET) Measurements of Fibrillar Amyloid Burden,Phase 2,Small Molecule,Amyloid,Completed,False,,,no_therapeutic_candidate,no drug/biological therapeutic candidate found among this trial's interventions,False,,not_applicable,high,False,Exclude,no drug/biological therapeutic candidate found among this trial's interventions,rule_classification,high,False
NCT03172117,Follow-up Study of Safety and Efficacy in Subjects Who Completed NEUROSTEM® Phase-I/IIa Clinical Trial.,Phase 2,Cell/Gene Therapy,Other,Completed,False,,,no_therapeutic_candidate,"no confirmed or investigational therapeutic candidate found, but this trial has unresolved/uncertain interventions worth a manual look",False,,no_match,low,True,Needs Review,no therapeutic candidate; trial has unresolved/uncertain interventions,rule_classification,low,True
NCT00689559,Drug Interaction Study Between AZD3480 and Aripiprazole in Healthy Subjects,Phase 1,Small Molecule,Symptomatic,Completed,False,AZD3480,azd3480,investigational_therapeutic_unverified,sole investigational candidate identified (AZD3480); not yet confirmed via official pipeline,False,,no_match,medium,True,Therapeutic Drug,investigational therapeutic candidate; drug/biological intervention type with no disqualifying evidence found,rule_classification,medium,True
NCT01656525,A Multiple-dose Study of Gantenerumab in Japanese Alzheimer&Apos;s Disease Patients,Phase 1,Biologic,Amyloid,Completed,False,Gantenerumab,gantenerumab,investigational_therapeutic_unverified,sole investigational candidate identified (Gantenerumab); not yet confirmed via official pipeline,False,,no_match,medium,True,Therapeutic Drug,investigational therapeutic candidate; drug/biological intervention type with no disqualifying evidence found,rule_classification,medium,True
NCT04797715,Assessing Clinical Outcomes in Alzheimer's Disease Agitation,Phase 3,Small Molecule,Neuropsychiatric,Completed,False,AXS-05,axs 05,investigational_therapeutic_unverified,sole investigational candidate identified (AXS-05); not yet confirmed via official pipeline,False,,no_match,medium,True,Therapeutic Drug,investigational therapeutic candidate; drug/biological intervention type with no disqualifying evidence found,rule_classification,medium,True
NCT02795780,Follow up 18F-AV-1451 Scan in Confirmatory Cohort Subjects From Study 18F-AV-1451-A05,Phase 2,Small Molecule,Tau,Completed,False,,,no_therapeutic_candidate,no drug/biological therapeutic candidate found among this trial's interventions,False,,not_applicable,high,False,Exclude,no drug/biological therapeutic candidate found among this trial's interventions,rule_classification,high,False
NCT02782975,"Absolute Bioavailability of a Single, Fixed Subcutaneous Dose of Aducanumab in Healthy Participants",Phase 1,Biologic,Amyloid,Completed,False,Aducanumab,aducanumab,sponsor_developed_therapeutic,official pipeline record matched (Aducanumab) but source_url is blank — verify manually,True,,pipeline_record_match_without_source,medium,True,Therapeutic Drug,confirmed or unsourced official sponsor-pipeline match,rule_classification,medium,False
NCT00954369,Exploratory and Safety Study of [F-18]W372,Phase 1,Small Molecule,Other,Completed,False,[F-18]W372,f 18 w372,investigational_therapeutic_unverified,sole investigational candidate identified ([F-18]W372); not yet confirmed via official pipeline,False,,no_match,medium,True,Therapeutic Drug,investigational therapeutic candidate; drug/biological intervention type with no disqualifying evidence found,rule_classification,medium,True
NCT02710188,Relative Bioavailability Study in Healthy Subjects to Evaluate the Pharmacokinetics of HTL0009936 After One Dose of Prototype Formulation,Phase 1,Small Molecule,Symptomatic,Completed,False,HTL0009936 modified release; HTL0009936 immediate release,htl0009936 modified release htl0009936 immediate release,investigational_therapeutic_unverified,multiple unverified investigational candidates found (HTL0009936 modified release; HTL0009936 immediate release) — could not resolve to a single drug,False,,multiple_candidates_unresolved,low,True,Needs Review,multiple distinct unverified candidates found in one trial — scope not determined at trial level,rule_classification,low,True
NCT02695004,"Safety, Tolerability and Pharmacokinetics of DKF-310 ( (Donepezil).",Phase 1,Small Molecule,Symptomatic,Completed,False,DKF-310,dkf 310,investigational_therapeutic_unverified,sole investigational candidate identified (DKF-310); not yet confirmed via official pipeline,False,,no_match,medium,True,Therapeutic Drug,investigational therapeutic candidate; drug/biological intervention type with no disqualifying evidence found,rule_classification,medium,True
NCT02648672,BPN14770 Single Ascending Dose Study in Healthy Male and Female Subjects,Phase 1,Small Molecule,Neuroprotection,Completed,False,BPN14770,bpn14770,investigational_therapeutic_unverified,sole investigational candidate identified (BPN14770); not yet confirmed via official pipeline,False,,no_match,medium,True,Therapeutic Drug,investigational therapeutic candidate; drug/biological intervention type with no disqualifying evidence found,rule_classification,medium,True
NCT02621606,[11C]MK-6884 Positron Emission Tomography (PET) Tracer Validation Trial (MK-6884-001),Phase 1,Small Molecule,Other,Completed,False,[11C]MK-6884,11c mk 6884,investigational_therapeutic_unverified,sole investigational candidate identified ([11C]MK-6884); not yet confirmed via official pipeline,False,,no_match,medium,True,Therapeutic Drug,investigational therapeutic candidate; drug/biological intervention type with no disqualifying evidence found,rule_classification,medium,True
NCT02546310,Phase 1 Study Investigating Effects of HTL0009936 on Cognition and BOLD fMRI Signals in Healthy Elderly Subjects,Phase 1,Small Molecule,Symptomatic,Completed,False,HTL0009936,htl0009936,investigational_therapeutic_unverified,sole investigational candidate identified (HTL0009936); not yet confirmed via official pipeline,False,,no_match,medium,True,Therapeutic Drug,investigational therapeutic candidate; drug/biological intervention type with no disqualifying evidence found,rule_classification,medium,True
NCT02537938,Neurogenetic Pharmaceuticals (NGP) 555 in Healthy Volunteers (14 Day Multiple Ascending Dose),Phase 1,Small Molecule,Amyloid,Completed,False,NGP 555,ngp 555,investigational_therapeutic_unverified,sole investigational candidate identified (NGP 555); not yet confirmed via official pipeline,False,,no_match,medium,True,Therapeutic Drug,investigational therapeutic candidate; drug/biological intervention type with no disqualifying evidence found,rule_classification,medium,True
NCT02534480,Neurogenetic Pharmaceuticals (NGP) 555 in Healthy Young Volunteers (Single-ascending Dose),Phase 1,Small Molecule,Amyloid,Completed,False,NGP 555,ngp 555,investigational_therapeutic_unverified,sole investigational candidate identified (NGP 555); not yet confirmed via official pipeline,False,,no_match,medium,True,Therapeutic Drug,investigational therapeutic candidate; drug/biological intervention type with no disqualifying evidence found,rule_classification,medium,True
NCT00499200,"Study Evaluating Safety, Tolerability, Pharmacokinetics and 5 HT1A Receptor Occupancy",Phase 1,Small Molecule,Other,Completed,False,SRA-444,sra 444,investigational_therapeutic_unverified,sole investigational candidate identified (SRA-444); not yet confirmed via official pipeline,False,,no_match,medium,True,Therapeutic Drug,investigational therapeutic candidate; drug/biological intervention type with no disqualifying evidence found,rule_classification,medium,True
NCT02516046,18F-AV-1451 Autopsy Study,Phase 3,Small Molecule,Tau,Completed,False,,,no_therapeutic_candidate,no drug/biological therapeutic candidate found among this trial's interventions,False,,not_applicable,high,False,Exclude,no drug/biological therapeutic candidate found among this trial's interventions,rule_classification,high,False
NCT02840279,A Multiple Ascending Dose Study of BPN14770 in Healthy Young and Elderly Male or Female Subjects,Phase 1,Small Molecule,Neuroprotection,Completed,False,BPN14770,bpn14770,investigational_therapeutic_unverified,sole investigational candidate identified (BPN14770); not yet confirmed via official pipeline,False,,no_match,medium,True,Therapeutic Drug,investigational therapeutic candidate; drug/biological intervention type with no disqualifying evidence found,rule_classification,medium,True
NCT00151502,To Evaluate the Safety and Effectiveness of Atorvastatin Plus a Cholinesterase Inhibitor in AD Patients.,Phase 3,Small Molecule,Metabolism,Completed,False,Atorvastatin,atorvastatin,investigational_therapeutic_unverified,sole investigational candidate identified (Atorvastatin); not yet confirmed via official pipeline,False,,no_match,medium,True,Therapeutic Drug,investigational therapeutic candidate; drug/biological intervention type with no disqualifying evidence found,rule_classification,medium,True
NCT01202994,Practice Effects and Amyloid Imaging Using 18F-PIB or Flutemetamol PET and FDG-PET,Phase 2,Small Molecule,Amyloid,Completed,False,,,no_therapeutic_candidate,no drug/biological therapeutic candidate found among this trial's interventions,False,,not_applicable,high,False,Exclude,no drug/biological therapeutic candidate found among this trial's interventions,rule_classification,high,False
NCT02350634,18F-AV-1451 High Resolution Autopsy Study,Phase 1,Small Molecule,Tau,Completed,False,,,no_therapeutic_candidate,no drug/biological therapeutic candidate found among this trial's interventions,False,,not_applicable,high,False,Exclude,no drug/biological therapeutic candidate found among this trial's interventions,rule_classification,high,False
NCT02336360,Augmenting Flortaucipir Dosimetry Estimates,Phase 1,Small Molecule,Tau,Completed,False,,,no_therapeutic_candidate,no drug/biological therapeutic candidate found among this trial's interventions,False,,not_applicable,high,False,Exclude,no drug/biological therapeutic candidate found among this trial's interventions,rule_classification,high,False
NCT02291783,"Phase I, Healthy Subject, Safety, Tolerability and Pharmacokinetic Study of an M1 Agonist to Treat Cognitive Impairment",Phase 1,Small Molecule,Symptomatic,Completed,False,HTL0009936,htl0009936,investigational_therapeutic_unverified,sole investigational candidate identified (HTL0009936); not yet confirmed via official pipeline,False,,no_match,medium,True,Therapeutic Drug,investigational therapeutic candidate; drug/biological intervention type with no disqualifying evidence found,rule_classification,medium,True
NCT02278354,Tau Imaging in Professional Fighters,Phase 1,Small Molecule,Tau,Completed,False,,,no_therapeutic_candidate,no drug/biological therapeutic candidate found among this trial's interventions,False,,not_applicable,high,False,Exclude,no drug/biological therapeutic candidate found among this trial's interventions,rule_classification,high,False
NCT02120664,Florbetapir Calibration to the Centiloid Scale,Phase 1,Small Molecule,Amyloid,Completed,False,,,no_therapeutic_candidate,no drug/biological therapeutic candidate found among this trial's interventions,False,,not_applicable,high,False,Exclude,no drug/biological therapeutic candidate found among this trial's interventions,rule_classification,high,False
NCT02051764,Imaging Characteristics of a Follow-up 18F-AV-1451 Scan,Phase 2,Small Molecule,Amyloid,Discontinued,False,,,no_therapeutic_candidate,no drug/biological therapeutic candidate found among this trial's interventions,False,,not_applicable,high,False,Exclude,no drug/biological therapeutic candidate found among this trial's interventions,rule_classification,high,False
NCT02040987,AZD3293 Thorough QT Study in Healthy Male Volunteers,Phase 1,Small Molecule,Amyloid,Completed,False,AZD3293,azd3293,investigational_therapeutic_unverified,sole investigational candidate identified (AZD3293); not yet confirmed via official pipeline,False,,no_match,medium,True,Therapeutic Drug,investigational therapeutic candidate; drug/biological intervention type with no disqualifying evidence found,rule_classification,medium,True
NCT01230853,"A Randomized, Double-blind, Placebo-controlled, Combined Single Ascending Dose and Multiple Ascending Dose Study",Phase 1,Small Molecule,Other,Completed,False,,,no_therapeutic_candidate,"no confirmed or investigational therapeutic candidate found, but this trial has unresolved/uncertain interventions worth a manual look",False,,no_match,low,True,Needs Review,no therapeutic candidate; trial has unresolved/uncertain interventions,rule_classification,low,True
NCT01992380,A Study of Flortaucipir PET in Healthy Volunteers and Cognitively Impaired Subjects,Phase 1,Small Molecule,Tau,Completed,False,,,no_therapeutic_candidate,no drug/biological therapeutic candidate found among this trial's interventions,False,,not_applicable,high,False,Exclude,no drug/biological therapeutic candidate found among this trial's interventions,rule_classification,high,False
NCT04947553,A Study to Assess the Long-term Safety and Efficacy of AXS-05 in Subjects With Alzheimer's Disease Agitation,Phase 3,Small Molecule,Neuropsychiatric,Completed,False,AXS-05 (dextromethorphan-bupropion),axs 05 dextromethorphan bupropion,investigational_therapeutic_unverified,sole investigational candidate identified (AXS-05 (dextromethorphan-bupropion)); not yet confirmed via official pipeline,False,,no_match,medium,True,Therapeutic Drug,investigational therapeutic candidate; drug/biological intervention type with no disqualifying evidence found,rule_classification,medium,True
NCT02471833,Health Evaluation in African Americans Using RAS Therapy,Phase 2,Small Molecule,Other,Completed,False,,,no_therapeutic_candidate,"no confirmed or investigational therapeutic candidate found, but this trial has unresolved/uncertain interventions worth a manual look",False,,no_match,low,True,Needs Review,no therapeutic candidate; trial has unresolved/uncertain interventions,rule_classification,low,True
NCT01723670,Evaluation of Effects of Multiple Dose Regimens of CHF 5074 on Potential Biomarkers of Neurodegeneration in Subjects With Mild Cognitive Impairment,Phase 2,Small Molecule,Amyloid,Discontinued,False,CHF 5074,chf 5074,investigational_therapeutic_unverified,sole investigational candidate identified (CHF 5074); not yet confirmed via official pipeline,False,,no_match,medium,True,Therapeutic Drug,investigational therapeutic candidate; drug/biological intervention type with no disqualifying evidence found,rule_classification,medium,True
NCT01716897,An Study to Determine the Bioavailability of E2609 Tablets Compared to Capsules and the Effect of Food on Absorption,Phase 1,Small Molecule,Amyloid,Completed,False,E2609,e2609,investigational_therapeutic_unverified,sole investigational candidate identified (E2609); not yet confirmed via official pipeline,False,,no_match,medium,True,Therapeutic Drug,investigational therapeutic candidate; drug/biological intervention type with no disqualifying evidence found,rule_classification,medium,True
NCT02078310,Study of ITI-007 in Healthy Geriatric Volunteers and in Geriatric Patients With Dementia,Phase 2,Small Molecule,Neuropsychiatric,Completed,False,ITI-007,iti 007,investigational_therapeutic_unverified,sole investigational candidate identified (ITI-007); not yet confirmed via official pipeline,False,,no_match,medium,True,Therapeutic Drug,investigational therapeutic candidate; drug/biological intervention type with no disqualifying evidence found,rule_classification,medium,True
NCT01660815,A Study of Florbetapir (18F) in Japanese Healthy Volunteers,Phase 1,Small Molecule,Amyloid,Completed,False,,,no_therapeutic_candidate,no drug/biological therapeutic candidate found among this trial's interventions,False,,not_applicable,high,False,Exclude,no drug/biological therapeutic candidate found among this trial's interventions,rule_classification,high,False
NCT01607476,Bridging Study of C11 Pittsburgh Compound B (PiB) and F18 Flutemetamol Brain Positron Emission Tomography (PET),Phase 2,Small Molecule,Amyloid,Completed,False,F18 Flutametamol,f18 flutametamol,investigational_therapeutic_unverified,sole investigational candidate identified (F18 Flutametamol); not yet confirmed via official pipeline,False,,no_match,medium,True,Therapeutic Drug,investigational therapeutic candidate; drug/biological intervention type with no disqualifying evidence found,rule_classification,medium,True
NCT01602393,Evaluation of Safety & Tolerability of Multiple Dose Regimens of CHF 5074 and Exploration of Effects on Potential Markers of Clinical Efficacy in Patients With Mild Cognitive Impairment - Prolonged Open Label Extension Phase,Phase 2,Small Molecule,Amyloid,Completed,False,CHF 5074,chf 5074,investigational_therapeutic_unverified,sole investigational candidate identified (CHF 5074); not yet confirmed via official pipeline,False,,no_match,medium,True,Therapeutic Drug,investigational therapeutic candidate; drug/biological intervention type with no disqualifying evidence found,rule_classification,medium,True
NCT00468897,A Study To Demonstrate The Bioequivalence Of Rosiglitazone XR (BRL-049653) 8mgs XR Manufactured At Two Different Sites.,Phase 1,Small Molecule,Metabolism,Completed,False,RSG,rsg,investigational_therapeutic_unverified,sole investigational candidate identified (RSG); not yet confirmed via official pipeline,False,,no_match,medium,True,Therapeutic Drug,investigational therapeutic candidate; drug/biological intervention type with no disqualifying evidence found,rule_classification,medium,True
NCT01537757,"A Two-Part, Single-Dose Study of the Pharmacokinetics of MK-8931 in Subjects With Renal Insufficiency (MK-8931-009 [P08535])",Phase 1,Small Molecule,Amyloid,Completed,False,MK-8931,mk 8931,investigational_therapeutic_unverified,sole investigational candidate identified (MK-8931); not yet confirmed via official pipeline,False,,no_match,medium,True,Therapeutic Drug,investigational therapeutic candidate; drug/biological intervention type with no disqualifying evidence found,rule_classification,medium,True
NCT01454115,"Study to Evaluate the Safety, Pharmacokinetics and Tolerability of BMS-708163",Phase 1,Small Molecule,Amyloid,Completed,False,BMS-708163 (Gamma-Secretase Inhibitor),bms 708163 gamma secretase inhibitor,investigational_therapeutic_unverified,sole investigational candidate identified (BMS-708163 (Gamma-Secretase Inhibitor)); not yet confirmed via official pipeline,False,,no_match,medium,True,Therapeutic Drug,investigational therapeutic candidate; drug/biological intervention type with no disqualifying evidence found,rule_classification,medium,True
NCT01447719,Autopsy Follow-up of Subjects Previously Imaged With Florbetapir F 18 (18F-AV-45) PET in Trial 18F-AV-45-A07,Phase 3,Small Molecule,Amyloid,Completed,False,,,no_therapeutic_candidate,no drug/biological therapeutic candidate found among this trial's interventions,False,,not_applicable,high,False,Exclude,no drug/biological therapeutic candidate found among this trial's interventions,rule_classification,high,False
NCT01421056,Evaluation of Safety & Tolerability of Multiple Dose Regimens of CHF 5074 and Exploration of Effects on Potential Markers of Clinical Efficacy in Patients With Mild Cognitive Impairment - Open Label Extension (CT04 OLEP),Phase 2,Small Molecule,Amyloid,Completed,False,CHF 5074,chf 5074,investigational_therapeutic_unverified,sole investigational candidate identified (CHF 5074); not yet confirmed via official pipeline,False,,no_match,medium,True,Therapeutic Drug,investigational therapeutic candidate; drug/biological intervention type with no disqualifying evidence found,rule_classification,medium,True
NCT00733785,"PK, Dose Proportionality, Food Effect And Repeat Dose Study Of Rosiglitazone XR In Healthy Volunteers",Phase 1,Small Molecule,Metabolism,Completed,False,Rosiglitazone,rosiglitazone,investigational_therapeutic_unverified,sole investigational candidate identified (Rosiglitazone); not yet confirmed via official pipeline,False,,no_match,medium,True,Therapeutic Drug,investigational therapeutic candidate; drug/biological intervention type with no disqualifying evidence found,rule_classification,medium,True
NCT02061878,A Study to Evaluate the Effect of Bexarotene on Beta-Amyloid and Apolipoprotein E Metabolism in Healthy Subjects,Phase 1,Small Molecule,Neuroprotection,Completed,False,Bexarotene,bexarotene,investigational_therapeutic_unverified,sole investigational candidate identified (Bexarotene); not yet confirmed via official pipeline,False,,no_match,medium,True,Therapeutic Drug,investigational therapeutic candidate; drug/biological intervention type with no disqualifying evidence found,rule_classification,medium,True
NCT03090516,Clinical Efficacy of Ginkgo Biloba Extract in the Treatment of Alzheimer's Disease,Phase 3,Small Molecule,Symptomatic,Unknown,False,Ginkgo biloba dispersible,ginkgo biloba dispersible,investigational_therapeutic_unverified,sole investigational candidate identified (Ginkgo biloba dispersible); not yet confirmed via official pipeline,False,,no_match,medium,True,Therapeutic Drug,investigational therapeutic candidate; drug/biological intervention type with no disqualifying evidence found,rule_classification,medium,True
NCT06831812,Phase I Clinical Study of AV-1959R: Abeta-targeting Anti-Alzheimer's Vaccine,Phase 1,Biologic,Amyloid,Completed,False,AV-1959R (Abeta vaccine),av 1959r abeta vaccine,investigational_therapeutic_unverified,sole investigational candidate identified (AV-1959R (Abeta vaccine)); not yet confirmed via official pipeline,False,,no_match,medium,True,Therapeutic Drug,investigational therapeutic candidate; drug/biological intervention type with no disqualifying evidence found,rule_classification,medium,True
NCT01303744,Evaluation of Safety & Tolerability of Multiple Dose Regimens of CHF 5074,Phase 2,Small Molecule,Amyloid,Completed,False,CHF 5074,chf 5074,investigational_therapeutic_unverified,sole investigational candidate identified (CHF 5074); not yet confirmed via official pipeline,False,,no_match,medium,True,Therapeutic Drug,investigational therapeutic candidate; drug/biological intervention type with no disqualifying evidence found,rule_classification,medium,True
NCT01294540,"Evaluation of the Safety, Tolerability, Pharmacokinetics, and Pharmacodynamics of E2609 in Healthy Subjects and an Elderly Cohort",Phase 1,Small Molecule,Amyloid,Completed,False,E2609,e2609,investigational_therapeutic_unverified,sole investigational candidate identified (E2609); not yet confirmed via official pipeline,False,,no_match,medium,True,Therapeutic Drug,investigational therapeutic candidate; drug/biological intervention type with no disqualifying evidence found,rule_classification,medium,True
NCT01702480,Effects of Triglycerides on Age-Related Cognitive Function Decline in Older Subjects,Phase 1,Small Molecule,Other,Completed,False,GSK2981710,gsk2981710,investigational_therapeutic_unverified,sole investigational candidate identified (GSK2981710); not yet confirmed via official pipeline,False,,no_match,medium,True,Therapeutic Drug,investigational therapeutic candidate; drug/biological intervention type with no disqualifying evidence found,rule_classification,medium,True
NCT01258452,Study to Evaluate the Effects of Food Ingestion on the Pharmacokinetics of CHF 5074 in Healthy Young Male Subjects,Phase 1,Small Molecule,Amyloid,Completed,False,CHF 5074,chf 5074,investigational_therapeutic_unverified,sole investigational candidate identified (CHF 5074); not yet confirmed via official pipeline,False,,no_match,medium,True,Therapeutic Drug,investigational therapeutic candidate; drug/biological intervention type with no disqualifying evidence found,rule_classification,medium,True
NCT01253499,Multiple Dose Study of TRx0037,Phase 1,Small Molecule,Tau,Completed,False,TRx0037,trx0037,investigational_therapeutic_unverified,sole investigational candidate identified (TRx0037); not yet confirmed via official pipeline,False,,no_match,medium,True,Therapeutic Drug,investigational therapeutic candidate; drug/biological intervention type with no disqualifying evidence found,rule_classification,medium,True
NCT01253122,Comparative Bioavailability in Healthy Elderly Volunteers,Phase 1,Small Molecule,Tau,Completed,False,TRx0037,trx0037,investigational_therapeutic_unverified,sole investigational candidate identified (TRx0037); not yet confirmed via official pipeline,False,,no_match,medium,True,Therapeutic Drug,investigational therapeutic candidate; drug/biological intervention type with no disqualifying evidence found,rule_classification,medium,True
NCT01227252,A Safety Study of LY2886721 Multiple Doses in Healthy Subjects,Phase 1,Small Molecule,Amyloid,Completed,False,LY2886721,ly2886721,investigational_therapeutic_unverified,sole investigational candidate identified (LY2886721); not yet confirmed via official pipeline,False,,no_match,medium,True,Therapeutic Drug,investigational therapeutic candidate; drug/biological intervention type with no disqualifying evidence found,rule_classification,medium,True
NCT01221259,"A Randomized, Double-blind, Placebo-controlled, Sequential Ascending, Single-dose Study to Evaluate the Safety, Tolerability, Pharmacokinetics, and Pharmacodynamics of E2212 in Healthy Subjects",Phase 1,Small Molecule,Other,Completed,False,E2212,e2212,investigational_therapeutic_unverified,sole investigational candidate identified (E2212); not yet confirmed via official pipeline,False,,no_match,medium,True,Therapeutic Drug,investigational therapeutic candidate; drug/biological intervention type with no disqualifying evidence found,rule_classification,medium,True
NCT01203384,"Study to Evaluate Safety, Pharmacokinetics and Pharmacodynamics of CHF5074 in Healthy Young Male Subjects",Phase 1,Small Molecule,Amyloid,Completed,False,CHF5074,chf5074,investigational_therapeutic_unverified,sole investigational candidate identified (CHF5074); not yet confirmed via official pipeline,False,,no_match,medium,True,Therapeutic Drug,investigational therapeutic candidate; drug/biological intervention type with no disqualifying evidence found,rule_classification,medium,True
NCT01133405,A Safety Study of LY2886721 Single Doses in Healthy Subjects,Phase 1,Small Molecule,Amyloid,Completed,False,LY2886721,ly2886721,investigational_therapeutic_unverified,sole investigational candidate identified (LY2886721); not yet confirmed via official pipeline,False,,no_match,medium,True,Therapeutic Drug,investigational therapeutic candidate; drug/biological intervention type with no disqualifying evidence found,rule_classification,medium,True
NCT01129115,Dose Response Study of Aerobic Exercise in Older Adults,Phase 1,Non-Drug/Behavioral,Other,Completed,False,,,no_therapeutic_candidate,no drug/biological therapeutic candidate found among this trial's interventions,False,,not_applicable,high,False,Exclude,no drug/biological therapeutic candidate found among this trial's interventions,rule_classification,high,False
NCT01093664,"Safety/Tolerability, Immunological and Clinical Activity of a Boost Immunization With AFFITOPE AD02",Phase 1,Biologic,Amyloid,Completed,False,AFFITOPE AD02,affitope ad02,investigational_therapeutic_unverified,sole investigational candidate identified (AFFITOPE AD02); not yet confirmed via official pipeline,False,,no_match,medium,True,Therapeutic Drug,investigational therapeutic candidate; drug/biological intervention type with no disqualifying evidence found,rule_classification,medium,True
NCT01079819,"Study to Evaluate the Pharmacokinetics, Safety, and Tolerability of BMS-708163",Phase 1,Small Molecule,Amyloid,Completed,False,BMS-708163,bms 708163,investigational_therapeutic_unverified,sole investigational candidate identified (BMS-708163); not yet confirmed via official pipeline,False,,no_match,medium,True,Therapeutic Drug,investigational therapeutic candidate; drug/biological intervention type with no disqualifying evidence found,rule_classification,medium,True
NCT01867775,Mirtazapine for Sleep Disorders in Alzheimer's Disease,Phase 3,Small Molecule,Neuropsychiatric,Unknown,False,Mirtazapine,mirtazapine,investigational_therapeutic_unverified,sole investigational candidate identified (Mirtazapine); not yet confirmed via official pipeline,False,,no_match,medium,True,Therapeutic Drug,investigational therapeutic candidate; drug/biological intervention type with no disqualifying evidence found,rule_classification,medium,True
NCT00954538,"Safety, Radiation Dosimetry, Biokinetics, and Effectiveness of [18F]MK3328 (MK-3328-001)",Phase 1,Small Molecule,Other,Completed,False,[18F]MK-3328,18f mk 3328,investigational_therapeutic_unverified,sole investigational candidate identified ([18F]MK-3328); not yet confirmed via official pipeline,False,,no_match,medium,True,Therapeutic Drug,investigational therapeutic candidate; drug/biological intervention type with no disqualifying evidence found,rule_classification,medium,True
NCT00954252,"Safety, Pharmacokinetics and Pharmacodynamics Study of Treatment With CHF 5074 in Healthy Young Male Subjects",Phase 1,Small Molecule,Amyloid,Completed,False,CHF 5074,chf 5074,investigational_therapeutic_unverified,sole investigational candidate identified (CHF 5074); not yet confirmed via official pipeline,False,,no_match,medium,True,Therapeutic Drug,investigational therapeutic candidate; drug/biological intervention type with no disqualifying evidence found,rule_classification,medium,True
NCT00884533,QTc Study of Rosi XR in Healthy Volunteers,Phase 1,Small Molecule,Other,Discontinued,False,,,no_therapeutic_candidate,"no confirmed or investigational therapeutic candidate found, but this trial has unresolved/uncertain interventions worth a manual look",False,,no_match,low,True,Needs Review,no therapeutic candidate; trial has unresolved/uncertain interventions,rule_classification,low,True
NCT00867399,A Safety and Tolerability Study of ABT-126 in Elderly,Phase 1,Small Molecule,Symptomatic,Completed,False,ABT-126,abt 126,investigational_therapeutic_unverified,sole investigational candidate identified (ABT-126); not yet confirmed via official pipeline,False,,no_match,medium,True,Therapeutic Drug,investigational therapeutic candidate; drug/biological intervention type with no disqualifying evidence found,rule_classification,medium,True
NCT00857415,Phase III Study of the Correlation Between Florbetapir F18 PET Imaging and Amyloid Pathology in the Brain,Phase 3,Small Molecule,Amyloid,Completed,False,,,no_therapeutic_candidate,no drug/biological therapeutic candidate found among this trial's interventions,False,,not_applicable,high,False,Exclude,no drug/biological therapeutic candidate found among this trial's interventions,rule_classification,high,False
NCT00838084,A Safety Study of LY2811376 Single Doses in Healthy Subjects,Phase 1,Small Molecule,Other,Completed,False,LY2811376,ly2811376,investigational_therapeutic_unverified,sole investigational candidate identified (LY2811376); not yet confirmed via official pipeline,False,,no_match,medium,True,Therapeutic Drug,investigational therapeutic candidate; drug/biological intervention type with no disqualifying evidence found,rule_classification,medium,True
NCT00777361,"Study of Uptake, Break Down and Elimination of an Investigational Drug in Healthy Volunteers",Phase 1,Small Molecule,Symptomatic,Discontinued,False,AZD3480,azd3480,investigational_therapeutic_unverified,sole investigational candidate identified (AZD3480); not yet confirmed via official pipeline,False,,no_match,medium,True,Therapeutic Drug,investigational therapeutic candidate; drug/biological intervention type with no disqualifying evidence found,rule_classification,medium,True
NCT00751907,Cerebral and Peripheral Perfusion Pilot Study,Phase 2,Small Molecule,Metabolism,Completed,False,atorvastatin,atorvastatin,investigational_therapeutic_unverified,sole investigational candidate identified (atorvastatin); not yet confirmed via official pipeline,False,,no_match,medium,True,Therapeutic Drug,investigational therapeutic candidate; drug/biological intervention type with no disqualifying evidence found,rule_classification,medium,True
NCT00713765,Pharmacokinetic Interaction Between AZD3480 and Donepezil,Phase 1,Small Molecule,Symptomatic,Discontinued,False,AZD3480,azd3480,investigational_therapeutic_unverified,sole investigational candidate identified (AZD3480); not yet confirmed via official pipeline,False,,no_match,medium,True,Therapeutic Drug,investigational therapeutic candidate; drug/biological intervention type with no disqualifying evidence found,rule_classification,medium,True
NCT00689637,Drug Interaction Study Between AZD3480 and Warfarin,Phase 1,Small Molecule,Symptomatic,Completed,False,AZD3480,azd3480,investigational_therapeutic_unverified,sole investigational candidate identified (AZD3480); not yet confirmed via official pipeline,False,,no_match,medium,True,Therapeutic Drug,investigational therapeutic candidate; drug/biological intervention type with no disqualifying evidence found,rule_classification,medium,True
NCT00687141,"Study to Assess the Safety, Tolerability, Pharmacokinetics and Pharmacodynamics of AZD0328 in Elderly Healthy Subjects",Phase 1,Small Molecule,Other,Completed,False,AZD0328,azd0328,investigational_therapeutic_unverified,sole investigational candidate identified (AZD0328); not yet confirmed via official pipeline,False,,no_match,medium,True,Therapeutic Drug,investigational therapeutic candidate; drug/biological intervention type with no disqualifying evidence found,rule_classification,medium,True
NCT00624026,Memantine - Communication Study,Phase 3,Small Molecule,Symptomatic,Completed,False,Memantine-HCl,memantine hcl,investigational_therapeutic_unverified,sole investigational candidate identified (Memantine-HCl); not yet confirmed via official pipeline,False,,no_match,medium,True,Therapeutic Drug,investigational therapeutic candidate; drug/biological intervention type with no disqualifying evidence found,rule_classification,medium,True
NCT05606341,Innate Immunity Stimulation Via TLR9 in Early AD,Phase 1,Small Molecule,Other,Recruiting,False,CpG1018,cpg1018,investigational_therapeutic_unverified,sole investigational candidate identified (CpG1018); not yet confirmed via official pipeline,False,,no_match,medium,True,Therapeutic Drug,investigational therapeutic candidate; drug/biological intervention type with no disqualifying evidence found,rule_classification,medium,True
NCT07191028,Alzheimer's Disease THErapy With NEuroaid II,Phase 3,Small Molecule,Other,Recruiting,False,MLC 901,mlc 901,investigational_therapeutic_unverified,sole investigational candidate identified (MLC 901); not yet confirmed via official pipeline,False,,no_match,medium,True,Therapeutic Drug,investigational therapeutic candidate; drug/biological intervention type with no disqualifying evidence found,rule_classification,medium,True
NCT00551772,A Study To Assess The Pharmacokinetics Of SB-742457 Formulated As A Capsule And A Tablet In Healthy Elderly Volunteers.,Phase 1,Small Molecule,Symptomatic,Completed,False,SB-742457,sb 742457,investigational_therapeutic_unverified,sole investigational candidate identified (SB-742457); not yet confirmed via official pipeline,False,,no_match,medium,True,Therapeutic Drug,investigational therapeutic candidate; drug/biological intervention type with no disqualifying evidence found,rule_classification,medium,True
NCT00388544,Enhancing Quality of Life for Nursing Home Residents,Phase 2,Non-Drug/Behavioral,Other,Completed,False,,,no_therapeutic_candidate,no drug/biological therapeutic candidate found among this trial's interventions,False,,not_applicable,high,False,Exclude,no drug/biological therapeutic candidate found among this trial's interventions,rule_classification,high,False
NCT00259480,Project ACT: Advancing Caregiving Techniques,Phase 3,Non-Drug/Behavioral,Other,Completed,False,,,no_therapeutic_candidate,no drug/biological therapeutic candidate found among this trial's interventions,False,,not_applicable,high,False,Exclude,no drug/biological therapeutic candidate found among this trial's interventions,rule_classification,high,False
NCT00239746,BONSAI: Biomarkers of Nonsteroidal Anti-Inflammatories,Phase 1,Small Molecule,Inflammation,Unknown,False,Ibuprofen,ibuprofen,investigational_therapeutic_unverified,sole investigational candidate identified (Ibuprofen); not yet confirmed via official pipeline,False,,no_match,medium,True,Therapeutic Drug,investigational therapeutic candidate; drug/biological intervention type with no disqualifying evidence found,rule_classification,medium,True
NCT03226522,Addressing Dementia Via Agitation-Centered Evaluation,Phase 3,Small Molecule,Neuropsychiatric,Completed,False,,,no_therapeutic_candidate,"no confirmed or investigational therapeutic candidate found, but this trial has unresolved/uncertain interventions worth a manual look",False,,no_match,low,True,Needs Review,no therapeutic candidate; trial has unresolved/uncertain interventions,rule_classification,low,True
NCT04786223,Targeting Neuroinflammation as a Contributing Pathology in Alzheimer's Disease Dementia and Related Dementias,Phase 2,Small Molecule,Inflammation,Recruiting,False,,,no_therapeutic_candidate,"no confirmed or investigational therapeutic candidate found, but this trial has unresolved/uncertain interventions worth a manual look",False,,no_match,low,True,Needs Review,no therapeutic candidate; trial has unresolved/uncertain interventions,rule_classification,low,True
NCT05531656,A Study to Evaluate the Safety and Efficacy of CT1812 in Early Alzheimer's Disease,Phase 2,Small Molecule,Amyloid,Active,False,CT1812,ct1812,investigational_therapeutic_unverified,sole investigational candidate identified (CT1812); not yet confirmed via official pipeline,False,,no_match,medium,True,Therapeutic Drug,investigational therapeutic candidate; drug/biological intervention type with no disqualifying evidence found,rule_classification,medium,True
NCT00259467,Project TAP: Tailored Activities Project,Phase 1,Non-Drug/Behavioral,Other,Completed,False,,,no_therapeutic_candidate,no drug/biological therapeutic candidate found among this trial's interventions,False,,not_applicable,high,False,Exclude,no drug/biological therapeutic candidate found among this trial's interventions,rule_classification,high,False
NCT05557409,A Study to Assess the Efficacy and Safety of AXS-05 in Subjects With Alzheimer's Disease Agitation,Phase 3,Small Molecule,Neuropsychiatric,Completed,False,AXS-05,axs 05,investigational_therapeutic_unverified,sole investigational candidate identified (AXS-05); not yet confirmed via official pipeline,False,,no_match,medium,True,Therapeutic Drug,investigational therapeutic candidate; drug/biological intervention type with no disqualifying evidence found,rule_classification,medium,True
NCT06114745,A Trial of SHR-1707 Infusion in Patients With Mild Cognitive Impairment Due to Alzheimer's Disease and Mild Alzheimer's Disease,Phase 1,Small Molecule,Amyloid,Completed,False,SHR-1707,shr 1707,investigational_therapeutic_unverified,sole investigational candidate identified (SHR-1707); not yet confirmed via official pipeline,False,,no_match,medium,True,Therapeutic Drug,investigational therapeutic candidate; drug/biological intervention type with no disqualifying evidence found,rule_classification,medium,True
NCT01608217,Delta-THC in Dementia,Phase 2,Small Molecule,Other,Completed,False,,,no_therapeutic_candidate,"no confirmed or investigational therapeutic candidate found, but this trial has unresolved/uncertain interventions worth a manual look",False,,no_match,low,True,Needs Review,no therapeutic candidate; trial has unresolved/uncertain interventions,rule_classification,low,True
NCT07033494,A Clinical Study of MK-2214 in People With Early Alzheimer's Disease (MK-2214-004),Phase 2,Biologic,Other,Recruiting,False,MK-2214,mk 2214,investigational_therapeutic_unverified,sole investigational candidate identified (MK-2214); not yet confirmed via official pipeline,False,,no_match,medium,True,Therapeutic Drug,investigational therapeutic candidate; drug/biological intervention type with no disqualifying evidence found,rule_classification,medium,True
NCT05771428,"Study to Assess Adverse Events, Change in Disease Activity and How Oral ABBV-552 Capsules Moves Through the Body of Participants Aged 50 to 90 Years With Mild Alzheimer's Disease",Phase 2,Small Molecule,Other,Completed,False,ABBV-552,abbv 552,investigational_therapeutic_unverified,sole investigational candidate identified (ABBV-552); not yet confirmed via official pipeline,False,,no_match,medium,True,Therapeutic Drug,investigational therapeutic candidate; drug/biological intervention type with no disqualifying evidence found,rule_classification,medium,True
NCT05291234,A Study to Assess Safety of ABBV-916 and How Intravenous ABBV-916 Moves Through Body and Affects Brain Amyloid Plaque Clearance in Adult Participants (Aged 50-90 Years) With Early Alzheimer's Disease,Phase 2,Small Molecule,Amyloid,Completed,False,ABBV-916,abbv 916,investigational_therapeutic_unverified,sole investigational candidate identified (ABBV-916); not yet confirmed via official pipeline,False,,no_match,medium,True,Therapeutic Drug,investigational therapeutic candidate; drug/biological intervention type with no disqualifying evidence found,rule_classification,medium,True
NCT03959553,GV1001 Subcutaneous(SC) for the Treatment of Moderate Alzheimer's Disease (AD),Phase 2,Small Molecule,Neuroprotection,Discontinued,False,GV1001,gv1001,investigational_therapeutic_unverified,sole investigational candidate identified (GV1001); not yet confirmed via official pipeline,False,,no_match,medium,True,Therapeutic Drug,investigational therapeutic candidate; drug/biological intervention type with no disqualifying evidence found,rule_classification,medium,True
NCT06489015,Recombinant Human Serum Albumin in the Treatment of AD (Alzheimer Disease) Exploratory Clinical Trials,Phase 1,Small Molecule,Other,Completed,False,Recombinant Human Serum Albumin,recombinant human serum albumin,investigational_therapeutic_unverified,sole investigational candidate identified (Recombinant Human Serum Albumin); not yet confirmed via official pipeline,False,,no_match,medium,True,Therapeutic Drug,investigational therapeutic candidate; drug/biological intervention type with no disqualifying evidence found,rule_classification,medium,True
NCT04468659,AHEAD 3-45 Study: A Study to Evaluate Efficacy and Safety of Treatment With Lecanemab in Participants With Preclinical Alzheimer's Disease and Elevated Amyloid and Also in Participants With Early Preclinical Alzheimer's Disease and Intermediate Amyloid,Phase 3,Biologic,Amyloid,Active,False,Lecanemab,lecanemab,sponsor_developed_therapeutic,official pipeline record matched (Lecanemab) but source_url is blank — verify manually,True,,pipeline_record_match_without_source,medium,True,Therapeutic Drug,confirmed or unsourced official sponsor-pipeline match,rule_classification,medium,False
NCT06194799,ACP-204 in Adults With Alzheimer's Disease Psychosis Open Label Extension Study,Phase 3,Small Molecule,Neuropsychiatric,Recruiting,False,ACP-204,acp 204,investigational_therapeutic_unverified,sole investigational candidate identified (ACP-204); not yet confirmed via official pipeline,False,,no_match,medium,True,Therapeutic Drug,investigational therapeutic candidate; drug/biological intervention type with no disqualifying evidence found,rule_classification,medium,True
NCT06159673,ACP-204 in Adults With Alzheimer's Disease Psychosis,Phase 3,Small Molecule,Neuropsychiatric,Recruiting,False,ACP-204,acp 204,investigational_therapeutic_unverified,sole investigational candidate identified (ACP-204); not yet confirmed via official pipeline,False,,no_match,medium,True,Therapeutic Drug,investigational therapeutic candidate; drug/biological intervention type with no disqualifying evidence found,rule_classification,medium,True
NCT01928420,"A Single Site, Randomized, Double-blind, Placebo Controlled Trial of NIC5-15 in Subjects With Alzheimer's Disease",Phase 2,Small Molecule,Other,Completed,False,NIC5-15,nic5 15,investigational_therapeutic_unverified,sole investigational candidate identified (NIC5-15); not yet confirmed via official pipeline,False,,no_match,medium,True,Therapeutic Drug,investigational therapeutic candidate; drug/biological intervention type with no disqualifying evidence found,rule_classification,medium,True
NCT05161715,"Proof-of-concept, Open-label Study in Patients With Early Alzheimer's Disease",Phase 2,Small Molecule,Other,Completed,False,Obicetrapib,obicetrapib,investigational_therapeutic_unverified,sole investigational candidate identified (Obicetrapib); not yet confirmed via official pipeline,False,,no_match,medium,True,Therapeutic Drug,investigational therapeutic candidate; drug/biological intervention type with no disqualifying evidence found,rule_classification,medium,True
NCT02593318,Trial of Oxaloacetate in Alzheimer's Disease (TOAD),Phase 1,Small Molecule,Other,Completed,False,,,no_therapeutic_candidate,"no confirmed or investigational therapeutic candidate found, but this trial has unresolved/uncertain interventions worth a manual look",False,,no_match,low,True,Needs Review,no therapeutic candidate; trial has unresolved/uncertain interventions,rule_classification,low,True
NCT03887455,A Study to Confirm Safety and Efficacy of Lecanemab in Participants With Early Alzheimer's Disease,Phase 3,Biologic,Amyloid,Active,False,Lecanemab IV; Lecanemab SC,lecanemab iv lecanemab sc,investigational_therapeutic_unverified,multiple unverified investigational candidates found (Lecanemab IV; Lecanemab SC) — could not resolve to a single drug,False,,multiple_candidates_unresolved,low,True,Needs Review,multiple distinct unverified candidates found in one trial — scope not determined at trial level,rule_classification,low,True
NCT07458620,Prospective Single-Arm Safety Study of Cervical LVA in AD Patients,Phase 1,Non-Drug/Behavioral,Other,Recruiting,False,,,no_therapeutic_candidate,no drug/biological therapeutic candidate found among this trial's interventions,False,,not_applicable,high,False,Exclude,no drug/biological therapeutic candidate found among this trial's interventions,rule_classification,high,False
NCT01885806,Repetitive Transcranial Magnetic Stimulation for Apathy Treatment in Alzheimer's Disease,Phase 2,Device,Neuropsychiatric,Unknown,False,,,no_therapeutic_candidate,no drug/biological therapeutic candidate found among this trial's interventions,False,,not_applicable,high,False,Exclude,no drug/biological therapeutic candidate found among this trial's interventions,rule_classification,high,False
NCT04693520,Biomarker Effects of ALZ-801 in APOE4 Carriers With Early Alzheimer's Disease,Phase 2,Small Molecule,Amyloid,Completed,False,ALZ-801,alz 801,investigational_therapeutic_unverified,sole investigational candidate identified (ALZ-801); not yet confirmed via official pipeline,False,,no_match,medium,True,Therapeutic Drug,investigational therapeutic candidate; drug/biological intervention type with no disqualifying evidence found,rule_classification,medium,True
NCT01172145,Treatment of Apathy in Alzheimer's Disease With Modafinil,Phase 3,Small Molecule,Neuropsychiatric,Completed,False,Modafinil,modafinil,investigational_therapeutic_unverified,sole investigational candidate identified (Modafinil); not yet confirmed via official pipeline,False,,no_match,medium,True,Therapeutic Drug,investigational therapeutic candidate; drug/biological intervention type with no disqualifying evidence found,rule_classification,medium,True
NCT00459355,Home Safety Clinical Trial for Alzheimer's Disease,Phase 1,Non-Drug/Behavioral,Other,Completed,False,,,no_therapeutic_candidate,no drug/biological therapeutic candidate found among this trial's interventions,False,,not_applicable,high,False,Exclude,no drug/biological therapeutic candidate found among this trial's interventions,rule_classification,high,False
NCT07568041,Phase 1 Study to Evaluate the Safety and Tolerability of 8M2D in Healthy People and Alzheimer's Patients,Phase 1,Small Molecule,Other,Recruiting,False,8M2D,8m2d,investigational_therapeutic_unverified,sole investigational candidate identified (8M2D); not yet confirmed via official pipeline,False,,no_match,medium,True,Therapeutic Drug,investigational therapeutic candidate; drug/biological intervention type with no disqualifying evidence found,rule_classification,medium,True
NCT00001662,Treatment of Alzheimer's Disease With CX516 (Ampalex),Phase 2,Small Molecule,Other,Completed,False,CX516 (Ampalex),cx516 ampalex,investigational_therapeutic_unverified,sole investigational candidate identified (CX516 (Ampalex)); not yet confirmed via official pipeline,False,,no_match,medium,True,Therapeutic Drug,investigational therapeutic candidate; drug/biological intervention type with no disqualifying evidence found,rule_classification,medium,True
NCT00086138,Depression in Alzheimer's Disease-2,Phase 3,Small Molecule,Neuropsychiatric,Completed,False,Sertraline (Zoloft),sertraline zoloft,investigational_therapeutic_unverified,sole investigational candidate identified (Sertraline (Zoloft)); not yet confirmed via official pipeline,False,,no_match,medium,True,Therapeutic Drug,investigational therapeutic candidate; drug/biological intervention type with no disqualifying evidence found,rule_classification,medium,True
NCT06304883,Long-term Extension of Phase 3 Study of ALZ- 801 in APOE4/4 Early AD Subjects,Phase 3,Small Molecule,Amyloid,Discontinued,False,Experimental: ALZ-801,experimental alz 801,investigational_therapeutic_unverified,sole investigational candidate identified (Experimental: ALZ-801); not yet confirmed via official pipeline,False,,no_match,medium,True,Therapeutic Drug,investigational therapeutic candidate; drug/biological intervention type with no disqualifying evidence found,rule_classification,medium,True
NCT00065689,High Intensity Light Therapy in Alzheimer's Disease,Phase 3,Device,Other,Completed,False,,,no_therapeutic_candidate,no drug/biological therapeutic candidate found among this trial's interventions,False,,not_applicable,high,False,Exclude,no drug/biological therapeutic candidate found among this trial's interventions,rule_classification,high,False
NCT04777396,A Research Study Investigating Semaglutide in People With Early Alzheimer's Disease (EVOKE),Phase 3,Small Molecule,Metabolism,Completed,False,Semagludtide,semagludtide,investigational_therapeutic_unverified,sole investigational candidate identified (Semagludtide); not yet confirmed via official pipeline,False,,no_match,medium,True,Therapeutic Drug,investigational therapeutic candidate; drug/biological intervention type with no disqualifying evidence found,rule_classification,medium,True
NCT02004392,Study of the Safety and Clinical Effects of 2 Doses of EVP-6124 in Subjects With Alzheimer's Disease Who Complete Study EVP-6124-024 or EVP-6124-025,Phase 3,Small Molecule,Symptomatic,Discontinued,False,EVP-6124,evp 6124,investigational_therapeutic_unverified,sole investigational candidate identified (EVP-6124); not yet confirmed via official pipeline,False,,no_match,medium,True,Therapeutic Drug,investigational therapeutic candidate; drug/biological intervention type with no disqualifying evidence found,rule_classification,medium,True
NCT01969136,Study of the Safety and Effectiveness of Two Doses of Investigational Study Drug EVP-6124 in Subjects With Alzheimer's Disease,Phase 3,Small Molecule,Symptomatic,Discontinued,False,EVP-6124,evp 6124,investigational_therapeutic_unverified,sole investigational candidate identified (EVP-6124); not yet confirmed via official pipeline,False,,no_match,medium,True,Therapeutic Drug,investigational therapeutic candidate; drug/biological intervention type with no disqualifying evidence found,rule_classification,medium,True
NCT01969123,Study of the Safety and Effectiveness of Two Doses of Investigational Study Drug EVP-6124 in Subjects With Alzheimer's Disease,Phase 3,Small Molecule,Symptomatic,Discontinued,False,EVP-6124,evp 6124,investigational_therapeutic_unverified,sole investigational candidate identified (EVP-6124); not yet confirmed via official pipeline,False,,no_match,medium,True,Therapeutic Drug,investigational therapeutic candidate; drug/biological intervention type with no disqualifying evidence found,rule_classification,medium,True
NCT05233774,Lomecel-B Effects on Alzheimer's Disease,Phase 2,Small Molecule,Other,Completed,False,Allogeneic MSC,allogeneic msc,investigational_therapeutic_unverified,sole investigational candidate identified (Allogeneic MSC); not yet confirmed via official pipeline,False,,no_match,medium,True,Therapeutic Drug,investigational therapeutic candidate; drug/biological intervention type with no disqualifying evidence found,rule_classification,medium,True
NCT05792163,A First Time in Human Study of SNP318 as a Treatment for Neurodegenerative Diseases Including Alzheimer's Disease,Phase 1,Small Molecule,Other,Completed,False,SNP318 (A),snp318 a,investigational_therapeutic_unverified,sole investigational candidate identified (SNP318 (A)); not yet confirmed via official pipeline,False,,no_match,medium,True,Therapeutic Drug,investigational therapeutic candidate; drug/biological intervention type with no disqualifying evidence found,rule_classification,medium,True
NCT01481558,Effects of Transcranial Direct Current Stimulation on the Apathy of Alzheimer's Disease,Phase 2,Device,Neuropsychiatric,Completed,False,,,no_therapeutic_candidate,no drug/biological therapeutic candidate found among this trial's interventions,False,,not_applicable,high,False,Exclude,no drug/biological therapeutic candidate found among this trial's interventions,rule_classification,high,False
NCT02035982,Discontinuation of Cholinesterase Inhibitors for the Treatment of Severe Alzheimer's Disease,Phase 3,Small Molecule,Symptomatic,Completed,False,Cholinesterase Inhibitor,cholinesterase inhibitor,investigational_therapeutic_unverified,sole investigational candidate identified (Cholinesterase Inhibitor); not yet confirmed via official pipeline,False,,no_match,medium,True,Therapeutic Drug,investigational therapeutic candidate; drug/biological intervention type with no disqualifying evidence found,rule_classification,medium,True
NCT00031018,Prevention of Cognitive Decline in Alzheimer's Disease by Ingested Interferon Alpha,Phase 2,Small Molecule,Symptomatic,Unknown,False,IFN-alpha2A,ifn alpha2a,investigational_therapeutic_unverified,sole investigational candidate identified (IFN-alpha2A); not yet confirmed via official pipeline,False,,no_match,medium,True,Therapeutic Drug,investigational therapeutic candidate; drug/biological intervention type with no disqualifying evidence found,rule_classification,medium,True
NCT02370524,Quantitative Evaluation of [18F]T807 as a Potential PET Radioligand for Imaging Tau in Patients With Alzheimer's Disease,Phase 1,Small Molecule,Tau,Completed,False,,,no_therapeutic_candidate,no drug/biological therapeutic candidate found among this trial's interventions,False,,not_applicable,high,False,Exclude,no drug/biological therapeutic candidate found among this trial's interventions,rule_classification,high,False
NCT00096473,Efficacy and Safety of Aricept in the Treatment of Severe Alzheimer's Disease,Phase 3,Small Molecule,Symptomatic,Completed,False,Donepezil hydrochloride,donepezil hydrochloride,investigational_therapeutic_unverified,sole investigational candidate identified (Donepezil hydrochloride); not yet confirmed via official pipeline,False,,no_match,medium,True,Therapeutic Drug,investigational therapeutic candidate; drug/biological intervention type with no disqualifying evidence found,rule_classification,medium,True
NCT00104273,Rasagiline 1 mg and 2 mg Added to Aricept 10 mg Daily in Patients With Mild to Moderate Alzheimer's Disease (AD),Phase 2,Small Molecule,Symptomatic,Completed,False,Rasagiline,rasagiline,investigational_therapeutic_unverified,sole investigational candidate identified (Rasagiline); not yet confirmed via official pipeline,False,,no_match,medium,True,Therapeutic Drug,investigational therapeutic candidate; drug/biological intervention type with no disqualifying evidence found,rule_classification,medium,True
NCT03186989,"Safety, Tolerability, Pharmacokinetics, and Pharmacodynamics of IONIS-MAPTRx in Patients With Mild Alzheimer's Disease",Phase 1,Small Molecule,Tau,Completed,False,IONIS MAPTRx,ionis maptrx,investigational_therapeutic_unverified,sole investigational candidate identified (IONIS MAPTRx); not yet confirmed via official pipeline,False,,no_match,medium,True,Therapeutic Drug,investigational therapeutic candidate; drug/biological intervention type with no disqualifying evidence found,rule_classification,medium,True
NCT07158905,AV-1980R (Tau Vaccine) in Preclinical Alzheimer's Disease (TAURUS-1980),Phase 1,Biologic,Tau,Recruiting,False,,,no_therapeutic_candidate,"no confirmed or investigational therapeutic candidate found, but this trial has unresolved/uncertain interventions worth a manual look",False,,no_match,low,True,Needs Review,no therapeutic candidate; trial has unresolved/uncertain interventions,rule_classification,low,True
NCT00287742,A Study of the Effectiveness and Safety of Risperidone Versus Placebo in the Treatment of Patients With Hallucinations and Delusions Associated With Alzheimer's Disease,Phase 3,Small Molecule,Neuropsychiatric,Discontinued,False,risperidone,risperidone,investigational_therapeutic_unverified,sole investigational candidate identified (risperidone); not yet confirmed via official pipeline,False,,no_match,medium,True,Therapeutic Drug,investigational therapeutic candidate; drug/biological intervention type with no disqualifying evidence found,rule_classification,medium,True
NCT02045056,Modulation of Micro-RNA Pathways by Gemfibrozil in Predementia Alzheimer Disease,Phase 1,Small Molecule,Other,Completed,False,Gemfibrozil,gemfibrozil,investigational_therapeutic_unverified,sole investigational candidate identified (Gemfibrozil); not yet confirmed via official pipeline,False,,no_match,medium,True,Therapeutic Drug,investigational therapeutic candidate; drug/biological intervention type with no disqualifying evidence found,rule_classification,medium,True
NCT00898807,Citalopram for Agitation in Alzheimer's Disease,Phase 3,Small Molecule,Neuropsychiatric,Completed,False,citalopram,citalopram,investigational_therapeutic_unverified,sole investigational candidate identified (citalopram); not yet confirmed via official pipeline,False,,no_match,medium,True,Therapeutic Drug,investigational therapeutic candidate; drug/biological intervention type with no disqualifying evidence found,rule_classification,medium,True
NCT00874939,A Study to Evaluate the Effects of MK-0249 and an Alzheimer's Disease Medication on Cognitive Function in Adults With Alzheimer's Disease (MK-0249-023),Phase 1,Small Molecule,Symptomatic,Discontinued,False,MK-0249,mk 0249,investigational_therapeutic_unverified,sole investigational candidate identified (MK-0249); not yet confirmed via official pipeline,False,,no_match,medium,True,Therapeutic Drug,investigational therapeutic candidate; drug/biological intervention type with no disqualifying evidence found,rule_classification,medium,True
NCT07279714,Fisetin in Mild Alzheimer's Disease,Phase 2,Non-Drug/Behavioral,Other,Recruiting,False,Fisetin,fisetin,investigational_therapeutic_unverified,sole investigational candidate identified (Fisetin); not yet confirmed via official pipeline,False,,no_match,medium,True,Therapeutic Drug,investigational therapeutic candidate; drug/biological intervention type with no disqualifying evidence found,rule_classification,medium,True
NCT07210528,Safety Of Nrtis for Alzheimer's Therapeutic Advancement in Singapore Study,Phase 1,Small Molecule,Other,Recruiting,False,,,no_therapeutic_candidate,"no confirmed or investigational therapeutic candidate found, but this trial has unresolved/uncertain interventions worth a manual look",False,,no_match,low,True,Needs Review,no therapeutic candidate; trial has unresolved/uncertain interventions,rule_classification,low,True
NCT04770220,An Efficacy and Safety Study of ALZ-801 in APOE4/4 Early AD Subjects,Phase 3,Small Molecule,Amyloid,Completed,False,Experimental: ALZ-801,experimental alz 801,investigational_therapeutic_unverified,sole investigational candidate identified (Experimental: ALZ-801); not yet confirmed via official pipeline,False,,no_match,medium,True,Therapeutic Drug,investigational therapeutic candidate; drug/biological intervention type with no disqualifying evidence found,rule_classification,medium,True
NCT02849639,The INCREASE Study - Delaying the Onset of Alzheimer's Symptomatic Expression,Phase 1,Small Molecule,Other,Completed,False,,,no_therapeutic_candidate,"no confirmed or investigational therapeutic candidate found, but this trial has unresolved/uncertain interventions worth a manual look",False,,no_match,low,True,Needs Review,no therapeutic candidate; trial has unresolved/uncertain interventions,rule_classification,low,True
NCT00759863,LifeZig Personalized Reminiscence Video With Slideshows and Music for Individuals With Alzheimer's and Dementia,Phase 2,Non-Drug/Behavioral,Other,Completed,False,,,no_therapeutic_candidate,no drug/biological therapeutic candidate found among this trial's interventions,False,,not_applicable,high,False,Exclude,no drug/biological therapeutic candidate found among this trial's interventions,rule_classification,high,False
NCT00338117,"Safety and Efficacy of High Dose, Rapid Titration Galantamine in Patients With Alzheimer's Disease",Phase 3,Small Molecule,Symptomatic,Completed,False,Galantamine hydrobromide,galantamine hydrobromide,investigational_therapeutic_unverified,sole investigational candidate identified (Galantamine hydrobromide); not yet confirmed via official pipeline,False,,no_match,medium,True,Therapeutic Drug,investigational therapeutic candidate; drug/biological intervention type with no disqualifying evidence found,rule_classification,medium,True
NCT03806478,Study of APH-1105 in Patients With Mild to Moderate Alzheimer's Disease,Phase 2,Small Molecule,Other,Unknown,False,APH-1105,aph 1105,investigational_therapeutic_unverified,sole investigational candidate identified (APH-1105); not yet confirmed via official pipeline,False,,no_match,medium,True,Therapeutic Drug,investigational therapeutic candidate; drug/biological intervention type with no disqualifying evidence found,rule_classification,medium,True
NCT03802162,"A Clinical Study to Evaluate the Pharmacokinetics, Safety and Tolerability of CKD-355",Phase 1,Small Molecule,Symptomatic,Completed,False,D797,d797,investigational_therapeutic_unverified,sole investigational candidate identified (D797); not yet confirmed via official pipeline,False,,no_match,medium,True,Therapeutic Drug,investigational therapeutic candidate; drug/biological intervention type with no disqualifying evidence found,rule_classification,medium,True
NCT01584440,"Efficacy, Safety and Tolerability Study of AVP-923 (Dextromethorphan/Quinidine) for Treatment of Symptoms of Agitation in Participants With Alzheimer's Disease",Phase 2,Small Molecule,Neuropsychiatric,Completed,False,,,no_therapeutic_candidate,"no confirmed or investigational therapeutic candidate found, but this trial has unresolved/uncertain interventions worth a manual look",False,,no_match,low,True,Needs Review,no therapeutic candidate; trial has unresolved/uncertain interventions,rule_classification,low,True
NCT00901498,Relative Bioavailability Study of Four Experimental Formulations for Alzheimer's Disease,Phase 1,Small Molecule,Amyloid,Completed,False,BMS-708163,bms 708163,investigational_therapeutic_unverified,sole investigational candidate identified (BMS-708163); not yet confirmed via official pipeline,False,,no_match,medium,True,Therapeutic Drug,investigational therapeutic candidate; drug/biological intervention type with no disqualifying evidence found,rule_classification,medium,True
NCT04498650,A Study to Evaluate Safety and Tolerability of Different Doses and Efficacy of PQ912 in Subjects With MCI and Mild AD,Phase 2,Small Molecule,Amyloid,Completed,False,PQ912,pq912,investigational_therapeutic_unverified,sole investigational candidate identified (PQ912); not yet confirmed via official pipeline,False,,no_match,medium,True,Therapeutic Drug,investigational therapeutic candidate; drug/biological intervention type with no disqualifying evidence found,rule_classification,medium,True
NCT01780519,The Cognitive Effects of Lorazepam in Healthy Older Individuals With TOMM40 Variable-length Polymorphisms,Phase 1,Small Molecule,Other,Completed,False,lorazepam,lorazepam,investigational_therapeutic_unverified,sole investigational candidate identified (lorazepam); not yet confirmed via official pipeline,False,,no_match,medium,True,Therapeutic Drug,investigational therapeutic candidate; drug/biological intervention type with no disqualifying evidence found,rule_classification,medium,True
NCT02035553,A Study of the Safety and Efficacy of Pimavanserin in Patients With Alzheimer's Disease Psychosis,Phase 2,Small Molecule,Neuropsychiatric,Completed,False,Pimavanserin tartrate,pimavanserin tartrate,investigational_therapeutic_unverified,sole investigational candidate identified (Pimavanserin tartrate); not yet confirmed via official pipeline,False,,no_match,medium,True,Therapeutic Drug,investigational therapeutic candidate; drug/biological intervention type with no disqualifying evidence found,rule_classification,medium,True
NCT02859207,A Study to Evaluate the Pharmacokinetics of E2609 and Its Metabolites in Subjects With Mild and Moderate Hepatic Impairment Compared With Healthy Subjects,Phase 1,Small Molecule,Amyloid,Completed,False,E2609,e2609,investigational_therapeutic_unverified,sole investigational candidate identified (E2609); not yet confirmed via official pipeline,False,,no_match,medium,True,Therapeutic Drug,investigational therapeutic candidate; drug/biological intervention type with no disqualifying evidence found,rule_classification,medium,True
NCT01886820,A Phase 3 Clinical Trial to Evaluate the Efficacy and Safety of [18F]NAV4694 PET for Detection of Cerebral Beta-Amyloid When Compared With Postmortem Histopathology,Phase 3,Small Molecule,Amyloid,Unknown,False,,,no_therapeutic_candidate,no drug/biological therapeutic candidate found among this trial's interventions,False,,not_applicable,high,False,Exclude,no drug/biological therapeutic candidate found among this trial's interventions,rule_classification,high,False
NCT07115251,Plans4Care: Personalized Dementia Care on Demand,Phase 2,Non-Drug/Behavioral,Other,Recruiting,False,,,no_therapeutic_candidate,no drug/biological therapeutic candidate found among this trial's interventions,False,,not_applicable,high,False,Exclude,no drug/biological therapeutic candidate found among this trial's interventions,rule_classification,high,False
NCT00988624,A Study In Healthy Volunteers To Estimate The Pharmacokinetics Of Four Modified-Release Formulations Of Dimebon (Latrepirdine),Phase 1,Small Molecule,Neuroprotection,Completed,False,Dimebon IR; Dimebon MR1; Dimebon MR2; Dimebon MR3; Dimebon MR4,dimebon ir dimebon mr1 dimebon mr2 dimebon mr3 dimebon mr4,investigational_therapeutic_unverified,multiple unverified investigational candidates found (Dimebon IR; Dimebon MR1; Dimebon MR2; Dimebon MR3; Dimebon MR4) — could not resolve to a single drug,False,,multiple_candidates_unresolved,low,True,Needs Review,multiple distinct unverified candidates found in one trial — scope not determined at trial level,rule_classification,low,True
NCT01378195,iCare Stress Management e-Training for Dementia Family Caregivers,Phase 2,Non-Drug/Behavioral,Other,Completed,False,,,no_therapeutic_candidate,no drug/biological therapeutic candidate found among this trial's interventions,False,,not_applicable,high,False,Exclude,no drug/biological therapeutic candidate found among this trial's interventions,rule_classification,high,False
NCT07252440,A Study to Evaluate the Efficacy and Safety of TTYP01 Tablets in Early Symptomatic Alzheimer's Disease,Phase 2,Small Molecule,Other,Recruiting,False,,,no_therapeutic_candidate,"no confirmed or investigational therapeutic candidate found, but this trial has unresolved/uncertain interventions worth a manual look",False,,no_match,low,True,Needs Review,no therapeutic candidate; trial has unresolved/uncertain interventions,rule_classification,low,True
NCT05834296,Study in Subjects With Mild-to-Moderate Alzheimer's Dementia,Phase 2,Biologic,Other,Active,False,ALZN002 (autologous DCs pulsed with E22W mutant peptide).,alzn002 autologous dcs pulsed with e22w mutant peptide,investigational_therapeutic_unverified,sole investigational candidate identified (ALZN002 (autologous DCs pulsed with E22W mutant peptide).); not yet confirmed via official pipeline,False,,no_match,medium,True,Therapeutic Drug,investigational therapeutic candidate; drug/biological intervention type with no disqualifying evidence found,rule_classification,medium,True
NCT01013610,"An Escalating Dose Study to Evaluate the Safety, Tolerability and Pharmacokinetics of LNK 754 in Elderly Volunteers and in Subjects With Mild Alzheimer's Disease",Phase 1,Small Molecule,Other,Completed,False,LNK-754,lnk 754,investigational_therapeutic_unverified,sole investigational candidate identified (LNK-754); not yet confirmed via official pipeline,False,,no_match,medium,True,Therapeutic Drug,investigational therapeutic candidate; drug/biological intervention type with no disqualifying evidence found,rule_classification,medium,True
NCT06847321,Study of LHP588 in Subjects With P. Gingivalis-Positive Alzheimer's Disease,Phase 2,Small Molecule,Other,Recruiting,False,LHP588,lhp588,investigational_therapeutic_unverified,sole investigational candidate identified (LHP588); not yet confirmed via official pipeline,False,,no_match,medium,True,Therapeutic Drug,investigational therapeutic candidate; drug/biological intervention type with no disqualifying evidence found,rule_classification,medium,True
NCT06850597,Efficacy and Safety of Dimethyl Fumarate Among Patients with Mild Cognitive Impairment and Dementia Due to Alzheimer's Disease,Phase 2,Small Molecule,Other,Recruiting,False,dimethyl fumarate,dimethyl fumarate,investigational_therapeutic_unverified,sole investigational candidate identified (dimethyl fumarate); not yet confirmed via official pipeline,False,,no_match,medium,True,Therapeutic Drug,investigational therapeutic candidate; drug/biological intervention type with no disqualifying evidence found,rule_classification,medium,True
NCT01117181,Apathy in Dementia Methylphenidate Trial (ADMET),Phase 2,Small Molecule,Neuropsychiatric,Completed,False,,,no_therapeutic_candidate,"no confirmed or investigational therapeutic candidate found, but this trial has unresolved/uncertain interventions worth a manual look",False,,no_match,low,True,Needs Review,no therapeutic candidate; trial has unresolved/uncertain interventions,rule_classification,low,True
NCT02346201,Apathy in Dementia Methylphenidate Trial 2,Phase 3,Small Molecule,Neuropsychiatric,Completed,False,Methylphenidate,methylphenidate,investigational_therapeutic_unverified,sole investigational candidate identified (Methylphenidate); not yet confirmed via official pipeline,False,,no_match,medium,True,Therapeutic Drug,investigational therapeutic candidate; drug/biological intervention type with no disqualifying evidence found,rule_classification,medium,True
NCT00407576,PET Imaging of Brain Amyloid Using [11C]MeS-IMPY,Phase 1,Small Molecule,Amyloid,Completed,False,[11C]MeS-IMPY,11c mes impy,investigational_therapeutic_unverified,sole investigational candidate identified ([11C]MeS-IMPY); not yet confirmed via official pipeline,False,,no_match,medium,True,Therapeutic Drug,investigational therapeutic candidate; drug/biological intervention type with no disqualifying evidence found,rule_classification,medium,True
NCT02350127,Preventing Loss of Independence Through Exercise (PLIE) in Persons With Dementia,Phase 3,Non-Drug/Behavioral,Other,Completed,False,,,no_therapeutic_candidate,no drug/biological therapeutic candidate found among this trial's interventions,False,,not_applicable,high,False,Exclude,no drug/biological therapeutic candidate found among this trial's interventions,rule_classification,high,False
NCT01577394,Oculomotor Testing in the Differential Diagnosis of Dementia,Phase 3,Non-Drug/Behavioral,Other,Completed,False,oculomotor measurements,oculomotor measurements,investigational_therapeutic_unverified,sole investigational candidate identified (oculomotor measurements); not yet confirmed via official pipeline,False,,no_match,medium,True,Therapeutic Drug,investigational therapeutic candidate; drug/biological intervention type with no disqualifying evidence found,rule_classification,medium,True
NCT06546995,Study to Evaluate the Effects of NMRA-323511 Among Healthy Elderly and Adults With Agitation Associated With Dementia Due to Alzheimer's Disease,Phase 1,Small Molecule,Neuropsychiatric,Completed,False,NMRA-323511,nmra 323511,investigational_therapeutic_unverified,sole investigational candidate identified (NMRA-323511); not yet confirmed via official pipeline,False,,no_match,medium,True,Therapeutic Drug,investigational therapeutic candidate; drug/biological intervention type with no disqualifying evidence found,rule_classification,medium,True
NCT00990613,A Study Evaluating The Absorption Of Dimebon Into The Body From A Dimebon Solution Applied To The Skin,Phase 1,Small Molecule,Neuroprotection,Completed,False,Dimebon IR; Dimebon,dimebon ir dimebon,investigational_therapeutic_unverified,multiple unverified investigational candidates found (Dimebon IR; Dimebon) — could not resolve to a single drug,False,,multiple_candidates_unresolved,low,True,Needs Review,multiple distinct unverified candidates found in one trial — scope not determined at trial level,rule_classification,low,True
NCT00975481,A Study To Evaluate The Abuse Potential Of Single Oral Doses Of Dimebon (Latrepirdine) In Healthy Recreational Polydrug Users,Phase 1,Small Molecule,Neuroprotection,Completed,False,dimebon,dimebon,investigational_therapeutic_unverified,sole investigational candidate identified (dimebon); not yet confirmed via official pipeline,False,,no_match,medium,True,Therapeutic Drug,investigational therapeutic candidate; drug/biological intervention type with no disqualifying evidence found,rule_classification,medium,True
NCT00931073,A Phase I Study To Estimate The Effect Of Ketoconazole And Omeprazole On The Pharmacokinetics Of Dimebon In Healthy Subjects Who Are Normal Or Poor CYP2D6 Metabolizers,Phase 1,Small Molecule,Neuroprotection,Completed,False,Dimebon alone; Dimebon + Ketoconazole; Dimebon + Omeprazole,dimebon alone dimebon ketoconazole dimebon omeprazole,investigational_therapeutic_unverified,multiple unverified investigational candidates found (Dimebon alone; Dimebon + Ketoconazole; Dimebon + Omeprazole) — could not resolve to a single drug,False,,multiple_candidates_unresolved,low,True,Needs Review,multiple distinct unverified candidates found in one trial — scope not determined at trial level,rule_classification,low,True
NCT00827034,"A Phase 1, Randomized, Open-Label, Two-Way Crossover Study To Evaluate The Steady-State Effect Of Dimebon (PF 01913539) On The Single-Dose Pharmacokinetics And Pharmacodynamics Of Warfarin In Healthy Subjects",Phase 1,Small Molecule,Neuroprotection,Completed,False,Dimebon,dimebon,investigational_therapeutic_unverified,sole investigational candidate identified (Dimebon); not yet confirmed via official pipeline,False,,no_match,medium,True,Therapeutic Drug,investigational therapeutic candidate; drug/biological intervention type with no disqualifying evidence found,rule_classification,medium,True
NCT00825084,"A Phase 1 Study To Evaluate The Pharmacokinetics, Safety, And Tolerability Of Dimebon [PF-01913539] In Japanese And Western Healthy Subjects",Phase 1,Small Molecule,Neuroprotection,Completed,False,Dimebon,dimebon,investigational_therapeutic_unverified,sole investigational candidate identified (Dimebon); not yet confirmed via official pipeline,False,,no_match,medium,True,Therapeutic Drug,investigational therapeutic candidate; drug/biological intervention type with no disqualifying evidence found,rule_classification,medium,True
NCT00692510,Drug Interaction Study Between AZD3480 and Cytochrome P450,Phase 1,Small Molecule,Metabolism,Completed,False,"AZD3480; Cocktail mix (Caffeine, Bupropion, Rosiglitazone, Omeprazole, Midazolam, Bilirubin)",azd3480 cocktail mix caffeine bupropion rosiglitazone omeprazole midazolam bilirubin,investigational_therapeutic_unverified,"multiple unverified investigational candidates found (AZD3480; Cocktail mix (Caffeine, Bupropion, Rosiglitazone, Omeprazole, Midazolam, Bilirubin)) — could not resolve to a single drug",False,,multiple_candidates_unresolved,low,True,Needs Review,multiple distinct unverified candidates found in one trial — scope not determined at trial level,rule_classification,low,True
NCT00558402,Meditation or Education for Alzheimer Caregivers,Phase 2,Non-Drug/Behavioral,Other,Completed,False,,,no_therapeutic_candidate,no drug/biological therapeutic candidate found among this trial's interventions,False,,not_applicable,high,False,Exclude,no drug/biological therapeutic candidate found among this trial's interventions,rule_classification,high,False
NCT01055561,A Study of Acupuncture for Patients With Behavioural and Psychological Symptoms of Dementia,Phase 1,Non-Drug/Behavioral,Other,Completed,False,Acupuncture,acupuncture,investigational_therapeutic_unverified,sole investigational candidate identified (Acupuncture); not yet confirmed via official pipeline,False,,no_match,medium,True,Therapeutic Drug,investigational therapeutic candidate; drug/biological intervention type with no disqualifying evidence found,rule_classification,medium,True
NCT07553338,Safety Assessment of Leronlimab and Its Effect on Brain Inflammation in Alzheimer's Disease,Phase 2,Biologic,Inflammation,Recruiting,False,Leronlimab,leronlimab,investigational_therapeutic_unverified,sole investigational candidate identified (Leronlimab); not yet confirmed via official pipeline,False,,no_match,medium,True,Therapeutic Drug,investigational therapeutic candidate; drug/biological intervention type with no disqualifying evidence found,rule_classification,medium,True
NCT00824590,"A Phase 1, Non-Randomized, Open-Label, Single-Dose Study To Evaluate The Pharmacokinetics, Safety, And Tolerability Of Dimebon [PF 01913539] In Subjects With Severely-Impaired And Normal Renal Function",Phase 1,Small Molecule,Neuroprotection,Completed,False,Dimebon,dimebon,investigational_therapeutic_unverified,sole investigational candidate identified (Dimebon); not yet confirmed via official pipeline,False,,no_match,medium,True,Therapeutic Drug,investigational therapeutic candidate; drug/biological intervention type with no disqualifying evidence found,rule_classification,medium,True
NCT00940589,Efficacy of Circadin® 2 mg in Patients With Mild to Moderate Alzheimer Disease Treated With AChE Inhibitor,Phase 2,Small Molecule,Other,Completed,False,Circadin,circadin,investigational_therapeutic_unverified,sole investigational candidate identified (Circadin); not yet confirmed via official pipeline,False,,no_match,medium,True,Therapeutic Drug,investigational therapeutic candidate; drug/biological intervention type with no disqualifying evidence found,rule_classification,medium,True
NCT07367815,Allogeneic Adipose Tissue Derived-stem Cells in Alzheimer Disease,Phase 2,Small Molecule,Other,Recruiting,False,,,no_therapeutic_candidate,"no confirmed or investigational therapeutic candidate found, but this trial has unresolved/uncertain interventions worth a manual look",False,,no_match,low,True,Needs Review,no therapeutic candidate; trial has unresolved/uncertain interventions,rule_classification,low,True
NCT00095719,Intramuscular Aripiprazole in Acutely Agitated Patients Diagnosed With Dementia,Phase 3,Small Molecule,Neuropsychiatric,Completed,False,Aripiprazole,aripiprazole,investigational_therapeutic_unverified,sole investigational candidate identified (Aripiprazole); not yet confirmed via official pipeline,False,,no_match,medium,True,Therapeutic Drug,investigational therapeutic candidate; drug/biological intervention type with no disqualifying evidence found,rule_classification,medium,True
NCT00010803,Ginkgo Biloba Prevention Trial in Older Individuals,Phase 3,Small Molecule,Other,Completed,False,Ginkgo biloba,ginkgo biloba,investigational_therapeutic_unverified,sole investigational candidate identified (Ginkgo biloba); not yet confirmed via official pipeline,False,,no_match,medium,True,Therapeutic Drug,investigational therapeutic candidate; drug/biological intervention type with no disqualifying evidence found,rule_classification,medium,True
NCT02649985,"PET Brain Imaging in Multiple Sclerosis, Alzheimer's Disease, and Other Neurological and Neuropsychiatric Diseases",Phase 2,Small Molecule,Inflammation,Recruiting,False,[C-11]PBR28,c 11 pbr28,investigational_therapeutic_unverified,sole investigational candidate identified ([C-11]PBR28); not yet confirmed via official pipeline,False,,no_match,medium,True,Therapeutic Drug,investigational therapeutic candidate; drug/biological intervention type with no disqualifying evidence found,rule_classification,medium,True
NCT03044249,A Study of MP-101 in Dementia-Related Psychosis and/or Agitation and Aggression,Phase 2,Small Molecule,Neuropsychiatric,Discontinued,False,MP-101,mp 101,investigational_therapeutic_unverified,sole investigational candidate identified (MP-101); not yet confirmed via official pipeline,False,,no_match,medium,True,Therapeutic Drug,investigational therapeutic candidate; drug/biological intervention type with no disqualifying evidence found,rule_classification,medium,True
NCT03055741,Study of DHP1401 in Patients With Mild-moderate Alzheimer's Disease Treated With Donepezil(DRAMA),Phase 2,Small Molecule,Symptomatic,Completed,False,DHP1401,dhp1401,investigational_therapeutic_unverified,sole investigational candidate identified (DHP1401); not yet confirmed via official pipeline,False,,no_match,medium,True,Therapeutic Drug,investigational therapeutic candidate; drug/biological intervention type with no disqualifying evidence found,rule_classification,medium,True
NCT06797817,Tributyrin Treatment in Mild Alzheimer Disease: Assessment of Butyrate Effects Via the Gut-Brain,Phase 3,Dietary Supplement,Other,Recruiting,False,tributyrin,tributyrin,investigational_therapeutic_unverified,sole investigational candidate identified (tributyrin); not yet confirmed via official pipeline,False,,no_match,medium,True,Non-Drug Intervention,dietary supplement / nutraceutical — excluded from the default therapeutic view unless curated as a genuine investigational program (data/reference/intervention_scope_overrides.csv),rule_type,medium,False
NCT02129348,Treatment of Psychosis and Agitation in Alzheimer's Disease,Phase 2,Small Molecule,Neuropsychiatric,Completed,False,Lithium,lithium,investigational_therapeutic_unverified,sole investigational candidate identified (Lithium); not yet confirmed via official pipeline,False,,no_match,medium,True,Therapeutic Drug,investigational therapeutic candidate; drug/biological intervention type with no disqualifying evidence found,rule_classification,medium,True
NCT04098666,Metformin in Alzheimer's Dementia Prevention,Phase 3,Small Molecule,Metabolism,Active,False,metformin,metformin,investigational_therapeutic_unverified,sole investigational candidate identified (metformin); not yet confirmed via official pipeline,False,,no_match,medium,True,Therapeutic Drug,investigational therapeutic candidate; drug/biological intervention type with no disqualifying evidence found,rule_classification,medium,True
NCT02467413,BAC in Patient With Alzheimer's Disease or Vascular Dementia,Phase 2,Small Molecule,Other,Discontinued,False,,,no_therapeutic_candidate,"no confirmed or investigational therapeutic candidate found, but this trial has unresolved/uncertain interventions worth a manual look",False,,no_match,low,True,Needs Review,no therapeutic candidate; trial has unresolved/uncertain interventions,rule_classification,low,True
NCT01953601,Efficacy and Safety Trial of Verubecestat (MK-8931) in Participants With Prodromal Alzheimer's Disease (MK-8931-019),Phase 3,Small Molecule,Amyloid,Discontinued,False,Verubecestat,verubecestat,investigational_therapeutic_unverified,sole investigational candidate identified (Verubecestat); not yet confirmed via official pipeline,False,,no_match,medium,True,Therapeutic Drug,investigational therapeutic candidate; drug/biological intervention type with no disqualifying evidence found,rule_classification,medium,True
NCT03710642,Prazosin for Agitation in Alzheimer's Disease,Phase 2,Small Molecule,Neuropsychiatric,Completed,False,Prazosin,prazosin,investigational_therapeutic_unverified,sole investigational candidate identified (Prazosin); not yet confirmed via official pipeline,False,,no_match,medium,True,Therapeutic Drug,investigational therapeutic candidate; drug/biological intervention type with no disqualifying evidence found,rule_classification,medium,True
NCT02500784,Improving Beta-2 Adrenergic Signaling in Alzheimer's Disease,Phase 2,Small Molecule,Other,Discontinued,False,Formoterol A,formoterol a,investigational_therapeutic_unverified,sole investigational candidate identified (Formoterol A); not yet confirmed via official pipeline,False,,no_match,medium,True,Therapeutic Drug,investigational therapeutic candidate; drug/biological intervention type with no disqualifying evidence found,rule_classification,medium,True
NCT07213349,Daridorexant for Alzheimer Disease Prevention,Phase 2,Small Molecule,Neuropsychiatric,Recruiting,False,Daridorexant,daridorexant,investigational_therapeutic_unverified,sole investigational candidate identified (Daridorexant); not yet confirmed via official pipeline,False,,no_match,medium,True,Therapeutic Drug,investigational therapeutic candidate; drug/biological intervention type with no disqualifying evidence found,rule_classification,medium,True
NCT05809908,Tricaprilin Phase 3 ALTER-AD (Alternative-Alzheimer Disease) Study,Phase 3,Small Molecule,Metabolism,Recruiting,False,Tricaprilin,tricaprilin,investigational_therapeutic_unverified,sole investigational candidate identified (Tricaprilin); not yet confirmed via official pipeline,False,,no_match,medium,True,Therapeutic Drug,investigational therapeutic candidate; drug/biological intervention type with no disqualifying evidence found,rule_classification,medium,True
NCT07323927,Investigator Initiated Trial of Galcanezumab Treatment in Alzheimer's Disease,Phase 1,Biologic,Other,Recruiting,False,Galcanezumab,galcanezumab,investigational_therapeutic_unverified,sole investigational candidate identified (Galcanezumab); not yet confirmed via official pipeline,False,,no_match,medium,True,Therapeutic Drug,investigational therapeutic candidate; drug/biological intervention type with no disqualifying evidence found,rule_classification,medium,True
NCT00104013,Study of Xaliproden (SR57746A) in Patients With Mild-to-Moderate Dementia of the Alzheimer's Type,Phase 3,Small Molecule,Neuroprotection,Completed,False,xaliproden (SR57746A),xaliproden sr57746a,investigational_therapeutic_unverified,sole investigational candidate identified (xaliproden (SR57746A)); not yet confirmed via official pipeline,False,,no_match,medium,True,Therapeutic Drug,investigational therapeutic candidate; drug/biological intervention type with no disqualifying evidence found,rule_classification,medium,True
NCT03639987,A Study of Aducanumab in Participants With Mild Cognitive Impairment Due to Alzheimer's Disease or With Mild Alzheimer's Disease Dementia to Evaluate the Safety of Continued Dosing in Participants With Asymptomatic Amyloid-Related Imaging Abnormalities,Phase 2,Biologic,Amyloid,Discontinued,False,Aducanumab,aducanumab,sponsor_developed_therapeutic,official pipeline record matched (Aducanumab) but source_url is blank — verify manually,True,,pipeline_record_match_without_source,medium,True,Therapeutic Drug,confirmed or unsourced official sponsor-pipeline match,rule_classification,medium,False
NCT07135245,Improved Treatment and Monitoring of Alzheimer's Disease,Phase 2,Small Molecule,Metabolism,Recruiting,False,Semaglutide (Rybelsus®) combined with other interventions; Semaglutide (Rybelsus®),semaglutide rybelsus combined with other interventions semaglutide rybelsus,investigational_therapeutic_unverified,multiple unverified investigational candidates found (Semaglutide (Rybelsus®) combined with other interventions; Semaglutide (Rybelsus®)) — could not resolve to a single drug,False,,multiple_candidates_unresolved,low,True,Needs Review,multiple distinct unverified candidates found in one trial — scope not determined at trial level,rule_classification,low,True
NCT02246075,Study of the Safety of Two Doses of Investigational Study Drug EVP-6124 in Subjects With Alzheimer's Disease Currently Receiving Memantine,Phase 2,Small Molecule,Symptomatic,Discontinued,False,EVP-6124,evp 6124,investigational_therapeutic_unverified,sole investigational candidate identified (EVP-6124); not yet confirmed via official pipeline,False,,no_match,medium,True,Therapeutic Drug,investigational therapeutic candidate; drug/biological intervention type with no disqualifying evidence found,rule_classification,medium,True
NCT07007208,"Biomarkers of the Locus Coeruleus Nucleus: Links With Early Tau Pathology, Cognition and Alzheimer's Disease Risk",Phase 2,Small Molecule,Tau,Recruiting,False,,,no_therapeutic_candidate,"no confirmed or investigational therapeutic candidate found, but this trial has unresolved/uncertain interventions worth a manual look",False,,no_match,low,True,Needs Review,no therapeutic candidate; trial has unresolved/uncertain interventions,rule_classification,low,True
NCT03056729,Single-Ascending-Dose Study of BIIB076 in Healthy Volunteers and Participants With Alzheimer's Disease,Phase 1,Small Molecule,Other,Completed,False,BIIB076,biib076,investigational_therapeutic_unverified,sole investigational candidate identified (BIIB076); not yet confirmed via official pipeline,False,,no_match,medium,True,Therapeutic Drug,investigational therapeutic candidate; drug/biological intervention type with no disqualifying evidence found,rule_classification,medium,True
NCT00103649,18-Month Study of the Efficacy of Xaliproden (SR57746A) in Patients With Mild-to-Moderate Dementia of the Alzheimer's Type,Phase 3,Small Molecule,Neuroprotection,Completed,False,xaliproden (SR57746A),xaliproden sr57746a,investigational_therapeutic_unverified,sole investigational candidate identified (xaliproden (SR57746A)); not yet confirmed via official pipeline,False,,no_match,medium,True,Therapeutic Drug,investigational therapeutic candidate; drug/biological intervention type with no disqualifying evidence found,rule_classification,medium,True
NCT06881836,A Study of ONO-2020 in Participants With Mild to Moderate Alzheimer's Disease,Phase 2,Small Molecule,Other,Active,False,ONO-2020,ono 2020,investigational_therapeutic_unverified,sole investigational candidate identified (ONO-2020); not yet confirmed via official pipeline,False,,no_match,medium,True,Therapeutic Drug,investigational therapeutic candidate; drug/biological intervention type with no disqualifying evidence found,rule_classification,medium,True
NCT00153010,An Evaluation of Three Doses of NS 2330 in Patients With Mild to Moderate Dementia of the Alzheimer's Type,Phase 2,Small Molecule,Other,Completed,False,NS 2330 (Tesofensine),ns 2330 tesofensine,investigational_therapeutic_unverified,sole investigational candidate identified (NS 2330 (Tesofensine)); not yet confirmed via official pipeline,False,,no_match,medium,True,Therapeutic Drug,investigational therapeutic candidate; drug/biological intervention type with no disqualifying evidence found,rule_classification,medium,True
NCT06862960,Ozanimod in Patients With Alzheimer's Disease,Phase 2,Small Molecule,Other,Recruiting,False,,,no_therapeutic_candidate,"no confirmed or investigational therapeutic candidate found, but this trial has unresolved/uncertain interventions worth a manual look",False,,no_match,low,True,Needs Review,no therapeutic candidate; trial has unresolved/uncertain interventions,rule_classification,low,True
NCT04838301,Allopregnanolone Regenerative Therapeutic for Mild Alzheimer's Disease,Phase 2,Small Molecule,Neuroprotection,Active,False,Allopregnanolone,allopregnanolone,investigational_therapeutic_unverified,sole investigational candidate identified (Allopregnanolone); not yet confirmed via official pipeline,False,,no_match,medium,True,Therapeutic Drug,investigational therapeutic candidate; drug/biological intervention type with no disqualifying evidence found,rule_classification,medium,True
NCT06840054,The Safety and Efficacy of Sodium Pentaborate Pentahydrate in Patients With Mild to Moderate Alzheimer's Disease,Phase 2,Small Molecule,Other,Recruiting,False,Sodium Pentaborate Pentahydrate,sodium pentaborate pentahydrate,investigational_therapeutic_unverified,sole investigational candidate identified (Sodium Pentaborate Pentahydrate); not yet confirmed via official pipeline,False,,no_match,medium,True,Therapeutic Drug,investigational therapeutic candidate; drug/biological intervention type with no disqualifying evidence found,rule_classification,medium,True
NCT07142278,DUVAX: A Phase 1 Alzheimer's Vaccine Study Targeting Amyloid-Beta and Tau,Phase 1,Biologic,Amyloid,Recruiting,False,,,no_therapeutic_candidate,"no confirmed or investigational therapeutic candidate found, but this trial has unresolved/uncertain interventions worth a manual look",False,,no_match,low,True,Needs Review,no therapeutic candidate; trial has unresolved/uncertain interventions,rule_classification,low,True
NCT07205601,Study of Intracerebroventricular Injections of Autologous Adipose-Derived Stem Cells (RB-ADSCs) in Participants With Mild-Moderate Alzheimer's Disease,Phase 2,Biologic,Other,Recruiting,False,RB-ADSC,rb adsc,investigational_therapeutic_unverified,sole investigational candidate identified (RB-ADSC); not yet confirmed via official pipeline,False,,no_match,medium,True,Therapeutic Drug,investigational therapeutic candidate; drug/biological intervention type with no disqualifying evidence found,rule_classification,medium,True
NCT00041678,Study of Aripiprazole in the Treatment of Patients With Psychosis Associated With Dementia of the Alzheimer's Type,Phase 3,Small Molecule,Neuropsychiatric,Completed,False,aripiprazole,aripiprazole,investigational_therapeutic_unverified,sole investigational candidate identified (aripiprazole); not yet confirmed via official pipeline,False,,no_match,medium,True,Therapeutic Drug,investigational therapeutic candidate; drug/biological intervention type with no disqualifying evidence found,rule_classification,medium,True
NCT00036114,Study of Aripiprazole in the Treatment of Patients With Psychosis Associated With Dementia of the Alzheimer's Type,Phase 3,Small Molecule,Neuropsychiatric,Completed,False,aripiprazole,aripiprazole,investigational_therapeutic_unverified,sole investigational candidate identified (aripiprazole); not yet confirmed via official pipeline,False,,no_match,medium,True,Therapeutic Drug,investigational therapeutic candidate; drug/biological intervention type with no disqualifying evidence found,rule_classification,medium,True
NCT05462106,A Study to Assess the Effects of ACI-24.060 in Alzheimer's Disease and in Down Syndrome (ABATE Study),Phase 2,Biologic,Other,Recruiting,False,,,no_therapeutic_candidate,"no confirmed or investigational therapeutic candidate found, but this trial has unresolved/uncertain interventions worth a manual look",False,,no_match,low,True,Needs Review,no therapeutic candidate; trial has unresolved/uncertain interventions,rule_classification,low,True
NCT06427668,Study of SPG302 in Adult Participants With Mild-to-Moderate Alzheimer's Disease (AD),Phase 2,Small Molecule,Tau,Active,False,SPG302,spg302,investigational_therapeutic_unverified,sole investigational candidate identified (SPG302); not yet confirmed via official pipeline,False,,no_match,medium,True,Therapeutic Drug,investigational therapeutic candidate; drug/biological intervention type with no disqualifying evidence found,rule_classification,medium,True
NCT07580703,"A Phase I Study of [18F]Flortaucipir PET Imaging in Chinese Subjects: Safety, Pharmacokinetics, Biodistribution, Radiation Dosimetry, and Preliminary Diagnostic Efficacy",Phase 1,Small Molecule,Tau,Recruiting,False,,,no_therapeutic_candidate,no drug/biological therapeutic candidate found among this trial's interventions,False,,not_applicable,high,False,Exclude,no drug/biological therapeutic candidate found among this trial's interventions,rule_classification,high,False
NCT06570928,Use of a Cannabinoids as a Treatment Strategy for Alzheimer's Disease,Phase 2,Non-Drug/Behavioral,Other,Completed,False,Cannabis,cannabis,investigational_therapeutic_unverified,sole investigational candidate identified (Cannabis); not yet confirmed via official pipeline,False,,no_match,medium,True,Therapeutic Drug,investigational therapeutic candidate; drug/biological intervention type with no disqualifying evidence found,rule_classification,medium,True
NCT05670912,Efficacy and Safety of Wei Li Bai Capsules in the Treatment of Alzheimer's Disease,Phase 2,Small Molecule,Other,Discontinued,False,Wei Li Bai,wei li bai,investigational_therapeutic_unverified,sole investigational candidate identified (Wei Li Bai); not yet confirmed via official pipeline,False,,no_match,medium,True,Therapeutic Drug,investigational therapeutic candidate; drug/biological intervention type with no disqualifying evidence found,rule_classification,medium,True
NCT03075241,Z-Drugs for Sleep Disorders in Alzheimer's Disease,Phase 3,Small Molecule,Neuropsychiatric,Completed,False,,,no_therapeutic_candidate,"no confirmed or investigational therapeutic candidate found, but this trial has unresolved/uncertain interventions worth a manual look",False,,no_match,low,True,Needs Review,no therapeutic candidate; trial has unresolved/uncertain interventions,rule_classification,low,True
NCT04902703,Phase II Trial to Evaluate Safety and Efficacy of GM-CSF/Sargramostim in Alzheimer's Disease,Phase 2,Small Molecule,Inflammation,Recruiting,False,Sargramostim,sargramostim,investigational_therapeutic_unverified,sole investigational candidate identified (Sargramostim); not yet confirmed via official pipeline,False,,no_match,medium,True,Therapeutic Drug,investigational therapeutic candidate; drug/biological intervention type with no disqualifying evidence found,rule_classification,medium,True
NCT07172815,PDE5 Inhibitor for Alzheimer's Disease,Phase 2,Small Molecule,Neuroprotection,Recruiting,False,tadalafil,tadalafil,investigational_therapeutic_unverified,sole investigational candidate identified (tadalafil); not yet confirmed via official pipeline,False,,no_match,medium,True,Therapeutic Drug,investigational therapeutic candidate; drug/biological intervention type with no disqualifying evidence found,rule_classification,medium,True
NCT03234686,Deferiprone to Delay Dementia (The 3D Study),Phase 2,Small Molecule,Other,Completed,False,Deferiprone,deferiprone,investigational_therapeutic_unverified,sole investigational candidate identified (Deferiprone); not yet confirmed via official pipeline,False,,no_match,medium,True,Therapeutic Drug,investigational therapeutic candidate; drug/biological intervention type with no disqualifying evidence found,rule_classification,medium,True
NCT00599469,Far Infrared Treatment for Alzheimer's Disease,Phase 1,Non-Drug/Behavioral,Other,Unknown,False,,,no_therapeutic_candidate,no drug/biological therapeutic candidate found among this trial's interventions,False,,not_applicable,high,False,Exclude,no drug/biological therapeutic candidate found among this trial's interventions,rule_classification,high,False
NCT00982202,Pioglitazone in Alzheimer Disease,Phase 2,Small Molecule,Metabolism,Completed,False,pioglitazone,pioglitazone,investigational_therapeutic_unverified,sole investigational candidate identified (pioglitazone); not yet confirmed via official pipeline,False,,no_match,medium,True,Therapeutic Drug,investigational therapeutic candidate; drug/biological intervention type with no disqualifying evidence found,rule_classification,medium,True
NCT07142954,Epidemiology and Biomarker Study in Alzheimer's Disease,Phase 3,Non-Drug/Behavioral,Tau,Recruiting,False,P-tau217 Test,p tau217 test,investigational_therapeutic_unverified,sole investigational candidate identified (P-tau217 Test); not yet confirmed via official pipeline,False,,no_match,medium,True,Therapeutic Drug,investigational therapeutic candidate; drug/biological intervention type with no disqualifying evidence found,rule_classification,medium,True
NCT01701089,A Study of RO4602522 in Patients With Alzheimer Disease and in Healthy Volunteers,Phase 1,Small Molecule,Other,Completed,False,RO4602522,ro4602522,investigational_therapeutic_unverified,sole investigational candidate identified (RO4602522); not yet confirmed via official pipeline,False,,no_match,medium,True,Therapeutic Drug,investigational therapeutic candidate; drug/biological intervention type with no disqualifying evidence found,rule_classification,medium,True
NCT07200622,Oral Semaglutide in Patients With Alzheimer's Disease,Phase 2,Small Molecule,Metabolism,Recruiting,False,Semaglutide (Rybelsus®),semaglutide rybelsus,investigational_therapeutic_unverified,sole investigational candidate identified (Semaglutide (Rybelsus®)); not yet confirmed via official pipeline,False,,no_match,medium,True,Therapeutic Drug,investigational therapeutic candidate; drug/biological intervention type with no disqualifying evidence found,rule_classification,medium,True
NCT07611357,[18F]F-AraG PET Imaging in Alzheimer's Disease,Phase 2,Small Molecule,Other,Recruiting,False,,,no_therapeutic_candidate,no drug/biological therapeutic candidate found among this trial's interventions,False,,not_applicable,high,False,Exclude,no drug/biological therapeutic candidate found among this trial's interventions,rule_classification,high,False
NCT02187627,"Evaluation of [11C]RO6924963, [11C]RO6931643, and [18F]RO6958948 as Tracers for Positron Emission Tomography (PET) Imaging of Tau in Healthy and Alzheimer's Disease (AD) Participants",Phase 1,Small Molecule,Tau,Completed,False,,,no_therapeutic_candidate,"no confirmed or investigational therapeutic candidate found, but this trial has unresolved/uncertain interventions worth a manual look",False,,no_match,low,True,Needs Review,no therapeutic candidate; trial has unresolved/uncertain interventions,rule_classification,low,True
NCT01890343,"Imaging Characteristics of Florbetapir 18F in Patients With Frontotemporal Dementia, Alzheimer's Disease and Normal Controls.",Phase 2,Small Molecule,Amyloid,Completed,False,,,no_therapeutic_candidate,no drug/biological therapeutic candidate found among this trial's interventions,False,,not_applicable,high,False,Exclude,no drug/biological therapeutic candidate found among this trial's interventions,rule_classification,high,False
NCT04842552,Effect of Hydralazine on Alzheimer's Disease,Phase 3,Small Molecule,Other,Unknown,False,Hydralazine hydrochloride,hydralazine hydrochloride,investigational_therapeutic_unverified,sole investigational candidate identified (Hydralazine hydrochloride); not yet confirmed via official pipeline,False,,no_match,medium,True,Therapeutic Drug,investigational therapeutic candidate; drug/biological intervention type with no disqualifying evidence found,rule_classification,medium,True
NCT07571161,Donanemab (LY3002813) Trial in Chinese Participants With Cognitively Unimpaired (Preclinical) Alzheimer's Disease,Phase 3,Biologic,Amyloid,Recruiting,False,Donanemab,donanemab,sponsor_developed_therapeutic,official pipeline record matched (Donanemab) but source_url is blank — verify manually,True,,pipeline_record_match_without_source,medium,True,Therapeutic Drug,confirmed or unsourced official sponsor-pipeline match,rule_classification,medium,False
NCT07187141,Nasal Protollin in Early Symptomatic Alzheimer's Disease,Phase 1,Small Molecule,Other,Completed,False,Protollin,protollin,investigational_therapeutic_unverified,sole investigational candidate identified (Protollin); not yet confirmed via official pipeline,False,,no_match,medium,True,Therapeutic Drug,investigational therapeutic candidate; drug/biological intervention type with no disqualifying evidence found,rule_classification,medium,True
NCT07413744,The Gut - PRO Study,Phase 2,Small Molecule,Other,Recruiting,False,Probiotic,probiotic,investigational_therapeutic_unverified,sole investigational candidate identified (Probiotic); not yet confirmed via official pipeline,False,,no_match,medium,True,Therapeutic Drug,investigational therapeutic candidate; drug/biological intervention type with no disqualifying evidence found,rule_classification,medium,True
NCT04931459,"A Study to Evaluate the Safety, Tolerability, and Blood Levels of ACU193 in Participants With MCI or Mild AD",Phase 1,Small Molecule,Other,Completed,False,ACU193,acu193,investigational_therapeutic_unverified,sole investigational candidate identified (ACU193); not yet confirmed via official pipeline,False,,no_match,medium,True,Therapeutic Drug,investigational therapeutic candidate; drug/biological intervention type with no disqualifying evidence found,rule_classification,medium,True
NCT06619613,A Study of CM383 in Patients With Alzheimer's Disease Related Mild Cognitive Impairment and Mild Alzheimer's Disease,Phase 1,Biologic,Other,Recruiting,False,Alzheimer Disease (AD),alzheimer disease ad,investigational_therapeutic_unverified,sole investigational candidate identified (Alzheimer Disease (AD)); not yet confirmed via official pipeline,False,,no_match,medium,True,Therapeutic Drug,investigational therapeutic candidate; drug/biological intervention type with no disqualifying evidence found,rule_classification,medium,True
NCT05397639,Masupirdine for the Treatment of Agitation in Dementia of the Alzheimer's Type,Phase 3,Small Molecule,Neuropsychiatric,Recruiting,False,,,no_therapeutic_candidate,"no confirmed or investigational therapeutic candidate found, but this trial has unresolved/uncertain interventions worth a manual look",False,,no_match,low,True,Needs Review,no therapeutic candidate; trial has unresolved/uncertain interventions,rule_classification,low,True
NCT04482179,Transcranial Magnetic Stimulation and Constraint Induced Language Therapy for Alzheimer Disease,Phase 1,Device,Other,Completed,False,,,no_therapeutic_candidate,no drug/biological therapeutic candidate found among this trial's interventions,False,,not_applicable,high,False,Exclude,no drug/biological therapeutic candidate found among this trial's interventions,rule_classification,high,False
NCT07612150,"A Study to Evaluate the Safety, Tolerability, and Efficacy of TML-6 in Participants With Early Alzheimer's Disease",Phase 2,Small Molecule,Other,Recruiting,False,TML-6,tml 6,investigational_therapeutic_unverified,sole investigational candidate identified (TML-6); not yet confirmed via official pipeline,False,,no_match,medium,True,Therapeutic Drug,investigational therapeutic candidate; drug/biological intervention type with no disqualifying evidence found,rule_classification,medium,True
NCT03056495,Clinical Trial to Determine Tolerable Dosis of Vorinostat in Patients With Mild Alzheimer Disease,Phase 1,Small Molecule,Other,Discontinued,False,N-hydroxy-N'-phenyl-octanediamide (Vorinostat),n hydroxy n phenyl octanediamide vorinostat,investigational_therapeutic_unverified,sole investigational candidate identified (N-hydroxy-N'-phenyl-octanediamide (Vorinostat)); not yet confirmed via official pipeline,False,,no_match,medium,True,Therapeutic Drug,investigational therapeutic candidate; drug/biological intervention type with no disqualifying evidence found,rule_classification,medium,True
NCT07062198,Combined Metabolic Activator Supplementation in Subjects Diagnosed With Alzheimer's Disease,Phase 3,Small Molecule,Metabolism,Recruiting,False,,,no_therapeutic_candidate,"no confirmed or investigational therapeutic candidate found, but this trial has unresolved/uncertain interventions worth a manual look",False,,no_match,low,True,Needs Review,no therapeutic candidate; trial has unresolved/uncertain interventions,rule_classification,low,True
NCT07091747,Use of a Product Containing the Cannabinoids CBD and THC as a Treatment Strategy for Alzheimer's Disease - Alzheimer's Disease and Cannabis Clinical Trial (DAZACANN) Open-Label Phase,Phase 2,Non-Drug/Behavioral,Other,Active,False,Cannabis,cannabis,investigational_therapeutic_unverified,sole investigational candidate identified (Cannabis); not yet confirmed via official pipeline,False,,no_match,medium,True,Therapeutic Drug,investigational therapeutic candidate; drug/biological intervention type with no disqualifying evidence found,rule_classification,medium,True
NCT06677203,Study of ASN51 in Adults With Early Alzheimer's Disease,Phase 2,Small Molecule,Tau,Discontinued,False,ASN51,asn51,investigational_therapeutic_unverified,sole investigational candidate identified (ASN51); not yet confirmed via official pipeline,False,,no_match,medium,True,Therapeutic Drug,investigational therapeutic candidate; drug/biological intervention type with no disqualifying evidence found,rule_classification,medium,True
NCT06582706,Nicotinic Acid for the Treatment of Alzheimer's Disease,Phase 2,Small Molecule,Symptomatic,Recruiting,False,Niacin,niacin,investigational_therapeutic_unverified,sole investigational candidate identified (Niacin); not yet confirmed via official pipeline,False,,no_match,medium,True,Therapeutic Drug,investigational therapeutic candidate; drug/biological intervention type with no disqualifying evidence found,rule_classification,medium,True
NCT06992804,Near-Infrared Light Therapy Combined With Lecanemab for Mild Alzheimer's Disease,Phase 1,Biologic,Amyloid,Recruiting,False,NirsCure with Lecanemab,nirscure with lecanemab,investigational_therapeutic_unverified,sole investigational candidate identified (NirsCure with Lecanemab); not yet confirmed via official pipeline,False,,no_match,medium,True,Therapeutic Drug,investigational therapeutic candidate; drug/biological intervention type with no disqualifying evidence found,rule_classification,medium,True
NCT06535308,BnH-015B Clinical Trial in Moderate Alzheimer's Disease,Phase 1,Small Molecule,Other,Recruiting,False,BnH-015B,bnh 015b,investigational_therapeutic_unverified,sole investigational candidate identified (BnH-015B); not yet confirmed via official pipeline,False,,no_match,medium,True,Therapeutic Drug,investigational therapeutic candidate; drug/biological intervention type with no disqualifying evidence found,rule_classification,medium,True
NCT07554872,Study of Neural Stem Cell-Derived Exosomes in Moderate-to-Severe Early-Onset Alzheimer's Disease,Phase 1,Cell/Gene Therapy,Other,Recruiting,False,Neural Stem Cell-Derived Exosomes,neural stem cell derived exosomes,investigational_therapeutic_unverified,sole investigational candidate identified (Neural Stem Cell-Derived Exosomes); not yet confirmed via official pipeline,False,,no_match,medium,True,Therapeutic Drug,investigational therapeutic candidate; drug/biological intervention type with no disqualifying evidence found,rule_classification,medium,True
NCT07598370,A Study of LY3439539 in Participants With Alzheimer's Disease,Phase 1,Small Molecule,Other,Recruiting,False,LY3439539,ly3439539,investigational_therapeutic_unverified,sole investigational candidate identified (LY3439539); not yet confirmed via official pipeline,False,,no_match,medium,True,Therapeutic Drug,investigational therapeutic candidate; drug/biological intervention type with no disqualifying evidence found,rule_classification,medium,True
NCT00391833,Effect of Panax Ginseng on the Cognitive Performance in Alzheimer's Disease,Phase 2,Small Molecule,Other,Completed,False,Panax Ginseng,panax ginseng,investigational_therapeutic_unverified,sole investigational candidate identified (Panax Ginseng); not yet confirmed via official pipeline,False,,no_match,medium,True,Therapeutic Drug,investigational therapeutic candidate; drug/biological intervention type with no disqualifying evidence found,rule_classification,medium,True
NCT06274528,DORA and LP in Alzheimer's Disease Biomarkers,Phase 2,Small Molecule,Neuropsychiatric,Recruiting,False,Lemborexant,lemborexant,investigational_therapeutic_unverified,sole investigational candidate identified (Lemborexant); not yet confirmed via official pipeline,False,,no_match,medium,True,Therapeutic Drug,investigational therapeutic candidate; drug/biological intervention type with no disqualifying evidence found,rule_classification,medium,True
NCT01273272,Cognitive-Behavioral Treatment for Mild Alzheimer's Patients and Their Caregivers,Phase 2,Non-Drug/Behavioral,Other,Completed,False,,,no_therapeutic_candidate,no drug/biological therapeutic candidate found among this trial's interventions,False,,not_applicable,high,False,Exclude,no drug/biological therapeutic candidate found among this trial's interventions,rule_classification,high,False
NCT02353598,A Study of Crenezumab in Participants With Mild to Moderate Alzheimer Disease,Phase 1,Biologic,Amyloid,Completed,False,Crenezumab dose level 1; Crenezumab dose level 2,crenezumab dose level 1 crenezumab dose level 2,investigational_therapeutic_unverified,multiple unverified investigational candidates found (Crenezumab dose level 1; Crenezumab dose level 2) — could not resolve to a single drug,False,,multiple_candidates_unresolved,low,True,Needs Review,multiple distinct unverified candidates found in one trial — scope not determined at trial level,rule_classification,low,True
NCT06514001,A Study of AMDX-2011P in Participants With Alzheimer's Disease,Phase 2,Small Molecule,Other,Recruiting,False,AMDX-2011P,amdx 2011p,investigational_therapeutic_unverified,sole investigational candidate identified (AMDX-2011P); not yet confirmed via official pipeline,False,,no_match,medium,True,Therapeutic Drug,investigational therapeutic candidate; drug/biological intervention type with no disqualifying evidence found,rule_classification,medium,True
NCT02377206,Neuroinflammation and Cognitive Decline in Alzheimer Disease,Phase 1,Non-Drug/Behavioral,Inflammation,Completed,False,ADAS-Cog evaluation,adas cog evaluation,investigational_therapeutic_unverified,sole investigational candidate identified (ADAS-Cog evaluation); not yet confirmed via official pipeline,False,,no_match,medium,True,Therapeutic Drug,investigational therapeutic candidate; drug/biological intervention type with no disqualifying evidence found,rule_classification,medium,True
NCT06836180,An Exploratory Study of Near-infrared Light Therapy for Mild to Moderate Alzheimer's Disease,Phase 1,Device,Other,Recruiting,False,,,no_therapeutic_candidate,no drug/biological therapeutic candidate found among this trial's interventions,False,,not_applicable,high,False,Exclude,no drug/biological therapeutic candidate found among this trial's interventions,rule_classification,high,False
NCT00814697,Effect of Repetitive Transcranial Magnetic Stimulation on Language in Alzheimer's Disease,Phase 2,Device,Other,Completed,False,,,no_therapeutic_candidate,no drug/biological therapeutic candidate found among this trial's interventions,False,,not_applicable,high,False,Exclude,no drug/biological therapeutic candidate found among this trial's interventions,rule_classification,high,False
NCT03119961,Blood Brain Barrier Opening in Alzheimer' Disease,Phase 2,Device,Other,Completed,False,,,no_therapeutic_candidate,no drug/biological therapeutic candidate found among this trial's interventions,False,,not_applicable,high,False,Exclude,no drug/biological therapeutic candidate found among this trial's interventions,rule_classification,high,False
NCT06052163,Bumetanide in Patients With Alzheimer's Disease,Phase 2,Small Molecule,Other,Recruiting,False,Bumetanide,bumetanide,investigational_therapeutic_unverified,sole investigational candidate identified (Bumetanide); not yet confirmed via official pipeline,False,,no_match,medium,True,Therapeutic Drug,investigational therapeutic candidate; drug/biological intervention type with no disqualifying evidence found,rule_classification,medium,True
NCT06694597,"Efficacy, Safety of Astragalus Membranaceus in Mild-to-Moderate Alzheimer's Disease",Phase 2,Small Molecule,Other,Completed,False,Astragalus Membranaceus Root,astragalus membranaceus root,investigational_therapeutic_unverified,sole investigational candidate identified (Astragalus Membranaceus Root); not yet confirmed via official pipeline,False,,no_match,medium,True,Therapeutic Drug,investigational therapeutic candidate; drug/biological intervention type with no disqualifying evidence found,rule_classification,medium,True
NCT07208344,Intravenous Infusion of Umbilical Cord Blood as an Adjunctive Treatment for Alzheimer's Disease,Phase 1,Cell/Gene Therapy,Symptomatic,Recruiting,False,Intravenous infusion of mononuclear cells from umbilical cord blood,intravenous infusion of mononuclear cells from umbilical cord blood,investigational_therapeutic_unverified,sole investigational candidate identified (Intravenous infusion of mononuclear cells from umbilical cord blood); not yet confirmed via official pipeline,False,,no_match,medium,True,Therapeutic Drug,investigational therapeutic candidate; drug/biological intervention type with no disqualifying evidence found,rule_classification,medium,True
NCT01142258,Trazodone for Sleep Disorders in Alzheimer's Disease,Phase 3,Small Molecule,Neuropsychiatric,Completed,False,Trazodone,trazodone,investigational_therapeutic_unverified,sole investigational candidate identified (Trazodone); not yet confirmed via official pipeline,False,,no_match,medium,True,Therapeutic Drug,investigational therapeutic candidate; drug/biological intervention type with no disqualifying evidence found,rule_classification,medium,True
NCT06538116,A Study of Mevidalen (LY3154207) in Participants With Alzheimer's Disease,Phase 2,Small Molecule,Other,Completed,False,Mevidalen,mevidalen,investigational_therapeutic_unverified,sole investigational candidate identified (Mevidalen); not yet confirmed via official pipeline,False,,no_match,medium,True,Therapeutic Drug,investigational therapeutic candidate; drug/biological intervention type with no disqualifying evidence found,rule_classification,medium,True
NCT07221344,Study of ARO-MAPT-SC in Healthy Participants and Participants With Early Alzheimer's Disease,Phase 2,Small Molecule,Tau,Recruiting,False,ARO-MAPT-SC,aro mapt sc,investigational_therapeutic_unverified,sole investigational candidate identified (ARO-MAPT-SC); not yet confirmed via official pipeline,False,,no_match,medium,True,Therapeutic Drug,investigational therapeutic candidate; drug/biological intervention type with no disqualifying evidence found,rule_classification,medium,True
NCT06544616,A Study of JNJ-64042056 in Participants With Preclinical Alzheimer's Disease,Phase 2,Small Molecule,Other,Active,False,JNJ-64042056,jnj 64042056,investigational_therapeutic_unverified,sole investigational candidate identified (JNJ-64042056); not yet confirmed via official pipeline,False,,no_match,medium,True,Therapeutic Drug,investigational therapeutic candidate; drug/biological intervention type with no disqualifying evidence found,rule_classification,medium,True
NCT05543681,Clinical Trial on Agitation in Alzheimer's Dementia,Phase 2,Small Molecule,Neuropsychiatric,Recruiting,False,IGC-AD1-Active,igc ad1 active,investigational_therapeutic_unverified,sole investigational candidate identified (IGC-AD1-Active); not yet confirmed via official pipeline,False,,no_match,medium,True,Therapeutic Drug,investigational therapeutic candidate; drug/biological intervention type with no disqualifying evidence found,rule_classification,medium,True
NCT04381468,SEMA4D Blockade Safety and Brain Metabolic Activity in Alzheimer's Disease (AD),Phase 2,Biologic,Metabolism,Completed,False,Pepinemab,pepinemab,investigational_therapeutic_unverified,sole investigational candidate identified (Pepinemab); not yet confirmed via official pipeline,False,,no_match,medium,True,Therapeutic Drug,investigational therapeutic candidate; drug/biological intervention type with no disqualifying evidence found,rule_classification,medium,True
NCT04663854,Mycose AdminiStration for HealIng Alzheimer NEuropathy (MASHIANE),Phase 1,Small Molecule,Other,Unknown,False,Trehalose,trehalose,investigational_therapeutic_unverified,sole investigational candidate identified (Trehalose); not yet confirmed via official pipeline,False,,no_match,medium,True,Therapeutic Drug,investigational therapeutic candidate; drug/biological intervention type with no disqualifying evidence found,rule_classification,medium,True
NCT07094438,Study Safety and Efficacy of Deep Brain Stimulation (DBS) and Cervical Deep Lymphoid-venous Anastomosis (LVA) in Alzheimer's Disease,Phase 1,Small Molecule,Other,Recruiting,False,Recognized pharmacological treatments for AD.,recognized pharmacological treatments for ad,investigational_therapeutic_unverified,sole investigational candidate identified (Recognized pharmacological treatments for AD.); not yet confirmed via official pipeline,False,,no_match,medium,True,Therapeutic Drug,investigational therapeutic candidate; drug/biological intervention type with no disqualifying evidence found,rule_classification,medium,True
NCT06995573,A Study to Assess Safety and Tolerability and to Explore Efficacy of NSC001 in Mild to Moderate Alzheimer's Disease,Phase 2,Small Molecule,Other,Recruiting,False,NSC001,nsc001,investigational_therapeutic_unverified,sole investigational candidate identified (NSC001); not yet confirmed via official pipeline,False,,no_match,medium,True,Therapeutic Drug,investigational therapeutic candidate; drug/biological intervention type with no disqualifying evidence found,rule_classification,medium,True
NCT03634007,Gene Therapy for APOE4 Homozygote of Alzheimer's Disease,Phase 2,Biologic,Amyloid,Completed,False,LX1001,lx1001,investigational_therapeutic_unverified,sole investigational candidate identified (LX1001); not yet confirmed via official pipeline,False,,no_match,medium,True,Therapeutic Drug,investigational therapeutic candidate; drug/biological intervention type with no disqualifying evidence found,rule_classification,medium,True
NCT07228078,Open-Label Extension Protocol to SNK01-AD01 Study,Phase 2,Biologic,Other,Recruiting,False,SNK01,snk01,investigational_therapeutic_unverified,sole investigational candidate identified (SNK01); not yet confirmed via official pipeline,False,,no_match,medium,True,Therapeutic Drug,investigational therapeutic candidate; drug/biological intervention type with no disqualifying evidence found,rule_classification,medium,True
NCT05788848,Virtual Reality Cognitive Therapy for Alzheimer's Disease,Phase 1,Non-Drug/Behavioral,Other,Completed,False,,,no_therapeutic_candidate,no drug/biological therapeutic candidate found among this trial's interventions,False,,not_applicable,high,False,Exclude,no drug/biological therapeutic candidate found among this trial's interventions,rule_classification,high,False
NCT06702124,A Phase 3 Study of Rotigotine in Combination with Rivastigmine in Mild to Moderate Alzheimer's Disease,Phase 3,Small Molecule,Symptomatic,Recruiting,False,Rotigotine,rotigotine,investigational_therapeutic_unverified,sole investigational candidate identified (Rotigotine); not yet confirmed via official pipeline,False,,no_match,medium,True,Therapeutic Drug,investigational therapeutic candidate; drug/biological intervention type with no disqualifying evidence found,rule_classification,medium,True
NCT06022068,Evaluating Rapamycin Treatment in Alzheimer's Disease Using Positron Emission Tomography,Phase 2,Small Molecule,Other,Completed,False,Sirolimus,sirolimus,investigational_therapeutic_unverified,sole investigational candidate identified (Sirolimus); not yet confirmed via official pipeline,False,,no_match,medium,True,Therapeutic Drug,investigational therapeutic candidate; drug/biological intervention type with no disqualifying evidence found,rule_classification,medium,True
NCT06585384,Safety of a Strategy Combining Etanercept Administration With Repeated Contrast Ultrasound in Patients With Alzheimer's Disease,Phase 1,Other,Inflammation,Recruiting,False,etanercept and repeated contrast ultrasound,etanercept and repeated contrast ultrasound,investigational_therapeutic_unverified,sole investigational candidate identified (etanercept and repeated contrast ultrasound); not yet confirmed via official pipeline,False,,no_match,medium,True,Therapeutic Drug,"combination product name contains a recognized investigational/known compound — therapeutic component preserved, but the combined name still needs a human check",rule_keyword,medium,True
NCT05564169,Masitinib in Patients With Mild Alzheimer's Disease,Phase 3,Small Molecule,Other,Recruiting,False,Masitinib (4.5),masitinib 4 5,investigational_therapeutic_unverified,sole investigational candidate identified (Masitinib (4.5)); not yet confirmed via official pipeline,False,,no_match,medium,True,Therapeutic Drug,investigational therapeutic candidate; drug/biological intervention type with no disqualifying evidence found,rule_classification,medium,True
NCT00000176,Alzheimer's Disease Prevention Trial,Phase 3,Small Molecule,Neuroprotection,Completed,False,Estrogen; Estrogen and Progesterone,estrogen estrogen and progesterone,investigational_therapeutic_unverified,multiple unverified investigational candidates found (Estrogen; Estrogen and Progesterone) — could not resolve to a single drug,False,,multiple_candidates_unresolved,low,True,Needs Review,multiple distinct unverified candidates found in one trial — scope not determined at trial level,rule_classification,low,True
NCT07011732,A Phase 3 Study to Evaluate the Safety and Efficacy of KarXT + KarX-EC for the Treatment of Agitation Associated With Alzheimer's Disease (ADAGIO-1),Phase 3,Small Molecule,Neuropsychiatric,Recruiting,False,Xanomeline/Trospium Chloride; Xanomeline Enteric,xanomeline trospium chloride xanomeline enteric,investigational_therapeutic_unverified,multiple unverified investigational candidates found (Xanomeline/Trospium Chloride; Xanomeline Enteric) — could not resolve to a single drug,False,,multiple_candidates_unresolved,low,True,Needs Review,multiple distinct unverified candidates found in one trial — scope not determined at trial level,rule_classification,low,True
NCT06657768,A Study of LY4006895 in Healthy Participants With Early Symptomatic Alzheimer's Disease (AD),Phase 1,Small Molecule,Other,Recruiting,False,LY4006895,ly4006895,investigational_therapeutic_unverified,sole investigational candidate identified (LY4006895); not yet confirmed via official pipeline,False,,no_match,medium,True,Therapeutic Drug,investigational therapeutic candidate; drug/biological intervention type with no disqualifying evidence found,rule_classification,medium,True
NCT06384378,Systemic and Central Inflammation in AD,Phase 2,Small Molecule,Inflammation,Unknown,False,11C-ER176,11c er176,investigational_therapeutic_unverified,sole investigational candidate identified (11C-ER176); not yet confirmed via official pipeline,False,,no_match,medium,True,Therapeutic Drug,investigational therapeutic candidate; drug/biological intervention type with no disqualifying evidence found,rule_classification,medium,True
NCT04251182,Clinical Study Evaluating Efficacy and Safety of T3D-959 in Mild-to-moderate AD Subjects,Phase 2,Small Molecule,Metabolism,Completed,False,15mg T3D-959; 30 mg T3D-959; 45 mg T3D-959,15mg t3d 959 30 mg t3d 959 45 mg t3d 959,investigational_therapeutic_unverified,multiple unverified investigational candidates found (15mg T3D-959; 30 mg T3D-959; 45 mg T3D-959) — could not resolve to a single drug,False,,multiple_candidates_unresolved,low,True,Needs Review,multiple distinct unverified candidates found in one trial — scope not determined at trial level,rule_classification,low,True
NCT07741071,"N-AD: A Randomized, Double Blind, Parallel Group, Placebo Controlled, Phase 2 Trial of Orally Administered Nicotinamide Riboside Over Two Years as a Potential Disease Modifying Treatment for Alzheimer's Disease",Phase 2,Dietary Supplement,Metabolism,Recruiting,False,Nicotinamide Riboside (NR),nicotinamide riboside nr,investigational_therapeutic_unverified,sole investigational candidate identified (Nicotinamide Riboside (NR)); not yet confirmed via official pipeline,False,,no_match,medium,True,Non-Drug Intervention,dietary supplement / nutraceutical — excluded from the default therapeutic view unless curated as a genuine investigational program (data/reference/intervention_scope_overrides.csv),rule_type,medium,False
NCT01137799,The Effect of JNJ-39393406 on Event Related Potentials in Stable Schizophrenic Patients,Phase 1,Small Molecule,Symptomatic,Discontinued,False,JNJ-39393406,jnj 39393406,investigational_therapeutic_unverified,sole investigational candidate identified (JNJ-39393406); not yet confirmed via official pipeline,False,,no_match,medium,True,Therapeutic Drug,investigational therapeutic candidate; drug/biological intervention type with no disqualifying evidence found,rule_classification,medium,True
NCT06585787,A Study to Evaluate KarXT as a Treatment for Psychosis Associated With Alzheimer's Disease (ADEPT-4),Phase 3,Small Molecule,Neuropsychiatric,Recruiting,False,KarXT,karxt,investigational_therapeutic_unverified,sole investigational candidate identified (KarXT); not yet confirmed via official pipeline,False,,no_match,medium,True,Therapeutic Drug,investigational therapeutic candidate; drug/biological intervention type with no disqualifying evidence found,rule_classification,medium,True
NCT05635968,The Clinical Trial of Low Dose Irradiation for Alzheimer's Disease,Phase 2,Non-Drug/Behavioral,Other,Completed,False,,,no_therapeutic_candidate,no drug/biological therapeutic candidate found among this trial's interventions,False,,not_applicable,high,False,Exclude,no drug/biological therapeutic candidate found among this trial's interventions,rule_classification,high,False
NCT02910739,An Open-Label Study Investigating MK-8931 in Participants With Mild and Moderate Hepatic Insufficiency (MK-8931-016),Phase 1,Small Molecule,Amyloid,Completed,False,MK-8931,mk 8931,investigational_therapeutic_unverified,sole investigational candidate identified (MK-8931); not yet confirmed via official pipeline,False,,no_match,medium,True,Therapeutic Drug,investigational therapeutic candidate; drug/biological intervention type with no disqualifying evidence found,rule_classification,medium,True
NCT06096090,Phase II Clinical Trial of Interleukin-2 in AD,Phase 2,Small Molecule,Other,Unknown,False,Interleukin-2,interleukin 2,investigational_therapeutic_unverified,sole investigational candidate identified (Interleukin-2); not yet confirmed via official pipeline,False,,no_match,medium,True,Therapeutic Drug,investigational therapeutic candidate; drug/biological intervention type with no disqualifying evidence found,rule_classification,medium,True
NCT06343636,A Phase 1 Study of VG-3927 in Healthy Adults and Patients With Alzheimer's Disease,Phase 1,Small Molecule,Other,Completed,False,VG-3927,vg 3927,investigational_therapeutic_unverified,sole investigational candidate identified (VG-3927); not yet confirmed via official pipeline,False,,no_match,medium,True,Therapeutic Drug,investigational therapeutic candidate; drug/biological intervention type with no disqualifying evidence found,rule_classification,medium,True
NCT05063851,The Use of Memantine for Prevention of Alzheimer's Disease,Phase 2,Small Molecule,Symptomatic,Active,False,Memantine Hydrochloride,memantine hydrochloride,investigational_therapeutic_unverified,sole investigational candidate identified (Memantine Hydrochloride); not yet confirmed via official pipeline,False,,no_match,medium,True,Therapeutic Drug,investigational therapeutic candidate; drug/biological intervention type with no disqualifying evidence found,rule_classification,medium,True
NCT04133454,Evaluation of Safety and Tolerability of Libella Gene Therapy for Alzheimer's Disease: AAV- hTERT,Phase 1,Small Molecule,Other,Unknown,False,AAV-hTERT,aav htert,investigational_therapeutic_unverified,sole investigational candidate identified (AAV-hTERT); not yet confirmed via official pipeline,False,,no_match,medium,True,Therapeutic Drug,investigational therapeutic candidate; drug/biological intervention type with no disqualifying evidence found,rule_classification,medium,True
NCT05413655,A Study of Oral EX039 in Subjects with Mild Alzheimer's Disease,Phase 2,Small Molecule,Other,Recruiting,False,EX039,ex039,investigational_therapeutic_unverified,sole investigational candidate identified (EX039); not yet confirmed via official pipeline,False,,no_match,medium,True,Therapeutic Drug,investigational therapeutic candidate; drug/biological intervention type with no disqualifying evidence found,rule_classification,medium,True
NCT05239390,SCI-110 for Alzheimer Disease and Agitation,Phase 2,Small Molecule,Neuropsychiatric,Unknown,False,SCI -110,sci 110,investigational_therapeutic_unverified,sole investigational candidate identified (SCI -110); not yet confirmed via official pipeline,False,,no_match,medium,True,Therapeutic Drug,investigational therapeutic candidate; drug/biological intervention type with no disqualifying evidence found,rule_classification,medium,True
NCT05307692,A Study of Seltorexant in Participants With Probable Alzheimer's Disease,Phase 2,Small Molecule,Other,Completed,False,Seltorexant,seltorexant,investigational_therapeutic_unverified,sole investigational candidate identified (Seltorexant); not yet confirmed via official pipeline,False,,no_match,medium,True,Therapeutic Drug,investigational therapeutic candidate; drug/biological intervention type with no disqualifying evidence found,rule_classification,medium,True
NCT05821153,Low Dose IL2 Immunotherapy in AD,Phase 1,Small Molecule,Other,Completed,False,Aldesleukin,aldesleukin,investigational_therapeutic_unverified,sole investigational candidate identified (Aldesleukin); not yet confirmed via official pipeline,False,,no_match,medium,True,Therapeutic Drug,investigational therapeutic candidate; drug/biological intervention type with no disqualifying evidence found,rule_classification,medium,True
NCT04971733,A Study to Assess Safety and Target Engagement of E2814 in Participants With Mild to Moderate Cognitive Impairment Due to Dominantly Inherited Alzheimer's Disease,Phase 2,Small Molecule,Tau,Completed,False,E2814,e2814,investigational_therapeutic_unverified,sole investigational candidate identified (E2814); not yet confirmed via official pipeline,False,,no_match,medium,True,Therapeutic Drug,investigational therapeutic candidate; drug/biological intervention type with no disqualifying evidence found,rule_classification,medium,True
NCT05400330,Long-Term Follow-up of Gene Therapy for APOE4 Homozygote Alzheimer's Disease,Phase 1,Biologic,Amyloid,Active,False,LX1001,lx1001,investigational_therapeutic_unverified,sole investigational candidate identified (LX1001); not yet confirmed via official pipeline,False,,no_match,medium,True,Therapeutic Drug,investigational therapeutic candidate; drug/biological intervention type with no disqualifying evidence found,rule_classification,medium,True
NCT04871074,The Synapse Project,Phase 2,Device,Other,Completed,False,UCB-J,ucb j,investigational_therapeutic_unverified,sole investigational candidate identified (UCB-J); not yet confirmed via official pipeline,False,,no_match,medium,True,Therapeutic Drug,investigational therapeutic candidate; drug/biological intervention type with no disqualifying evidence found,rule_classification,medium,True
NCT06223360,A Trial to Evaluate the Safety and Efficacy of Benfotiamine in Patients With Early Alzheimer's Disease (BenfoTeam),Phase 2,Small Molecule,Other,Active,False,,,no_therapeutic_candidate,"no confirmed or investigational therapeutic candidate found, but this trial has unresolved/uncertain interventions worth a manual look",False,,no_match,low,True,Needs Review,no therapeutic candidate; trial has unresolved/uncertain interventions,rule_classification,low,True
NCT02240693,Alzheimer Disease Proof of Concept Study With BI 409306 Versus Placebo,Phase 2,Small Molecule,Symptomatic,Completed,False,BI 409306,bi 409306,investigational_therapeutic_unverified,sole investigational candidate identified (BI 409306); not yet confirmed via official pipeline,False,,no_match,medium,True,Therapeutic Drug,investigational therapeutic candidate; drug/biological intervention type with no disqualifying evidence found,rule_classification,medium,True
NCT05478031,A Phase 2a Study to Investigate REM0046127 in Mild to Moderate Alzheimer's Disease,Phase 2,Small Molecule,Other,Discontinued,False,,,no_therapeutic_candidate,"no confirmed or investigational therapeutic candidate found, but this trial has unresolved/uncertain interventions worth a manual look",False,,no_match,low,True,Needs Review,no therapeutic candidate; trial has unresolved/uncertain interventions,rule_classification,low,True
NCT04994483,Simufilam 100 mg for Mild-to-Moderate Alzheimer's Disease,Phase 3,Small Molecule,Amyloid,Completed,False,Simufilam,simufilam,sponsor_developed_therapeutic,official pipeline record matched (Simufilam) but source_url is blank — verify manually,True,,pipeline_record_match_without_source,medium,True,Therapeutic Drug,confirmed or unsourced official sponsor-pipeline match,rule_classification,medium,False
NCT04740580,"Glutathione, Brain Metabolism and Inflammation in Alzheimer's Disease",Phase 1,Dietary Supplement,Inflammation,Recruiting,False,,,no_therapeutic_candidate,"no confirmed or investigational therapeutic candidate found, but this trial has unresolved/uncertain interventions worth a manual look",False,,no_match,low,True,Needs Review,no therapeutic candidate; trial has unresolved/uncertain interventions,rule_classification,low,True
NCT03417986,Clinical Trial to Explore the the Amyloid Beta Draining Effect of Thiethylperazine (TEP) in Subjects With Newly Diagnosed Early-to-mild Dementia Due to Alzheimer's Disease (AD) in Comparison to Healthy Volunteers,Phase 2,Small Molecule,Amyloid,Completed,False,TEP,tep,investigational_therapeutic_unverified,sole investigational candidate identified (TEP); not yet confirmed via official pipeline,False,,no_match,medium,True,Therapeutic Drug,investigational therapeutic candidate; drug/biological intervention type with no disqualifying evidence found,rule_classification,medium,True
NCT06185543,"A Phase 2, Randomized, Prospective Double-Blind, Single-Center, Placebo-controlled Study to Evaluate Safety, Tolerability, Target Engagement, and Efficacy of PrimeC in Patients With Mild to Moderate Alzheimer's Disease.",Phase 2,Small Molecule,Other,Discontinued,False,PrimeC,primec,investigational_therapeutic_unverified,sole investigational candidate identified (PrimeC); not yet confirmed via official pipeline,False,,no_match,medium,True,Therapeutic Drug,investigational therapeutic candidate; drug/biological intervention type with no disqualifying evidence found,rule_classification,medium,True
NCT06182085,Study to Assess Safety and Efficacy of PRI-002 in Patients With MCI to Mild Dementia Due to Alzheimer's Disease (AD),Phase 2,Small Molecule,Other,Completed,False,PRI-002,pri 002,investigational_therapeutic_unverified,sole investigational candidate identified (PRI-002); not yet confirmed via official pipeline,False,,no_match,medium,True,Therapeutic Drug,investigational therapeutic candidate; drug/biological intervention type with no disqualifying evidence found,rule_classification,medium,True
NCT05361382,Head-to-Head Harmonization of Tau Tracers in Alzheimer's Disease,Phase 1,Small Molecule,Amyloid,Active,False,,,no_therapeutic_candidate,no drug/biological therapeutic candidate found among this trial's interventions,False,,not_applicable,high,False,Exclude,no drug/biological therapeutic candidate found among this trial's interventions,rule_classification,high,False
NCT06247345,"A Phase Ia/Ib, First-in-human (FIH) Study for Safety, Tolerability, Pharmacokinetics (PK), and Clinical Activity Evaluation of ADEL-Y01",Phase 1,Small Molecule,Other,Discontinued,False,,,no_therapeutic_candidate,"no confirmed or investigational therapeutic candidate found, but this trial has unresolved/uncertain interventions worth a manual look",False,,no_match,low,True,Needs Review,no therapeutic candidate; trial has unresolved/uncertain interventions,rule_classification,low,True
NCT05194163,MW150 Stress Kinase Inhibitor in Mild to Moderate Alzheimer's Disease,Phase 2,Small Molecule,Other,Unknown,False,MW150,mw150,investigational_therapeutic_unverified,sole investigational candidate identified (MW150); not yet confirmed via official pipeline,False,,no_match,medium,True,Therapeutic Drug,investigational therapeutic candidate; drug/biological intervention type with no disqualifying evidence found,rule_classification,medium,True
NCT05686044,A Dose-ranging Study to Investigate Efficacy of Buntanetap in Mild to Moderate AD,Phase 3,Small Molecule,Neuroprotection,Completed,False,Buntanetap/Posiphen,buntanetap posiphen,investigational_therapeutic_unverified,sole investigational candidate identified (Buntanetap/Posiphen); not yet confirmed via official pipeline,False,,no_match,medium,True,Therapeutic Drug,investigational therapeutic candidate; drug/biological intervention type with no disqualifying evidence found,rule_classification,medium,True
NCT04538066,Bryostatin Treatment of Moderately Severe Alzheimer's Disease,Phase 2,Small Molecule,Neuroprotection,Completed,False,Bryostatin 1,bryostatin 1,investigational_therapeutic_unverified,sole investigational candidate identified (Bryostatin 1); not yet confirmed via official pipeline,False,,no_match,medium,True,Therapeutic Drug,investigational therapeutic candidate; drug/biological intervention type with no disqualifying evidence found,rule_classification,medium,True
NCT05464368,R21 Roche: 3-Way Tau Tracers in AD,Phase 1,Small Molecule,Tau,Active,False,[18F]RO-948,18f ro 948,investigational_therapeutic_unverified,sole investigational candidate identified ([18F]RO-948); not yet confirmed via official pipeline,False,,no_match,medium,True,Therapeutic Drug,investigational therapeutic candidate; drug/biological intervention type with no disqualifying evidence found,rule_classification,medium,True
NCT00397891,Study Evaluating Single Ascending Doses of AAB-001 Vaccine SAD Japanese Patients With Alzheimers Disease,Phase 1,Biologic,Amyloid,Completed,False,bapineuzumab,bapineuzumab,investigational_therapeutic_unverified,sole investigational candidate identified (bapineuzumab); not yet confirmed via official pipeline,False,,no_match,medium,True,Therapeutic Drug,investigational therapeutic candidate; drug/biological intervention type with no disqualifying evidence found,rule_classification,medium,True
NCT00013923,Effectiveness of A Nutritional Brain Metabolic Enhancer for Alzheimer Disease,Phase 2,Small Molecule,Metabolism,Completed,False,Nutritional Supplement,nutritional supplement,investigational_therapeutic_unverified,sole investigational candidate identified (Nutritional Supplement); not yet confirmed via official pipeline,False,,no_match,medium,True,Therapeutic Drug,investigational therapeutic candidate; drug/biological intervention type with no disqualifying evidence found,rule_classification,medium,True
NCT05453539,Proof-of-concept Study of New Imaging Diagnostic in Patients With Suspected Alzheimer's Disease,Phase 1,Small Molecule,Other,Discontinued,False,DSPE-DOTA-Gd Liposomal,dspe dota gd liposomal,investigational_therapeutic_unverified,sole investigational candidate identified (DSPE-DOTA-Gd Liposomal); not yet confirmed via official pipeline,False,,no_match,medium,True,Therapeutic Drug,investigational therapeutic candidate; drug/biological intervention type with no disqualifying evidence found,rule_classification,medium,True
NCT06194552,A Multiple Dose Study of the Safety and Pharmacokinetics of NTRX-07,Phase 1,Small Molecule,Inflammation,Completed,False,NTRX-07,ntrx 07,investigational_therapeutic_unverified,sole investigational candidate identified (NTRX-07); not yet confirmed via official pipeline,False,,no_match,medium,True,Therapeutic Drug,investigational therapeutic candidate; drug/biological intervention type with no disqualifying evidence found,rule_classification,medium,True
NCT05269173,Efficacy and Safety of Flos Gossypii Flavonoids Tablet in the Treatment of Alzheimer's Disease,Phase 2,Small Molecule,Other,Completed,False,Flos gossypii flavonoids,flos gossypii flavonoids,investigational_therapeutic_unverified,sole investigational candidate identified (Flos gossypii flavonoids); not yet confirmed via official pipeline,False,,no_match,medium,True,Therapeutic Drug,investigational therapeutic candidate; drug/biological intervention type with no disqualifying evidence found,rule_classification,medium,True
NCT04205539,Lymphatic System Health in Alzheimer's Disease,Phase 1,Small Molecule,Other,Discontinued,False,Dexmedetomidine,dexmedetomidine,investigational_therapeutic_unverified,sole investigational candidate identified (Dexmedetomidine); not yet confirmed via official pipeline,False,,no_match,medium,True,Therapeutic Drug,investigational therapeutic candidate; drug/biological intervention type with no disqualifying evidence found,rule_classification,medium,True
NCT05143528,Evaluating the Efficacy and Safety of Nilotinib BE in Subjects With Early Alzheimer's Disease,Phase 3,Small Molecule,Neuroprotection,Unknown,False,Nilotinib BE,nilotinib be,investigational_therapeutic_unverified,sole investigational candidate identified (Nilotinib BE); not yet confirmed via official pipeline,False,,no_match,medium,True,Therapeutic Drug,investigational therapeutic candidate; drug/biological intervention type with no disqualifying evidence found,rule_classification,medium,True
NCT05667649,Autologous Activated Adipose-derived Stem Cells (RB-ADSC) Injected Directly Into the Brain for Mild to Moderate Alzheimer's Disease,Phase 1,Biologic,Other,Recruiting,False,RB-ADSC,rb adsc,investigational_therapeutic_unverified,sole investigational candidate identified (RB-ADSC); not yet confirmed via official pipeline,False,,no_match,medium,True,Therapeutic Drug,investigational therapeutic candidate; drug/biological intervention type with no disqualifying evidence found,rule_classification,medium,True
NCT05318040,"Safety, Tolerability and Pharmacokinetics of CMS121, a Drug Candidate for Alzheimer's Disease, in Healthy Subjects",Phase 1,Small Molecule,Other,Completed,False,CMS121,cms121,investigational_therapeutic_unverified,sole investigational candidate identified (CMS121); not yet confirmed via official pipeline,False,,no_match,medium,True,Therapeutic Drug,investigational therapeutic candidate; drug/biological intervention type with no disqualifying evidence found,rule_classification,medium,True
NCT06335173,A Study to Evaluate Efficacy and Safety of Intravenous Sabirnetug in Participants With Early Alzheimer's Disease (ALTITUDE-AD),Phase 2,Small Molecule,Other,Active,False,sabirnetug,sabirnetug,investigational_therapeutic_unverified,sole investigational candidate identified (sabirnetug); not yet confirmed via official pipeline,False,,no_match,medium,True,Therapeutic Drug,investigational therapeutic candidate; drug/biological intervention type with no disqualifying evidence found,rule_classification,medium,True
NCT05026177,Simufilam 50 mg or 100 mg for Mild-to-Moderate Alzheimer's Disease,Phase 3,Small Molecule,Amyloid,Discontinued,False,Simufilam,simufilam,sponsor_developed_therapeutic,official pipeline record matched (Simufilam) but source_url is blank — verify manually,True,,pipeline_record_match_without_source,medium,True,Therapeutic Drug,confirmed or unsourced official sponsor-pipeline match,rule_classification,medium,False
NCT03991988,Montelukast Therapy on Alzheimer's Disease,Phase 2,Small Molecule,Other,Completed,False,Montelukast,montelukast,investigational_therapeutic_unverified,sole investigational candidate identified (Montelukast); not yet confirmed via official pipeline,False,,no_match,medium,True,Therapeutic Drug,investigational therapeutic candidate; drug/biological intervention type with no disqualifying evidence found,rule_classification,medium,True
NCT05043675,Clinical Evaluation of [18F]APN-1607 PET Uptake in Alzheimer's Disease Patients,Phase 1,Small Molecule,Tau,Unknown,False,,,no_therapeutic_candidate,no drug/biological therapeutic candidate found among this trial's interventions,False,,not_applicable,high,False,Exclude,no drug/biological therapeutic candidate found among this trial's interventions,rule_classification,high,False
NCT03801642,Dapagliflozin In Alzheimer's Disease,Phase 2,Small Molecule,Other,Completed,False,Dapagliflozin,dapagliflozin,investigational_therapeutic_unverified,sole investigational candidate identified (Dapagliflozin); not yet confirmed via official pipeline,False,,no_match,medium,True,Therapeutic Drug,investigational therapeutic candidate; drug/biological intervention type with no disqualifying evidence found,rule_classification,medium,True
NCT05026866,A Donanemab (LY3002813) Study in Participants With Preclinical Alzheimer's Disease (TRAILBLAZER-ALZ 3),Phase 3,Biologic,Amyloid,Active,False,Donanemab,donanemab,sponsor_developed_therapeutic,official pipeline record matched (Donanemab) but source_url is blank — verify manually,True,,pipeline_record_match_without_source,medium,True,Therapeutic Drug,confirmed or unsourced official sponsor-pipeline match,rule_classification,medium,False
NCT05466422,A Study of MK-2214 in Adults With Mild Cognitive Impairment or Mild-to-Moderate Alzheimer's Disease (MK-2214-002),Phase 1,Biologic,Other,Completed,False,MK-2214,mk 2214,investigational_therapeutic_unverified,sole investigational candidate identified (MK-2214); not yet confirmed via official pipeline,False,,no_match,medium,True,Therapeutic Drug,investigational therapeutic candidate; drug/biological intervention type with no disqualifying evidence found,rule_classification,medium,True
NCT05642429,"Study of AV-1959D, an Amyloid Beta Vaccine",Phase 1,Biologic,Amyloid,Active,False,AV-1959D,av 1959d,investigational_therapeutic_unverified,sole investigational candidate identified (AV-1959D); not yet confirmed via official pipeline,False,,no_match,medium,True,Therapeutic Drug,investigational therapeutic candidate; drug/biological intervention type with no disqualifying evidence found,rule_classification,medium,True
NCT04669028,A Phase 3 Study of NE3107 in Probable Alzheimer's Disease,Phase 3,Small Molecule,Other,Completed,False,NE3107,ne3107,investigational_therapeutic_unverified,sole investigational candidate identified (NE3107); not yet confirmed via official pipeline,False,,no_match,medium,True,Therapeutic Drug,investigational therapeutic candidate; drug/biological intervention type with no disqualifying evidence found,rule_classification,medium,True
NCT00605059,Evaluation of [123I] AV94 and SPECT in Subjects With Alzheimer Disease in Comparison to Healthy Subjects,Phase 1,Small Molecule,Other,Discontinued,False,[123I]AV94,123i av94,investigational_therapeutic_unverified,sole investigational candidate identified ([123I]AV94); not yet confirmed via official pipeline,False,,no_match,medium,True,Therapeutic Drug,investigational therapeutic candidate; drug/biological intervention type with no disqualifying evidence found,rule_classification,medium,True
NCT05068830,Safety and Efficacy of Plasma Transfusion From Exercise-trained Donors in Patients With Early Alzheimer's Disease,Phase 2,Small Molecule,Other,Active,False,,,no_therapeutic_candidate,"no confirmed or investigational therapeutic candidate found, but this trial has unresolved/uncertain interventions worth a manual look",False,,no_match,low,True,Needs Review,no therapeutic candidate; trial has unresolved/uncertain interventions,rule_classification,low,True
NCT05016427,A Study of Possibility of Using Regulatory T Cells(VT301) for Treatment of Alzheimer's Disease,Phase 1,Biologic,Other,Unknown,False,VT301,vt301,investigational_therapeutic_unverified,sole investigational candidate identified (VT301); not yet confirmed via official pipeline,False,,no_match,medium,True,Therapeutic Drug,investigational therapeutic candidate; drug/biological intervention type with no disqualifying evidence found,rule_classification,medium,True
NCT05575076,Open-label Extension for Phase 3 Clinical Trials of Simufilam,Phase 3,Small Molecule,Amyloid,Discontinued,False,Simufilam,simufilam,sponsor_developed_therapeutic,official pipeline record matched (Simufilam) but source_url is blank — verify manually,True,,pipeline_record_match_without_source,medium,True,Therapeutic Drug,confirmed or unsourced official sponsor-pipeline match,rule_classification,medium,False
NCT00498602,Study Evaluating ACC-001 In Subjects With Mild To Moderate Alzheimer's Disease,Phase 2,Biologic,Amyloid,Completed,False,ACC-001 + QS-21; QS-21; ACC-001,acc 001 qs 21 qs 21 acc 001,investigational_therapeutic_unverified,multiple unverified investigational candidates found (ACC-001 + QS-21; QS-21; ACC-001) — could not resolve to a single drug,False,,multiple_candidates_unresolved,low,True,Needs Review,multiple distinct unverified candidates found in one trial — scope not determined at trial level,rule_classification,low,True
NCT05531526,"Phase 3, Double-blind, Randomized, Placebo-controlled Trial to Evaluate the Efficacy and Safety of AR1001 in Participants With Early Alzheimer's Disease (Polaris-AD)",Phase 3,Small Molecule,Neuroprotection,Active,True,AR1001,ar1001,sponsor_developed_therapeutic,official pipeline record matched (AR1001) but source_url is blank — verify manually,True,,pipeline_record_match_without_source,medium,True,Therapeutic Drug,confirmed or unsourced official sponsor-pipeline match,rule_classification,medium,False
NCT04735536,Pilot Clinical Study of CT1812 in Mild to Moderate Alzheimer's Disease Using EEG,Phase 2,Small Molecule,Amyloid,Completed,False,CT1812,ct1812,investigational_therapeutic_unverified,sole investigational candidate identified (CT1812); not yet confirmed via official pipeline,False,,no_match,medium,True,Therapeutic Drug,investigational therapeutic candidate; drug/biological intervention type with no disqualifying evidence found,rule_classification,medium,True
NCT04517877,Caring Light Project for Family Caregivers,Phase 2,Non-Drug/Behavioral,Other,Completed,False,,,no_therapeutic_candidate,no drug/biological therapeutic candidate found among this trial's interventions,False,,not_applicable,high,False,Exclude,no drug/biological therapeutic candidate found among this trial's interventions,rule_classification,high,False
NCT05153161,Memesto Wearable Device for Persons With Dementia,Phase 1,Device,Other,Completed,False,,,no_therapeutic_candidate,no drug/biological therapeutic candidate found among this trial's interventions,False,,not_applicable,high,False,Exclude,no drug/biological therapeutic candidate found among this trial's interventions,rule_classification,high,False
NCT06597058,Phase 2 Estimation Study of Fixed Dose Drugs Combination Type of Polypill,Phase 2,Small Molecule,Other,Completed,False,MAR,mar,investigational_therapeutic_unverified,sole investigational candidate identified (MAR); not yet confirmed via official pipeline,False,,no_match,medium,True,Therapeutic Drug,investigational therapeutic candidate; drug/biological intervention type with no disqualifying evidence found,rule_classification,medium,True
NCT04249869,The Efficacy of Traditional Chinese Herbal Medicine for Alzheimer's Disease,Phase 2,Small Molecule,Other,Unknown,False,VGH-AD1,vgh ad1,investigational_therapeutic_unverified,sole investigational candidate identified (VGH-AD1); not yet confirmed via official pipeline,False,,no_match,medium,True,Therapeutic Drug,investigational therapeutic candidate; drug/biological intervention type with no disqualifying evidence found,rule_classification,medium,True
NCT04570085,Effect of CAFfeine on Cognition in Alzheimer's Disease,Phase 3,Small Molecule,Other,Recruiting,False,Caffeine,caffeine,investigational_therapeutic_unverified,sole investigational candidate identified (Caffeine); not yet confirmed via official pipeline,False,,no_match,medium,True,Therapeutic Drug,investigational therapeutic candidate; drug/biological intervention type with no disqualifying evidence found,rule_classification,medium,True
NCT04886063,Open Label Study of ATH-1017 for Treatment of Mild to Moderate Alzheimer's Disease,Phase 3,Small Molecule,Neuroprotection,Discontinued,False,ATH-1017,ath 1017,investigational_therapeutic_unverified,sole investigational candidate identified (ATH-1017); not yet confirmed via official pipeline,False,,no_match,medium,True,Therapeutic Drug,investigational therapeutic candidate; drug/biological intervention type with no disqualifying evidence found,rule_classification,medium,True
NCT04040348,Alzheimer's Disease Stem Cells Multiple Infusions,Phase 1,Biologic,Other,Completed,False,Approximately 100 million cells allogeneic hMSC,approximately 100 million cells allogeneic hmsc,investigational_therapeutic_unverified,sole investigational candidate identified (Approximately 100 million cells allogeneic hMSC); not yet confirmed via official pipeline,False,,no_match,medium,True,Therapeutic Drug,investigational therapeutic candidate; drug/biological intervention type with no disqualifying evidence found,rule_classification,medium,True
NCT04079803,PTI-125 for Mild-to-moderate Alzheimer's Disease Patients,Phase 2,Small Molecule,Amyloid,Completed,False,Simufilam,simufilam,sponsor_developed_therapeutic,official pipeline record matched (Simufilam) but source_url is blank — verify manually,True,,pipeline_record_match_without_source,medium,True,Therapeutic Drug,confirmed or unsourced official sponsor-pipeline match,rule_classification,medium,False
NCT06489548,Assessment of Foralumab Safety and Modulation of Microglial Activation in Alzheimer's Disease,Phase 2,Biologic,Inflammation,Recruiting,False,,,no_therapeutic_candidate,"no confirmed or investigational therapeutic candidate found, but this trial has unresolved/uncertain interventions worth a manual look",False,,no_match,low,True,Needs Review,no therapeutic candidate; trial has unresolved/uncertain interventions,rule_classification,low,True
NCT00464334,A Study of V950 in People With Alzheimer Disease (V950-001 AM7),Phase 1,Biologic,Other,Completed,False,V950,v950,investigational_therapeutic_unverified,sole investigational candidate identified (V950); not yet confirmed via official pipeline,False,,no_match,medium,True,Therapeutic Drug,investigational therapeutic candidate; drug/biological intervention type with no disqualifying evidence found,rule_classification,medium,True
NCT04388254,"Simufilam (PTI-125), 100 mg, for Mild-to-moderate Alzheimer's Disease Patients",Phase 2,Small Molecule,Amyloid,Completed,False,Simufilam,simufilam,sponsor_developed_therapeutic,official pipeline record matched (Simufilam) but source_url is blank — verify manually,True,,pipeline_record_match_without_source,medium,True,Therapeutic Drug,confirmed or unsourced official sponsor-pipeline match,rule_classification,medium,False
NCT03998423,Oral Fecal Microbiota Transplant Feasibility Study in Alzheimer's Disease,Phase 1,Biologic,Other,Discontinued,False,Fecal Microbiota Transplant,fecal microbiota transplant,investigational_therapeutic_unverified,sole investigational candidate identified (Fecal Microbiota Transplant); not yet confirmed via official pipeline,False,,no_match,medium,True,Therapeutic Drug,investigational therapeutic candidate; drug/biological intervention type with no disqualifying evidence found,rule_classification,medium,True
NCT03790709,ANAVEX2-73 for Treatment of Early Alzheimer's Disease,Phase 3,Small Molecule,Neuroprotection,Completed,False,High dose ANAVEX2-73; Mid dose ANAVEX2-73,high dose anavex2 73 mid dose anavex2 73,investigational_therapeutic_unverified,multiple unverified investigational candidates found (High dose ANAVEX2-73; Mid dose ANAVEX2-73) — could not resolve to a single drug,False,,multiple_candidates_unresolved,low,True,Needs Review,multiple distinct unverified candidates found in one trial — scope not determined at trial level,rule_classification,low,True
NCT00479219,Study Evaluating GSI-953 in Healthy Young and Alzheimer's Patients,Phase 1,Small Molecule,Amyloid,Completed,False,GSI-953,gsi 953,investigational_therapeutic_unverified,sole investigational candidate identified (GSI-953); not yet confirmed via official pipeline,False,,no_match,medium,True,Therapeutic Drug,investigational therapeutic candidate; drug/biological intervention type with no disqualifying evidence found,rule_classification,medium,True
NCT03605667,Study of BHV-4157 in Alzheimer's Disease,Phase 2,Small Molecule,Other,Completed,False,troriluzole,troriluzole,investigational_therapeutic_unverified,sole investigational candidate identified (troriluzole); not yet confirmed via official pipeline,False,,no_match,medium,True,Therapeutic Drug,investigational therapeutic candidate; drug/biological intervention type with no disqualifying evidence found,rule_classification,medium,True
NCT04759365,"Safety, Tolerability, Pharmacokinetic, and Pharmacodynamic Study of Oral ASN51 in Healthy Subjects and Subjects With Alzheimer's Disease",Phase 1,Small Molecule,Tau,Discontinued,False,ASN51,asn51,investigational_therapeutic_unverified,sole investigational candidate identified (ASN51); not yet confirmed via official pipeline,False,,no_match,medium,True,Therapeutic Drug,investigational therapeutic candidate; drug/biological intervention type with no disqualifying evidence found,rule_classification,medium,True
NCT04520412,A Study of Sodium Oligomannate (GV-971) in Participants With Mild to Moderate Alzheimer's Disease,Phase 3,Small Molecule,Amyloid,Discontinued,False,GV-971,gv 971,investigational_therapeutic_unverified,sole investigational candidate identified (GV-971); not yet confirmed via official pipeline,False,,no_match,medium,True,Therapeutic Drug,investigational therapeutic candidate; drug/biological intervention type with no disqualifying evidence found,rule_classification,medium,True
NCT04482413,Study to Evaluate the Safety and Efficacy of AstroStem in Treatment of Alzheimer's Disease,Phase 2,Small Molecule,Other,Unknown,False,AstroStem,astrostem,investigational_therapeutic_unverified,sole investigational candidate identified (AstroStem); not yet confirmed via official pipeline,False,,no_match,medium,True,Therapeutic Drug,investigational therapeutic candidate; drug/biological intervention type with no disqualifying evidence found,rule_classification,medium,True
NCT03809351,UAB Alzheimer's Disease Center Core Cohort - Tau Imaging Substudy,Phase 1,Small Molecule,Tau,Recruiting,False,,,no_therapeutic_candidate,no drug/biological therapeutic candidate found among this trial's interventions,False,,not_applicable,high,False,Exclude,no drug/biological therapeutic candidate found among this trial's interventions,rule_classification,high,False
NCT03748706,PTI-125 for Mild-to-moderate Alzheimer's Disease Patients,Phase 2,Small Molecule,Other,Completed,False,PTI-125,pti 125,investigational_therapeutic_unverified,sole investigational candidate identified (PTI-125); not yet confirmed via official pipeline,False,,no_match,medium,True,Therapeutic Drug,investigational therapeutic candidate; drug/biological intervention type with no disqualifying evidence found,rule_classification,medium,True
NCT03752463,NMDA Enhancer for the Treatment of Mild Alzheimer's Disease,Phase 2,Small Molecule,Symptomatic,Completed,False,,,no_therapeutic_candidate,"no confirmed or investigational therapeutic candidate found, but this trial has unresolved/uncertain interventions worth a manual look",False,,no_match,low,True,Needs Review,no therapeutic candidate; trial has unresolved/uncertain interventions,rule_classification,low,True
NCT04070378,Study of Daratumumab in Patients With Mild to Moderate Alzheimer's Disease,Phase 2,Biologic,Other,Completed,False,Daratumumab,daratumumab,investigational_therapeutic_unverified,sole investigational candidate identified (Daratumumab); not yet confirmed via official pipeline,False,,no_match,medium,True,Therapeutic Drug,investigational therapeutic candidate; drug/biological intervention type with no disqualifying evidence found,rule_classification,medium,True
NCT00960531,A Long Term Extension Study Evaluating ACC-001 With QS-21 in Subjects With Mild to Moderate Alzheimer's Disease,Phase 2,Biologic,Amyloid,Discontinued,False,ACC-001+ QS21; ACC-001; ACC-001+QS-21,acc 001 qs21 acc 001 acc 001 qs 21,investigational_therapeutic_unverified,multiple unverified investigational candidates found (ACC-001+ QS21; ACC-001; ACC-001+QS-21) — could not resolve to a single drug,False,,multiple_candidates_unresolved,low,True,Needs Review,multiple distinct unverified candidates found in one trial — scope not determined at trial level,rule_classification,low,True
NCT04592874,A Phase 2 Study to Evaluate Efficacy and Safety of AL002 in Participants With Early Alzheimer's Disease,Phase 2,Small Molecule,Inflammation,Completed,False,AL002,al002,investigational_therapeutic_unverified,sole investigational candidate identified (AL002); not yet confirmed via official pipeline,False,,no_match,medium,True,Therapeutic Drug,investigational therapeutic candidate; drug/biological intervention type with no disqualifying evidence found,rule_classification,medium,True
NCT04004702,Levetiracetam for Alzheimer's Disease Neuropsychiatric Symptoms Related to Epilepsy Trial (LAPSE),Phase 2,Small Molecule,Neuropsychiatric,Unknown,False,Levetiracetam,levetiracetam,investigational_therapeutic_unverified,sole investigational candidate identified (Levetiracetam); not yet confirmed via official pipeline,False,,no_match,medium,True,Therapeutic Drug,investigational therapeutic candidate; drug/biological intervention type with no disqualifying evidence found,rule_classification,medium,True
NCT04840979,Discovery and Validation of Genetic Variants Affecting Microglial Activation in Alzheimer's Disease,Phase 2,Small Molecule,Amyloid,Active,False,11C-ER176,11c er176,investigational_therapeutic_unverified,sole investigational candidate identified (11C-ER176); not yet confirmed via official pipeline,False,,no_match,medium,True,Therapeutic Drug,investigational therapeutic candidate; drug/biological intervention type with no disqualifying evidence found,rule_classification,medium,True
NCT04451408,A Study of LY3372993 in Participants With Alzheimer's Disease (AD) and Healthy Participants,Phase 1,Small Molecule,Other,Completed,False,LY3372993,ly3372993,investigational_therapeutic_unverified,sole investigational candidate identified (LY3372993); not yet confirmed via official pipeline,False,,no_match,medium,True,Therapeutic Drug,investigational therapeutic candidate; drug/biological intervention type with no disqualifying evidence found,rule_classification,medium,True
NCT03757325,Study to Evaluate DNL747 in Subjects With Alzheimer's Disease,Phase 1,Small Molecule,Other,Completed,False,DNL747,dnl747,investigational_therapeutic_unverified,sole investigational candidate identified (DNL747); not yet confirmed via official pipeline,False,,no_match,medium,True,Therapeutic Drug,investigational therapeutic candidate; drug/biological intervention type with no disqualifying evidence found,rule_classification,medium,True
NCT03503331,UAB Alzheimer's Disease Center Core Cohort - Imaging Substudy,Phase 2,Small Molecule,Other,Recruiting,False,,,no_therapeutic_candidate,no drug/biological therapeutic candidate found among this trial's interventions,False,,not_applicable,high,False,Exclude,no drug/biological therapeutic candidate found among this trial's interventions,rule_classification,high,False
NCT00996918,A Long-Term Safety And Tolerability Study Of Bapineuzumab In Alzheimer Disease Patients,Phase 3,Biologic,Amyloid,Discontinued,False,Bapineuzumab; Bapineuzumab 1.0 m/kg,bapineuzumab bapineuzumab 1 0 m kg,investigational_therapeutic_unverified,multiple unverified investigational candidates found (Bapineuzumab; Bapineuzumab 1.0 m/kg) — could not resolve to a single drug,False,,multiple_candidates_unresolved,low,True,Needs Review,multiple distinct unverified candidates found in one trial — scope not determined at trial level,rule_classification,low,True
NCT06297590,A First-In-Human Study of LY3954068 in Participants With Early Symptomatic Alzheimer's Disease,Phase 1,Small Molecule,Tau,Recruiting,False,LY3954068,ly3954068,investigational_therapeutic_unverified,sole investigational candidate identified (LY3954068); not yet confirmed via official pipeline,False,,no_match,medium,True,Therapeutic Drug,investigational therapeutic candidate; drug/biological intervention type with no disqualifying evidence found,rule_classification,medium,True
NCT04576793,Longitudinal Imaging of Microglial Activation in Different Clinical Variants of Alzheimer's Disease,Phase 2,Small Molecule,Amyloid,Recruiting,False,11C-ER176,11c er176,investigational_therapeutic_unverified,sole investigational candidate identified (11C-ER176); not yet confirmed via official pipeline,False,,no_match,medium,True,Therapeutic Drug,investigational therapeutic candidate; drug/biological intervention type with no disqualifying evidence found,rule_classification,medium,True
NCT03819699,Study With Lu AF20513 in Patients With Mild Alzheimer's Disease (AD) or Mild Cognitive Impairment (MCI) Due to AD,Phase 1,Biologic,Amyloid,Discontinued,False,Lu AF20513,lu af20513,investigational_therapeutic_unverified,sole investigational candidate identified (Lu AF20513); not yet confirmed via official pipeline,False,,no_match,medium,True,Therapeutic Drug,investigational therapeutic candidate; drug/biological intervention type with no disqualifying evidence found,rule_classification,medium,True
NCT05178992,Use of Socially Assistive Robots for Long Term Care Older Adults With Cognitive Impairment and Apathy,Phase 2,Non-Drug/Behavioral,Neuropsychiatric,Completed,False,,,no_therapeutic_candidate,no drug/biological therapeutic candidate found among this trial's interventions,False,,not_applicable,high,False,Exclude,no drug/biological therapeutic candidate found among this trial's interventions,rule_classification,high,False
NCT04388982,the Safety and the Efficacy Evaluation of Allogenic Adipose MSC-Exos in Patients With Alzheimer's Disease,Phase 2,Biologic,Other,Unknown,False,,,no_therapeutic_candidate,"no confirmed or investigational therapeutic candidate found, but this trial has unresolved/uncertain interventions worth a manual look",False,,no_match,low,True,Needs Review,no therapeutic candidate; trial has unresolved/uncertain interventions,rule_classification,low,True
NCT01978548,A Study to Evaluate the Effects of JNJ-54861911 on Amyloid Beta Processing in Cerebrospinal Fluid and Plasma in Patients With Prodromal Alzheimer's Disease,Phase 1,Small Molecule,Amyloid,Completed,False,JNJ-54861911,jnj 54861911,investigational_therapeutic_unverified,sole investigational candidate identified (JNJ-54861911); not yet confirmed via official pipeline,False,,no_match,medium,True,Therapeutic Drug,investigational therapeutic candidate; drug/biological intervention type with no disqualifying evidence found,rule_classification,medium,True
NCT03744312,Imaging Inflammation in Alzheimer's Disease With 11C-ER176,Phase 2,Small Molecule,Amyloid,Completed,False,11C-ER176,11c er176,investigational_therapeutic_unverified,sole investigational candidate identified (11C-ER176); not yet confirmed via official pipeline,False,,no_match,medium,True,Therapeutic Drug,investigational therapeutic candidate; drug/biological intervention type with no disqualifying evidence found,rule_classification,medium,True
NCT04314934,OLE of Phase 2b/3 Study ANAVEX2-73-AD-004,Phase 3,Small Molecule,Neuroprotection,Completed,False,ANAVEX2-73,anavex2 73,investigational_therapeutic_unverified,sole investigational candidate identified (ANAVEX2-73); not yet confirmed via official pipeline,False,,no_match,medium,True,Therapeutic Drug,investigational therapeutic candidate; drug/biological intervention type with no disqualifying evidence found,rule_classification,medium,True
NCT01640275,Markers of Alzheimers Disease After Propofol or Isoflurane Anesthesia,Phase 1,Small Molecule,Other,Completed,False,,,no_therapeutic_candidate,"no confirmed or investigational therapeutic candidate found, but this trial has unresolved/uncertain interventions worth a manual look",False,,no_match,low,True,Needs Review,no therapeutic candidate; trial has unresolved/uncertain interventions,rule_classification,low,True
NCT00667810,Study Evaluating The Efficacy And Safety Of Bapineuzumab In Alzheimer Disease Patients,Phase 3,Biologic,Amyloid,Discontinued,False,bapineuzumab,bapineuzumab,investigational_therapeutic_unverified,sole investigational candidate identified (bapineuzumab); not yet confirmed via official pipeline,False,,no_match,medium,True,Therapeutic Drug,investigational therapeutic candidate; drug/biological intervention type with no disqualifying evidence found,rule_classification,medium,True
NCT05063539,"A Study of LY3372689 to Assess the Safety, Tolerability, and Efficacy in Participants With Alzheimer's Disease",Phase 2,Small Molecule,Other,Completed,False,LY3372689,ly3372689,investigational_therapeutic_unverified,sole investigational candidate identified (LY3372689); not yet confirmed via official pipeline,False,,no_match,medium,True,Therapeutic Drug,investigational therapeutic candidate; drug/biological intervention type with no disqualifying evidence found,rule_classification,medium,True
NCT04592341,A Study to Evaluate the Pharmacodynamic (PD) Effects of Once Weekly Administration of Gantenerumab in Participants With Early Alzheimer's Disease (AD),Phase 2,Biologic,Amyloid,Discontinued,False,Gantenerumab,gantenerumab,sponsor_developed_therapeutic,official pipeline record matched (Gantenerumab) but source_url is blank — verify manually,True,,pipeline_record_match_without_source,medium,True,Therapeutic Drug,confirmed or unsourced official sponsor-pipeline match,rule_classification,medium,False
NCT03901105,Evaluation of Flortaucipir PET Signal and Cognitive Change in Early Alzheimer's Disease,Phase 3,Small Molecule,Tau,Completed,False,,,no_therapeutic_candidate,no drug/biological therapeutic candidate found among this trial's interventions,False,,not_applicable,high,False,Exclude,no drug/biological therapeutic candidate found among this trial's interventions,rule_classification,high,False
NCT00998764,A Long-Term Safety And Tolerability Extension Study Of Bapineuzumab In Alzheimer Disease Patients,Phase 3,Biologic,Amyloid,Discontinued,False,Bapineuzumab,bapineuzumab,investigational_therapeutic_unverified,sole investigational candidate identified (Bapineuzumab); not yet confirmed via official pipeline,False,,no_match,medium,True,Therapeutic Drug,investigational therapeutic candidate; drug/biological intervention type with no disqualifying evidence found,rule_classification,medium,True
NCT03980730,Study of Azeliragon in Patients With Mild Alzheimer's Disease and Impaired Glucose Tolerance,Phase 2,Small Molecule,Amyloid,Discontinued,False,Azeliragon,azeliragon,investigational_therapeutic_unverified,sole investigational candidate identified (Azeliragon); not yet confirmed via official pipeline,False,,no_match,medium,True,Therapeutic Drug,investigational therapeutic candidate; drug/biological intervention type with no disqualifying evidence found,rule_classification,medium,True
NCT03902548,Initial Investigation of [18F]P16-129 in Alzheimer's Disease Patients and Healthy Volunteers,Phase 1,Small Molecule,Other,Completed,False,[18F]P16-129,18f p16 129,investigational_therapeutic_unverified,sole investigational candidate identified ([18F]P16-129); not yet confirmed via official pipeline,False,,no_match,medium,True,Therapeutic Drug,investigational therapeutic candidate; drug/biological intervention type with no disqualifying evidence found,rule_classification,medium,True
NCT04149860,Study With Lu AF87908 in Healthy Participants and Participants With Alzheimer's Disease,Phase 1,Small Molecule,Other,Completed,False,Lu AF87908,lu af87908,investigational_therapeutic_unverified,sole investigational candidate identified (Lu AF87908); not yet confirmed via official pipeline,False,,no_match,medium,True,Therapeutic Drug,investigational therapeutic candidate; drug/biological intervention type with no disqualifying evidence found,rule_classification,medium,True
NCT04374253,"A Study to Evaluate the Safety, Tolerability, and Efficacy of Long-Term Gantenerumab Administration in Participants With Alzheimer's Disease (AD)",Phase 3,Biologic,Amyloid,Discontinued,False,Gantenerumab,gantenerumab,sponsor_developed_therapeutic,official pipeline record matched (Gantenerumab) but source_url is blank — verify manually,True,,pipeline_record_match_without_source,medium,True,Therapeutic Drug,confirmed or unsourced official sponsor-pipeline match,rule_classification,medium,False
NCT00676143,Study Evaluating the Safety and Efficacy of Bapineuzumab in Alzheimer Disease Patients,Phase 3,Biologic,Amyloid,Discontinued,False,bapineuzumab,bapineuzumab,investigational_therapeutic_unverified,sole investigational candidate identified (bapineuzumab); not yet confirmed via official pipeline,False,,no_match,medium,True,Therapeutic Drug,investigational therapeutic candidate; drug/biological intervention type with no disqualifying evidence found,rule_classification,medium,True
NCT04339413,A Study to Evaluate the Safety and Tolerability of Long-term Administration of Gantenerumab in Participants With Alzheimer's Disease (AD),Phase 3,Biologic,Amyloid,Discontinued,False,Gantenerumab,gantenerumab,sponsor_developed_therapeutic,official pipeline record matched (Gantenerumab) but source_url is blank — verify manually,True,,pipeline_record_match_without_source,medium,True,Therapeutic Drug,confirmed or unsourced official sponsor-pipeline match,rule_classification,medium,False
NCT03943264,A Biomarker-directed Study of XPro1595 in Patients With Alzheimer's,Phase 1,Small Molecule,Inflammation,Completed,False,XPro1595,xpro1595,investigational_therapeutic_unverified,sole investigational candidate identified (XPro1595); not yet confirmed via official pipeline,False,,no_match,medium,True,Therapeutic Drug,investigational therapeutic candidate; drug/biological intervention type with no disqualifying evidence found,rule_classification,medium,True
NCT03101085,S-Equol in Alzheimer's Disease 2 Trial,Phase 2,Small Molecule,Other,Completed,False,,,no_therapeutic_candidate,no drug/biological therapeutic candidate found among this trial's interventions,False,,not_applicable,high,False,Exclude,no drug/biological therapeutic candidate found among this trial's interventions,rule_classification,high,False
NCT04063124,Senolytic Therapy to Modulate Progression of Alzheimer's Disease,Phase 2,Small Molecule,Neuroprotection,Completed,False,Dasatinib + Quercetin,dasatinib quercetin,investigational_therapeutic_unverified,sole investigational candidate identified (Dasatinib + Quercetin); not yet confirmed via official pipeline,False,,no_match,medium,True,Therapeutic Drug,investigational therapeutic candidate; drug/biological intervention type with no disqualifying evidence found,rule_classification,medium,True
NCT03823404,GAIN Trial: Phase 2/3 Study of COR388 in Subjects With Alzheimer's Disease,Phase 3,Small Molecule,Other,Completed,False,COR388,cor388,investigational_therapeutic_unverified,sole investigational candidate identified (COR388); not yet confirmed via official pipeline,False,,no_match,medium,True,Therapeutic Drug,investigational therapeutic candidate; drug/biological intervention type with no disqualifying evidence found,rule_classification,medium,True
NCT04057807,Peripheral Benzodiazepine Receptors (PBR28) Brain PET Imaging With Lipopolysaccharide Challenge for the Study of Microglia Function in Alzheimer's Disease,Phase 1,Small Molecule,Inflammation,Completed,False,LPS,lps,investigational_therapeutic_unverified,sole investigational candidate identified (LPS); not yet confirmed via official pipeline,False,,no_match,medium,True,Therapeutic Drug,investigational therapeutic candidate; drug/biological intervention type with no disqualifying evidence found,rule_classification,medium,True
NCT00814346,Effect of EGb761® on Brain Glucose Metabolism in Three Groups of Elderly Defined by Cognitive Functions,Phase 2,Small Molecule,Metabolism,Completed,False,EGb761®,egb761,investigational_therapeutic_unverified,sole investigational candidate identified (EGb761®); not yet confirmed via official pipeline,False,,no_match,medium,True,Therapeutic Drug,investigational therapeutic candidate; drug/biological intervention type with no disqualifying evidence found,rule_classification,medium,True
NCT03277573,Salsalate in Patients Mild to Moderate Alzheimer's Disease,Phase 1,Small Molecule,Other,Completed,False,Salsalate,salsalate,investigational_therapeutic_unverified,sole investigational candidate identified (Salsalate); not yet confirmed via official pipeline,False,,no_match,medium,True,Therapeutic Drug,investigational therapeutic candidate; drug/biological intervention type with no disqualifying evidence found,rule_classification,medium,True
NCT04228666,A Clinical Trial to Determine the Safety and Efficacy of Hope Biosciences Autologous Mesenchymal Stem Cell Therapy (HB-adMSCs) for the Treatment of Alzheimer's Disease,Phase 2,Biologic,Other,Discontinued,False,HB-adMSCs,hb admscs,investigational_therapeutic_unverified,sole investigational candidate identified (HB-adMSCs); not yet confirmed via official pipeline,False,,no_match,medium,True,Therapeutic Drug,investigational therapeutic candidate; drug/biological intervention type with no disqualifying evidence found,rule_classification,medium,True
NCT05323812,ASURE: Alzheimer Study Using oRal Edaravone,Phase 2,Small Molecule,Other,Completed,False,TW001,tw001,investigational_therapeutic_unverified,sole investigational candidate identified (TW001); not yet confirmed via official pipeline,False,,no_match,medium,True,Therapeutic Drug,investigational therapeutic candidate; drug/biological intervention type with no disqualifying evidence found,rule_classification,medium,True
NCT03435861,Effect of Neflamapimod on Brain Inflammation in Alzheimer's Disease Patients,Phase 2,Small Molecule,Inflammation,Completed,False,VX-745,vx 745,investigational_therapeutic_unverified,sole investigational candidate identified (VX-745); not yet confirmed via official pipeline,False,,no_match,medium,True,Therapeutic Drug,investigational therapeutic candidate; drug/biological intervention type with no disqualifying evidence found,rule_classification,medium,True
NCT03179501,"NP001, Alzheimer's Disease, and Blood Markers of Inflammation",Phase 1,Small Molecule,Inflammation,Discontinued,False,NP001,np001,investigational_therapeutic_unverified,sole investigational candidate identified (NP001); not yet confirmed via official pipeline,False,,no_match,medium,True,Therapeutic Drug,investigational therapeutic candidate; drug/biological intervention type with no disqualifying evidence found,rule_classification,medium,True
NCT04311515,"To Evaluate Safety, Tolerability and Pharmacological Effects of PU AD in Subjects With Mild AD Dementia",Phase 2,Small Molecule,Tau,Discontinued,False,,,no_therapeutic_candidate,"no confirmed or investigational therapeutic candidate found, but this trial has unresolved/uncertain interventions worth a manual look",False,,no_match,low,True,Needs Review,no therapeutic candidate; trial has unresolved/uncertain interventions,rule_classification,low,True
NCT07373067,Repeat Intracerebroventricular Injections of RB-ADSC in Subjects Previously Treated in RBI Protocol RB-ADSC-02,Phase 1,Biologic,Other,Recruiting,False,RB-ADSC,rb adsc,investigational_therapeutic_unverified,sole investigational candidate identified (RB-ADSC); not yet confirmed via official pipeline,False,,no_match,medium,True,Therapeutic Drug,investigational therapeutic candidate; drug/biological intervention type with no disqualifying evidence found,rule_classification,medium,True
NCT03720548,A Study of LY3372993 in Healthy Participants and Participants With Alzheimer's Disease (AD),Phase 1,Small Molecule,Other,Completed,False,LY3372993,ly3372993,investigational_therapeutic_unverified,sole investigational candidate identified (LY3372993); not yet confirmed via official pipeline,False,,no_match,medium,True,Therapeutic Drug,investigational therapeutic candidate; drug/biological intervention type with no disqualifying evidence found,rule_classification,medium,True
NCT00895895,Study Comparing 3 Dosage Levels Of SAM-531 In Outpatients With Mild To Moderate Alzheimer Disease,Phase 2,Small Molecule,Symptomatic,Discontinued,False,SAM-531,sam 531,investigational_therapeutic_unverified,sole investigational candidate identified (SAM-531); not yet confirmed via official pipeline,False,,no_match,medium,True,Therapeutic Drug,investigational therapeutic candidate; drug/biological intervention type with no disqualifying evidence found,rule_classification,medium,True
NCT03250741,Effects of Dopaminergic Therapy in Patients With Alzheimer's Disease,Phase 2,Small Molecule,Other,Completed,False,Rotigotine patch,rotigotine patch,investigational_therapeutic_unverified,sole investigational candidate identified (Rotigotine patch); not yet confirmed via official pipeline,False,,no_match,medium,True,Therapeutic Drug,investigational therapeutic candidate; drug/biological intervention type with no disqualifying evidence found,rule_classification,medium,True
NCT04566003,"Evaluation Comparing Tau PET Radiotracers, [18F]GTP1 and [18F]PI-2620 or [18F]MK-6240 in Subjects With Normal Cognition or Prodromal to Moderate Alzheimer's Disease",Phase 1,Small Molecule,Tau,Completed,False,,,no_therapeutic_candidate,no drug/biological therapeutic candidate found among this trial's interventions,False,,not_applicable,high,False,Exclude,no drug/biological therapeutic candidate found among this trial's interventions,rule_classification,high,False
NCT03283059,Octohydroaminoacridine Succinate Tablet for Mild-to-Moderate Alzheimer's Disease,Phase 3,Small Molecule,Symptomatic,Unknown,False,Octohydroaminoacridine Succinate,octohydroaminoacridine succinate,investigational_therapeutic_unverified,sole investigational candidate identified (Octohydroaminoacridine Succinate); not yet confirmed via official pipeline,False,,no_match,medium,True,Therapeutic Drug,investigational therapeutic candidate; drug/biological intervention type with no disqualifying evidence found,rule_classification,medium,True
NCT00083590,Huperzine A in Alzheimer's Disease,Phase 2,Small Molecule,Symptomatic,Completed,False,Huperzine A,huperzine a,investigational_therapeutic_unverified,sole investigational candidate identified (Huperzine A); not yet confirmed via official pipeline,False,,no_match,medium,True,Therapeutic Drug,investigational therapeutic candidate; drug/biological intervention type with no disqualifying evidence found,rule_classification,medium,True
NCT03038035,The Alzheimer's Disease THErapy With NEuroaid (ATHENE) Study,Phase 2,Small Molecule,Other,Unknown,False,MLC901,mlc901,investigational_therapeutic_unverified,sole investigational candidate identified (MLC901); not yet confirmed via official pipeline,False,,no_match,medium,True,Therapeutic Drug,investigational therapeutic candidate; drug/biological intervention type with no disqualifying evidence found,rule_classification,medium,True
NCT04437511,A Study of Donanemab (LY3002813) in Participants With Early Alzheimer's Disease (TRAILBLAZER-ALZ 2),Phase 3,Biologic,Amyloid,Active,False,Donanemab,donanemab,sponsor_developed_therapeutic,official pipeline record matched (Donanemab) but source_url is blank — verify manually,True,,pipeline_record_match_without_source,medium,True,Therapeutic Drug,confirmed or unsourced official sponsor-pipeline match,rule_classification,medium,False
NCT03367403,A Study of LY3002813 in Participants With Early Symptomatic Alzheimer's Disease (TRAILBLAZER-ALZ),Phase 2,Biologic,Amyloid,Completed,False,Donanemab,donanemab,sponsor_developed_therapeutic,official pipeline record matched (Donanemab) but source_url is blank — verify manually,True,,pipeline_record_match_without_source,medium,True,Therapeutic Drug,confirmed or unsourced official sponsor-pipeline match,rule_classification,medium,False
NCT00141661,A Safety and Tolerability Evaluation of Two 10-Week Dose Regimens of Orally-Administered PF-04494700 in Alzheimer's Patients,Phase 2,Small Molecule,Amyloid,Completed,False,PF-04494700 - Low Dose Arm; PF-04494700 - High Dose Arm,pf 04494700 low dose arm pf 04494700 high dose arm,investigational_therapeutic_unverified,multiple unverified investigational candidates found (PF-04494700 - Low Dose Arm; PF-04494700 - High Dose Arm) — could not resolve to a single drug,False,,multiple_candidates_unresolved,low,True,Needs Review,multiple distinct unverified candidates found in one trial — scope not determined at trial level,rule_classification,low,True
NCT03706261,Alzheimer's PET Imaging in Racially/Ethnically Diverse Adults,Phase 1,Small Molecule,Amyloid,Completed,False,,,no_therapeutic_candidate,no drug/biological therapeutic candidate found among this trial's interventions,False,,not_applicable,high,False,Exclude,no drug/biological therapeutic candidate found among this trial's interventions,rule_classification,high,False
NCT03373604,Imaging Tau in Alzheimer's Disease and Normal Aging,Phase 2,Small Molecule,Tau,Completed,False,,,no_therapeutic_candidate,no drug/biological therapeutic candidate found among this trial's interventions,False,,not_applicable,high,False,Exclude,no drug/biological therapeutic candidate found among this trial's interventions,rule_classification,high,False
NCT01409694,Alzheimer's Disease - Input of Vitamin D With mEmantine Assay,Phase 3,Small Molecule,Symptomatic,Completed,False,Vitamin D,vitamin d,investigational_therapeutic_unverified,sole investigational candidate identified (Vitamin D); not yet confirmed via official pipeline,False,,no_match,medium,True,Therapeutic Drug,investigational therapeutic candidate; drug/biological intervention type with no disqualifying evidence found,rule_classification,medium,True
NCT05399888,A Study to Learn About the Safety of Diranersen (BIIB080) Injections and Whether They Can Improve Symptoms of Participants With Mild Cognitive Impairment Due to Alzheimer's Disease (AD) or Mild AD Dementia Between 50 to 80 Years of Age,Phase 2,Small Molecule,Tau,Active,False,Diranersen,diranersen,investigational_therapeutic_unverified,sole investigational candidate identified (Diranersen); not yet confirmed via official pipeline,False,,no_match,medium,True,Therapeutic Drug,investigational therapeutic candidate; drug/biological intervention type with no disqualifying evidence found,rule_classification,medium,True
NCT03444870,Efficacy and Safety Study of Gantenerumab in Participants With Early Alzheimer's Disease (AD),Phase 3,Biologic,Amyloid,Discontinued,False,Gantenerumab,gantenerumab,sponsor_developed_therapeutic,official pipeline record matched (Gantenerumab) but source_url is blank — verify manually,True,,pipeline_record_match_without_source,medium,True,Therapeutic Drug,confirmed or unsourced official sponsor-pipeline match,rule_classification,medium,False
NCT03443973,Safety and Efficacy Study of Gantenerumab in Participants With Early Alzheimer's Disease (AD),Phase 3,Biologic,Amyloid,Discontinued,False,Gantenerumab,gantenerumab,sponsor_developed_therapeutic,official pipeline record matched (Gantenerumab) but source_url is blank — verify manually,True,,pipeline_record_match_without_source,medium,True,Therapeutic Drug,confirmed or unsourced official sponsor-pipeline match,rule_classification,medium,False
NCT01850238,"Safety Study of AADvac1, a Tau Peptide-KLH-Conjugate Active Vaccine to Treat Alzheimer's Disease",Phase 1,Biologic,Tau,Completed,False,AADvac1,aadvac1,investigational_therapeutic_unverified,sole investigational candidate identified (AADvac1); not yet confirmed via official pipeline,False,,no_match,medium,True,Therapeutic Drug,investigational therapeutic candidate; drug/biological intervention type with no disqualifying evidence found,rule_classification,medium,True
NCT03531684,Efficacy and Safety of MMFS in Early AD,Phase 2,Dietary Supplement,Other,Completed,False,MMFS-205-SR,mmfs 205 sr,investigational_therapeutic_unverified,sole investigational candidate identified (MMFS-205-SR); not yet confirmed via official pipeline,False,,no_match,medium,True,Non-Drug Intervention,dietary supplement / nutraceutical — excluded from the default therapeutic view unless curated as a genuine investigational program (data/reference/intervention_scope_overrides.csv),rule_type,medium,False
NCT00076440,Antigonadotropin-Leuprolide in Alzheimer's Disease Drug INvestigation (ALADDIN) VP 104 Study,Phase 2,Small Molecule,Other,Completed,False,Leuprolide acetate,leuprolide acetate,investigational_therapeutic_unverified,sole investigational candidate identified (Leuprolide acetate); not yet confirmed via official pipeline,False,,no_match,medium,True,Therapeutic Drug,investigational therapeutic candidate; drug/biological intervention type with no disqualifying evidence found,rule_classification,medium,True
NCT03560245,A Study of Bryostatin in Moderately Severe to Severe Alzheimer's Disease Subjects Not On Memantine,Phase 2,Small Molecule,Neuroprotection,Completed,False,Bryostatin,bryostatin,investigational_therapeutic_unverified,sole investigational candidate identified (Bryostatin); not yet confirmed via official pipeline,False,,no_match,medium,True,Therapeutic Drug,investigational therapeutic candidate; drug/biological intervention type with no disqualifying evidence found,rule_classification,medium,True
NCT03865017,A Safety and Tolerability Study of GB301,Phase 2,Biologic,Other,Unknown,False,,,no_therapeutic_candidate,"no confirmed or investigational therapeutic candidate found, but this trial has unresolved/uncertain interventions worth a manual look",False,,no_match,low,True,Needs Review,no therapeutic candidate; trial has unresolved/uncertain interventions,rule_classification,low,True
NCT03019536,A Study of LY3303560 in Participants With Mild Cognitive Impairment or Alzheimer's Disease,Phase 1,Small Molecule,Amyloid,Completed,False,LY3303560 - IV,ly3303560 iv,investigational_therapeutic_unverified,sole investigational candidate identified (LY3303560 - IV); not yet confirmed via official pipeline,False,,no_match,medium,True,Therapeutic Drug,investigational therapeutic candidate; drug/biological intervention type with no disqualifying evidence found,rule_classification,medium,True
NCT03533257,Study to Assess the Safety and Biological Activity of AMX0035 for the Treatment of Alzheimer's Disease,Phase 2,Small Molecule,Other,Completed,False,AMX0035,amx0035,investigational_therapeutic_unverified,sole investigational candidate identified (AMX0035); not yet confirmed via official pipeline,False,,no_match,medium,True,Therapeutic Drug,investigational therapeutic candidate; drug/biological intervention type with no disqualifying evidence found,rule_classification,medium,True
NCT03363269,Evaluate the Efficacy and Safety of ID1201 for Dose-finding in Mild Alzheimer's Disease,Phase 2,Small Molecule,Other,Completed,False,ID1201,id1201,investigational_therapeutic_unverified,sole investigational candidate identified (ID1201); not yet confirmed via official pipeline,False,,no_match,medium,True,Therapeutic Drug,investigational therapeutic candidate; drug/biological intervention type with no disqualifying evidence found,rule_classification,medium,True
NCT03446001,Safety and Efficacy of TRx0237 in Subjects With Alzheimer's Disease Followed by Open-Label Treatment,Phase 3,Small Molecule,Other,Completed,False,TRx0237,trx0237,investigational_therapeutic_unverified,sole investigational candidate identified (TRx0237); not yet confirmed via official pipeline,False,,no_match,medium,True,Therapeutic Drug,investigational therapeutic candidate; drug/biological intervention type with no disqualifying evidence found,rule_classification,medium,True
NCT00088673,Evaluation of 3APS in Patients With Mild to Moderate Alzheimer's Disease,Phase 3,Small Molecule,Amyloid,Unknown,False,3APS,3aps,investigational_therapeutic_unverified,sole investigational candidate identified (3APS); not yet confirmed via official pipeline,False,,no_match,medium,True,Therapeutic Drug,investigational therapeutic candidate; drug/biological intervention type with no disqualifying evidence found,rule_classification,medium,True
NCT00066157,Alzheimer's Disease: Therapeutic Potential of Estrogen,Phase 3,Small Molecule,Neuroprotection,Completed,False,,,no_therapeutic_candidate,"no confirmed or investigational therapeutic candidate found, but this trial has unresolved/uncertain interventions worth a manual look",False,,no_match,low,True,Needs Review,no therapeutic candidate; trial has unresolved/uncertain interventions,rule_classification,low,True
NCT00007189,Alzheimer's Disease Anti-Inflammatory Prevention Trial (ADAPT),Phase 3,Small Molecule,Inflammation,Completed,False,Naproxen Sodium (Aleve),naproxen sodium aleve,investigational_therapeutic_unverified,sole investigational candidate identified (Naproxen Sodium (Aleve)); not yet confirmed via official pipeline,False,,no_match,medium,True,Therapeutic Drug,investigational therapeutic candidate; drug/biological intervention type with no disqualifying evidence found,rule_classification,medium,True
NCT07323914,Clinical Analgesic Management in Dementia,Phase 3,Small Molecule,Other,Recruiting,False,Tylex,tylex,investigational_therapeutic_unverified,sole investigational candidate identified (Tylex); not yet confirmed via official pipeline,False,,no_match,medium,True,Therapeutic Drug,investigational therapeutic candidate; drug/biological intervention type with no disqualifying evidence found,rule_classification,medium,True
NCT00024531,Lipitor as a Treatment for Alzheimer's Disease,Phase 2,Small Molecule,Metabolism,Completed,False,Atorvastatin calcium,atorvastatin calcium,investigational_therapeutic_unverified,sole investigational candidate identified (Atorvastatin calcium); not yet confirmed via official pipeline,False,,no_match,medium,True,Therapeutic Drug,investigational therapeutic candidate; drug/biological intervention type with no disqualifying evidence found,rule_classification,medium,True
NCT03093519,A Repeated Dose Study of KHK6640 in Japanese Patients With Alzheimer's Disease,Phase 1,Small Molecule,Amyloid,Completed,False,KHK6640,khk6640,investigational_therapeutic_unverified,sole investigational candidate identified (KHK6640); not yet confirmed via official pipeline,False,,no_match,medium,True,Therapeutic Drug,investigational therapeutic candidate; drug/biological intervention type with no disqualifying evidence found,rule_classification,medium,True
NCT03522129,Study to Evaluate the Effect of CT1812 Treatment on Amyloid Beta Oligomer Displacement Into CSF in Subjects With Mild to Moderate Alzheimer's Disease,Phase 1,Small Molecule,Amyloid,Completed,False,CT1812,ct1812,investigational_therapeutic_unverified,sole investigational candidate identified (CT1812); not yet confirmed via official pipeline,False,,no_match,medium,True,Therapeutic Drug,investigational therapeutic candidate; drug/biological intervention type with no disqualifying evidence found,rule_classification,medium,True
NCT00063310,ALADDIN Study: Antigonadotropin-Leuprolide in Alzheimer's Disease Drug INvestigation,Phase 2,Small Molecule,Other,Completed,False,Leuprolide acetate,leuprolide acetate,investigational_therapeutic_unverified,sole investigational candidate identified (Leuprolide acetate); not yet confirmed via official pipeline,False,,no_match,medium,True,Therapeutic Drug,investigational therapeutic candidate; drug/biological intervention type with no disqualifying evidence found,rule_classification,medium,True
NCT03402659,"Proof-of-Concept Study of a Selective p38 MAPK Alpha Inhibitor, Neflamapimod, in Subjects With Mild Alzheimer's Disease",Phase 2,Small Molecule,Other,Completed,False,neflamapimod,neflamapimod,investigational_therapeutic_unverified,sole investigational candidate identified (neflamapimod); not yet confirmed via official pipeline,False,,no_match,medium,True,Therapeutic Drug,investigational therapeutic candidate; drug/biological intervention type with no disqualifying evidence found,rule_classification,medium,True
NCT00414622,GTS21-201 for Alzheimer Disease:GTS-21 Administered Daily for 28 Days to Participants With Probable Alzheimer's Disease,Phase 2,Small Molecule,Other,Completed,False,DMXB-A,dmxb a,investigational_therapeutic_unverified,sole investigational candidate identified (DMXB-A); not yet confirmed via official pipeline,False,,no_match,medium,True,Therapeutic Drug,investigational therapeutic candidate; drug/biological intervention type with no disqualifying evidence found,rule_classification,medium,True
NCT00065767,Cognitive and Neurophysiological Effects of Raloxifene in Alzheimer's Disease,Phase 3,Small Molecule,Other,Completed,False,Raloxifene,raloxifene,investigational_therapeutic_unverified,sole investigational candidate identified (Raloxifene); not yet confirmed via official pipeline,False,,no_match,medium,True,Therapeutic Drug,investigational therapeutic candidate; drug/biological intervention type with no disqualifying evidence found,rule_classification,medium,True
NCT03402503,"Safety, and Efficacy of a New Buccal Film of Montelukast in Patients With Mild to Moderate Alzheimer's Disease",Phase 2,Small Molecule,Other,Completed,False,Montelukast buccal film,montelukast buccal film,investigational_therapeutic_unverified,sole investigational candidate identified (Montelukast buccal film); not yet confirmed via official pipeline,False,,no_match,medium,True,Therapeutic Drug,investigational therapeutic candidate; drug/biological intervention type with no disqualifying evidence found,rule_classification,medium,True
NCT03239561,Evaluation of Tau Protein in the Brain of Participants With Alzheimer's Disease Compared to Healthy Participants,Phase 1,Small Molecule,Tau,Completed,False,[18F]MNI-1020,18f mni 1020,investigational_therapeutic_unverified,sole investigational candidate identified ([18F]MNI-1020); not yet confirmed via official pipeline,False,,no_match,medium,True,Therapeutic Drug,investigational therapeutic candidate; drug/biological intervention type with no disqualifying evidence found,rule_classification,medium,True
NCT03116126,Noradrenergic Add-on Therapy With Guanfacine,Phase 3,Small Molecule,Other,Unknown,False,Guanfacine,guanfacine,investigational_therapeutic_unverified,sole investigational candidate identified (Guanfacine); not yet confirmed via official pipeline,False,,no_match,medium,True,Therapeutic Drug,investigational therapeutic candidate; drug/biological intervention type with no disqualifying evidence found,rule_classification,medium,True
NCT02788513,BI 425809 in Patients With Cognitive Impairment Due to Alzheimer's Disease.,Phase 2,Small Molecule,Other,Completed,False,,,no_therapeutic_candidate,"no confirmed or investigational therapeutic candidate found, but this trial has unresolved/uncertain interventions worth a manual look",False,,no_match,low,True,Needs Review,no therapeutic candidate; trial has unresolved/uncertain interventions,rule_classification,low,True
NCT03977584,Tau Positron Emission Tomography (PET) Longitudinal Substudy Associated With: Study of Crenezumab Versus Placebo in Preclinical Presenilin1 (PSEN1) E280A Mutation Carriers in the Treatment of Autosomal-Dominant Alzheimer's Disease,Phase 2,Biologic,Amyloid,Completed,False,Crenezumab,crenezumab,investigational_therapeutic_unverified,sole investigational candidate identified (Crenezumab); not yet confirmed via official pipeline,False,,no_match,medium,True,Therapeutic Drug,investigational therapeutic candidate; drug/biological intervention type with no disqualifying evidence found,rule_classification,medium,True
NCT03117738,A Study to Evaluate the Safety and Efficacy of AstroStem in Treatment of Alzheimer's Disease,Phase 2,Small Molecule,Other,Completed,False,AstroStem,astrostem,investigational_therapeutic_unverified,sole investigational candidate identified (AstroStem); not yet confirmed via official pipeline,False,,no_match,medium,True,Therapeutic Drug,investigational therapeutic candidate; drug/biological intervention type with no disqualifying evidence found,rule_classification,medium,True
NCT00912288,A Phase 3 Efficacy Study Of Dimebon In Patients With Moderate To Severe Alzheimer's Disease,Phase 3,Small Molecule,Neuroprotection,Discontinued,False,Dimebon,dimebon,investigational_therapeutic_unverified,sole investigational candidate identified (Dimebon); not yet confirmed via official pipeline,False,,no_match,medium,True,Therapeutic Drug,investigational therapeutic candidate; drug/biological intervention type with no disqualifying evidence found,rule_classification,medium,True
NCT03418688,A Multiple Ascending Dose Study of COR388,Phase 1,Small Molecule,Other,Completed,False,COR388,cor388,investigational_therapeutic_unverified,sole investigational candidate identified (COR388); not yet confirmed via official pipeline,False,,no_match,medium,True,Therapeutic Drug,investigational therapeutic candidate; drug/biological intervention type with no disqualifying evidence found,rule_classification,medium,True
NCT00501111,Proof of Concept Study of Cognitive Improvement in Patients With Alzheimer's Disease,Phase 2,Small Molecule,Symptomatic,Completed,False,AZD3480,azd3480,investigational_therapeutic_unverified,sole investigational candidate identified (AZD3480); not yet confirmed via official pipeline,False,,no_match,medium,True,Therapeutic Drug,investigational therapeutic candidate; drug/biological intervention type with no disqualifying evidence found,rule_classification,medium,True
NCT00285077,Long-Term Safety Extension With SR57667B in Patients With Alzheimer's Disease,Phase 2,Small Molecule,Other,Completed,False,SR57667B,sr57667b,investigational_therapeutic_unverified,sole investigational candidate identified (SR57667B); not yet confirmed via official pipeline,False,,no_match,medium,True,Therapeutic Drug,investigational therapeutic candidate; drug/biological intervention type with no disqualifying evidence found,rule_classification,medium,True
NCT02638519,HP Xenon-129 fMRI of Healthy Volunteers and Participants With Alzheimer's Disease,Phase 1,Device,Other,Discontinued,False,,,no_therapeutic_candidate,"no confirmed or investigational therapeutic candidate found, but this trial has unresolved/uncertain interventions worth a manual look",False,,no_match,low,True,Needs Review,no therapeutic candidate; trial has unresolved/uncertain interventions,rule_classification,low,True
NCT03274817,A Proof of Concept Study of the Prevention of Mild Cognitive Impairment and Eventual Alzheimer's Disease Using F18 Flutemetamol,Phase 1,Small Molecule,Amyloid,Discontinued,False,,,no_therapeutic_candidate,"no confirmed or investigational therapeutic candidate found, but this trial has unresolved/uncertain interventions worth a manual look",False,,no_match,low,True,Needs Review,no therapeutic candidate; trial has unresolved/uncertain interventions,rule_classification,low,True
NCT00285025,Study of the Effect of SR57667B in Patients With Alzheimer's Disease,Phase 2,Small Molecule,Other,Completed,False,SR57667B,sr57667b,investigational_therapeutic_unverified,sole investigational candidate identified (SR57667B); not yet confirmed via official pipeline,False,,no_match,medium,True,Therapeutic Drug,investigational therapeutic candidate; drug/biological intervention type with no disqualifying evidence found,rule_classification,medium,True
NCT03008161,Multiple Dose Safety Study of NPT088 in Patients With Mild to Moderate Probable Alzheimer's Disease,Phase 1,Small Molecule,Other,Completed,False,NPT088,npt088,investigational_therapeutic_unverified,sole investigational candidate identified (NPT088); not yet confirmed via official pipeline,False,,no_match,medium,True,Therapeutic Drug,investigational therapeutic candidate; drug/biological intervention type with no disqualifying evidence found,rule_classification,medium,True
NCT03375697,"A Study to Investigate Safety and Tolerability, Pharmacokinetics and Pharmacodynamics of JNJ-63733657 in Healthy Subjects and Subjects With Alzheimer's Disease",Phase 1,Small Molecule,Tau,Completed,False,JNJ-63733657,jnj 63733657,investigational_therapeutic_unverified,sole investigational candidate identified (JNJ-63733657); not yet confirmed via official pipeline,False,,no_match,medium,True,Therapeutic Drug,investigational therapeutic candidate; drug/biological intervention type with no disqualifying evidence found,rule_classification,medium,True
NCT07459660,An Open-Label Study of ML-007C-MA in Adults With Alzheimer's Disease Psychosis,Phase 2,Small Molecule,Neuropsychiatric,Recruiting,False,ML-007C-MA,ml 007c ma,investigational_therapeutic_unverified,sole investigational candidate identified (ML-007C-MA); not yet confirmed via official pipeline,False,,no_match,medium,True,Therapeutic Drug,investigational therapeutic candidate; drug/biological intervention type with no disqualifying evidence found,rule_classification,medium,True
NCT01681602,Effect of Physical Exercise in Alzheimer Patients,Phase 3,Non-Drug/Behavioral,Other,Completed,False,,,no_therapeutic_candidate,no drug/biological therapeutic candidate found among this trial's interventions,False,,not_applicable,high,False,Exclude,no drug/biological therapeutic candidate found among this trial's interventions,rule_classification,high,False
NCT00645190,"A Randomized, Double-blind, Flexible Dose, Multicenter Study to Evaluate the Effectiveness and Safety of Galantamine IR in Mild to Moderate Alzheimer's Disease",Phase 3,Small Molecule,Symptomatic,Completed,False,Galantamine HBr,galantamine hbr,investigational_therapeutic_unverified,sole investigational candidate identified (Galantamine HBr); not yet confirmed via official pipeline,False,,no_match,medium,True,Therapeutic Drug,investigational therapeutic candidate; drug/biological intervention type with no disqualifying evidence found,rule_classification,medium,True
NCT03520998,A Randomized Study to Assess the Safety of GRF6019 Infusions in Subjects With Mild to Moderate Alzheimer's Disease,Phase 2,Small Molecule,Other,Completed,False,GRF6019,grf6019,investigational_therapeutic_unverified,sole investigational candidate identified (GRF6019); not yet confirmed via official pipeline,False,,no_match,medium,True,Therapeutic Drug,investigational therapeutic candidate; drug/biological intervention type with no disqualifying evidence found,rule_classification,medium,True
NCT03493282,Effect of CT1812 Treatment on Brain Synaptic Density,Phase 2,Small Molecule,Amyloid,Completed,False,Active Treatment- CT1812,active treatment ct1812,investigational_therapeutic_unverified,sole investigational candidate identified (Active Treatment- CT1812); not yet confirmed via official pipeline,False,,no_match,medium,True,Therapeutic Drug,investigational therapeutic candidate; drug/biological intervention type with no disqualifying evidence found,rule_classification,medium,True
NCT07234695,LEvetiracetam to Prevent Seizures in Symptomatic Alzheimer's Disease in Adults With Down Syndrome,Phase 3,Small Molecule,Other,Recruiting,False,Levetiracetam,levetiracetam,investigational_therapeutic_unverified,sole investigational candidate identified (Levetiracetam); not yet confirmed via official pipeline,False,,no_match,medium,True,Therapeutic Drug,investigational therapeutic candidate; drug/biological intervention type with no disqualifying evidence found,rule_classification,medium,True
NCT03919162,A Trial to Evaluate the Efficacy and Safety of PQ912 in Patients With Early AD,Phase 2,Small Molecule,Amyloid,Discontinued,False,PQ912,pq912,investigational_therapeutic_unverified,sole investigational candidate identified (PQ912); not yet confirmed via official pipeline,False,,no_match,medium,True,Therapeutic Drug,investigational therapeutic candidate; drug/biological intervention type with no disqualifying evidence found,rule_classification,medium,True
NCT02624778,A Study of LY3002813 in Participants With Memory Damage Due to Alzheimer's Disease (AD) or AD,Phase 1,Biologic,Other,Completed,False,Donanemab,donanemab,sponsor_developed_therapeutic,official pipeline record matched (Donanemab) but source_url is blank — verify manually,True,,pipeline_record_match_without_source,medium,True,Therapeutic Drug,confirmed or unsourced official sponsor-pipeline match,rule_classification,medium,False
NCT03822208,First in Human Study for Safety and Tolerability of AL003.,Phase 1,Biologic,Inflammation,Completed,False,AL003,al003,investigational_therapeutic_unverified,sole investigational candidate identified (AL003); not yet confirmed via official pipeline,False,,no_match,medium,True,Therapeutic Drug,investigational therapeutic candidate; drug/biological intervention type with no disqualifying evidence found,rule_classification,medium,True
NCT00053599,Cholesterol Lowering Agent to Slow Progression (CLASP) of Alzheimer's Disease Study,Phase 3,Small Molecule,Metabolism,Completed,False,Simvastatin,simvastatin,investigational_therapeutic_unverified,sole investigational candidate identified (Simvastatin); not yet confirmed via official pipeline,False,,no_match,medium,True,Therapeutic Drug,investigational therapeutic candidate; drug/biological intervention type with no disqualifying evidence found,rule_classification,medium,True
NCT03062449,Phase IIa L-serine Trial for eAD,Phase 2,Small Molecule,Other,Discontinued,False,L-Serine,l serine,investigational_therapeutic_unverified,sole investigational candidate identified (L-Serine); not yet confirmed via official pipeline,False,,no_match,medium,True,Therapeutic Drug,investigational therapeutic candidate; drug/biological intervention type with no disqualifying evidence found,rule_classification,medium,True
NCT03197740,"A Multinational, Multi-center, Randomized, Double-blind, Active Comparator, Phase III Clinical Trial to Evaluate the Efficacy and Safety of Donepezil Transdermal Patch in Patients With Alzheimer's Disease",Phase 3,Small Molecule,Symptomatic,Completed,False,,,no_therapeutic_candidate,"no confirmed or investigational therapeutic candidate found, but this trial has unresolved/uncertain interventions worth a manual look",False,,no_match,low,True,Needs Review,no therapeutic candidate; trial has unresolved/uncertain interventions,rule_classification,low,True
NCT02337907,BI 409306 in Patients With Cognitive Impairment Due to Alzheimer's Disease.,Phase 2,Small Molecule,Symptomatic,Completed,False,BI 409306,bi 409306,investigational_therapeutic_unverified,sole investigational candidate identified (BI 409306); not yet confirmed via official pipeline,False,,no_match,medium,True,Therapeutic Drug,investigational therapeutic candidate; drug/biological intervention type with no disqualifying evidence found,rule_classification,medium,True
NCT00544453,Evaluation of [123I] MNI-308 and SPECT as a Marker of Beta-amyloid Protein Deposition in AD Subjects Compared to HC,Phase 1,Small Molecule,Amyloid,Discontinued,False,[123I] MNI-308,123i mni 308,investigational_therapeutic_unverified,sole investigational candidate identified ([123I] MNI-308); not yet confirmed via official pipeline,False,,no_match,medium,True,Therapeutic Drug,investigational therapeutic candidate; drug/biological intervention type with no disqualifying evidence found,rule_classification,medium,True
NCT03635047,A Phase I Study for Safety and Tolerability of AL002.,Phase 1,Biologic,Inflammation,Completed,False,AL002,al002,investigational_therapeutic_unverified,sole investigational candidate identified (AL002); not yet confirmed via official pipeline,False,,no_match,medium,True,Therapeutic Drug,investigational therapeutic candidate; drug/biological intervention type with no disqualifying evidence found,rule_classification,medium,True
NCT00743743,Pilot Study of the Effects of Resveratrol Supplement in Mild-to-moderate Alzheimer's Disease,Phase 3,Dietary Supplement,Other,Discontinued,False,Longevinex brand resveratrol supplement,longevinex brand resveratrol supplement,investigational_therapeutic_unverified,sole investigational candidate identified (Longevinex brand resveratrol supplement); not yet confirmed via official pipeline,False,,no_match,medium,True,Non-Drug Intervention,dietary supplement / nutraceutical — excluded from the default therapeutic view unless curated as a genuine investigational program (data/reference/intervention_scope_overrides.csv),rule_type,medium,False
NCT01078168,Alzheimer's Disease Acitretin Medication,Phase 2,Small Molecule,Other,Completed,False,Acitretin,acitretin,investigational_therapeutic_unverified,sole investigational candidate identified (Acitretin); not yet confirmed via official pipeline,False,,no_match,medium,True,Therapeutic Drug,investigational therapeutic candidate; drug/biological intervention type with no disqualifying evidence found,rule_classification,medium,True
NCT01696123,Efficacy and Tolerability of MLC601 in Patients With Mild to Moderate Alzheimer Disease Who Were Unable to Tolerate or Failed to Benefit From Treatment With Rivastigmine,Phase 2,Small Molecule,Symptomatic,Completed,False,MLC601,mlc601,investigational_therapeutic_unverified,sole investigational candidate identified (MLC601); not yet confirmed via official pipeline,False,,no_match,medium,True,Therapeutic Drug,investigational therapeutic candidate; drug/biological intervention type with no disqualifying evidence found,rule_classification,medium,True
NCT01837641,A Study of LY3002813 in Participants With Alzheimer's Disease,Phase 1,Biologic,Other,Completed,False,,,no_therapeutic_candidate,"no confirmed or investigational therapeutic candidate found, but this trial has unresolved/uncertain interventions worth a manual look",False,,no_match,low,True,Needs Review,no therapeutic candidate; trial has unresolved/uncertain interventions,rule_classification,low,True
NCT03518073,A Study of LY3303560 in Participants With Early Symptomatic Alzheimer's Disease,Phase 2,Biologic,Tau,Completed,False,Zagotenemab,zagotenemab,investigational_therapeutic_unverified,sole investigational candidate identified (Zagotenemab); not yet confirmed via official pipeline,False,,no_match,medium,True,Therapeutic Drug,investigational therapeutic candidate; drug/biological intervention type with no disqualifying evidence found,rule_classification,medium,True
NCT00287248,Assess 123-I IMPY and SPECT Imaging as a Tool to Detect β-Amyloid in the Brain,Phase 1,Small Molecule,Amyloid,Completed,False,,,no_therapeutic_candidate,no drug/biological therapeutic candidate found among this trial's interventions,False,,not_applicable,high,False,Exclude,no drug/biological therapeutic candidate found among this trial's interventions,rule_classification,high,False
NCT00006399,Effects of Estrogen on Memory in Post-Menopausal Women and Patients With Alzheimer's Disease,Phase 2,Small Molecule,Neuroprotection,Completed,False,Estrogen,estrogen,investigational_therapeutic_unverified,sole investigational candidate identified (Estrogen); not yet confirmed via official pipeline,False,,no_match,medium,True,Therapeutic Drug,investigational therapeutic candidate; drug/biological intervention type with no disqualifying evidence found,rule_classification,medium,True
NCT03577262,A Non-therapeutic Feasibility Study of the Radioligand [11C]-UCB-J for Imaging Synaptic Density,Phase 1,Non-Drug/Behavioral,Other,Completed,False,[11C]-UCB-J,11c ucb j,investigational_therapeutic_unverified,sole investigational candidate identified ([11C]-UCB-J); not yet confirmed via official pipeline,False,,no_match,medium,True,Therapeutic Drug,investigational therapeutic candidate; drug/biological intervention type with no disqualifying evidence found,rule_classification,medium,True
NCT00056628,COGNIShunt® System for Alzheimer's Disease,Phase 3,Device,Other,Completed,False,,,no_therapeutic_candidate,no drug/biological therapeutic candidate found among this trial's interventions,False,,not_applicable,high,False,Exclude,no drug/biological therapeutic candidate found among this trial's interventions,rule_classification,high,False
NCT02874820,I2PETPG - Imidazoline2 Binding Sites in a Group of Participants Diagnosed With AD,Phase 1,Small Molecule,Other,Discontinued,False,Idazoxan,idazoxan,investigational_therapeutic_unverified,sole investigational candidate identified (Idazoxan); not yet confirmed via official pipeline,False,,no_match,medium,True,Therapeutic Drug,investigational therapeutic candidate; drug/biological intervention type with no disqualifying evidence found,rule_classification,medium,True
NCT04141150,Evaluation of [18F]APN-1607 PET Uptake in Alzheimer's Disease Patients Compared With Healthy Subjects,Phase 2,Small Molecule,Tau,Unknown,False,,,no_therapeutic_candidate,no drug/biological therapeutic candidate found among this trial's interventions,False,,not_applicable,high,False,Exclude,no drug/biological therapeutic candidate found among this trial's interventions,rule_classification,high,False
NCT07292233,A Food Effect Study of LY03020 in Healthy Subjects,Phase 1,Small Molecule,Other,Active,False,LY03020,ly03020,investigational_therapeutic_unverified,sole investigational candidate identified (LY03020); not yet confirmed via official pipeline,False,,no_match,medium,True,Therapeutic Drug,investigational therapeutic candidate; drug/biological intervention type with no disqualifying evidence found,rule_classification,medium,True
NCT02388152,Study to Evaluate the Safety and Tolerability of a New Drug Named Lu AF20513 in Patients With Mild Alzheimer's Disease,Phase 1,Small Molecule,Amyloid,Discontinued,False,"Lu AF20513, low dose; Lu AF20513, medium dose; Lu AF20513, high dose; Lu AF20513, double high dose",lu af20513 low dose lu af20513 medium dose lu af20513 high dose lu af20513 double high dose,investigational_therapeutic_unverified,"multiple unverified investigational candidates found (Lu AF20513, low dose; Lu AF20513, medium dose; Lu AF20513, high dose; Lu AF20513, double high dose) — could not resolve to a single drug",False,,multiple_candidates_unresolved,low,True,Needs Review,multiple distinct unverified candidates found in one trial — scope not determined at trial level,rule_classification,low,True
NCT04920786,"Sequential Dose-escalation Study to Assess the Safety, Tolerability and Pharmacokinetics of TB006 in Healthy Subjects",Phase 1,Small Molecule,Amyloid,Completed,False,TB006,tb006,investigational_therapeutic_unverified,sole investigational candidate identified (TB006); not yet confirmed via official pipeline,False,,no_match,medium,True,Therapeutic Drug,investigational therapeutic candidate; drug/biological intervention type with no disqualifying evidence found,rule_classification,medium,True
NCT07230652,A Phase 1 MAD Study to Evaluate the Safety and Tolerability of LY03020,Phase 1,Small Molecule,Other,Recruiting,False,LY03020,ly03020,investigational_therapeutic_unverified,sole investigational candidate identified (LY03020); not yet confirmed via official pipeline,False,,no_match,medium,True,Therapeutic Drug,investigational therapeutic candidate; drug/biological intervention type with no disqualifying evidence found,rule_classification,medium,True
NCT02406027,An Extension Study to Evaluate the Long-Term Safety and Tolerability of JNJ-54861911 in Participants in the Early Alzheimer's Disease Spectrum,Phase 2,Small Molecule,Amyloid,Discontinued,False,JNJ-54861911,jnj 54861911,investigational_therapeutic_unverified,sole investigational candidate identified (JNJ-54861911); not yet confirmed via official pipeline,False,,no_match,medium,True,Therapeutic Drug,investigational therapeutic candidate; drug/biological intervention type with no disqualifying evidence found,rule_classification,medium,True
NCT02361424,Pilot Study Assessing the Effects of PXT00864 in Patients With Mild Alzheimer Disease (AD),Phase 2,Small Molecule,Other,Completed,False,PXT00864,pxt00864,investigational_therapeutic_unverified,sole investigational candidate identified (PXT00864); not yet confirmed via official pipeline,False,,no_match,medium,True,Therapeutic Drug,investigational therapeutic candidate; drug/biological intervention type with no disqualifying evidence found,rule_classification,medium,True
NCT02361242,24-week Open-label Extension Study Evaluating PXT00864 Effect in Mild AD Patients Further to PLEODIAL-I Completion,Phase 2,Small Molecule,Other,Completed,False,PXT00864,pxt00864,investigational_therapeutic_unverified,sole investigational candidate identified (PXT00864); not yet confirmed via official pipeline,False,,no_match,medium,True,Therapeutic Drug,investigational therapeutic candidate; drug/biological intervention type with no disqualifying evidence found,rule_classification,medium,True
NCT03112096,A Phase I [18F]THK-5351 Positron Emission Tomography Study in Healthy Subjects and Alzheimer's Disease,Phase 1,Small Molecule,Tau,Completed,False,,,no_therapeutic_candidate,no drug/biological therapeutic candidate found among this trial's interventions,False,,not_applicable,high,False,Exclude,no drug/biological therapeutic candidate found among this trial's interventions,rule_classification,high,False
NCT00088387,Effect of Lithium and Divalproex in Alzheimer's Disease,Phase 2,Small Molecule,Other,Completed,False,,,no_therapeutic_candidate,"no confirmed or investigational therapeutic candidate found, but this trial has unresolved/uncertain interventions worth a manual look",False,,no_match,low,True,Needs Review,no therapeutic candidate; trial has unresolved/uncertain interventions,rule_classification,low,True
NCT06548191,TREAD: Time Restricted Eating Intervention for Alzheimer's Disease,Phase 1,Non-Drug/Behavioral,Other,Recruiting,False,,,no_therapeutic_candidate,no drug/biological therapeutic candidate found among this trial's interventions,False,,not_applicable,high,False,Exclude,no drug/biological therapeutic candidate found among this trial's interventions,rule_classification,high,False
NCT03061474,Nicotinamide as an Early Alzheimer's Disease Treatment,Phase 2,Small Molecule,Metabolism,Completed,False,Nicotinamide,nicotinamide,investigational_therapeutic_unverified,sole investigational candidate identified (Nicotinamide); not yet confirmed via official pipeline,False,,no_match,medium,True,Therapeutic Drug,investigational therapeutic candidate; drug/biological intervention type with no disqualifying evidence found,rule_classification,medium,True
NCT01565291,A Preliminary Study of 18F-AV-45 in Alzheimer's Disease and Healthy Elderly Volunteers,Phase 1,Small Molecule,Amyloid,Completed,False,,,no_therapeutic_candidate,no drug/biological therapeutic candidate found among this trial's interventions,False,,not_applicable,high,False,Exclude,no drug/biological therapeutic candidate found among this trial's interventions,rule_classification,high,False
NCT06887192,A Study to Assess the Efficacy and Safety of ML-007C-MA for the Treatment of Alzheimer's Disease Psychosis,Phase 2,Small Molecule,Neuropsychiatric,Recruiting,False,ML-007C-MA,ml 007c ma,investigational_therapeutic_unverified,sole investigational candidate identified (ML-007C-MA); not yet confirmed via official pipeline,False,,no_match,medium,True,Therapeutic Drug,investigational therapeutic candidate; drug/biological intervention type with no disqualifying evidence found,rule_classification,medium,True
NCT00071721,Valproate in Dementia (VALID),Phase 3,Small Molecule,Other,Completed,False,Valproate,valproate,investigational_therapeutic_unverified,sole investigational candidate identified (Valproate); not yet confirmed via official pipeline,False,,no_match,medium,True,Therapeutic Drug,investigational therapeutic candidate; drug/biological intervention type with no disqualifying evidence found,rule_classification,medium,True
NCT05040321,Sirtuin-NAD Activator in Alzheimer's Disease,Phase 2,Small Molecule,Metabolism,Completed,False,MIB-626,mib 626,investigational_therapeutic_unverified,sole investigational candidate identified (MIB-626); not yet confirmed via official pipeline,False,,no_match,medium,True,Therapeutic Drug,investigational therapeutic candidate; drug/biological intervention type with no disqualifying evidence found,rule_classification,medium,True
NCT01023685,To Investigate the Safety and Tolerability of Repeated Subcutaneous Injections of CAD106 in Alzheimer's Patients,Phase 2,Biologic,Amyloid,Completed,False,CAD106,cad106,investigational_therapeutic_unverified,sole investigational candidate identified (CAD106); not yet confirmed via official pipeline,False,,no_match,medium,True,Therapeutic Drug,investigational therapeutic candidate; drug/biological intervention type with no disqualifying evidence found,rule_classification,medium,True
NCT01334450,Transcranial Magnetic Stimulation (TMS) Treatment for Alzheimer Patients,Phase 2,Device,Other,Completed,False,,,no_therapeutic_candidate,no drug/biological therapeutic candidate found among this trial's interventions,False,,not_applicable,high,False,Exclude,no drug/biological therapeutic candidate found among this trial's interventions,rule_classification,high,False
NCT07432997,Pharmacological Enhancement of Glymphatic Function in Humans,Phase 2,Small Molecule,Other,Completed,False,,,no_therapeutic_candidate,"no confirmed or investigational therapeutic candidate found, but this trial has unresolved/uncertain interventions worth a manual look",False,,no_match,low,True,Needs Review,no therapeutic candidate; trial has unresolved/uncertain interventions,rule_classification,low,True
NCT01565330,A Study of Two Doses of 18F-AV-45 in Alzheimer's Disease and Healthy Volunteers,Phase 1,Small Molecule,Amyloid,Completed,False,,,no_therapeutic_candidate,no drug/biological therapeutic candidate found among this trial's interventions,False,,not_applicable,high,False,Exclude,no drug/biological therapeutic candidate found among this trial's interventions,rule_classification,high,False
NCT02051335,Roflumilast and Donepezil to Reverse Scopolamine Induced Cognitive Deficits in Healthy Adults,Phase 1,Small Molecule,Symptomatic,Completed,False,,,no_therapeutic_candidate,"no confirmed or investigational therapeutic candidate found, but this trial has unresolved/uncertain interventions worth a manual look",False,,no_match,low,True,Needs Review,no therapeutic candidate; trial has unresolved/uncertain interventions,rule_classification,low,True
NCT00956410,To Investigate the Safety and Tolerability of Repeated Subcutaneous Injections of CAD106 in Alzheimer's Patients,Phase 2,Biologic,Amyloid,Completed,False,CAD106,cad106,investigational_therapeutic_unverified,sole investigational candidate identified (CAD106); not yet confirmed via official pipeline,False,,no_match,medium,True,Therapeutic Drug,investigational therapeutic candidate; drug/biological intervention type with no disqualifying evidence found,rule_classification,medium,True
NCT01680588,Efficacy and Safety of the PET Imaging Agent [18F]NAV4694 in Subjects With Probable Alzheimer's Disease,Phase 2,Small Molecule,Amyloid,Unknown,False,,,no_therapeutic_candidate,no drug/biological therapeutic candidate found among this trial's interventions,False,,not_applicable,high,False,Exclude,no drug/biological therapeutic candidate found among this trial's interventions,rule_classification,high,False
NCT01669876,Study to Evaluate Dietary Supplementation With a Version of Anatabloc(R) in Subjects With Alzheimer's Disease,Phase 2,Dietary Supplement,Other,Discontinued,False,Anatabloc(R),anatabloc r,investigational_therapeutic_unverified,sole investigational candidate identified (Anatabloc(R)); not yet confirmed via official pipeline,False,,no_match,medium,True,Non-Drug Intervention,dietary supplement / nutraceutical — excluded from the default therapeutic view unless curated as a genuine investigational program (data/reference/intervention_scope_overrides.csv),rule_type,medium,False
NCT00733863,Safety and Tolerability of Repeated Subcutaneous Injections of CAD106 in Mild Alzheimer's Patients.,Phase 2,Biologic,Amyloid,Completed,False,CAD106,cad106,investigational_therapeutic_unverified,sole investigational candidate identified (CAD106); not yet confirmed via official pipeline,False,,no_match,medium,True,Therapeutic Drug,investigational therapeutic candidate; drug/biological intervention type with no disqualifying evidence found,rule_classification,medium,True
NCT00663026,Study Evaluating Bapineuzumab In Alzheimer Disease Subjects,Phase 2,Biologic,Amyloid,Completed,False,bapineuzumab,bapineuzumab,investigational_therapeutic_unverified,sole investigational candidate identified (bapineuzumab); not yet confirmed via official pipeline,False,,no_match,medium,True,Therapeutic Drug,investigational therapeutic candidate; drug/biological intervention type with no disqualifying evidence found,rule_classification,medium,True
NCT06556966,A Study Assessing the Safety and Tolerability of LY03020 in Chinese Healthy Subjects,Phase 1,Small Molecule,Other,Completed,False,LY03020,ly03020,investigational_therapeutic_unverified,sole investigational candidate identified (LY03020); not yet confirmed via official pipeline,False,,no_match,medium,True,Therapeutic Drug,investigational therapeutic candidate; drug/biological intervention type with no disqualifying evidence found,rule_classification,medium,True
NCT01463384,Minocycline in Patients With Alzheimer's Disease,Phase 2,Small Molecule,Inflammation,Completed,False,Minocycline,minocycline,investigational_therapeutic_unverified,sole investigational candidate identified (Minocycline); not yet confirmed via official pipeline,False,,no_match,medium,True,Therapeutic Drug,investigational therapeutic candidate; drug/biological intervention type with no disqualifying evidence found,rule_classification,medium,True
NCT00593372,Treatment of Language and Memory in Patients With Alzheimer's Disease,Phase 1,Non-Drug/Behavioral,Other,Completed,False,,,no_therapeutic_candidate,no drug/biological therapeutic candidate found among this trial's interventions,False,,not_applicable,high,False,Exclude,no drug/biological therapeutic candidate found among this trial's interventions,rule_classification,high,False
NCT01872598,Masitinib in Patients With Mild to Moderate Alzheimer's Disease,Phase 3,Small Molecule,Other,Completed,False,Masitinib,masitinib,investigational_therapeutic_unverified,sole investigational candidate identified (Masitinib); not yet confirmed via official pipeline,False,,no_match,medium,True,Therapeutic Drug,investigational therapeutic candidate; drug/biological intervention type with no disqualifying evidence found,rule_classification,medium,True
NCT00368459,Raloxifene for Women With Alzheimer's Disease,Phase 2,Small Molecule,Other,Completed,False,raloxifene,raloxifene,investigational_therapeutic_unverified,sole investigational candidate identified (raloxifene); not yet confirmed via official pipeline,False,,no_match,medium,True,Therapeutic Drug,investigational therapeutic candidate; drug/biological intervention type with no disqualifying evidence found,rule_classification,medium,True
NCT00568776,ELND005 in Patients With Mild to Moderate Alzheimer's Disease,Phase 2,Small Molecule,Amyloid,Completed,False,ELND005,elnd005,investigational_therapeutic_unverified,sole investigational candidate identified (ELND005); not yet confirmed via official pipeline,False,,no_match,medium,True,Therapeutic Drug,investigational therapeutic candidate; drug/biological intervention type with no disqualifying evidence found,rule_classification,medium,True
NCT00726726,Drug Interaction Study With a Potential Alzheimer's Disease Compound,Phase 1,Small Molecule,Amyloid,Completed,False,BMS-708163; BMS-708163 + Cooperstown Cocktail,bms 708163 bms 708163 cooperstown cocktail,investigational_therapeutic_unverified,multiple unverified investigational candidates found (BMS-708163; BMS-708163 + Cooperstown Cocktail) — could not resolve to a single drug,False,,multiple_candidates_unresolved,low,True,Needs Review,multiple distinct unverified candidates found in one trial — scope not determined at trial level,rule_classification,low,True
NCT05303701,GV1001 Subcutaneous for the Treatment of Moderate to Severe Alzheimer's Disease(AD),Phase 3,Small Molecule,Neuroprotection,Recruiting,False,GV1001,gv1001,investigational_therapeutic_unverified,sole investigational candidate identified (GV1001); not yet confirmed via official pipeline,False,,no_match,medium,True,Therapeutic Drug,investigational therapeutic candidate; drug/biological intervention type with no disqualifying evidence found,rule_classification,medium,True
NCT01183806,Effects of Exercise and Rivastigmine on Quality of Life of Alzheimer's Disease Patients,Phase 3,Small Molecule,Symptomatic,Completed,False,Rivastigmine,rivastigmine,investigational_therapeutic_unverified,sole investigational candidate identified (Rivastigmine); not yet confirmed via official pipeline,False,,no_match,medium,True,Therapeutic Drug,investigational therapeutic candidate; drug/biological intervention type with no disqualifying evidence found,rule_classification,medium,True
NCT00739037,Study Evaluating PAZ-417 in Cerebrospinal Fluid in Subjects With Alzheimer's Disease,Phase 1,Small Molecule,Other,Discontinued,False,PAZ-417,paz 417,investigational_therapeutic_unverified,sole investigational candidate identified (PAZ-417); not yet confirmed via official pipeline,False,,no_match,medium,True,Therapeutic Drug,investigational therapeutic candidate; drug/biological intervention type with no disqualifying evidence found,rule_classification,medium,True
NCT06870058,A Study of NH280105 in Healthy Adult Participants,Phase 1,Small Molecule,Other,Completed,False,,,no_therapeutic_candidate,"no confirmed or investigational therapeutic candidate found, but this trial has unresolved/uncertain interventions worth a manual look",False,,no_match,low,True,Needs Review,no therapeutic candidate; trial has unresolved/uncertain interventions,rule_classification,low,True
NCT00621647,Seroquel- Agitation Associated With Dementia,Phase 3,Small Molecule,Neuropsychiatric,Completed,False,,,no_therapeutic_candidate,"no confirmed or investigational therapeutic candidate found, but this trial has unresolved/uncertain interventions worth a manual look",False,,no_match,low,True,Needs Review,no therapeutic candidate; trial has unresolved/uncertain interventions,rule_classification,low,True
NCT00000178,Multicenter Trial of Prednisone in Alzheimer's Disease,Phase 3,Small Molecule,Other,Completed,False,Prednisone,prednisone,investigational_therapeutic_unverified,sole investigational candidate identified (Prednisone); not yet confirmed via official pipeline,False,,no_match,medium,True,Therapeutic Drug,investigational therapeutic candidate; drug/biological intervention type with no disqualifying evidence found,rule_classification,medium,True
NCT03625622,Efficacy and Safety of 26-Week Treatment of AR1001 in Patients With Mild to Moderate Alzheimer's Disease,Phase 2,Small Molecule,Neuroprotection,Completed,True,AR1001,ar1001,sponsor_developed_therapeutic,official pipeline record matched (AR1001) but source_url is blank — verify manually,True,,pipeline_record_match_without_source,medium,True,Therapeutic Drug,confirmed or unsourced official sponsor-pipeline match,rule_classification,medium,False
NCT00380302,Activity of AVE1625 in Mild to Moderate Alzheimer's Patients.,Phase 2,Small Molecule,Other,Completed,False,AVE1625,ave1625,investigational_therapeutic_unverified,sole investigational candidate identified (AVE1625); not yet confirmed via official pipeline,False,,no_match,medium,True,Therapeutic Drug,investigational therapeutic candidate; drug/biological intervention type with no disqualifying evidence found,rule_classification,medium,True
NCT02149017,Phase 1 and Phase 2 Clinical Trials of SNUBH-NM-333(18F),Phase 2,Non-Drug/Behavioral,Other,Discontinued,False,,,no_therapeutic_candidate,no drug/biological therapeutic candidate found among this trial's interventions,False,,not_applicable,high,False,Exclude,no drug/biological therapeutic candidate found among this trial's interventions,rule_classification,high,False
NCT00752232,Study Evaluating ACC-001 in Japanese Patients With Mild To Moderate Alzheimer's Disease,Phase 2,Biologic,Amyloid,Completed,False,ACC-001; QS-21,acc 001 qs 21,investigational_therapeutic_unverified,multiple unverified investigational candidates found (ACC-001; QS-21) — could not resolve to a single drug,False,,multiple_candidates_unresolved,low,True,Needs Review,multiple distinct unverified candidates found in one trial — scope not determined at trial level,rule_classification,low,True
NCT00304629,Long-term Safety and Efficacy of Galantamine in Alzheimer's Disease,Phase 3,Small Molecule,Symptomatic,Completed,False,galantamine,galantamine,investigational_therapeutic_unverified,sole investigational candidate identified (galantamine); not yet confirmed via official pipeline,False,,no_match,medium,True,Therapeutic Drug,investigational therapeutic candidate; drug/biological intervention type with no disqualifying evidence found,rule_classification,medium,True
NCT00018382,"Insulin, Neurogenetics and Memory in Alzheimer's Disease",Phase 2,Small Molecule,Metabolism,Completed,False,rosiglitazone,rosiglitazone,investigational_therapeutic_unverified,sole investigational candidate identified (rosiglitazone); not yet confirmed via official pipeline,False,,no_match,medium,True,Therapeutic Drug,investigational therapeutic candidate; drug/biological intervention type with no disqualifying evidence found,rule_classification,medium,True
NCT00911807,Comparative Study to Test Safety and Efficacy of Neurotrophic and Cholinergic Treatment of Alzheimer's Disease,Phase 2,Small Molecule,Neuroprotection,Completed,False,Cerebrolysin + donepezil,cerebrolysin donepezil,investigational_therapeutic_unverified,sole investigational candidate identified (Cerebrolysin + donepezil); not yet confirmed via official pipeline,False,,no_match,medium,True,Therapeutic Drug,investigational therapeutic candidate; drug/biological intervention type with no disqualifying evidence found,rule_classification,medium,True
NCT00017940,Gene Therapy for Alzheimer's Disease Clinical Trial,Phase 1,Cell/Gene Therapy,Other,Completed,False,Human Nerve Growth Factor,human nerve growth factor,investigational_therapeutic_unverified,sole investigational candidate identified (Human Nerve Growth Factor); not yet confirmed via official pipeline,False,,no_match,medium,True,Needs Review,GENETIC intervention type with no clear evidence of gene therapy vs. genetic testing/genotyping,rule_type,low,True
NCT06938763,"Evaluation of the Safety, Tolerability, and Pharmacokinetics of J4 in Healthy Adults",Phase 1,Small Molecule,Other,Recruiting,False,J4,j4,investigational_therapeutic_unverified,sole investigational candidate identified (J4); not yet confirmed via official pipeline,False,,no_match,medium,True,Therapeutic Drug,investigational therapeutic candidate; drug/biological intervention type with no disqualifying evidence found,rule_classification,medium,True
NCT03867253,Testing the Safety and Preliminary Efficacy of the New Drug ORY-2001 in Mild to Moderate Alzheimer's Disease,Phase 2,Small Molecule,Other,Completed,False,,,no_therapeutic_candidate,"no confirmed or investigational therapeutic candidate found, but this trial has unresolved/uncertain interventions worth a manual look",False,,no_match,low,True,Needs Review,no therapeutic candidate; trial has unresolved/uncertain interventions,rule_classification,low,True
NCT03507790,A Study to Evaluate the Safety and Efficacy of CT1812 in Subjects With Mild to Moderate Alzheimer's Disease.,Phase 2,Small Molecule,Amyloid,Completed,False,CT1812,ct1812,investigational_therapeutic_unverified,sole investigational candidate identified (CT1812); not yet confirmed via official pipeline,False,,no_match,medium,True,Therapeutic Drug,investigational therapeutic candidate; drug/biological intervention type with no disqualifying evidence found,rule_classification,medium,True
NCT00191009,Adding Atomoxetine To Standard Medication Treatment In Patients With Alzheimer's Disease,Phase 3,Small Molecule,Other,Completed,False,atomoxetine hydrochloride,atomoxetine hydrochloride,investigational_therapeutic_unverified,sole investigational candidate identified (atomoxetine hydrochloride); not yet confirmed via official pipeline,False,,no_match,medium,True,Therapeutic Drug,investigational therapeutic candidate; drug/biological intervention type with no disqualifying evidence found,rule_classification,medium,True
NCT06511570,"A Study Comparing the Safety, Tolerability, and Pharmacokinetics of Sabirnetug IV and Sabirnetug + rHuPH20 SC in Healthy Participants",Phase 1,Small Molecule,Other,Completed,False,,,no_therapeutic_candidate,"no confirmed or investigational therapeutic candidate found, but this trial has unresolved/uncertain interventions worth a manual look",False,,no_match,low,True,Needs Review,no therapeutic candidate; trial has unresolved/uncertain interventions,rule_classification,low,True
NCT00000172,Evaluation of Galantamine in the Treatment of Alzheimer's Disease,Phase 3,Small Molecule,Symptomatic,Completed,False,Galantamine,galantamine,investigational_therapeutic_unverified,sole investigational candidate identified (Galantamine); not yet confirmed via official pipeline,False,,no_match,medium,True,Therapeutic Drug,investigational therapeutic candidate; drug/biological intervention type with no disqualifying evidence found,rule_classification,medium,True
NCT00955409,"Long Term Extension Study Evaluating Safety, Tolerability and Immunogenicity Of ACC-001 In Subjects With Mild To Moderate Alzheimer's Disease",Phase 2,Biologic,Amyloid,Completed,False,ACC-001(3µg) + QS21; ACC-001(10µg) + QS21; ACC-001(30µg) + QS21,acc 001 3 g qs21 acc 001 10 g qs21 acc 001 30 g qs21,investigational_therapeutic_unverified,multiple unverified investigational candidates found (ACC-001(3µg) + QS21; ACC-001(10µg) + QS21; ACC-001(30µg) + QS21) — could not resolve to a single drug,False,,multiple_candidates_unresolved,low,True,Needs Review,multiple distinct unverified candidates found in one trial — scope not determined at trial level,rule_classification,low,True
NCT00500500,Effect of EGb 761® on Patients With Mild to Moderate Alzheimer's Disease,Phase 2,Small Molecule,Other,Discontinued,False,EGb 761® (Tanakan®),egb 761 tanakan,investigational_therapeutic_unverified,sole investigational candidate identified (EGb 761® (Tanakan®)); not yet confirmed via official pipeline,False,,no_match,medium,True,Therapeutic Drug,investigational therapeutic candidate; drug/biological intervention type with no disqualifying evidence found,rule_classification,medium,True
NCT06412185,Single Dose Escalation Study of CM383 in Healthy Volunteers,Phase 1,Biologic,Other,Unknown,False,CM383,cm383,investigational_therapeutic_unverified,sole investigational candidate identified (CM383); not yet confirmed via official pipeline,False,,no_match,medium,True,Therapeutic Drug,investigational therapeutic candidate; drug/biological intervention type with no disqualifying evidence found,rule_classification,medium,True
NCT06406348,"A Phase 1 Trial to Assess Safety, Tolerability and Pharmacokinetics of ALIA-1758 in Healthy Participants",Phase 1,Small Molecule,Other,Completed,False,ALIA-1758,alia 1758,investigational_therapeutic_unverified,sole investigational candidate identified (ALIA-1758); not yet confirmed via official pipeline,False,,no_match,medium,True,Therapeutic Drug,investigational therapeutic candidate; drug/biological intervention type with no disqualifying evidence found,rule_classification,medium,True
NCT00432081,Effect of Indomethacin on the Progression of Alzheimer's Disease,Phase 3,Small Molecule,Other,Completed,False,indomethacin,indomethacin,investigational_therapeutic_unverified,sole investigational candidate identified (indomethacin); not yet confirmed via official pipeline,False,,no_match,medium,True,Therapeutic Drug,investigational therapeutic candidate; drug/biological intervention type with no disqualifying evidence found,rule_classification,medium,True
NCT06373094,A Single Dose Escalation Study of HHT201 in Healthy Subjects,Phase 1,Small Molecule,Symptomatic,Unknown,False,Donepezil Dihydroxynaphthalate for,donepezil dihydroxynaphthalate for,investigational_therapeutic_unverified,sole investigational candidate identified (Donepezil Dihydroxynaphthalate for); not yet confirmed via official pipeline,False,,no_match,medium,True,Therapeutic Drug,investigational therapeutic candidate; drug/biological intervention type with no disqualifying evidence found,rule_classification,medium,True
NCT06367426,A Phase I Study of DDN-A-0101 in Healthy Volunteers and Elder People,Phase 1,Small Molecule,Other,Unknown,False,,,no_therapeutic_candidate,"no confirmed or investigational therapeutic candidate found, but this trial has unresolved/uncertain interventions worth a manual look",False,,no_match,low,True,Needs Review,no therapeutic candidate; trial has unresolved/uncertain interventions,rule_classification,low,True
NCT00004845,A Multicenter Trial of Rofecoxib and Naproxen in Alzheimer's Disease (NSAID Study),Phase 3,Small Molecule,Inflammation,Completed,False,Naproxen,naproxen,investigational_therapeutic_unverified,sole investigational candidate identified (Naproxen); not yet confirmed via official pipeline,False,,no_match,medium,True,Therapeutic Drug,investigational therapeutic candidate; drug/biological intervention type with no disqualifying evidence found,rule_classification,medium,True
NCT00479557,"Study Evaluating Safety, Tolerability, And Immunogenicity Of ACC-001 In Subjects With Mild To Moderate Alzheimer's Disease",Phase 2,Biologic,Amyloid,Completed,False,ACC-001 + QS-21; ACC-001; QS-21,acc 001 qs 21 acc 001 qs 21,investigational_therapeutic_unverified,multiple unverified investigational candidates found (ACC-001 + QS-21; ACC-001; QS-21) — could not resolve to a single drug,False,,multiple_candidates_unresolved,low,True,Needs Review,multiple distinct unverified candidates found in one trial — scope not determined at trial level,rule_classification,low,True
NCT00151398,Study Evaluating Lecozotan SR in Mild to Moderate Alzheimer's Disease (AD),Phase 2,Small Molecule,Symptomatic,Completed,False,lecozotan SR,lecozotan sr,investigational_therapeutic_unverified,sole investigational candidate identified (lecozotan SR); not yet confirmed via official pipeline,False,,no_match,medium,True,Therapeutic Drug,investigational therapeutic candidate; drug/biological intervention type with no disqualifying evidence found,rule_classification,medium,True
NCT00486044,Evaluating Simvastatin's Potential Role in Therapy,Phase 2,Small Molecule,Metabolism,Completed,False,Simvastatin,simvastatin,investigational_therapeutic_unverified,sole investigational candidate identified (Simvastatin); not yet confirmed via official pipeline,False,,no_match,medium,True,Therapeutic Drug,investigational therapeutic candidate; drug/biological intervention type with no disqualifying evidence found,rule_classification,medium,True
NCT06234436,Plasma Dilution and Infusion to Improve Cognition in Mild Cognitive Impairment (MCI),Phase 1,Biologic,Other,Unknown,False,Plasma exchenge,plasma exchenge,investigational_therapeutic_unverified,sole investigational candidate identified (Plasma exchenge); not yet confirmed via official pipeline,False,,no_match,medium,True,Therapeutic Drug,investigational therapeutic candidate; drug/biological intervention type with no disqualifying evidence found,rule_classification,medium,True
NCT00255086,The Effect of Memantine on Brain Structure and Chemistry in Alzheimer's Disease Patients,Phase 3,Small Molecule,Symptomatic,Completed,False,Memantine,memantine,investigational_therapeutic_unverified,sole investigational candidate identified (Memantine); not yet confirmed via official pipeline,False,,no_match,medium,True,Therapeutic Drug,investigational therapeutic candidate; drug/biological intervention type with no disqualifying evidence found,rule_classification,medium,True
NCT01255046,Study of STA-1 as an Add-on Treatment to Donepezil,Phase 2,Small Molecule,Symptomatic,Unknown,False,STA-1,sta 1,investigational_therapeutic_unverified,sole investigational candidate identified (STA-1); not yet confirmed via official pipeline,False,,no_match,medium,True,Therapeutic Drug,investigational therapeutic candidate; drug/biological intervention type with no disqualifying evidence found,rule_classification,medium,True
NCT00277810,"Study Evaluating the Safety, Tolerability, and Efficacy of Lecozotan SR in Outpatients With Alzheimer's Disease",Phase 3,Small Molecule,Symptomatic,Completed,False,lecozotan SR (SRA-333),lecozotan sr sra 333,investigational_therapeutic_unverified,sole investigational candidate identified (lecozotan SR (SRA-333)); not yet confirmed via official pipeline,False,,no_match,medium,True,Therapeutic Drug,investigational therapeutic candidate; drug/biological intervention type with no disqualifying evidence found,rule_classification,medium,True
NCT06151795,A Study to Evaluate XTR006 in Chinese Volunteers,Phase 1,Non-Drug/Behavioral,Other,Completed,False,XTR006,xtr006,investigational_therapeutic_unverified,sole investigational candidate identified (XTR006); not yet confirmed via official pipeline,False,,no_match,medium,True,Diagnostic Agent,intervention type is DIAGNOSTIC_TEST,rule_type,medium,True
NCT01436188,A Study to Measure CSF Proteins in Elderly Healthy Volunteers and Volunteers With Mild Cognitive Impairment or Alzheimer's Disease,Phase 1,Non-Drug/Behavioral,Other,Completed,False,,,no_therapeutic_candidate,no drug/biological therapeutic candidate found among this trial's interventions,False,,not_applicable,high,False,Exclude,no drug/biological therapeutic candidate found among this trial's interventions,rule_classification,high,False
NCT06127368,"Dose-Escalation Study to Assess the Safety, Tolerability, and Pharmacokinetics From Single Dose of Intramuscular (IM) and Subcutaneous (SC) Donepezil (GB-5001) Injections Versus Donepezil Oral Tablet (Aricept®) in Healthy Male Volunteers",Phase 1,Small Molecule,Symptomatic,Unknown,False,GB-5001A; GB-5001D,gb 5001a gb 5001d,investigational_therapeutic_unverified,multiple unverified investigational candidates found (GB-5001A; GB-5001D) — could not resolve to a single drug,False,,multiple_candidates_unresolved,low,True,Needs Review,multiple distinct unverified candidates found in one trial — scope not determined at trial level,rule_classification,low,True
NCT03184467,Clinical Trial to Evaluate the Efficacy and Safety of GV1001 in Alzheimer Patients,Phase 2,Small Molecule,Neuroprotection,Completed,False,GV1001,gv1001,investigational_therapeutic_unverified,sole investigational candidate identified (GV1001); not yet confirmed via official pipeline,False,,no_match,medium,True,Therapeutic Drug,investigational therapeutic candidate; drug/biological intervention type with no disqualifying evidence found,rule_classification,medium,True
NCT00000179,Agitation in Alzheimer's Disease,Phase 3,Small Molecule,Neuropsychiatric,Completed,False,,,no_therapeutic_candidate,"no confirmed or investigational therapeutic candidate found, but this trial has unresolved/uncertain interventions worth a manual look",False,,no_match,low,True,Needs Review,no therapeutic candidate; trial has unresolved/uncertain interventions,rule_classification,low,True
NCT06014424,Cannabidiol Medication Intervention Trial,Phase 2,Small Molecule,Other,Recruiting,False,CBD,cbd,investigational_therapeutic_unverified,sole investigational candidate identified (CBD); not yet confirmed via official pipeline,False,,no_match,medium,True,Therapeutic Drug,investigational therapeutic candidate; drug/biological intervention type with no disqualifying evidence found,rule_classification,medium,True
NCT00110552,Effects of Sage on Memory and Mental Performance in Alzheimer's Disease Patients,Phase 1,Small Molecule,Other,Completed,False,Salvia officinalis (sage),salvia officinalis sage,investigational_therapeutic_unverified,sole investigational candidate identified (Salvia officinalis (sage)); not yet confirmed via official pipeline,False,,no_match,medium,True,Therapeutic Drug,investigational therapeutic candidate; drug/biological intervention type with no disqualifying evidence found,rule_classification,medium,True
NCT00481520,"Study Evaluating the Safety,Tolerability, PK and PD of SAM-531 in the Subjects With Mild to Moderate Alzheimer's Disease",Phase 2,Small Molecule,Symptomatic,Completed,False,SAM-531,sam 531,investigational_therapeutic_unverified,sole investigational candidate identified (SAM-531); not yet confirmed via official pipeline,False,,no_match,medium,True,Therapeutic Drug,investigational therapeutic candidate; drug/biological intervention type with no disqualifying evidence found,rule_classification,medium,True
NCT00301574,An Efficacy and Safety Study of Galantamine for the Treatment of Patients With Alzheimer's Disease.,Phase 3,Small Molecule,Symptomatic,Completed,False,galantamine,galantamine,investigational_therapeutic_unverified,sole investigational candidate identified (galantamine); not yet confirmed via official pipeline,False,,no_match,medium,True,Therapeutic Drug,investigational therapeutic candidate; drug/biological intervention type with no disqualifying evidence found,rule_classification,medium,True
NCT00916617,Study Evaluating The Long-Term Safety And Efficacy Of Subcutaneous Bapineuzumab,Phase 2,Biologic,Amyloid,Discontinued,False,bapineuzumab,bapineuzumab,investigational_therapeutic_unverified,sole investigational candidate identified (bapineuzumab); not yet confirmed via official pipeline,False,,no_match,medium,True,Therapeutic Drug,investigational therapeutic candidate; drug/biological intervention type with no disqualifying evidence found,rule_classification,medium,True
NCT00630851,A Study of the Efficacy and Safety of Aricept in Patients With Severe Alzheimer's Disease Who Are Living in Skilled Nursing Homes,Phase 3,Small Molecule,Symptomatic,Completed,False,Donepezil (Aricept),donepezil aricept,investigational_therapeutic_unverified,sole investigational candidate identified (Donepezil (Aricept)); not yet confirmed via official pipeline,False,,no_match,medium,True,Therapeutic Drug,investigational therapeutic candidate; drug/biological intervention type with no disqualifying evidence found,rule_classification,medium,True
NCT05880849,Choline Effects - Pre-symptomatic AD,Phase 1,Small Molecule,Other,Completed,False,Choline,choline,investigational_therapeutic_unverified,sole investigational candidate identified (Choline); not yet confirmed via official pipeline,False,,no_match,medium,True,Therapeutic Drug,investigational therapeutic candidate; drug/biological intervention type with no disqualifying evidence found,rule_classification,medium,True
NCT00506415,"Comparative Efficacy, Safety, and Tolerability of Rivastigmine 10 and 15 cm^2 Patch in Patients With Alzheimer's Disease (AD) Showing Cognitive Decline",Phase 3,Small Molecule,Symptomatic,Completed,False,,,no_therapeutic_candidate,"no confirmed or investigational therapeutic candidate found, but this trial has unresolved/uncertain interventions worth a manual look",False,,no_match,low,True,Needs Review,no therapeutic candidate; trial has unresolved/uncertain interventions,rule_classification,low,True
NCT05806177,"Safety, Tolerability and Pharmacokinetics of AD16 Tablets After MAD in Healthy Chinese Adult Subjects",Phase 1,Small Molecule,Other,Completed,False,AD16,ad16,investigational_therapeutic_unverified,sole investigational candidate identified (AD16); not yet confirmed via official pipeline,False,,no_match,medium,True,Therapeutic Drug,investigational therapeutic candidate; drug/biological intervention type with no disqualifying evidence found,rule_classification,medium,True
NCT05787041,The Effect of High Fat Diet on the Pharmacokinetics of AD16 Tablets in Healthy Chinese Adult Subjects,Phase 1,Non-Drug/Behavioral,Other,Completed,False,,,no_therapeutic_candidate,"no confirmed or investigational therapeutic candidate found, but this trial has unresolved/uncertain interventions worth a manual look",False,,no_match,low,True,Needs Review,no therapeutic candidate; trial has unresolved/uncertain interventions,rule_classification,low,True
NCT05728736,Acute Effect of Lemborexant on CSF Amyloid-Beta and Tau,Phase 2,Small Molecule,Neuropsychiatric,Discontinued,False,Lemborexant,lemborexant,investigational_therapeutic_unverified,sole investigational candidate identified (Lemborexant); not yet confirmed via official pipeline,False,,no_match,medium,True,Therapeutic Drug,investigational therapeutic candidate; drug/biological intervention type with no disqualifying evidence found,rule_classification,medium,True
NCT05696483,Phase 1 Study of OLX-07010 in Healthy Adult and Elderly Participants,Phase 1,Small Molecule,Other,Active,False,OLX-07010 Active,olx 07010 active,investigational_therapeutic_unverified,sole investigational candidate identified (OLX-07010 Active); not yet confirmed via official pipeline,False,,no_match,medium,True,Therapeutic Drug,investigational therapeutic candidate; drug/biological intervention type with no disqualifying evidence found,rule_classification,medium,True
NCT03298672,"Safety, Tolerability, and Pharmacokinetics Study of NDX-1017",Phase 1,Small Molecule,Other,Completed,False,NDX-1017,ndx 1017,investigational_therapeutic_unverified,sole investigational candidate identified (NDX-1017); not yet confirmed via official pipeline,False,,no_match,medium,True,Therapeutic Drug,investigational therapeutic candidate; drug/biological intervention type with no disqualifying evidence found,rule_classification,medium,True
NCT05641688,[18F]PI-2620 Phase 3 Histopathological Study,Phase 3,Small Molecule,Tau,Recruiting,False,,,no_therapeutic_candidate,no drug/biological therapeutic candidate found among this trial's interventions,False,,not_applicable,high,False,Exclude,no drug/biological therapeutic candidate found among this trial's interventions,rule_classification,high,False
NCT05628636,AC-OLE-01-VA Tolerability Study in Healthy Participants Under Different Dosing Conditions,Phase 1,Small Molecule,Other,Completed,False,AC-OLE-01-VA,ac ole 01 va,investigational_therapeutic_unverified,sole investigational candidate identified (AC-OLE-01-VA); not yet confirmed via official pipeline,False,,no_match,medium,True,Therapeutic Drug,investigational therapeutic candidate; drug/biological intervention type with no disqualifying evidence found,rule_classification,medium,True
NCT00006187,The Safety and Efficacy of an Investigational Drug in Delaying the Progression of Alzheimer's Disease,Phase 3,Small Molecule,Other,Discontinued,False,Investigational drug,investigational drug,investigational_therapeutic_unverified,sole investigational candidate identified (Investigational drug); not yet confirmed via official pipeline,False,,no_match,medium,True,Therapeutic Drug,investigational therapeutic candidate; drug/biological intervention type with no disqualifying evidence found,rule_classification,medium,True
NCT05525780,"Dose-Escalation Study to Assess the Safety, Tolerability, and Pharmacokinetics of Donepezil From Single Dose of GB-5001 IM Depot and Aricept® Oral Tablets in Healthy Male Volunteers",Phase 1,Small Molecule,Symptomatic,Completed,False,GB-5001,gb 5001,investigational_therapeutic_unverified,sole investigational candidate identified (GB-5001); not yet confirmed via official pipeline,False,,no_match,medium,True,Therapeutic Drug,investigational therapeutic candidate; drug/biological intervention type with no disqualifying evidence found,rule_classification,medium,True
NCT00605046,Evaluation of [123I] AV151 and SPECT in Subjects w/ AD in Comparison to Healthy Subjects,Phase 1,Small Molecule,Other,Discontinued,False,,,no_therapeutic_candidate,no drug/biological therapeutic candidate found among this trial's interventions,False,,not_applicable,high,False,Exclude,no drug/biological therapeutic candidate found among this trial's interventions,rule_classification,high,False
NCT04798989,A Study of the Effects of CY6463 in Participants With Alzheimer's Disease With Vascular Pathology,Phase 2,Small Molecule,Other,Discontinued,False,CY6463,cy6463,investigational_therapeutic_unverified,sole investigational candidate identified (CY6463); not yet confirmed via official pipeline,False,,no_match,medium,True,Therapeutic Drug,investigational therapeutic candidate; drug/biological intervention type with no disqualifying evidence found,rule_classification,medium,True
NCT05408780,"A Phase 1, Two-part, Randomized Study to Evaluate the Pharmacokinetics, Safety, and Tolerability of a Liquid Formulation of Tricaprilin and Matching Placebo in Healthy Subjects",Phase 1,Small Molecule,Metabolism,Completed,False,AC-OLE-01-VA,ac ole 01 va,investigational_therapeutic_unverified,sole investigational candidate identified (AC-OLE-01-VA); not yet confirmed via official pipeline,False,,no_match,medium,True,Therapeutic Drug,investigational therapeutic candidate; drug/biological intervention type with no disqualifying evidence found,rule_classification,medium,True
NCT00766363,"Safety, Tolerability, and Pharmacokinetic Study of EVP-6124 in Patients With Alzheimer's Disease",Phase 1,Small Molecule,Symptomatic,Completed,False,EVP-6124,evp 6124,investigational_therapeutic_unverified,sole investigational candidate identified (EVP-6124); not yet confirmed via official pipeline,False,,no_match,medium,True,Therapeutic Drug,investigational therapeutic candidate; drug/biological intervention type with no disqualifying evidence found,rule_classification,medium,True
NCT05345509,A Clinical Trial to Access Pharmacokinetic Profiles and Safety of IVL3003.,Phase 2,Small Molecule,Symptomatic,Active,False,IVL3003,ivl3003,investigational_therapeutic_unverified,sole investigational candidate identified (IVL3003); not yet confirmed via official pipeline,False,,no_match,medium,True,Therapeutic Drug,investigational therapeutic candidate; drug/biological intervention type with no disqualifying evidence found,rule_classification,medium,True
NCT02164643,Longitudinal Study of Brain Amyloid imaGing in MEMENTO,Phase 3,Small Molecule,Amyloid,Completed,False,,,no_therapeutic_candidate,no drug/biological therapeutic candidate found among this trial's interventions,False,,not_applicable,high,False,Exclude,no drug/biological therapeutic candidate found among this trial's interventions,rule_classification,high,False
NCT01209156,Evaluation of [18F] PBR111 and PET as a Marker of Inflammation in Subjects With Neurological Conditions,Phase 1,Small Molecule,Inflammation,Completed,False,[18F] PBR111,18f pbr111,investigational_therapeutic_unverified,sole investigational candidate identified ([18F] PBR111); not yet confirmed via official pipeline,False,,no_match,medium,True,Therapeutic Drug,investigational therapeutic candidate; drug/biological intervention type with no disqualifying evidence found,rule_classification,medium,True
NCT05248672,Study to Assess the Pharmacokinetics of CT1812 in Older Healthy Volunteers,Phase 1,Small Molecule,Amyloid,Completed,False,CT1812,ct1812,investigational_therapeutic_unverified,sole investigational candidate identified (CT1812); not yet confirmed via official pipeline,False,,no_match,medium,True,Therapeutic Drug,investigational therapeutic candidate; drug/biological intervention type with no disqualifying evidence found,rule_classification,medium,True
NCT05227820,Insulin-Sensitizing Anti-Inflammatory Small Molecule for Investigative Treatment of Dementia,Phase 2,Small Molecule,Inflammation,Completed,False,NE3107,ne3107,investigational_therapeutic_unverified,sole investigational candidate identified (NE3107); not yet confirmed via official pipeline,False,,no_match,medium,True,Therapeutic Drug,investigational therapeutic candidate; drug/biological intervention type with no disqualifying evidence found,rule_classification,medium,True
NCT05225389,"Study to Assess the Absorption, Metabolism, Excretion, and Mass Balance of CT1812 in Healthy Adult Male Subjects",Phase 1,Small Molecule,Amyloid,Completed,False,300 mg [C14] CT1812,300 mg c14 ct1812,investigational_therapeutic_unverified,sole investigational candidate identified (300 mg [C14] CT1812); not yet confirmed via official pipeline,False,,no_match,medium,True,Therapeutic Drug,investigational therapeutic candidate; drug/biological intervention type with no disqualifying evidence found,rule_classification,medium,True
NCT01594346,Multicenter Vitamin E Trial in Aging Persons With Down Syndrome,Phase 3,Small Molecule,Other,Completed,False,,,no_therapeutic_candidate,"no confirmed or investigational therapeutic candidate found, but this trial has unresolved/uncertain interventions worth a manual look",False,,no_match,low,True,Needs Review,no therapeutic candidate; trial has unresolved/uncertain interventions,rule_classification,low,True
NCT05164536,Plasma P-tau2017 and Quantitative Amyloid PET Imaging,Phase 1,Small Molecule,Amyloid,Completed,False,,,no_therapeutic_candidate,no drug/biological therapeutic candidate found among this trial's interventions,False,,not_applicable,high,False,Exclude,no drug/biological therapeutic candidate found among this trial's interventions,rule_classification,high,False
NCT05189210,GV1001 Subcutaneous(SC) for the Treatment of Mild to Moderate Alzheimer's Disease (AD),Phase 2,Small Molecule,Neuroprotection,Completed,False,GV1001,gv1001,investigational_therapeutic_unverified,sole investigational candidate identified (GV1001); not yet confirmed via official pipeline,False,,no_match,medium,True,Therapeutic Drug,investigational therapeutic candidate; drug/biological intervention type with no disqualifying evidence found,rule_classification,medium,True
NCT05542953,[18F]APN-1607 PET in Subjects With AD Compared to HC,Phase 3,Small Molecule,Tau,Completed,False,,,no_therapeutic_candidate,no drug/biological therapeutic candidate found among this trial's interventions,False,,not_applicable,high,False,Exclude,no drug/biological therapeutic candidate found among this trial's interventions,rule_classification,high,False
NCT01020838,Phase III Study of Florbetaben (BAY94-9172) PET Imaging for Detection/Exclusion of Cerebral β-amyloid Compared to Histopathology,Phase 3,Small Molecule,Amyloid,Completed,False,,,no_therapeutic_candidate,no drug/biological therapeutic candidate found among this trial's interventions,False,,not_applicable,high,False,Exclude,no drug/biological therapeutic candidate found among this trial's interventions,rule_classification,high,False
NCT01217021,Safety and Efficacy of Positron Emission Tomography (PET) Imaging With MNI-558,Phase 1,Small Molecule,Other,Completed,False,[18F] MNI-558,18f mni 558,investigational_therapeutic_unverified,sole investigational candidate identified ([18F] MNI-558); not yet confirmed via official pipeline,False,,no_match,medium,True,Therapeutic Drug,investigational therapeutic candidate; drug/biological intervention type with no disqualifying evidence found,rule_classification,medium,True
NCT00556660,Evaluation of [123I] AV51 and SPECT as a Marker of Beta-amyloid Protein Deposition in Subjects With Alzheimer Disease in Comparison to Healthy Subjects,Phase 1,Small Molecule,Amyloid,Completed,False,[123I] AV-151,123i av 151,investigational_therapeutic_unverified,sole investigational candidate identified ([123I] AV-151); not yet confirmed via official pipeline,False,,no_match,medium,True,Therapeutic Drug,investigational therapeutic candidate; drug/biological intervention type with no disqualifying evidence found,rule_classification,medium,True
NCT01325259,FluoroAv45 Imaging Research-in Alzheimer's Disease,Phase 2,Non-Drug/Behavioral,Amyloid,Completed,False,neuropsychologic assessment,neuropsychologic assessment,investigational_therapeutic_unverified,sole investigational candidate identified (neuropsychologic assessment); not yet confirmed via official pipeline,False,,no_match,medium,True,Therapeutic Drug,investigational therapeutic candidate; drug/biological intervention type with no disqualifying evidence found,rule_classification,medium,True
NCT05028114,Tricaprilin Liquid Formulation PK Study,Phase 1,Small Molecule,Metabolism,Discontinued,False,AC-1202,ac 1202,investigational_therapeutic_unverified,sole investigational candidate identified (AC-1202); not yet confirmed via official pipeline,False,,no_match,medium,True,Therapeutic Drug,investigational therapeutic candidate; drug/biological intervention type with no disqualifying evidence found,rule_classification,medium,True
NCT00657813,Evaluation of [123I] MNI-330 and SPECT as a Marker of Beta-amyloid Protein Deposition,Phase 1,Small Molecule,Amyloid,Discontinued,False,,,no_therapeutic_candidate,no drug/biological therapeutic candidate found among this trial's interventions,False,,not_applicable,high,False,Exclude,no drug/biological therapeutic candidate found among this trial's interventions,rule_classification,high,False
NCT00000177,Estrogen Hormone Protocol,Phase 3,Small Molecule,Neuroprotection,Completed,False,Estrogen,estrogen,investigational_therapeutic_unverified,sole investigational candidate identified (Estrogen); not yet confirmed via official pipeline,False,,no_match,medium,True,Therapeutic Drug,investigational therapeutic candidate; drug/biological intervention type with no disqualifying evidence found,rule_classification,medium,True
NCT01600469,NMDA-enhancing Agent for Treatment of Mild Cognitive Impairment and Mild Alzheimer's Disease,Phase 2,Small Molecule,Symptomatic,Completed,False,DAOI-B,daoi b,investigational_therapeutic_unverified,sole investigational candidate identified (DAOI-B); not yet confirmed via official pipeline,False,,no_match,medium,True,Therapeutic Drug,investigational therapeutic candidate; drug/biological intervention type with no disqualifying evidence found,rule_classification,medium,True
NCT05468073,Therapeutic Evaluation of Low-dose IL-2-based Immunomodulatory Approach in Patients With Early AD,Phase 2,Small Molecule,Other,Active,False,Proleukin,proleukin,investigational_therapeutic_unverified,sole investigational candidate identified (Proleukin); not yet confirmed via official pipeline,False,,no_match,medium,True,Therapeutic Drug,investigational therapeutic candidate; drug/biological intervention type with no disqualifying evidence found,rule_classification,medium,True
NCT01320527,A Clinical Trial of a Vitamin/Nutriceutical Formulation for Alzheimer's Disease,Phase 2,Dietary Supplement,Other,Completed,False,Nutriceutical formulation,nutriceutical formulation,investigational_therapeutic_unverified,sole investigational candidate identified (Nutriceutical formulation); not yet confirmed via official pipeline,False,,no_match,medium,True,Non-Drug Intervention,dietary supplement / nutraceutical — excluded from the default therapeutic view unless curated as a genuine investigational program (data/reference/intervention_scope_overrides.csv),rule_type,medium,False
NCT07459959,"LiO-AD: Lithium Orotate in Alzheimers Disease Feasibility, Biomarker Engagement, and Clinical Response",Phase 2,Small Molecule,Other,Recruiting,False,Lithium orotate,lithium orotate,investigational_therapeutic_unverified,sole investigational candidate identified (Lithium orotate); not yet confirmed via official pipeline,False,,no_match,medium,True,Therapeutic Drug,investigational therapeutic candidate; drug/biological intervention type with no disqualifying evidence found,rule_classification,medium,True
NCT01000870,Safety and Efficacy of Positron Emission Tomography Imaging With MNI-513,Phase 1,Small Molecule,Other,Discontinued,False,MNI-513-01,mni 513 01,investigational_therapeutic_unverified,sole investigational candidate identified (MNI-513-01); not yet confirmed via official pipeline,False,,no_match,medium,True,Therapeutic Drug,investigational therapeutic candidate; drug/biological intervention type with no disqualifying evidence found,rule_classification,medium,True
NCT04805983,"Evaluating the Safety, Tolerability, Pharmacokinetics and Receptor Occupancy of BMS-984923",Phase 1,Small Molecule,Amyloid,Completed,False,BMS-984923,bms 984923,investigational_therapeutic_unverified,sole investigational candidate identified (BMS-984923); not yet confirmed via official pipeline,False,,no_match,medium,True,Therapeutic Drug,investigational therapeutic candidate; drug/biological intervention type with no disqualifying evidence found,rule_classification,medium,True
NCT04745104,A Trial of SHR-1707 in Healthy Young Adult and Elderly Subjects,Phase 1,Small Molecule,Amyloid,Completed,False,SHR-1707,shr 1707,investigational_therapeutic_unverified,sole investigational candidate identified (SHR-1707); not yet confirmed via official pipeline,False,,no_match,medium,True,Therapeutic Drug,investigational therapeutic candidate; drug/biological intervention type with no disqualifying evidence found,rule_classification,medium,True
NCT04672135,"A Phase 1 (First in Human) Randomized, Double-blind, Placebo-controlled SAD, MAD Study With Oral REM0046127",Phase 1,Small Molecule,Other,Completed,False,REM0046127,rem0046127,investigational_therapeutic_unverified,sole investigational candidate identified (REM0046127); not yet confirmed via official pipeline,False,,no_match,medium,True,Therapeutic Drug,investigational therapeutic candidate; drug/biological intervention type with no disqualifying evidence found,rule_classification,medium,True
NCT04730635,Cognition Platform Study in Participants at Risk for Alzheimer's Disease (AD) (MK-0000-413),Phase 1,Small Molecule,Symptomatic,Completed,False,Donepezil,donepezil,investigational_therapeutic_unverified,sole investigational candidate identified (Donepezil); not yet confirmed via official pipeline,False,,no_match,medium,True,Therapeutic Drug,investigational therapeutic candidate; drug/biological intervention type with no disqualifying evidence found,rule_classification,medium,True
NCT02573740,"Safety, Tolerability and the Effects on Cerebrospinal Fluid Spectrin Breakdown Product-145 Levels of ABT-957 in Subjects With Mild Alzheimer's Disease and Mild Cognitive Impairment",Phase 1,Small Molecule,Other,Discontinued,False,ABT-957,abt 957,investigational_therapeutic_unverified,sole investigational candidate identified (ABT-957); not yet confirmed via official pipeline,False,,no_match,medium,True,Therapeutic Drug,investigational therapeutic candidate; drug/biological intervention type with no disqualifying evidence found,rule_classification,medium,True
NCT00000173,Memory Impairment Study (Mild Cognitive Impairment Study),Phase 3,Small Molecule,Symptomatic,Completed,False,Vitamin E,vitamin e,investigational_therapeutic_unverified,sole investigational candidate identified (Vitamin E); not yet confirmed via official pipeline,False,,no_match,medium,True,Therapeutic Drug,investigational therapeutic candidate; drug/biological intervention type with no disqualifying evidence found,rule_classification,medium,True
NCT02702817,Randomized Trial of Low-dose Naproxen in Cognitively Intact Persons at Risk of Alzheimer's Dementia,Phase 2,Small Molecule,Inflammation,Completed,False,Naproxen,naproxen,investigational_therapeutic_unverified,sole investigational candidate identified (Naproxen); not yet confirmed via official pipeline,False,,no_match,medium,True,Therapeutic Drug,investigational therapeutic candidate; drug/biological intervention type with no disqualifying evidence found,rule_classification,medium,True
NCT00366483,Study Evaluating the Safety of Lecozotan SR in Healthy Young and Elderly Subjects,Phase 1,Small Molecule,Symptomatic,Completed,False,Lecozotan SR,lecozotan sr,investigational_therapeutic_unverified,sole investigational candidate identified (Lecozotan SR); not yet confirmed via official pipeline,False,,no_match,medium,True,Therapeutic Drug,investigational therapeutic candidate; drug/biological intervention type with no disqualifying evidence found,rule_classification,medium,True
NCT04585347,Single Dose Study of ALZ-801 Prototype Tablets,Phase 1,Small Molecule,Amyloid,Completed,False,ALZ-801,alz 801,investigational_therapeutic_unverified,sole investigational candidate identified (ALZ-801); not yet confirmed via official pipeline,False,,no_match,medium,True,Therapeutic Drug,investigational therapeutic candidate; drug/biological intervention type with no disqualifying evidence found,rule_classification,medium,True
NCT04489303,Virtual Patient Behavioral Response Training for Family Caregivers,Phase 2,Non-Drug/Behavioral,Other,Completed,False,,,no_therapeutic_candidate,no drug/biological therapeutic candidate found among this trial's interventions,False,,not_applicable,high,False,Exclude,no drug/biological therapeutic candidate found among this trial's interventions,rule_classification,high,False
NCT04474405,Exploratory Evaluation of Flortaucipir Injection in Healthy Volunteers and Cognitively Impaired Subjects,Phase 1,Small Molecule,Amyloid,Completed,False,,,no_therapeutic_candidate,no drug/biological therapeutic candidate found among this trial's interventions,False,,not_applicable,high,False,Exclude,no drug/biological therapeutic candidate found among this trial's interventions,rule_classification,high,False
NCT01404169,"A 24-weeks, Multi-center, Randomized, Double-blind, Placebo Controlled Study to Evaluate the Efficacy and Safety of Donepezil Hydrochloride in Chinese Subjects With Severe Alzheimer's Disease",Phase 3,Small Molecule,Symptomatic,Completed,False,E2020,e2020,investigational_therapeutic_unverified,sole investigational candidate identified (E2020); not yet confirmed via official pipeline,False,,no_match,medium,True,Therapeutic Drug,investigational therapeutic candidate; drug/biological intervention type with no disqualifying evidence found,rule_classification,medium,True
NCT04394845,A Study of the Biodistribution and Safety of [18F]GTP1 in Healthy Japanese Participants,Phase 1,Non-Drug/Behavioral,Tau,Completed,False,,,no_therapeutic_candidate,no drug/biological therapeutic candidate found among this trial's interventions,False,,not_applicable,high,False,Exclude,no drug/biological therapeutic candidate found among this trial's interventions,rule_classification,high,False
NCT04268953,Study to Compare the Pharmacokinetics of Daily Administration of Tricaprilin on Ketone Body Production,Phase 1,Small Molecule,Metabolism,Completed,False,Tricaprilin,tricaprilin,investigational_therapeutic_unverified,sole investigational candidate identified (Tricaprilin); not yet confirmed via official pipeline,False,,no_match,medium,True,Therapeutic Drug,investigational therapeutic candidate; drug/biological intervention type with no disqualifying evidence found,rule_classification,medium,True
NCT04157712,Multiple Ascending Dose Study of ALZ-801,Phase 1,Small Molecule,Amyloid,Completed,False,,,no_therapeutic_candidate,no drug/biological therapeutic candidate found among this trial's interventions,False,,not_applicable,high,False,Exclude,no drug/biological therapeutic candidate found among this trial's interventions,rule_classification,high,False
NCT04074837,"Phase1a, Dose-escalation Study of NNI-362 in Healthy Aged Volunteers",Phase 1,Small Molecule,Other,Completed,False,NNI-362,nni 362,investigational_therapeutic_unverified,sole investigational candidate identified (NNI-362); not yet confirmed via official pipeline,False,,no_match,medium,True,Therapeutic Drug,investigational therapeutic candidate; drug/biological intervention type with no disqualifying evidence found,rule_classification,medium,True
NCT03971123,Study to Compare the Pharmacokinetics of Tricaprilin Formulations and a Placebo on Ketone Body Production,Phase 1,Small Molecule,Metabolism,Completed,False,Tricaprilin,tricaprilin,investigational_therapeutic_unverified,sole investigational candidate identified (Tricaprilin); not yet confirmed via official pipeline,False,,no_match,medium,True,Therapeutic Drug,investigational therapeutic candidate; drug/biological intervention type with no disqualifying evidence found,rule_classification,medium,True
NCT00099242,Efficacy and Safety of the Rivastigmine Transdermal Patch in Patients With Probable Alzheimer's Disease,Phase 3,Small Molecule,Symptomatic,Completed,False,rivastigmine patch,rivastigmine patch,investigational_therapeutic_unverified,sole investigational candidate identified (rivastigmine patch); not yet confirmed via official pipeline,False,,no_match,medium,True,Therapeutic Drug,investigational therapeutic candidate; drug/biological intervention type with no disqualifying evidence found,rule_classification,medium,True
NCT01539031,Compare the Efficacy and Safety of Donepezil Hydrochloride 23 mg Treatment With Continuation of Donepezil Hydrochloride 10 mg Treatment in Japanese Subjects With Severe Alzheimer's Disease,Phase 3,Small Molecule,Symptomatic,Completed,False,E2020,e2020,investigational_therapeutic_unverified,sole investigational candidate identified (E2020); not yet confirmed via official pipeline,False,,no_match,medium,True,Therapeutic Drug,investigational therapeutic candidate; drug/biological intervention type with no disqualifying evidence found,rule_classification,medium,True
NCT03901092,A Reader Study to Assess Accuracy and Reliability of Flortaucipir F 18 Positron Emission Tomography (PET) Scan Interpretation,Phase 3,Small Molecule,Tau,Completed,False,,,no_therapeutic_candidate,no drug/biological therapeutic candidate found among this trial's interventions,False,,not_applicable,high,False,Exclude,no drug/biological therapeutic candidate found among this trial's interventions,rule_classification,high,False
NCT00719394,Study Evaluating Safety of GSI 136 in Young and Elderly Japanese Males,Phase 1,Small Molecule,Other,Completed,False,GSI 136,gsi 136,investigational_therapeutic_unverified,sole investigational candidate identified (GSI 136); not yet confirmed via official pipeline,False,,no_match,medium,True,Therapeutic Drug,investigational therapeutic candidate; drug/biological intervention type with no disqualifying evidence found,rule_classification,medium,True
NCT00718731,Study GSI-136 in Healthy Young and Healthy Elderly Subjects,Phase 1,Small Molecule,Other,Completed,False,GSI-136,gsi 136,investigational_therapeutic_unverified,sole investigational candidate identified (GSI-136); not yet confirmed via official pipeline,False,,no_match,medium,True,Therapeutic Drug,investigational therapeutic candidate; drug/biological intervention type with no disqualifying evidence found,rule_classification,medium,True
NCT00684710,"Study Evaluating the Safety, Tolerability and Activity of One Dose of PAZ-417 Given to Healthy Japanese Subjects",Phase 1,Small Molecule,Other,Completed,False,PAZ-417,paz 417,investigational_therapeutic_unverified,sole investigational candidate identified (PAZ-417); not yet confirmed via official pipeline,False,,no_match,medium,True,Therapeutic Drug,investigational therapeutic candidate; drug/biological intervention type with no disqualifying evidence found,rule_classification,medium,True
NCT03691519,Prevention of Cognitive Decline in Older Adults With Low Dha/Epa Index in Red Blood Cells,Phase 3,Small Molecule,Other,Completed,False,Omega-3 treatment,omega 3 treatment,investigational_therapeutic_unverified,sole investigational candidate identified (Omega-3 treatment); not yet confirmed via official pipeline,False,,no_match,medium,True,Therapeutic Drug,investigational therapeutic candidate; drug/biological intervention type with no disqualifying evidence found,rule_classification,medium,True
NCT03635879,Medical Food Formulation Pharmacokinetic (PK) Study in Medium Chain Triglycerides,Phase 1,Small Molecule,Metabolism,Discontinued,False,Milk/tricaprilin oil blend; AC-1207; AC-1205; AC-1206; AC-1202,milk tricaprilin oil blend ac 1207 ac 1205 ac 1206 ac 1202,investigational_therapeutic_unverified,multiple unverified investigational candidates found (Milk/tricaprilin oil blend; AC-1207; AC-1205; AC-1206; AC-1202) — could not resolve to a single drug,False,,multiple_candidates_unresolved,low,True,Needs Review,multiple distinct unverified candidates found in one trial — scope not determined at trial level,rule_classification,low,True
NCT03784300,A Safety Study of PTI-125 in Healthy Volunteers,Phase 1,Small Molecule,Other,Completed,False,,,no_therapeutic_candidate,"no confirmed or investigational therapeutic candidate found, but this trial has unresolved/uncertain interventions worth a manual look",False,,no_match,low,True,Needs Review,no therapeutic candidate; trial has unresolved/uncertain interventions,rule_classification,low,True
NCT03587376,Characterization of T-Cell Response in Participants Previously Treated With JNJ-54861911 (Atabecestat),Phase 1,Small Molecule,Amyloid,Completed,False,Atabecestat,atabecestat,investigational_therapeutic_unverified,sole investigational candidate identified (Atabecestat); not yet confirmed via official pipeline,False,,no_match,medium,True,Therapeutic Drug,investigational therapeutic candidate; drug/biological intervention type with no disqualifying evidence found,rule_classification,medium,True
NCT03551769,Pharmacokinetics of Tricaprilin Including Food Effect on Ketone Body Production,Phase 1,Small Molecule,Metabolism,Completed,False,tricaprilin,tricaprilin,investigational_therapeutic_unverified,sole investigational candidate identified (tricaprilin); not yet confirmed via official pipeline,False,,no_match,medium,True,Therapeutic Drug,investigational therapeutic candidate; drug/biological intervention type with no disqualifying evidence found,rule_classification,medium,True
NCT05040217,A Clinical Trial of AAV2-BDNF Gene Therapy in Early Alzheimer's Disease and Mild Cognitive Impairment,Phase 1,Cell/Gene Therapy,Neuroprotection,Active,False,,,no_therapeutic_candidate,"no confirmed or investigational therapeutic candidate found, but this trial has unresolved/uncertain interventions worth a manual look",False,,no_match,low,True,Needs Review,no therapeutic candidate; trial has unresolved/uncertain interventions,rule_classification,low,True
NCT03467477,Tau Screening Study in Subjects With Early Symptomatic AD,Phase 2,Small Molecule,Tau,Completed,False,,,no_therapeutic_candidate,no drug/biological therapeutic candidate found among this trial's interventions,False,,not_applicable,high,False,Exclude,no drug/biological therapeutic candidate found among this trial's interventions,rule_classification,high,False
NCT03322462,Tau Screening Study in Patients With Early Symptomatic AD,Phase 2,Small Molecule,Tau,Completed,False,,,no_therapeutic_candidate,no drug/biological therapeutic candidate found among this trial's interventions,False,,not_applicable,high,False,Exclude,no drug/biological therapeutic candidate found among this trial's interventions,rule_classification,high,False
NCT03089918,A Study to Investigate the Regional Brain Kinetics of Brain Drug Transporters Using P-glycoprotein and Breast Cancer Resistance Protein Substrates and by Using the Positron Emission Tomography Ligand 11C-JNJ-63779586 in the Human Brain,Phase 1,Small Molecule,Other,Completed,False,11C-JNJ-63779586,11c jnj 63779586,investigational_therapeutic_unverified,sole investigational candidate identified (11C-JNJ-63779586); not yet confirmed via official pipeline,False,,no_match,medium,True,Therapeutic Drug,investigational therapeutic candidate; drug/biological intervention type with no disqualifying evidence found,rule_classification,medium,True
NCT07457125,The Effect of CB-Exo-A600 in Mild to Moderate Alzheimer's Disease,Phase 2,Cell/Gene Therapy,Other,Recruiting,False,Exosomes derived from umbilical cord mesenchymal stem cell for intranasal drop,exosomes derived from umbilical cord mesenchymal stem cell for intranasal drop,investigational_therapeutic_unverified,sole investigational candidate identified (Exosomes derived from umbilical cord mesenchymal stem cell for intranasal drop); not yet confirmed via official pipeline,False,,no_match,medium,True,Therapeutic Drug,investigational therapeutic candidate; drug/biological intervention type with no disqualifying evidence found,rule_classification,medium,True
NCT02968719,"A Phase 1, Corplex™ Donepezil Transdermal System Compared to Oral Aricept®",Phase 1,Small Molecule,Symptomatic,Completed,False,,,no_therapeutic_candidate,"no confirmed or investigational therapeutic candidate found, but this trial has unresolved/uncertain interventions worth a manual look",False,,no_match,low,True,Needs Review,no therapeutic candidate; trial has unresolved/uncertain interventions,rule_classification,low,True
NCT01099332,Trial of Novel Oral Zinc Cysteine Preparation in Alzheimer's Disease,Phase 2,Non-Drug/Behavioral,Other,Unknown,False,,,no_therapeutic_candidate,"no confirmed or investigational therapeutic candidate found, but this trial has unresolved/uncertain interventions worth a manual look",False,,no_match,low,True,Needs Review,no therapeutic candidate; trial has unresolved/uncertain interventions,rule_classification,low,True
NCT01035164,Evaluation of ZK 6032924 in Probable Alzheimer's Disease Patients Versus Healthy Volunteers and the Radiation Dosimetry of ZK 6032924 in Healthy Volunteers,Phase 1,Small Molecule,Inflammation,Completed,False,F-18 FEDAA1106 (BAY85-8101),f 18 fedaa1106 bay85 8101,investigational_therapeutic_unverified,sole investigational candidate identified (F-18 FEDAA1106 (BAY85-8101)); not yet confirmed via official pipeline,False,,no_match,medium,True,Therapeutic Drug,investigational therapeutic candidate; drug/biological intervention type with no disqualifying evidence found,rule_classification,medium,True
NCT03757910,Brain Imaging in the Diabetes Prevention Program Outcomes Study,Phase 1,Small Molecule,Tau,Discontinued,False,,,no_therapeutic_candidate,no drug/biological therapeutic candidate found among this trial's interventions,False,,not_applicable,high,False,Exclude,no drug/biological therapeutic candidate found among this trial's interventions,rule_classification,high,False
NCT03030105,Study to Evaluate the Effects of BPN14770 on Scopolamine-induced Cognitive Impairment in Healthy Volunteers,Phase 1,Small Molecule,Neuroprotection,Completed,False,BPN14770,bpn14770,investigational_therapeutic_unverified,sole investigational candidate identified (BPN14770); not yet confirmed via official pipeline,False,,no_match,medium,True,Therapeutic Drug,investigational therapeutic candidate; drug/biological intervention type with no disqualifying evidence found,rule_classification,medium,True
NCT07477431,Levetiracetam for Persons at Risk for Alzheimer's Disease,Phase 2,Small Molecule,Other,Recruiting,False,Levetiracetam (LEV),levetiracetam lev,investigational_therapeutic_unverified,sole investigational candidate identified (Levetiracetam (LEV)); not yet confirmed via official pipeline,False,,no_match,medium,True,Therapeutic Drug,investigational therapeutic candidate; drug/biological intervention type with no disqualifying evidence found,rule_classification,medium,True
NCT06181513,Probiotics in Mild Alzheimer's Disease,Phase 1,Small Molecule,Other,Recruiting,False,Probiotic Blend,probiotic blend,investigational_therapeutic_unverified,sole investigational candidate identified (Probiotic Blend); not yet confirmed via official pipeline,False,,no_match,medium,True,Therapeutic Drug,investigational therapeutic candidate; drug/biological intervention type with no disqualifying evidence found,rule_classification,medium,True
NCT03875638,Treating Hyperexcitability in AD With Levetiracetam,Phase 2,Small Molecule,Other,Completed,False,Levetiracetam,levetiracetam,investigational_therapeutic_unverified,sole investigational candidate identified (Levetiracetam); not yet confirmed via official pipeline,False,,no_match,medium,True,Therapeutic Drug,investigational therapeutic candidate; drug/biological intervention type with no disqualifying evidence found,rule_classification,medium,True
NCT02249403,Efficacy and Safety of Talsaclidine in Patients With Mild to Moderate Dementia of Alzheimer Type,Phase 2,Small Molecule,Symptomatic,Completed,False,Talsaclidine,talsaclidine,investigational_therapeutic_unverified,sole investigational candidate identified (Talsaclidine); not yet confirmed via official pipeline,False,,no_match,medium,True,Therapeutic Drug,investigational therapeutic candidate; drug/biological intervention type with no disqualifying evidence found,rule_classification,medium,True
NCT02249351,Efficacy and Safety of Talsaclidine (Free Base) in Patients With Mild to Moderate Dementia of Alzheimer Type,Phase 2,Small Molecule,Symptomatic,Discontinued,False,Talsaclidine,talsaclidine,investigational_therapeutic_unverified,sole investigational candidate identified (Talsaclidine); not yet confirmed via official pipeline,False,,no_match,medium,True,Therapeutic Drug,investigational therapeutic candidate; drug/biological intervention type with no disqualifying evidence found,rule_classification,medium,True
NCT02248116,Follow-up Trial to Assess the Long-term Safety and Tolerability of Talsaclidine in Patients With Mild to Moderate Dementia of the Alzheimer Type,Phase 3,Small Molecule,Symptomatic,Discontinued,False,Talsaclidine,talsaclidine,investigational_therapeutic_unverified,sole investigational candidate identified (Talsaclidine); not yet confirmed via official pipeline,False,,no_match,medium,True,Therapeutic Drug,investigational therapeutic candidate; drug/biological intervention type with no disqualifying evidence found,rule_classification,medium,True
NCT01461109,"Research Involving Subjects With Parkinson's Disease, Alzheimer Disease and Healthy Controls",Phase 1,Small Molecule,Other,Completed,False,[18F] CFPyPB,18f cfpypb,investigational_therapeutic_unverified,sole investigational candidate identified ([18F] CFPyPB); not yet confirmed via official pipeline,False,,no_match,medium,True,Therapeutic Drug,investigational therapeutic candidate; drug/biological intervention type with no disqualifying evidence found,rule_classification,medium,True
NCT02204969,LIWA for Treatment of Alzheimer Patients,Phase 2,Device,Other,Unknown,False,Lithia water,lithia water,investigational_therapeutic_unverified,sole investigational candidate identified (Lithia water); not yet confirmed via official pipeline,False,,no_match,medium,True,Non-Drug Intervention,dietary supplement / nutraceutical — excluded from the default therapeutic view unless curated as a genuine investigational program (data/reference/intervention_scope_overrides.csv),rule_type,medium,False
NCT02178124,"A Phase I Clinical Study, Randomized, Single-blind, Placebo-controlled, Multiple Doses, Dose Escalation Study of the Safety, Tolerability and Pharmacokinetics of Donepezil Patch in Healthy Male Subjects.",Phase 1,Small Molecule,Symptomatic,Completed,False,Donepezil,donepezil,investigational_therapeutic_unverified,sole investigational candidate identified (Donepezil); not yet confirmed via official pipeline,False,,no_match,medium,True,Therapeutic Drug,investigational therapeutic candidate; drug/biological intervention type with no disqualifying evidence found,rule_classification,medium,True
NCT02886494,A Study to Evaluate Efficacy and Safety of BAC in Patient With Alzheimer's Disease or Vascular Dementia,Phase 2,Small Molecule,Other,Completed,False,,,no_therapeutic_candidate,"no confirmed or investigational therapeutic candidate found, but this trial has unresolved/uncertain interventions worth a manual look",False,,no_match,low,True,Needs Review,no therapeutic candidate; trial has unresolved/uncertain interventions,rule_classification,low,True
NCT01860625,"A Phase I Clinical, Dose Escalation Study of the Safety, Tolerability and Pharmacokinetics of Donepezil Patch in Healthy Male Subjects",Phase 1,Small Molecule,Symptomatic,Completed,False,Donepezil patch,donepezil patch,investigational_therapeutic_unverified,sole investigational candidate identified (Donepezil patch); not yet confirmed via official pipeline,False,,no_match,medium,True,Therapeutic Drug,investigational therapeutic candidate; drug/biological intervention type with no disqualifying evidence found,rule_classification,medium,True
NCT02340195,Pharmacokinetic Properties of Idalopirdine (Lu AE58054) in Subjects With and Without Impaired Kidney Function,Phase 1,Small Molecule,Other,Completed,False,Idalopirdine (Lu AE58054),idalopirdine lu ae58054,investigational_therapeutic_unverified,sole investigational candidate identified (Idalopirdine (Lu AE58054)); not yet confirmed via official pipeline,False,,no_match,medium,True,Therapeutic Drug,investigational therapeutic candidate; drug/biological intervention type with no disqualifying evidence found,rule_classification,medium,True
NCT01276353,A Study Versus E2020 10mg Followed by an Open-label Extension Phase to Explore the Safety of E2020 SR 23 mg in Japanese Subjects With Severe Alzheimer's Type Dementia,Phase 2,Small Molecule,Symptomatic,Completed,False,E2020,e2020,investigational_therapeutic_unverified,sole investigational candidate identified (E2020); not yet confirmed via official pipeline,False,,no_match,medium,True,Therapeutic Drug,investigational therapeutic candidate; drug/biological intervention type with no disqualifying evidence found,rule_classification,medium,True
NCT01028053,Assess the Prognostic Usefulness of Flutemetamol (18F) Injection for Identifying Subjects With Amnestic Mild Cognitive Impairment Who Will Convert to Clinically Probable Alzheimer's Disease,Phase 3,Small Molecule,Amyloid,Completed,False,,,no_therapeutic_candidate,no drug/biological therapeutic candidate found among this trial's interventions,False,,not_applicable,high,False,Exclude,no drug/biological therapeutic candidate found among this trial's interventions,rule_classification,high,False
NCT01564706,A Study of 18F-AV-45 in Healthy Volunteers,Phase 1,Small Molecule,Amyloid,Completed,False,,,no_therapeutic_candidate,no drug/biological therapeutic candidate found among this trial's interventions,False,,not_applicable,high,False,Exclude,no drug/biological therapeutic candidate found among this trial's interventions,rule_classification,high,False
NCT00470418,Development of NIC5-15 in the Treatment of Alzheimer's Disease,Phase 2,Small Molecule,Other,Completed,False,NIC5-15,nic5 15,investigational_therapeutic_unverified,sole investigational candidate identified (NIC5-15); not yet confirmed via official pipeline,False,,no_match,medium,True,Therapeutic Drug,investigational therapeutic candidate; drug/biological intervention type with no disqualifying evidence found,rule_classification,medium,True
NCT06937229,A Study to Evaluate the Long-term Efficacy and Safety of KarXT + KarX-EC for Agitation in Alzheimer's Disease (ADAGIO-3),Phase 3,Small Molecule,Neuropsychiatric,Recruiting,False,KarXT,karxt,investigational_therapeutic_unverified,sole investigational candidate identified (KarXT); not yet confirmed via official pipeline,False,,no_match,medium,True,Therapeutic Drug,investigational therapeutic candidate; drug/biological intervention type with no disqualifying evidence found,rule_classification,medium,True
NCT01297036,Pharmacokinetic Comparisons of Two Donepezil Formulations,Phase 1,Small Molecule,Symptomatic,Completed,False,,,no_therapeutic_candidate,"no confirmed or investigational therapeutic candidate found, but this trial has unresolved/uncertain interventions worth a manual look",False,,no_match,low,True,Needs Review,no therapeutic candidate; trial has unresolved/uncertain interventions,rule_classification,low,True
NCT01268020,Evaluation of [18F] FMH3 and PET as a Marker of Histamine-3 Receptor Activity in Subjects With AD Compared w/ HC,Phase 1,Small Molecule,Other,Completed,False,[18F]-FMH3,18f fmh3,investigational_therapeutic_unverified,sole investigational candidate identified ([18F]-FMH3); not yet confirmed via official pipeline,False,,no_match,medium,True,Therapeutic Drug,investigational therapeutic candidate; drug/biological intervention type with no disqualifying evidence found,rule_classification,medium,True
NCT01255163,A Pilot Clinical Trial of Exendin-4 in Alzheimer's Disease,Phase 2,Small Molecule,Other,Discontinued,False,Exendin-4 SC,exendin 4 sc,investigational_therapeutic_unverified,sole investigational candidate identified (Exendin-4 SC); not yet confirmed via official pipeline,False,,no_match,medium,True,Therapeutic Drug,investigational therapeutic candidate; drug/biological intervention type with no disqualifying evidence found,rule_classification,medium,True
NCT01057030,Multiple Dose Japanese Bridging Study,Phase 1,Small Molecule,Amyloid,Completed,False,BMS-708163,bms 708163,investigational_therapeutic_unverified,sole investigational candidate identified (BMS-708163); not yet confirmed via official pipeline,False,,no_match,medium,True,Therapeutic Drug,investigational therapeutic candidate; drug/biological intervention type with no disqualifying evidence found,rule_classification,medium,True
NCT01042314,Drug-Drug Interaction Study With Aricept® (Donepezil),Phase 1,Small Molecule,Amyloid,Completed,False,BMS-708163,bms 708163,investigational_therapeutic_unverified,sole investigational candidate identified (BMS-708163); not yet confirmed via official pipeline,False,,no_match,medium,True,Therapeutic Drug,investigational therapeutic candidate; drug/biological intervention type with no disqualifying evidence found,rule_classification,medium,True
NCT01039194,Drug-Drug Interaction to Study the Effect of BMS-708163 on Pharmacokinetics (PK) of Galantamine Extended Release (ER),Phase 1,Small Molecule,Amyloid,Completed,False,BMS-708163,bms 708163,investigational_therapeutic_unverified,sole investigational candidate identified (BMS-708163); not yet confirmed via official pipeline,False,,no_match,medium,True,Therapeutic Drug,investigational therapeutic candidate; drug/biological intervention type with no disqualifying evidence found,rule_classification,medium,True
NCT01002079,Drug-Drug Interaction Study With Rifampin,Phase 1,Small Molecule,Amyloid,Completed,False,BMS-708163,bms 708163,investigational_therapeutic_unverified,sole investigational candidate identified (BMS-708163); not yet confirmed via official pipeline,False,,no_match,medium,True,Therapeutic Drug,investigational therapeutic candidate; drug/biological intervention type with no disqualifying evidence found,rule_classification,medium,True
NCT00979316,Effect on the Electrocardiographic QT Interval Corrected for Heart Rate (QTc) in Healthy Subjects,Phase 1,Small Molecule,Amyloid,Completed,False,BMS-708163,bms 708163,investigational_therapeutic_unverified,sole investigational candidate identified (BMS-708163); not yet confirmed via official pipeline,False,,no_match,medium,True,Therapeutic Drug,investigational therapeutic candidate; drug/biological intervention type with no disqualifying evidence found,rule_classification,medium,True
NCT00906191,Study Evaluating How Quickly And To What Extent The 14-Carbon-SAM-531 Is Absorbed/Converted/Eliminated In Male Subjects,Phase 1,Small Molecule,Symptomatic,Completed,False,SAM-531,sam 531,investigational_therapeutic_unverified,sole investigational candidate identified (SAM-531); not yet confirmed via official pipeline,False,,no_match,medium,True,Therapeutic Drug,investigational therapeutic candidate; drug/biological intervention type with no disqualifying evidence found,rule_classification,medium,True
NCT02707978,F 18 T807 Tau PET Imaging of Frontotemporal Dementia (FTD),Phase 2,Small Molecule,Tau,Discontinued,False,,,no_therapeutic_candidate,no drug/biological therapeutic candidate found among this trial's interventions,False,,not_applicable,high,False,Exclude,no drug/biological therapeutic candidate found among this trial's interventions,rule_classification,high,False
NCT00860275,Drug-Drug Interaction (DDI) w/Ketoconazole or Fluconazole,Phase 1,Small Molecule,Amyloid,Completed,False,BMS-708163; BMS-708163 + Ketoconazole; BMS-708163 + Fluconazole,bms 708163 bms 708163 ketoconazole bms 708163 fluconazole,investigational_therapeutic_unverified,multiple unverified investigational candidates found (BMS-708163; BMS-708163 + Ketoconazole; BMS-708163 + Fluconazole) — could not resolve to a single drug,False,,multiple_candidates_unresolved,low,True,Needs Review,multiple distinct unverified candidates found in one trial — scope not determined at trial level,rule_classification,low,True
NCT06540833,A Study to Assess the Efficacy and Safety of ITI-1284 in the Treatment of Psychosis Associated With Alzheimer's Disease,Phase 2,Small Molecule,Neuropsychiatric,Recruiting,False,ITI-1284,iti 1284,investigational_therapeutic_unverified,sole investigational candidate identified (ITI-1284); not yet confirmed via official pipeline,False,,no_match,medium,True,Therapeutic Drug,investigational therapeutic candidate; drug/biological intervention type with no disqualifying evidence found,rule_classification,medium,True
NCT00765115,A Study of Healthy Subjects to Assess the Effect of LY450139 on Amyloid Beta Peptide Production Rate and or Dose Response.,Phase 1,Small Molecule,Amyloid,Completed,False,LY450139,ly450139,investigational_therapeutic_unverified,sole investigational candidate identified (LY450139); not yet confirmed via official pipeline,False,,no_match,medium,True,Therapeutic Drug,investigational therapeutic candidate; drug/biological intervention type with no disqualifying evidence found,rule_classification,medium,True
NCT00745576,Study Evaluating The Potential Interaction Between Verapamil Immediate Release And SAM-531 When Co-Administered,Phase 1,Small Molecule,Symptomatic,Completed,False,SAM-531,sam 531,investigational_therapeutic_unverified,sole investigational candidate identified (SAM-531); not yet confirmed via official pipeline,False,,no_match,medium,True,Therapeutic Drug,investigational therapeutic candidate; drug/biological intervention type with no disqualifying evidence found,rule_classification,medium,True
NCT01922258,Safety and Tolerability Study of Flexible Dosing of Brexpiprazole in the Treatment of Subjects With Agitation Associated With Dementia of the Alzheimer's Type,Phase 3,Small Molecule,Neuropsychiatric,Completed,False,"Brexpiprazole, OPC-34712",brexpiprazole opc 34712,investigational_therapeutic_unverified,"sole investigational candidate identified (Brexpiprazole, OPC-34712); not yet confirmed via official pipeline",False,,no_match,medium,True,Therapeutic Drug,investigational therapeutic candidate; drug/biological intervention type with no disqualifying evidence found,rule_classification,medium,True
NCT00726115,"Study Evaluating Safety, Tolerability and Pharmacokinetics of Single and Multiple Dose of SAM-531",Phase 1,Small Molecule,Symptomatic,Completed,False,SAM-531,sam 531,investigational_therapeutic_unverified,sole investigational candidate identified (SAM-531); not yet confirmed via official pipeline,False,,no_match,medium,True,Therapeutic Drug,investigational therapeutic candidate; drug/biological intervention type with no disqualifying evidence found,rule_classification,medium,True
NCT00563732,Study Evaluating Potential Pharmacokinetic (PK) Interaction Between Lecozotan and Digoxin,Phase 1,Small Molecule,Symptomatic,Completed,False,Lecozotan,lecozotan,investigational_therapeutic_unverified,sole investigational candidate identified (Lecozotan); not yet confirmed via official pipeline,False,,no_match,medium,True,Therapeutic Drug,investigational therapeutic candidate; drug/biological intervention type with no disqualifying evidence found,rule_classification,medium,True
NCT00499642,Study Evaluating the Effect of Lecozotan SR on the QTc Interval,Phase 1,Small Molecule,Symptomatic,Completed,False,Lecozotan SR,lecozotan sr,investigational_therapeutic_unverified,sole investigational candidate identified (Lecozotan SR); not yet confirmed via official pipeline,False,,no_match,medium,True,Therapeutic Drug,investigational therapeutic candidate; drug/biological intervention type with no disqualifying evidence found,rule_classification,medium,True
NCT00494962,Study Comparing Lecozotan SR Two 5-mg Tablets Vs. Lecozotan SR One 10-mg Tablet in Healthy Subjects,Phase 1,Small Molecule,Symptomatic,Completed,False,lecozotan SR,lecozotan sr,investigational_therapeutic_unverified,sole investigational candidate identified (lecozotan SR); not yet confirmed via official pipeline,False,,no_match,medium,True,Therapeutic Drug,investigational therapeutic candidate; drug/biological intervention type with no disqualifying evidence found,rule_classification,medium,True
NCT00480818,"Study Evaluating the Safety, Pharmacokinetics, and Pharmacodynamics of SAM-531 in Healthy Young and Elderly Subjects",Phase 1,Small Molecule,Symptomatic,Completed,False,SAM-531,sam 531,investigational_therapeutic_unverified,sole investigational candidate identified (SAM-531); not yet confirmed via official pipeline,False,,no_match,medium,True,Therapeutic Drug,investigational therapeutic candidate; drug/biological intervention type with no disqualifying evidence found,rule_classification,medium,True
NCT00480467,"Study Evaluating the Safety, Tolerability, Pharmacokinetics, and Pharmacodynamics of SAM-315 in Healthy Japanese Males",Phase 1,Small Molecule,Other,Completed,False,SAM-315,sam 315,investigational_therapeutic_unverified,sole investigational candidate identified (SAM-315); not yet confirmed via official pipeline,False,,no_match,medium,True,Therapeutic Drug,investigational therapeutic candidate; drug/biological intervention type with no disqualifying evidence found,rule_classification,medium,True
NCT00479700,"Study Evaluating the Safety, Tolerability, Pharmacokinetics, and Pharmacodynamics of SAM-531 in Healthy Subjects",Phase 1,Small Molecule,Symptomatic,Completed,False,SAM-531,sam 531,investigational_therapeutic_unverified,sole investigational candidate identified (SAM-531); not yet confirmed via official pipeline,False,,no_match,medium,True,Therapeutic Drug,investigational therapeutic candidate; drug/biological intervention type with no disqualifying evidence found,rule_classification,medium,True
NCT00479440,"Study Evaluating the Safety, Tolerability, Pharmacokinetics (PK), and Pharmacodynamics (PD) of SAM-315 in Healthy Adults",Phase 1,Small Molecule,Other,Completed,False,SAM-315,sam 315,investigational_therapeutic_unverified,sole investigational candidate identified (SAM-315); not yet confirmed via official pipeline,False,,no_match,medium,True,Therapeutic Drug,investigational therapeutic candidate; drug/biological intervention type with no disqualifying evidence found,rule_classification,medium,True
NCT00479349,"Study Evaluating the Safety, Pharmacokinetics, and Pharmacodynamics of SAM-531",Phase 1,Small Molecule,Symptomatic,Completed,False,SAM-531,sam 531,investigational_therapeutic_unverified,sole investigational candidate identified (SAM-531); not yet confirmed via official pipeline,False,,no_match,medium,True,Therapeutic Drug,investigational therapeutic candidate; drug/biological intervention type with no disqualifying evidence found,rule_classification,medium,True
NCT00479297,"Study Evaluating the Safety, Tolerability, Pharmacokinetics, and Pharmacodynamics of SAM-531 in Healthy Japanese Males",Phase 1,Small Molecule,Symptomatic,Completed,False,SAM-531,sam 531,investigational_therapeutic_unverified,sole investigational candidate identified (SAM-531); not yet confirmed via official pipeline,False,,no_match,medium,True,Therapeutic Drug,investigational therapeutic candidate; drug/biological intervention type with no disqualifying evidence found,rule_classification,medium,True
NCT00474552,"Study Evaluating the Safety, Tolerability, Pharmacokinetics, and Pharmacodynamics of SAM-315",Phase 1,Small Molecule,Other,Discontinued,False,SAM-315,sam 315,investigational_therapeutic_unverified,sole investigational candidate identified (SAM-315); not yet confirmed via official pipeline,False,,no_match,medium,True,Therapeutic Drug,investigational therapeutic candidate; drug/biological intervention type with no disqualifying evidence found,rule_classification,medium,True
NCT00452504,Single Ascending Dose Study of SRA-444 in Healthy Subjects,Phase 1,Small Molecule,Other,Completed,False,SRA-444,sra 444,investigational_therapeutic_unverified,sole investigational candidate identified (SRA-444); not yet confirmed via official pipeline,False,,no_match,medium,True,Therapeutic Drug,investigational therapeutic candidate; drug/biological intervention type with no disqualifying evidence found,rule_classification,medium,True
NCT06126224,A Study to Assess Efficacy and Safety of KarXT for the Treatment of Psychosis Associated With Alzheimer's Disease (ADEPT-2),Phase 3,Small Molecule,Neuropsychiatric,Recruiting,False,KarXT,karxt,investigational_therapeutic_unverified,sole investigational candidate identified (KarXT); not yet confirmed via official pipeline,False,,no_match,medium,True,Therapeutic Drug,investigational therapeutic candidate; drug/biological intervention type with no disqualifying evidence found,rule_classification,medium,True
NCT03740178,Multiple Dose Trial of MK-4334 in Participants With Alzheimer's Clinical Syndrome (MK-4334-005),Phase 1,Small Molecule,Other,Discontinued,False,MK-4334,mk 4334,investigational_therapeutic_unverified,sole investigational candidate identified (MK-4334); not yet confirmed via official pipeline,False,,no_match,medium,True,Therapeutic Drug,investigational therapeutic candidate; drug/biological intervention type with no disqualifying evidence found,rule_classification,medium,True
NCT00322036,Global Efficacy Study of MPC-7869 to Treat Patients With Alzheimer's,Phase 3,Small Molecule,Amyloid,Discontinued,False,MPC-7869,mpc 7869,investigational_therapeutic_unverified,sole investigational candidate identified (MPC-7869); not yet confirmed via official pipeline,False,,no_match,medium,True,Therapeutic Drug,investigational therapeutic candidate; drug/biological intervention type with no disqualifying evidence found,rule_classification,medium,True
NCT00927108,Rajavtihi Neuronal Adult Stem Cells Project,Phase 2,Cell/Gene Therapy,Other,Discontinued,False,Progenitor Stem Cell Culture,progenitor stem cell culture,investigational_therapeutic_unverified,sole investigational candidate identified (Progenitor Stem Cell Culture); not yet confirmed via official pipeline,False,,no_match,medium,True,Therapeutic Drug,investigational therapeutic candidate; drug/biological intervention type with no disqualifying evidence found,rule_classification,medium,True
NCT05980949,Open-Label Extension Study to Assess the Long-Term Safety and Tolerability of KarXT in Subjects With Psychosis Associated With Alzheimer's Disease (ADEPT-3),Phase 3,Small Molecule,Neuropsychiatric,Recruiting,False,KarXT,karxt,investigational_therapeutic_unverified,sole investigational candidate identified (KarXT); not yet confirmed via official pipeline,False,,no_match,medium,True,Therapeutic Drug,investigational therapeutic candidate; drug/biological intervention type with no disqualifying evidence found,rule_classification,medium,True
NCT06947941,A Study to Evaluate Safety and Efficacy of KarXT + KarX-EC as a Treatment for Psychosis Associated With Alzheimer's Disease (ADEPT-5),Phase 3,Small Molecule,Neuropsychiatric,Recruiting,False,KarXT,karxt,investigational_therapeutic_unverified,sole investigational candidate identified (KarXT); not yet confirmed via official pipeline,False,,no_match,medium,True,Therapeutic Drug,investigational therapeutic candidate; drug/biological intervention type with no disqualifying evidence found,rule_classification,medium,True
NCT00165659,"A Multi-Center, Randomized, Double-Blind, Parallel Group Study With 3 Groups Receiving Placebo, 5 mg of E2020 and 10 mg of E2020",Phase 2,Small Molecule,Symptomatic,Completed,False,DONEPEZIL HYDROCHLORIDE,donepezil hydrochloride,investigational_therapeutic_unverified,sole investigational candidate identified (DONEPEZIL HYDROCHLORIDE); not yet confirmed via official pipeline,False,,no_match,medium,True,Therapeutic Drug,investigational therapeutic candidate; drug/biological intervention type with no disqualifying evidence found,rule_classification,medium,True
NCT05511363,A Study to Assess Efficacy and Safety of KarXT for the Treatment of Psychosis Associated With Alzheimer's Disease (ADEPT-1),Phase 3,Small Molecule,Neuropsychiatric,Recruiting,False,KarXT,karxt,investigational_therapeutic_unverified,sole investigational candidate identified (KarXT); not yet confirmed via official pipeline,False,,no_match,medium,True,Therapeutic Drug,investigational therapeutic candidate; drug/biological intervention type with no disqualifying evidence found,rule_classification,medium,True
NCT04229927,BPDO-1603 Intervention Trial in Patients With Moderate-to-severe Alzheimer's Disease,Phase 3,Small Molecule,Other,Unknown,False,BPDO-1603,bpdo 1603,investigational_therapeutic_unverified,sole investigational candidate identified (BPDO-1603); not yet confirmed via official pipeline,False,,no_match,medium,True,Therapeutic Drug,investigational therapeutic candidate; drug/biological intervention type with no disqualifying evidence found,rule_classification,medium,True
NCT01661673,"Safety, Tolerability, Pharmacokinetics of EVP-0962 and Effects of EVP-0962 on Cerebral Spinal Fluid Amyloid Concentrations in Healthy Subjects and in Subjects With Mild Cognitive Impairment or Early Alzheimer's Disease",Phase 2,Small Molecule,Amyloid,Completed,False,EVP-0962,evp 0962,investigational_therapeutic_unverified,sole investigational candidate identified (EVP-0962); not yet confirmed via official pipeline,False,,no_match,medium,True,Therapeutic Drug,investigational therapeutic candidate; drug/biological intervention type with no disqualifying evidence found,rule_classification,medium,True
NCT01662882,"A Phase II Trial of Florbetapir (18F) Positron Emission Tomography (PET) Imaging in Japan of Healthy Volunteers, Patients With Mild Cognitive Impairment (MCI) and Patients With Alzheimer's Disease (AD)",Phase 3,Small Molecule,Amyloid,Completed,False,,,no_therapeutic_candidate,no drug/biological therapeutic candidate found among this trial's interventions,False,,not_applicable,high,False,Exclude,no drug/biological therapeutic candidate found among this trial's interventions,rule_classification,high,False
NCT05644977,A Multiple Dose Trial of Emraclidine in Elderly Participants and in Participants With Dementia Due to Alzheimer's Disease,Phase 1,Small Molecule,Other,Completed,False,Emraclidine,emraclidine,investigational_therapeutic_unverified,sole investigational candidate identified (Emraclidine); not yet confirmed via official pipeline,False,,no_match,medium,True,Therapeutic Drug,investigational therapeutic candidate; drug/biological intervention type with no disqualifying evidence found,rule_classification,medium,True
NCT06885567,A Phase 2 Study to Evaluate the Safety and Efficacy of BEY2153 in Patients with Early Alzheimer's Disease,Phase 2,Small Molecule,Other,Recruiting,False,BEY2153,bey2153,investigational_therapeutic_unverified,sole investigational candidate identified (BEY2153); not yet confirmed via official pipeline,False,,no_match,medium,True,Therapeutic Drug,investigational therapeutic candidate; drug/biological intervention type with no disqualifying evidence found,rule_classification,medium,True
NCT01862640,"A Phase 3, 12-week, Multicenter, Randomized, Double-blind, Placebo-controlled Trial to Evaluate the Efficacy, Safety, and Tolerability of 2 Fixed Doses of Brexpiprazole in the Treatment of Alzheimer's Agitation",Phase 3,Small Molecule,Neuropsychiatric,Completed,False,"Brexpiprazole, OPC-34712",brexpiprazole opc 34712,investigational_therapeutic_unverified,"sole investigational candidate identified (Brexpiprazole, OPC-34712); not yet confirmed via official pipeline",False,,no_match,medium,True,Therapeutic Drug,investigational therapeutic candidate; drug/biological intervention type with no disqualifying evidence found,rule_classification,medium,True
NCT06721156,A Study to Evaluate the Efficacy and Safety of MK-1167 in Participants With Alzheimer's Disease Dementia (MK-1167-008),Phase 2,Small Molecule,Other,Discontinued,False,MK-1167,mk 1167,investigational_therapeutic_unverified,sole investigational candidate identified (MK-1167); not yet confirmed via official pipeline,False,,no_match,medium,True,Therapeutic Drug,investigational therapeutic candidate; drug/biological intervention type with no disqualifying evidence found,rule_classification,medium,True
NCT00702143,"A Phase II Trial of 18F-AV-45 Positron Emission Tomography (PET) Imaging in Healthy Volunteers, Patients With Mild Cognitive Impairment (MCI) and Patients With Alzheimer's Disease (AD)",Phase 2,Small Molecule,Amyloid,Completed,False,,,no_therapeutic_candidate,no drug/biological therapeutic candidate found among this trial's interventions,False,,not_applicable,high,False,Exclude,no drug/biological therapeutic candidate found among this trial's interventions,rule_classification,high,False
NCT06808984,"Study to Evaluate the Efficacy, Safety, and Tolerability of BMS-986368, for the Treatment of Agitation in Participants With Alzheimer's Disease",Phase 2,Small Molecule,Neuropsychiatric,Recruiting,False,BMS-986368,bms 986368,investigational_therapeutic_unverified,sole investigational candidate identified (BMS-986368); not yet confirmed via official pipeline,False,,no_match,medium,True,Therapeutic Drug,investigational therapeutic candidate; drug/biological intervention type with no disqualifying evidence found,rule_classification,medium,True
NCT05617508,N-DOSE AD: A Dose Optimization Trial of Nicotinamide Riboside in Alzheimer's Disease,Phase 2,Dietary Supplement,Metabolism,Completed,False,Nicotinamide Riboside supplementation; Nicotinamide Riboside dose escalation (up to,nicotinamide riboside supplementation nicotinamide riboside dose escalation up to,investigational_therapeutic_unverified,multiple unverified investigational candidates found (Nicotinamide Riboside supplementation; Nicotinamide Riboside dose escalation (up to) — could not resolve to a single drug,False,,multiple_candidates_unresolved,low,True,Needs Review,multiple distinct unverified candidates found in one trial — scope not determined at trial level,rule_classification,low,True
NCT04524351,"Posiphen® Dose-Finding, Biomarker Study in Early Alzheimer's and Parkinson's Patients",Phase 2,Small Molecule,Neuroprotection,Completed,False,Posiphen,posiphen,investigational_therapeutic_unverified,sole investigational candidate identified (Posiphen); not yet confirmed via official pipeline,False,,no_match,medium,True,Therapeutic Drug,investigational therapeutic candidate; drug/biological intervention type with no disqualifying evidence found,rule_classification,medium,True
NCT02423122,"A PET Study of the Effects of p38 MAP Kinase Inhibitor, VX-745, on Amyloid Plaque Load in Alzheimer's Disease (AD)",Phase 2,Small Molecule,Amyloid,Completed,False,VX-745,vx 745,investigational_therapeutic_unverified,sole investigational candidate identified (VX-745); not yet confirmed via official pipeline,False,,no_match,medium,True,Therapeutic Drug,investigational therapeutic candidate; drug/biological intervention type with no disqualifying evidence found,rule_classification,medium,True
NCT02928211,Aftobetin-HCl and Fluorescence Detection Measured by Sapphire II to Determine the Number and Timing of Administrations,Phase 1,Device,Other,Unknown,False,Aftobetin-HCl,aftobetin hcl,investigational_therapeutic_unverified,sole investigational candidate identified (Aftobetin-HCl); not yet confirmed via official pipeline,False,,no_match,medium,True,Therapeutic Drug,investigational therapeutic candidate; drug/biological intervention type with no disqualifying evidence found,rule_classification,medium,True
NCT00105547,Efficacy Study of MPC-7869 to Treat Patients With Alzheimer's,Phase 3,Small Molecule,Amyloid,Completed,False,MPC-7869,mpc 7869,investigational_therapeutic_unverified,sole investigational candidate identified (MPC-7869); not yet confirmed via official pipeline,False,,no_match,medium,True,Therapeutic Drug,investigational therapeutic candidate; drug/biological intervention type with no disqualifying evidence found,rule_classification,medium,True
NCT06745583,A Phase 2 Study to Assess the Safety of EI-1071 and the Effects of EI-1071 on Neuroinflammation in Alzheimer's Disease Patients,Phase 2,Small Molecule,Inflammation,Recruiting,False,EI-1071,ei 1071,investigational_therapeutic_unverified,sole investigational candidate identified (EI-1071); not yet confirmed via official pipeline,False,,no_match,medium,True,Therapeutic Drug,investigational therapeutic candidate; drug/biological intervention type with no disqualifying evidence found,rule_classification,medium,True
NCT04044131,Metabolic Cofactor Supplementation in Alzheimer's Disease (AD) and Parkinson's Disease (PD) Patients,Phase 2,Small Molecule,Metabolism,Completed,False,,,no_therapeutic_candidate,"no confirmed or investigational therapeutic candidate found, but this trial has unresolved/uncertain interventions worth a manual look",False,,no_match,low,True,Needs Review,no therapeutic candidate; trial has unresolved/uncertain interventions,rule_classification,low,True
NCT04052737,PMZ-1620 (Sovateltide) in Mild to Moderate Alzheimer's Disease,Phase 2,Small Molecule,Other,Completed,False,,,no_therapeutic_candidate,"no confirmed or investigational therapeutic candidate found, but this trial has unresolved/uncertain interventions worth a manual look",False,,no_match,low,True,Needs Review,no therapeutic candidate; trial has unresolved/uncertain interventions,rule_classification,low,True
NCT01039701,"4 Week, Safety and Tolerability Study in Patients With Mild to Moderate Alzheimer's Disease",Phase 2,Small Molecule,Other,Completed,False,AZD1446,azd1446,investigational_therapeutic_unverified,sole investigational candidate identified (AZD1446); not yet confirmed via official pipeline,False,,no_match,medium,True,Therapeutic Drug,investigational therapeutic candidate; drug/biological intervention type with no disqualifying evidence found,rule_classification,medium,True
NCT04629547,Sleep Trial to Prevent Alzheimer's Disease,Phase 2,Small Molecule,Neuropsychiatric,Recruiting,False,Suvorexant,suvorexant,investigational_therapeutic_unverified,sole investigational candidate identified (Suvorexant); not yet confirmed via official pipeline,False,,no_match,medium,True,Therapeutic Drug,investigational therapeutic candidate; drug/biological intervention type with no disqualifying evidence found,rule_classification,medium,True
NCT05591027,Safety and Target Engagement of Centella Asiatica in Cognitive Impairment,Phase 1,Small Molecule,Other,Recruiting,False,Centella asiatica product,centella asiatica product,investigational_therapeutic_unverified,sole investigational candidate identified (Centella asiatica product); not yet confirmed via official pipeline,False,,no_match,medium,True,Therapeutic Drug,investigational therapeutic candidate; drug/biological intervention type with no disqualifying evidence found,rule_classification,medium,True
NCT05811000,A Phase 2 Clinical Study to Explore the Optimal Dosage/Administration of PM012 Tablet in Alzheimer's Disease,Phase 3,Small Molecule,Symptomatic,Unknown,False,PM012,pm012,investigational_therapeutic_unverified,sole investigational candidate identified (PM012); not yet confirmed via official pipeline,False,,no_match,medium,True,Therapeutic Drug,investigational therapeutic candidate; drug/biological intervention type with no disqualifying evidence found,rule_classification,medium,True
NCT03489044,An Investigation of Levetiracetam in Alzheimer's Disease,Phase 2,Small Molecule,Other,Completed,False,Levetiracetam,levetiracetam,investigational_therapeutic_unverified,sole investigational candidate identified (Levetiracetam); not yet confirmed via official pipeline,False,,no_match,medium,True,Therapeutic Drug,investigational therapeutic candidate; drug/biological intervention type with no disqualifying evidence found,rule_classification,medium,True
NCT00480701,Evaluation of 123-I Iodobenzovesamicol (IBVM) and SPECT Imaging of Healthy Subjects and Patients With Alzheimer Disease,Phase 2,Small Molecule,Other,Completed,False,[123I]-IBVM,123i ibvm,investigational_therapeutic_unverified,sole investigational candidate identified ([123I]-IBVM); not yet confirmed via official pipeline,False,,no_match,medium,True,Therapeutic Drug,investigational therapeutic candidate; drug/biological intervention type with no disqualifying evidence found,rule_classification,medium,True
NCT04080544,Cognitive Decline and Alzheimer's Disease in the Dallas Lifespan Brain Study,Phase 2,Small Molecule,Tau,Completed,False,,,no_therapeutic_candidate,no drug/biological therapeutic candidate found among this trial's interventions,False,,not_applicable,high,False,Exclude,no drug/biological therapeutic candidate found among this trial's interventions,rule_classification,high,False
NCT06189963,Clinical Study of SNK01 in Participants With Moderate Alzheimer's Disease,Phase 2,Biologic,Other,Recruiting,False,SNK01,snk01,investigational_therapeutic_unverified,sole investigational candidate identified (SNK01); not yet confirmed via official pipeline,False,,no_match,medium,True,Therapeutic Drug,investigational therapeutic candidate; drug/biological intervention type with no disqualifying evidence found,rule_classification,medium,True
NCT01547169,Study of Nasal Insulin to Fight Forgetfulness - Long-acting Insulin Detemir - 21 Days,Phase 2,Small Molecule,Metabolism,Completed,False,,,no_therapeutic_candidate,"no confirmed or investigational therapeutic candidate found, but this trial has unresolved/uncertain interventions worth a manual look",False,,no_match,low,True,Needs Review,no therapeutic candidate; trial has unresolved/uncertain interventions,rule_classification,low,True
NCT00488670,Escitalopram and Depression in Elderly Alzheimer's Patients,Phase 3,Small Molecule,Neuropsychiatric,Discontinued,False,Escitalopram,escitalopram,investigational_therapeutic_unverified,sole investigational candidate identified (Escitalopram); not yet confirmed via official pipeline,False,,no_match,medium,True,Therapeutic Drug,investigational therapeutic candidate; drug/biological intervention type with no disqualifying evidence found,rule_classification,medium,True
NCT01073228,Safety and Cognitive Function Study of EVP-6124 in Patients With Mild to Moderate Alzheimer's Disease,Phase 2,Small Molecule,Symptomatic,Completed,False,EVP-6124,evp 6124,investigational_therapeutic_unverified,sole investigational candidate identified (EVP-6124); not yet confirmed via official pipeline,False,,no_match,medium,True,Therapeutic Drug,investigational therapeutic candidate; drug/biological intervention type with no disqualifying evidence found,rule_classification,medium,True
NCT01595646,Study of Nasal Insulin to Fight Forgetfulness - Long-acting Insulin Detemir - 120 Days (SL120),Phase 2,Small Molecule,Metabolism,Completed,False,,,no_therapeutic_candidate,"no confirmed or investigational therapeutic candidate found, but this trial has unresolved/uncertain interventions worth a manual look",False,,no_match,low,True,Needs Review,no therapeutic candidate; trial has unresolved/uncertain interventions,rule_classification,low,True
NCT00857506,Observational Study of Cognitive Outcomes for Subjects Who Have Had Prior PET Amyloid Imaging With Florbetapir F 18 (18F-AV-45),Phase 2,Small Molecule,Amyloid,Completed,False,,,no_therapeutic_candidate,no drug/biological therapeutic candidate found among this trial's interventions,False,,not_applicable,high,False,Exclude,no drug/biological therapeutic candidate found among this trial's interventions,rule_classification,high,False
NCT06639282,Repurposing Siponimod for Alzheimer's Disease,Phase 2,Small Molecule,Other,Recruiting,False,Siponimod,siponimod,investigational_therapeutic_unverified,sole investigational candidate identified (Siponimod); not yet confirmed via official pipeline,False,,no_match,medium,True,Therapeutic Drug,investigational therapeutic candidate; drug/biological intervention type with no disqualifying evidence found,rule_classification,medium,True
NCT04804241,Senicapoc in Alzheimer's Disease,Phase 2,Small Molecule,Other,Recruiting,False,Senicapoc,senicapoc,investigational_therapeutic_unverified,sole investigational candidate identified (Senicapoc); not yet confirmed via official pipeline,False,,no_match,medium,True,Therapeutic Drug,investigational therapeutic candidate; drug/biological intervention type with no disqualifying evidence found,rule_classification,medium,True
NCT01672827,Effectiveness of an Electronic Training Program for Orienting and Interpreting [18F]Flutemetamol Positron Emission Tomography (PET) Images,Phase 3,Small Molecule,Amyloid,Completed,False,,,no_therapeutic_candidate,no drug/biological therapeutic candidate found among this trial's interventions,False,,not_applicable,high,False,Exclude,no drug/biological therapeutic candidate found among this trial's interventions,rule_classification,high,False
NCT04248270,A Noval Tau Tracer in Young Onset Dementia,Phase 2,Small Molecule,Tau,Unknown,False,,,no_therapeutic_candidate,no drug/biological therapeutic candidate found among this trial's interventions,False,,not_applicable,high,False,Exclude,no drug/biological therapeutic candidate found among this trial's interventions,rule_classification,high,False
NCT03765762,A Study to Assess the Safety of GRF6019 Infusions in Subjects With Severe Alzheimer's Disease,Phase 2,Small Molecule,Other,Completed,False,GRF6019,grf6019,investigational_therapeutic_unverified,sole investigational candidate identified (GRF6019); not yet confirmed via official pipeline,False,,no_match,medium,True,Therapeutic Drug,investigational therapeutic candidate; drug/biological intervention type with no disqualifying evidence found,rule_classification,medium,True
NCT02656498,"[18F]THK-5351 Positron Emission Computed Tomography Study of Normal, Mild Cognitive Impairment, Alzheimer's Disease and Other Neurodegenerative Disease",Phase 2,Small Molecule,Tau,Completed,False,,,no_therapeutic_candidate,no drug/biological therapeutic candidate found among this trial's interventions,False,,not_applicable,high,False,Exclude,no drug/biological therapeutic candidate found among this trial's interventions,rule_classification,high,False
NCT02008357,Clinical Trial of Solanezumab for Older Individuals Who May be at Risk for Memory Loss,Phase 3,Biologic,Amyloid,Completed,False,Solanezumab,solanezumab,investigational_therapeutic_unverified,sole investigational candidate identified (Solanezumab); not yet confirmed via official pipeline,False,,no_match,medium,True,Therapeutic Drug,investigational therapeutic candidate; drug/biological intervention type with no disqualifying evidence found,rule_classification,medium,True
NCT02392468,"Study of Systemic and Ocular Safety and Pharmacokinetics of BI 409306 in Patients With Schizophrenia, Alzheimer's Disease, and Healthy Volunteers",Phase 1,Small Molecule,Symptomatic,Completed,False,BI 409306,bi 409306,investigational_therapeutic_unverified,sole investigational candidate identified (BI 409306); not yet confirmed via official pipeline,False,,no_match,medium,True,Therapeutic Drug,investigational therapeutic candidate; drug/biological intervention type with no disqualifying evidence found,rule_classification,medium,True
NCT03022968,Tau Brain Imaging in Typical and Atypical Alzheimer's Disease (AD),Phase 2,Small Molecule,Tau,Completed,False,,,no_therapeutic_candidate,no drug/biological therapeutic candidate found among this trial's interventions,False,,not_applicable,high,False,Exclude,no drug/biological therapeutic candidate found among this trial's interventions,rule_classification,high,False
NCT00216593,Treatment of Severe Alzheimer's Disease: Evaluation of Efficacy and Safety of Galantamine Hydrobromide in a Controlled Study,Phase 3,Small Molecule,Symptomatic,Completed,False,galantamine hydrobromide,galantamine hydrobromide,investigational_therapeutic_unverified,sole investigational candidate identified (galantamine hydrobromide); not yet confirmed via official pipeline,False,,no_match,medium,True,Therapeutic Drug,investigational therapeutic candidate; drug/biological intervention type with no disqualifying evidence found,rule_classification,medium,True
NCT07496918,"Brain Effects of Gamma Frequency Sensory Stimulation (40Hz Light, Sound and Other Devices)",Phase 2,Device,Other,Recruiting,False,,,no_therapeutic_candidate,no drug/biological therapeutic candidate found among this trial's interventions,False,,not_applicable,high,False,Exclude,no drug/biological therapeutic candidate found among this trial's interventions,rule_classification,high,False
NCT02503501,Intranasal Glulisine in Amnestic Mild Cognitive Impairment and Probable Mild Alzheimer's Disease,Phase 2,Small Molecule,Metabolism,Discontinued,False,Insulin glulisine,insulin glulisine,investigational_therapeutic_unverified,sole investigational candidate identified (Insulin glulisine); not yet confirmed via official pipeline,False,,no_match,medium,True,Therapeutic Drug,investigational therapeutic candidate; drug/biological intervention type with no disqualifying evidence found,rule_classification,medium,True
NCT02502253,BDPP Treatment for Mild Cognitive Impairment (MCI) and Prediabetes or Type 2 Diabetes Mellitus (T2DM),Phase 1,Small Molecule,Metabolism,Completed,False,"grape seed polyphenolic extract, resveratrol",grape seed polyphenolic extract resveratrol,investigational_therapeutic_unverified,"sole investigational candidate identified (grape seed polyphenolic extract, resveratrol); not yet confirmed via official pipeline",False,,no_match,medium,True,Therapeutic Drug,investigational therapeutic candidate; drug/biological intervention type with no disqualifying evidence found,rule_classification,medium,True
NCT01047254,Bupropion for the Treatment of Apathy in Alzheimer's Dementia,Phase 3,Small Molecule,Neuropsychiatric,Completed,False,Elontril,elontril,investigational_therapeutic_unverified,sole investigational candidate identified (Elontril); not yet confirmed via official pipeline,False,,no_match,medium,True,Therapeutic Drug,investigational therapeutic candidate; drug/biological intervention type with no disqualifying evidence found,rule_classification,medium,True
NCT02462161,Study of Nasal Insulin to Fight Forgetfulness - Short-Acting Insulin Aspart,Phase 1,Small Molecule,Metabolism,Completed,False,Insulin aspart,insulin aspart,investigational_therapeutic_unverified,sole investigational candidate identified (Insulin aspart); not yet confirmed via official pipeline,False,,no_match,medium,True,Therapeutic Drug,investigational therapeutic candidate; drug/biological intervention type with no disqualifying evidence found,rule_classification,medium,True
NCT07115238,"Analysis of 18F-XTR006 PET Imaging in Cognitively Normal Subjects, and Patients With MCI and AD",Phase 3,Small Molecule,Other,Recruiting,False,XTR006,xtr006,investigational_therapeutic_unverified,sole investigational candidate identified (XTR006); not yet confirmed via official pipeline,False,,no_match,medium,True,Therapeutic Drug,investigational therapeutic candidate; drug/biological intervention type with no disqualifying evidence found,rule_classification,medium,True
NCT05899764,Epileptic Hippocampus in Alzheimer's Disease,Phase 2,Small Molecule,Other,Recruiting,False,Brivaracetam,brivaracetam,investigational_therapeutic_unverified,sole investigational candidate identified (Brivaracetam); not yet confirmed via official pipeline,False,,no_match,medium,True,Therapeutic Drug,investigational therapeutic candidate; drug/biological intervention type with no disqualifying evidence found,rule_classification,medium,True
NCT04678453,Safety of SNK01 in Subjects With Alzheimer's Disease (ASK-AD),Phase 1,Biologic,Other,Discontinued,False,SNK01,snk01,investigational_therapeutic_unverified,sole investigational candidate identified (SNK01); not yet confirmed via official pipeline,False,,no_match,medium,True,Therapeutic Drug,investigational therapeutic candidate; drug/biological intervention type with no disqualifying evidence found,rule_classification,medium,True
NCT00236574,A Study to Evaluate the Efficacy and Safety of Galantamine in Patients With Mild Cognitive Impairment,Phase 3,Small Molecule,Symptomatic,Completed,False,Galantamine hydrobromide,galantamine hydrobromide,investigational_therapeutic_unverified,sole investigational candidate identified (Galantamine hydrobromide); not yet confirmed via official pipeline,False,,no_match,medium,True,Therapeutic Drug,investigational therapeutic candidate; drug/biological intervention type with no disqualifying evidence found,rule_classification,medium,True
NCT06206824,Leucettinib-21 First-in-Human Phase 1 in Healthy Volunteers and Subjects With Down Syndrome and Alzheimer's Disease,Phase 1,Small Molecule,Other,Completed,False,Leucettinib-21,leucettinib 21,investigational_therapeutic_unverified,sole investigational candidate identified (Leucettinib-21); not yet confirmed via official pipeline,False,,no_match,medium,True,Therapeutic Drug,investigational therapeutic candidate; drug/biological intervention type with no disqualifying evidence found,rule_classification,medium,True
NCT00785759,"Brain Uptake and Safety With Probable Alzheimer's Disease, Amnestic Mild Cognitive Impairment and Healthy Volunteers",Phase 2,Small Molecule,Other,Completed,False,AH110690 (18F),ah110690 18f,investigational_therapeutic_unverified,sole investigational candidate identified (AH110690 (18F)); not yet confirmed via official pipeline,False,,no_match,medium,True,Therapeutic Drug,investigational therapeutic candidate; drug/biological intervention type with no disqualifying evidence found,rule_classification,medium,True
NCT02245568,Open-Label Study of Leuco-methylthioninium Bis(Hydromethanesulfonate) (LMTM) in Subjects With Alzheimer's Disease or Behavioral Variant Frontotemporal Dementia (bvFTD),Phase 3,Small Molecule,Tau,Discontinued,False,LMTM,lmtm,investigational_therapeutic_unverified,sole investigational candidate identified (LMTM); not yet confirmed via official pipeline,False,,no_match,medium,True,Therapeutic Drug,investigational therapeutic candidate; drug/biological intervention type with no disqualifying evidence found,rule_classification,medium,True
NCT03069014,Study of LM11A-31-BHS in Mild-moderate AD Patients,Phase 2,Small Molecule,Other,Completed,False,,,no_therapeutic_candidate,"no confirmed or investigational therapeutic candidate found, but this trial has unresolved/uncertain interventions worth a manual look",False,,no_match,low,True,Needs Review,no therapeutic candidate; trial has unresolved/uncertain interventions,rule_classification,low,True
NCT01066481,A Study Of Oral PF-01913539 In Patients With Mild To Moderate Alzheimer's Disease,Phase 2,Small Molecule,Other,Discontinued,False,,,no_therapeutic_candidate,"no confirmed or investigational therapeutic candidate found, but this trial has unresolved/uncertain interventions worth a manual look",False,,no_match,low,True,Needs Review,no therapeutic candidate; trial has unresolved/uncertain interventions,rule_classification,low,True
NCT00253214,Placebo-Controlled Evaluation of Galantamine in the Treatment of Alzheimer's Disease: Safety and Efficacy of a Controlled-Release Formulation,Phase 3,Small Molecule,Symptomatic,Completed,False,galantamine hydrobromide,galantamine hydrobromide,investigational_therapeutic_unverified,sole investigational candidate identified (galantamine hydrobromide); not yet confirmed via official pipeline,False,,no_match,medium,True,Therapeutic Drug,investigational therapeutic candidate; drug/biological intervention type with no disqualifying evidence found,rule_classification,medium,True
NCT00438568,SNIFF 120: Study of Nasal Insulin to Fight Forgetfulness (120 Days),Phase 2,Small Molecule,Metabolism,Completed,False,Regular Insulin,regular insulin,investigational_therapeutic_unverified,sole investigational candidate identified (Regular Insulin); not yet confirmed via official pipeline,False,,no_match,medium,True,Therapeutic Drug,investigational therapeutic candidate; drug/biological intervention type with no disqualifying evidence found,rule_classification,medium,True
NCT00795730,Multiple Dose Study Evaluating the Safety and Tolerability of NSA-789,Phase 1,Small Molecule,Other,Completed,False,NSA-789,nsa 789,investigational_therapeutic_unverified,sole investigational candidate identified (NSA-789); not yet confirmed via official pipeline,False,,no_match,medium,True,Therapeutic Drug,investigational therapeutic candidate; drug/biological intervention type with no disqualifying evidence found,rule_classification,medium,True
NCT00253227,A Study of the Safety and Effectiveness of a Flexible Dose of Galantamine Versus Placebo in the Treatment of Patients With Alzheimer's Disease,Phase 3,Small Molecule,Symptomatic,Completed,False,galantamine hydrobromide,galantamine hydrobromide,investigational_therapeutic_unverified,sole investigational candidate identified (galantamine hydrobromide); not yet confirmed via official pipeline,False,,no_match,medium,True,Therapeutic Drug,investigational therapeutic candidate; drug/biological intervention type with no disqualifying evidence found,rule_classification,medium,True
NCT00000171,Study of Melatonin: Sleep Problems in Alzheimer's Disease,Phase 3,Small Molecule,Neuropsychiatric,Completed,False,Melatonin,melatonin,investigational_therapeutic_unverified,sole investigational candidate identified (Melatonin); not yet confirmed via official pipeline,False,,no_match,medium,True,Therapeutic Drug,investigational therapeutic candidate; drug/biological intervention type with no disqualifying evidence found,rule_classification,medium,True
NCT00253201,A Study of the Safety and Effectiveness of Two Doses of Galantamine Versus Placebo in the Treatment of Patients With Alzheimer's Disease,Phase 3,Small Molecule,Symptomatic,Completed,False,galantamine hydrobromide,galantamine hydrobromide,investigational_therapeutic_unverified,sole investigational candidate identified (galantamine hydrobromide); not yet confirmed via official pipeline,False,,no_match,medium,True,Therapeutic Drug,investigational therapeutic candidate; drug/biological intervention type with no disqualifying evidence found,rule_classification,medium,True
NCT00253188,A Study of the Safety and Effectiveness of Two Doses of Galantamine Versus Placebo in the Treatment of Patients With Alzheimer's Disease,Phase 3,Small Molecule,Symptomatic,Completed,False,galantamine hydrobromide,galantamine hydrobromide,investigational_therapeutic_unverified,sole investigational candidate identified (galantamine hydrobromide); not yet confirmed via official pipeline,False,,no_match,medium,True,Therapeutic Drug,investigational therapeutic candidate; drug/biological intervention type with no disqualifying evidence found,rule_classification,medium,True
NCT01482013,Safety Study of HPP854 in Subjects With Mild Cognitive Impairment or a Diagnosis of Mild Alzheimer's Disease,Phase 1,Small Molecule,Other,Discontinued,False,HPP854,hpp854,investigational_therapeutic_unverified,sole investigational candidate identified (HPP854); not yet confirmed via official pipeline,False,,no_match,medium,True,Therapeutic Drug,investigational therapeutic candidate; drug/biological intervention type with no disqualifying evidence found,rule_classification,medium,True
NCT05817643,Food Effect Study of BMS-984923 in Healthy Older Adult Volunteers,Phase 1,Small Molecule,Amyloid,Unknown,False,BMS-984923,bms 984923,investigational_therapeutic_unverified,sole investigational candidate identified (BMS-984923); not yet confirmed via official pipeline,False,,no_match,medium,True,Therapeutic Drug,investigational therapeutic candidate; drug/biological intervention type with no disqualifying evidence found,rule_classification,medium,True
NCT00539305,Hormone and Information Processing Study,Phase 3,Small Molecule,Other,Completed,False,testosterone gel,testosterone gel,investigational_therapeutic_unverified,sole investigational candidate identified (testosterone gel); not yet confirmed via official pipeline,False,,no_match,medium,True,Therapeutic Drug,investigational therapeutic candidate; drug/biological intervention type with no disqualifying evidence found,rule_classification,medium,True
NCT02614131,A Study of LY2599666 in Healthy Participants and Participants With Mild Cognitive Impairment or Alzheimer's Disease (AD),Phase 1,Biologic,Amyloid,Discontinued,False,LY2599666; Solanezumab,ly2599666 solanezumab,investigational_therapeutic_unverified,multiple unverified investigational candidates found (LY2599666; Solanezumab) — could not resolve to a single drug,False,,multiple_candidates_unresolved,low,True,Needs Review,multiple distinct unverified candidates found in one trial — scope not determined at trial level,rule_classification,low,True
NCT00403507,Exercise Treatment of Mild-Stage Probable Alzheimer's Disease,Phase 2,Non-Drug/Behavioral,Other,Completed,False,,,no_therapeutic_candidate,no drug/biological therapeutic candidate found among this trial's interventions,False,,not_applicable,high,False,Exclude,no drug/biological therapeutic candidate found among this trial's interventions,rule_classification,high,False
NCT05183516,Tdap and Biomarkers of Alzheimer's Disease,Phase 2,Biologic,Other,Unknown,False,"tetanus toxoid, reduced diphtheria toxoid and acellular pertussis vaccine",tetanus toxoid reduced diphtheria toxoid and acellular pertussis vaccine,investigational_therapeutic_unverified,"sole investigational candidate identified (tetanus toxoid, reduced diphtheria toxoid and acellular pertussis vaccine); not yet confirmed via official pipeline",False,,no_match,medium,True,Therapeutic Drug,investigational therapeutic candidate; drug/biological intervention type with no disqualifying evidence found,rule_classification,medium,True
NCT00236431,A Study to Evaluate the Efficacy and Safety of Galantamine in Patients With Mild Cognitive Impairment,Phase 3,Small Molecule,Symptomatic,Completed,False,Galantamine hydrobromide,galantamine hydrobromide,investigational_therapeutic_unverified,sole investigational candidate identified (Galantamine hydrobromide); not yet confirmed via official pipeline,False,,no_match,medium,True,Therapeutic Drug,investigational therapeutic candidate; drug/biological intervention type with no disqualifying evidence found,rule_classification,medium,True
NCT06814730,A Study to Assess THN391 in Subjects With Alzheimer's Disease,Phase 1,Small Molecule,Other,Active,False,THN391,thn391,investigational_therapeutic_unverified,sole investigational candidate identified (THN391); not yet confirmed via official pipeline,False,,no_match,medium,True,Therapeutic Drug,investigational therapeutic candidate; drug/biological intervention type with no disqualifying evidence found,rule_classification,medium,True
NCT04516057,Nabilone for Agitation Blinded Intervention Trial,Phase 3,Small Molecule,Neuropsychiatric,Recruiting,False,Nabilone,nabilone,investigational_therapeutic_unverified,sole investigational candidate identified (Nabilone); not yet confirmed via official pipeline,False,,no_match,medium,True,Therapeutic Drug,investigational therapeutic candidate; drug/biological intervention type with no disqualifying evidence found,rule_classification,medium,True
NCT07284472,Safety and Efficacy of EXV-802 and EXV-801 in the Treatment of Agitation in Alzheimer's Disease Dementia,Phase 3,Small Molecule,Neuropsychiatric,Recruiting,False,EXV-802; EXV-801,exv 802 exv 801,investigational_therapeutic_unverified,multiple unverified investigational candidates found (EXV-802; EXV-801) — could not resolve to a single drug,False,,multiple_candidates_unresolved,low,True,Needs Review,multiple distinct unverified candidates found in one trial — scope not determined at trial level,rule_classification,low,True
NCT06803823,A Study of ONO-2020 in Patients With Agitation Associated With Alzheimer's Disease Dementia,Phase 2,Small Molecule,Neuropsychiatric,Recruiting,False,ONO-2020,ono 2020,investigational_therapeutic_unverified,sole investigational candidate identified (ONO-2020); not yet confirmed via official pipeline,False,,no_match,medium,True,Therapeutic Drug,investigational therapeutic candidate; drug/biological intervention type with no disqualifying evidence found,rule_classification,medium,True
NCT03880240,Gamma Induction for Alzheimer's Disease,Phase 2,Device,Other,Completed,False,,,no_therapeutic_candidate,no drug/biological therapeutic candidate found among this trial's interventions,False,,not_applicable,high,False,Exclude,no drug/biological therapeutic candidate found among this trial's interventions,rule_classification,high,False
NCT05508789,A Study of Donanemab (LY3002813) in Participants With Early Symptomatic Alzheimer's Disease (TRAILBLAZER-ALZ 5),Phase 3,Biologic,Amyloid,Active,False,Donanemab,donanemab,sponsor_developed_therapeutic,official pipeline record matched (Donanemab) but source_url is blank — verify manually,True,,pipeline_record_match_without_source,medium,True,Therapeutic Drug,confirmed or unsourced official sponsor-pipeline match,rule_classification,medium,False
NCT05522387,An Open-Label Extension of XPro1595 in Patients With Alzheimer's Disease,Phase 2,Small Molecule,Inflammation,Discontinued,False,XPro1595,xpro1595,investigational_therapeutic_unverified,sole investigational candidate identified (XPro1595); not yet confirmed via official pipeline,False,,no_match,medium,True,Therapeutic Drug,investigational therapeutic candidate; drug/biological intervention type with no disqualifying evidence found,rule_classification,medium,True
NCT01767909,The Study of Nasal Insulin in the Fight Against Forgetfulness (SNIFF),Phase 3,Small Molecule,Metabolism,Completed,False,Insulin (Humulin® R U-100),insulin humulin r u 100,investigational_therapeutic_unverified,sole investigational candidate identified (Insulin (Humulin® R U-100)); not yet confirmed via official pipeline,False,,no_match,medium,True,Therapeutic Drug,investigational therapeutic candidate; drug/biological intervention type with no disqualifying evidence found,rule_classification,medium,True
NCT04661280,Donepezil Versus Non-drug Treatment in Alzheimer's Disease.,Phase 3,Small Molecule,Symptomatic,Recruiting,False,Donepezil,donepezil,investigational_therapeutic_unverified,sole investigational candidate identified (Donepezil); not yet confirmed via official pipeline,False,,no_match,medium,True,Therapeutic Drug,investigational therapeutic candidate; drug/biological intervention type with no disqualifying evidence found,rule_classification,medium,True
NCT06362707,Fasudil Trial for Treatment of Early Alzheimer's Disease (FEAD),Phase 2,Small Molecule,Other,Recruiting,False,Fasudil,fasudil,investigational_therapeutic_unverified,sole investigational candidate identified (Fasudil); not yet confirmed via official pipeline,False,,no_match,medium,True,Therapeutic Drug,investigational therapeutic candidate; drug/biological intervention type with no disqualifying evidence found,rule_classification,medium,True
NCT07489599,A Study of QLH2405 in Healthy Participants and Participants With Mild Cognitive Impairment Due to Alzheimer's Disease and Mild Alzheimer's Disease,Phase 1,Small Molecule,Other,Recruiting,False,QLH2405,qlh2405,investigational_therapeutic_unverified,sole investigational candidate identified (QLH2405); not yet confirmed via official pipeline,False,,no_match,medium,True,Therapeutic Drug,investigational therapeutic candidate; drug/biological intervention type with no disqualifying evidence found,rule_classification,medium,True
NCT04785300,ALSENLITE: Senolytics for Alzheimer's Disease,Phase 2,Small Molecule,Neuroprotection,Active,False,Dasatinib; Quercetin,dasatinib quercetin,investigational_therapeutic_unverified,multiple unverified investigational candidates found (Dasatinib; Quercetin) — could not resolve to a single drug,False,,multiple_candidates_unresolved,low,True,Needs Review,multiple distinct unverified candidates found in one trial — scope not determined at trial level,rule_classification,low,True
NCT01723553,Amyloid-related Imaging Abnormalities (Microbleeds) in Atypical AD,Phase 1,Small Molecule,Amyloid,Completed,False,,,no_therapeutic_candidate,no drug/biological therapeutic candidate found among this trial's interventions,False,,not_applicable,high,False,Exclude,no drug/biological therapeutic candidate found among this trial's interventions,rule_classification,high,False
NCT02288000,Prediction of Cognitive Properties of Memantine for Neurodegenerative Diseases,Phase 1,Small Molecule,Symptomatic,Discontinued,False,Memantine,memantine,investigational_therapeutic_unverified,sole investigational candidate identified (Memantine); not yet confirmed via official pipeline,False,,no_match,medium,True,Therapeutic Drug,investigational therapeutic candidate; drug/biological intervention type with no disqualifying evidence found,rule_classification,medium,True
NCT03752294,A Novel Therapeutic Target for Alzheimer's Disease in Men and Women 50-85 Years of Age.,Phase 1,Small Molecule,Other,Discontinued,False,Dabigatran,dabigatran,investigational_therapeutic_unverified,sole investigational candidate identified (Dabigatran); not yet confirmed via official pipeline,False,,no_match,medium,True,Therapeutic Drug,investigational therapeutic candidate; drug/biological intervention type with no disqualifying evidence found,rule_classification,medium,True
NCT05336695,Assess Fibrin in Brains With AD/ADRD,Phase 2,Small Molecule,Other,Recruiting,False,,,no_therapeutic_candidate,"no confirmed or investigational therapeutic candidate found, but this trial has unresolved/uncertain interventions worth a manual look",False,,no_match,low,True,Needs Review,no therapeutic candidate; trial has unresolved/uncertain interventions,rule_classification,low,True
NCT00000174,Investigation Into Delay to Diagnosis of Alzheimer's Disease With Exelon (InDDEx),Phase 3,Small Molecule,Symptomatic,Completed,False,Rivastigmine,rivastigmine,investigational_therapeutic_unverified,sole investigational candidate identified (Rivastigmine); not yet confirmed via official pipeline,False,,no_match,medium,True,Therapeutic Drug,investigational therapeutic candidate; drug/biological intervention type with no disqualifying evidence found,rule_classification,medium,True
NCT01487395,Prediction of Cognitive Properties of New Drug Candidates for Neurodegenerative Diseases in Early Clinical Development,Phase 1,Small Molecule,Symptomatic,Completed,False,Donepezil .,donepezil,investigational_therapeutic_unverified,sole investigational candidate identified (Donepezil .); not yet confirmed via official pipeline,False,,no_match,medium,True,Therapeutic Drug,investigational therapeutic candidate; drug/biological intervention type with no disqualifying evidence found,rule_classification,medium,True
NCT03486938,Study of AGB101 in Mild Cognitive Impairment Due to Alzheimer's Disease,Phase 3,Small Molecule,Other,Completed,False,AGB101,agb101,investigational_therapeutic_unverified,sole investigational candidate identified (AGB101); not yet confirmed via official pipeline,False,,no_match,medium,True,Therapeutic Drug,investigational therapeutic candidate; drug/biological intervention type with no disqualifying evidence found,rule_classification,medium,True
NCT06750432,PMN310 in Patients With Early Alzheimer's Disease (PRECISE-AD),Phase 1,Small Molecule,Other,Active,False,PMN310,pmn310,investigational_therapeutic_unverified,sole investigational candidate identified (PMN310); not yet confirmed via official pipeline,False,,no_match,medium,True,Therapeutic Drug,investigational therapeutic candidate; drug/biological intervention type with no disqualifying evidence found,rule_classification,medium,True
NCT07107074,Effects of a Widely Used Vaccine Adjuvant in Subjects With Early Alzheimer's Disease Double-blind Study to Assess the Safety and Efficacy of AD04 in Patients With Early Alzheimer's Disease - ADVANCE,Phase 2,Small Molecule,Other,Active,False,AD04,ad04,investigational_therapeutic_unverified,sole investigational candidate identified (AD04); not yet confirmed via official pipeline,False,,no_match,medium,True,Therapeutic Drug,investigational therapeutic candidate; drug/biological intervention type with no disqualifying evidence found,rule_classification,medium,True
NCT07328451,"A Study to Evaluate the Safety, Tolerability, Pharmacokinetics, and Pharmacodynamics of DNL628 in Participants With Early Alzheimer's Disease",Phase 1,Small Molecule,Other,Recruiting,False,DNL628,dnl628,investigational_therapeutic_unverified,sole investigational candidate identified (DNL628); not yet confirmed via official pipeline,False,,no_match,medium,True,Therapeutic Drug,investigational therapeutic candidate; drug/biological intervention type with no disqualifying evidence found,rule_classification,medium,True
NCT01453569,"Safety, Efficacy and Dose Titration of Sodium Oligo-mannurarate Capsule on Mild to Moderate Alzheimer's Disease",Phase 2,Small Molecule,Other,Completed,False,,,no_therapeutic_candidate,"no confirmed or investigational therapeutic candidate found, but this trial has unresolved/uncertain interventions worth a manual look",False,,no_match,low,True,Needs Review,no therapeutic candidate; trial has unresolved/uncertain interventions,rule_classification,low,True
NCT06078891,Does BCG Vaccination Reduce Biomarkers of Alzheimer's Disease?,Phase 1,Biologic,Other,Recruiting,False,BCG vaccine,bcg vaccine,investigational_therapeutic_unverified,sole investigational candidate identified (BCG vaccine); not yet confirmed via official pipeline,False,,no_match,medium,True,Therapeutic Drug,investigational therapeutic candidate; drug/biological intervention type with no disqualifying evidence found,rule_classification,medium,True
NCT06268886,"Study to Evaluate the Efficacy, Safety, and Tolerability of an Anti-MTBR Tau Monoclonal Antibody (BMS-986446) in Participants With Early Alzheimer's Disease",Phase 2,Small Molecule,Tau,Active,False,BMS-986446,bms 986446,investigational_therapeutic_unverified,sole investigational candidate identified (BMS-986446); not yet confirmed via official pipeline,False,,no_match,medium,True,Therapeutic Drug,investigational therapeutic candidate; drug/biological intervention type with no disqualifying evidence found,rule_classification,medium,True
NCT00908492,Supporting Caregivers of Persons With Dementia: A Pilot Study,Phase 3,Non-Drug/Behavioral,Other,Completed,False,,,no_therapeutic_candidate,no drug/biological therapeutic candidate found among this trial's interventions,False,,not_applicable,high,False,Exclude,no drug/biological therapeutic candidate found among this trial's interventions,rule_classification,high,False
NCT03706885,Efavirenz for Patients With Alzheimer's Disease,Phase 1,Small Molecule,Other,Completed,False,Sustiva Pill,sustiva pill,investigational_therapeutic_unverified,sole investigational candidate identified (Sustiva Pill); not yet confirmed via official pipeline,False,,no_match,medium,True,Therapeutic Drug,investigational therapeutic candidate; drug/biological intervention type with no disqualifying evidence found,rule_classification,medium,True
NCT02562989,[18F]MK-6240 Positron Emission Tomography (PET) Tracer First-in-Human Validation Study (MK-6240-001),Phase 1,Small Molecule,Tau,Completed,False,,,no_therapeutic_candidate,no drug/biological therapeutic candidate found among this trial's interventions,False,,not_applicable,high,False,Exclude,no drug/biological therapeutic candidate found among this trial's interventions,rule_classification,high,False
NCT03118947,A Study of Pimavanserin for the Treatment of Agitation and Aggression in Subjects With Alzheimer's Disease,Phase 2,Small Molecule,Neuropsychiatric,Completed,False,Pimavanserin,pimavanserin,investigational_therapeutic_unverified,sole investigational candidate identified (Pimavanserin); not yet confirmed via official pipeline,False,,no_match,medium,True,Therapeutic Drug,investigational therapeutic candidate; drug/biological intervention type with no disqualifying evidence found,rule_classification,medium,True
NCT06600880,Neuronavigation-guided FUS-induced BBB Opening in Alzheimer's Disease Patients and Its Effects on Brain Amyloid and Tau,Phase 1,Device,Tau,Recruiting,False,,,no_therapeutic_candidate,"no confirmed or investigational therapeutic candidate found, but this trial has unresolved/uncertain interventions worth a manual look",False,,no_match,low,True,Needs Review,no therapeutic candidate; trial has unresolved/uncertain interventions,rule_classification,low,True
NCT05983575,A Pivotal Study of LIPUS-Brain in Patients With Early Alzheimer's Disease,Phase 3,Device,Other,Active,False,,,no_therapeutic_candidate,no drug/biological therapeutic candidate found among this trial's interventions,False,,not_applicable,high,False,Exclude,no drug/biological therapeutic candidate found among this trial's interventions,rule_classification,high,False
NCT00255866,Improving Mood and Behavior in Assisted Living Residents Through Skills Training for Their Caregivers,Phase 3,Non-Drug/Behavioral,Other,Completed,False,,,no_therapeutic_candidate,no drug/biological therapeutic candidate found among this trial's interventions,False,,not_applicable,high,False,Exclude,no drug/biological therapeutic candidate found among this trial's interventions,rule_classification,high,False
NCT02992132,Study to Examine the Safety and Efficacy of Pimavanserin for the Treatment of Agitation and Aggression in Alzheimer's Disease (SERENE),Phase 2,Small Molecule,Neuropsychiatric,Discontinued,False,Pimavanserin,pimavanserin,investigational_therapeutic_unverified,sole investigational candidate identified (Pimavanserin); not yet confirmed via official pipeline,False,,no_match,medium,True,Therapeutic Drug,investigational therapeutic candidate; drug/biological intervention type with no disqualifying evidence found,rule_classification,medium,True
NCT02817906,"ITI-007 for the Treatment of Agitation in Patients With Dementia, Including Alzheimer's Disease",Phase 3,Small Molecule,Neuropsychiatric,Discontinued,False,ITI-007,iti 007,investigational_therapeutic_unverified,sole investigational candidate identified (ITI-007); not yet confirmed via official pipeline,False,,no_match,medium,True,Therapeutic Drug,investigational therapeutic candidate; drug/biological intervention type with no disqualifying evidence found,rule_classification,medium,True
NCT02813070,Comparison of PET Amyloid Imaging in Japanese and Western Subjects,Phase 2,Small Molecule,Amyloid,Completed,False,,,no_therapeutic_candidate,no drug/biological therapeutic candidate found among this trial's interventions,False,,not_applicable,high,False,Exclude,no drug/biological therapeutic candidate found among this trial's interventions,rule_classification,high,False
NCT06781333,Human Mesenchymal Stem Cells (hMSC) in Behavioral Problems Due to Alzheimer's Disease.,Phase 2,Biologic,Other,Recruiting,False,hMSC,hmsc,investigational_therapeutic_unverified,sole investigational candidate identified (hMSC); not yet confirmed via official pipeline,False,,no_match,medium,True,Therapeutic Drug,investigational therapeutic candidate; drug/biological intervention type with no disqualifying evidence found,rule_classification,medium,True
NCT02769065,Study of TAK-071 in Healthy Participants and Participants With Mild Cognitive Impairment/Mild Alzheimer Disease and Relative Bioavailability (BA) and Food Effect of TAK-071 in Healthy Participants,Phase 1,Small Molecule,Symptomatic,Discontinued,False,TAK-071,tak 071,investigational_therapeutic_unverified,sole investigational candidate identified (TAK-071); not yet confirmed via official pipeline,False,,no_match,medium,True,Therapeutic Drug,investigational therapeutic candidate; drug/biological intervention type with no disqualifying evidence found,rule_classification,medium,True
NCT06673069,"Hero: A Study to Evaluate the Safety, Tolerability, and Pharmacokinetics (PK) and Pharmacodynamics (PD) of ION269 in Participants With Down Syndrome (DS) at Risk for Alzheimer's Disease (AD)",Phase 1,Small Molecule,Other,Discontinued,False,ION269,ion269,investigational_therapeutic_unverified,sole investigational candidate identified (ION269); not yet confirmed via official pipeline,False,,no_match,medium,True,Therapeutic Drug,investigational therapeutic candidate; drug/biological intervention type with no disqualifying evidence found,rule_classification,medium,True
NCT01548287,A Study of the Safety and Tolerability of AZD5213 Effect on Sleep for Patients With Alzheimer's/Cognitive Impairment,Phase 2,Small Molecule,Neuropsychiatric,Completed,False,AZD5213,azd5213,investigational_therapeutic_unverified,sole investigational candidate identified (AZD5213); not yet confirmed via official pipeline,False,,no_match,medium,True,Therapeutic Drug,investigational therapeutic candidate; drug/biological intervention type with no disqualifying evidence found,rule_classification,medium,True
NCT04552795,Pilot Study to Investigate the Safety and Feasibility of AntiRetroviral Therapy for Alzheimer's Disease,Phase 2,Small Molecule,Other,Completed,False,3TC,3tc,investigational_therapeutic_unverified,sole investigational candidate identified (3TC); not yet confirmed via official pipeline,False,,no_match,medium,True,Therapeutic Drug,investigational therapeutic candidate; drug/biological intervention type with no disqualifying evidence found,rule_classification,medium,True
NCT04488419,ATH-1017 for Treatment of Mild to Moderate Alzheimer's Disease,Phase 3,Small Molecule,Neuroprotection,Completed,False,ATH-1017,ath 1017,investigational_therapeutic_unverified,sole investigational candidate identified (ATH-1017); not yet confirmed via official pipeline,False,,no_match,medium,True,Therapeutic Drug,investigational therapeutic candidate; drug/biological intervention type with no disqualifying evidence found,rule_classification,medium,True
NCT05783830,Study Evaluating the Pharmacokinetics of a Single Microdose of ACD856,Phase 1,Small Molecule,Other,Completed,False,ACD856,acd856,investigational_therapeutic_unverified,sole investigational candidate identified (ACD856); not yet confirmed via official pipeline,False,,no_match,medium,True,Therapeutic Drug,investigational therapeutic candidate; drug/biological intervention type with no disqualifying evidence found,rule_classification,medium,True
NCT04570644,Randomized I/II Phase Study of ALZT-OP1 Combination Therapy in Alzheimer's Disease and Normal Healthy Volunteers,Phase 1,Small Molecule,Other,Completed,False,ALZT-OP1 (cromolyn and ibuprofen) ALZT-OP1a (cromolyn) and ALZT-OP1b (ibuprofen),alzt op1 cromolyn and ibuprofen alzt op1a cromolyn and alzt op1b ibuprofen,investigational_therapeutic_unverified,sole investigational candidate identified (ALZT-OP1 (cromolyn and ibuprofen) ALZT-OP1a (cromolyn) and ALZT-OP1b (ibuprofen)); not yet confirmed via official pipeline,False,,no_match,medium,True,Therapeutic Drug,investigational therapeutic candidate; drug/biological intervention type with no disqualifying evidence found,rule_classification,medium,True
NCT04274998,Neuroinflammation Imaging in AD,Phase 1,Small Molecule,Inflammation,Active,False,[11C]PBR28,11c pbr28,investigational_therapeutic_unverified,sole investigational candidate identified ([11C]PBR28); not yet confirmed via official pipeline,False,,no_match,medium,True,Therapeutic Drug,investigational therapeutic candidate; drug/biological intervention type with no disqualifying evidence found,rule_classification,medium,True
NCT04780399,Efficacy and Safety of Yangxue Qingnao Pills in the Treatment of Mild to Moderate Alzheimer's Disease,Phase 2,Small Molecule,Other,Unknown,False,,,no_therapeutic_candidate,"no confirmed or investigational therapeutic candidate found, but this trial has unresolved/uncertain interventions worth a manual look",False,,no_match,low,True,Needs Review,no therapeutic candidate; trial has unresolved/uncertain interventions,rule_classification,low,True
NCT05986721,Clinical Trial of AGB101 for Mild Cognitive Impairment,Phase 2,Small Molecule,Other,Discontinued,False,AGB101,agb101,investigational_therapeutic_unverified,sole investigational candidate identified (AGB101); not yet confirmed via official pipeline,False,,no_match,medium,True,Therapeutic Drug,investigational therapeutic candidate; drug/biological intervention type with no disqualifying evidence found,rule_classification,medium,True
NCT04018092,The Revitalize Study in Older Adults at Risk for Alzheimer's Disease,Phase 2,Device,Other,Active,False,,,no_therapeutic_candidate,no drug/biological therapeutic candidate found among this trial's interventions,False,,not_applicable,high,False,Exclude,no drug/biological therapeutic candidate found among this trial's interventions,rule_classification,high,False
NCT05231785,A Study to Evaluate the Safety and Tolerability of ALN-APP in Patients With EOAD,Phase 1,Small Molecule,Other,Recruiting,False,ALN-APP,aln app,investigational_therapeutic_unverified,sole investigational candidate identified (ALN-APP); not yet confirmed via official pipeline,False,,no_match,medium,True,Therapeutic Drug,investigational therapeutic candidate; drug/biological intervention type with no disqualifying evidence found,rule_classification,medium,True
NCT02036645,"SAD/MAD Study to Assess Safety, Tolerability, PK & PD of MEDI1814 in Subjects With Mild-Moderate Alzheimer's Disease.",Phase 1,Biologic,Other,Completed,False,,,no_therapeutic_candidate,"no confirmed or investigational therapeutic candidate found, but this trial has unresolved/uncertain interventions worth a manual look",False,,no_match,low,True,Needs Review,no therapeutic candidate; trial has unresolved/uncertain interventions,rule_classification,low,True
NCT04491006,A Study of ATH-1017 in Mild to Moderate Alzheimer's Disease,Phase 2,Small Molecule,Neuroprotection,Completed,False,ATH-1017,ath 1017,investigational_therapeutic_unverified,sole investigational candidate identified (ATH-1017); not yet confirmed via official pipeline,False,,no_match,medium,True,Therapeutic Drug,investigational therapeutic candidate; drug/biological intervention type with no disqualifying evidence found,rule_classification,medium,True
NCT05077631,"Study to Evaluate the Effects of Single Ascending Oral Doses of ACD856 on Safety, Tolerability and Pharmacokinetics",Phase 1,Small Molecule,Other,Completed,False,ACD856,acd856,investigational_therapeutic_unverified,sole investigational candidate identified (ACD856); not yet confirmed via official pipeline,False,,no_match,medium,True,Therapeutic Drug,investigational therapeutic candidate; drug/biological intervention type with no disqualifying evidence found,rule_classification,medium,True
NCT05077501,"Study to Evaluate the Safety, Tolerability, Pharmacokinetics and Pharmacodynamics of Multiple Ascending Doses of ACD856",Phase 1,Small Molecule,Other,Completed,False,ACD856,acd856,investigational_therapeutic_unverified,sole investigational candidate identified (ACD856); not yet confirmed via official pipeline,False,,no_match,medium,True,Therapeutic Drug,investigational therapeutic candidate; drug/biological intervention type with no disqualifying evidence found,rule_classification,medium,True
NCT05647473,"Efficacy, Safety and Response Predictors of Adjuvant Astragalus for Cognition in Orthostatic Hypotension",Phase 2,Small Molecule,Other,Unknown,False,,,no_therapeutic_candidate,"no confirmed or investigational therapeutic candidate found, but this trial has unresolved/uncertain interventions worth a manual look",False,,no_match,low,True,Needs Review,no therapeutic candidate; trial has unresolved/uncertain interventions,rule_classification,low,True
NCT03625401,Efficacy and Safety of AD-35 in Treatment of Subjects With Mild to Moderate Alzheimer's Disease,Phase 2,Small Molecule,Other,Unknown,False,AD-35,ad 35,investigational_therapeutic_unverified,sole investigational candidate identified (AD-35); not yet confirmed via official pipeline,False,,no_match,medium,True,Therapeutic Drug,investigational therapeutic candidate; drug/biological intervention type with no disqualifying evidence found,rule_classification,medium,True
NCT01503944,A Trial of 18F-AV-133 and 18F-AV-45 Positron Emission Tomography (PET),Phase 2,Small Molecule,Amyloid,Completed,False,18F-AV-133,18f av 133,investigational_therapeutic_unverified,sole investigational candidate identified (18F-AV-133); not yet confirmed via official pipeline,False,,no_match,medium,True,Therapeutic Drug,investigational therapeutic candidate; drug/biological intervention type with no disqualifying evidence found,rule_classification,medium,True
NCT01072812,Study of the Pharmacokinetics and Pharmacodynamics of POSIPHEN® in Subjects With Amnestic Mild Cognitive Impairment,Phase 1,Small Molecule,Neuroprotection,Discontinued,False,Posiphen® tartrate,posiphen tartrate,investigational_therapeutic_unverified,sole investigational candidate identified (Posiphen® tartrate); not yet confirmed via official pipeline,False,,no_match,medium,True,Therapeutic Drug,investigational therapeutic candidate; drug/biological intervention type with no disqualifying evidence found,rule_classification,medium,True
NCT02322021,"Dose-Finding Study To Evaluate Safety, Tolerability, and Efficacy of E2609 in Participants With Mild Cognitive Impairment Due to Alzheimer's Disease (Prodromal Alzheimer's Disease) and Mild to Moderate Dementia Due to Alzheimer's Disease",Phase 2,Small Molecule,Amyloid,Discontinued,False,E2609,e2609,investigational_therapeutic_unverified,sole investigational candidate identified (E2609); not yet confirmed via official pipeline,False,,no_match,medium,True,Therapeutic Drug,investigational therapeutic candidate; drug/biological intervention type with no disqualifying evidence found,rule_classification,medium,True
NCT02323334,A Study of LY3202626 in Healthy Participants and Participants With Alzheimer's Disease,Phase 1,Small Molecule,Other,Completed,False,LY3202626,ly3202626,investigational_therapeutic_unverified,sole investigational candidate identified (LY3202626); not yet confirmed via official pipeline,False,,no_match,medium,True,Therapeutic Drug,investigational therapeutic candidate; drug/biological intervention type with no disqualifying evidence found,rule_classification,medium,True
NCT03071224,Phase 1 Evaluation of [18F]MK-6240 PET as an Imaging Marker for Tau Protein,Phase 1,Small Molecule,Amyloid,Completed,False,[18F] MNI-946,18f mni 946,investigational_therapeutic_unverified,sole investigational candidate identified ([18F] MNI-946); not yet confirmed via official pipeline,False,,no_match,medium,True,Therapeutic Drug,investigational therapeutic candidate; drug/biological intervention type with no disqualifying evidence found,rule_classification,medium,True
NCT04449926,BCG and Plasma Amyloid in Non-Demented Adults,Phase 2,Biologic,Amyloid,Completed,False,Bacillus of Calmette and Guerin (BCG),bacillus of calmette and guerin bcg,investigational_therapeutic_unverified,sole investigational candidate identified (Bacillus of Calmette and Guerin (BCG)); not yet confirmed via official pipeline,False,,no_match,medium,True,Therapeutic Drug,investigational therapeutic candidate; drug/biological intervention type with no disqualifying evidence found,rule_classification,medium,True
NCT07724132,An Evaluation of Treatments for Sustained Clinical Response (18 Months) in Symptomatic Alzheimer's Disease,Phase 3,Small Molecule,Metabolism,Recruiting,False,Metformin,metformin,investigational_therapeutic_unverified,sole investigational candidate identified (Metformin); not yet confirmed via official pipeline,False,,no_match,medium,True,Therapeutic Drug,investigational therapeutic candidate; drug/biological intervention type with no disqualifying evidence found,rule_classification,medium,True
NCT01807026,A Study of LY2886721 in Healthy Participants and Participants Diagnosed With Alzheimer's Disease,Phase 1,Small Molecule,Amyloid,Completed,False,LY2886721,ly2886721,investigational_therapeutic_unverified,sole investigational candidate identified (LY2886721); not yet confirmed via official pipeline,False,,no_match,medium,True,Therapeutic Drug,investigational therapeutic candidate; drug/biological intervention type with no disqualifying evidence found,rule_classification,medium,True
NCT05619692,A Study to Evaluate the Effects of SAGE-718 in Participants With Mild Cognitive Impairment or Mild Dementia Due to Alzheimer's Disease (AD),Phase 2,Small Molecule,Other,Completed,False,SAGE-718,sage 718,investigational_therapeutic_unverified,sole investigational candidate identified (SAGE-718); not yet confirmed via official pipeline,False,,no_match,medium,True,Therapeutic Drug,investigational therapeutic candidate; drug/biological intervention type with no disqualifying evidence found,rule_classification,medium,True
NCT03282916,Anti-viral Therapy in Alzheimer's Disease,Phase 2,Small Molecule,Other,Completed,False,Valacyclovir,valacyclovir,investigational_therapeutic_unverified,sole investigational candidate identified (Valacyclovir); not yet confirmed via official pipeline,False,,no_match,medium,True,Therapeutic Drug,investigational therapeutic candidate; drug/biological intervention type with no disqualifying evidence found,rule_classification,medium,True
NCT03721705,Renew NCP-5 for the Treatment of Mild Cognitive Impairment Due to Alzheimer's Disease (AD) or Mild Dementia of the Alzheimer's Type,Phase 3,Device,Other,Completed,False,,,no_therapeutic_candidate,no drug/biological therapeutic candidate found among this trial's interventions,False,,not_applicable,high,False,Exclude,no drug/biological therapeutic candidate found among this trial's interventions,rule_classification,high,False
NCT04430517,Effects of Nicotinamide Riboside on Bioenergetics and Oxidative Stress in Mild Cognitive Impairment/Alzheimer's Dementia,Phase 1,Small Molecule,Metabolism,Completed,False,Nicotinamide riboside,nicotinamide riboside,investigational_therapeutic_unverified,sole investigational candidate identified (Nicotinamide riboside); not yet confirmed via official pipeline,False,,no_match,medium,True,Therapeutic Drug,investigational therapeutic candidate; drug/biological intervention type with no disqualifying evidence found,rule_classification,medium,True
NCT01055392,Disease-modifying Properties of Lithium in the Neurobiology of Alzheimer's Disease,Phase 2,Small Molecule,Other,Unknown,False,Lithium Carbonate,lithium carbonate,investigational_therapeutic_unverified,sole investigational candidate identified (Lithium Carbonate); not yet confirmed via official pipeline,False,,no_match,medium,True,Therapeutic Drug,investigational therapeutic candidate; drug/biological intervention type with no disqualifying evidence found,rule_classification,medium,True
NCT02913664,Risk Reduction for Alzheimer's Disease,Phase 3,Small Molecule,Other,Completed,False,"Angiotensin II receptor blocker (ARB, losartan) and calcium channel blocker (CCB, amlodipine)",angiotensin ii receptor blocker arb losartan and calcium channel blocker ccb amlodipine,investigational_therapeutic_unverified,"sole investigational candidate identified (Angiotensin II receptor blocker (ARB, losartan) and calcium channel blocker (CCB, amlodipine)); not yet confirmed via official pipeline",False,,no_match,medium,True,Therapeutic Drug,investigational therapeutic candidate; drug/biological intervention type with no disqualifying evidence found,rule_classification,medium,True
NCT07636811,A Study to Evaluate Mivelsiran in Adult Participants With Early-Stage Down Syndrome-Associated Alzheimer's Disease (DS-AD),Phase 2,Small Molecule,Other,Recruiting,False,Mivelsiran,mivelsiran,investigational_therapeutic_unverified,sole investigational candidate identified (Mivelsiran); not yet confirmed via official pipeline,False,,no_match,medium,True,Therapeutic Drug,investigational therapeutic candidate; drug/biological intervention type with no disqualifying evidence found,rule_classification,medium,True
NCT01354691,Safety and Efficacy Study of Ladostigil in Mild to Moderate Probable Alzheimer's Disease,Phase 2,Small Molecule,Other,Completed,False,ladostigil hemitartrate,ladostigil hemitartrate,investigational_therapeutic_unverified,sole investigational candidate identified (ladostigil hemitartrate); not yet confirmed via official pipeline,False,,no_match,medium,True,Therapeutic Drug,investigational therapeutic candidate; drug/biological intervention type with no disqualifying evidence found,rule_classification,medium,True
NCT02353949,Investigating the Clinical Consequences of Flutemetamol-PET-scanning,Phase 3,Small Molecule,Amyloid,Discontinued,False,,,no_therapeutic_candidate,no drug/biological therapeutic candidate found among this trial's interventions,False,,not_applicable,high,False,Exclude,no drug/biological therapeutic candidate found among this trial's interventions,rule_classification,high,False
NCT02278367,Clinical Evaluation of Flortaucipir F 18,Phase 2,Small Molecule,Tau,Completed,False,,,no_therapeutic_candidate,no drug/biological therapeutic candidate found among this trial's interventions,False,,not_applicable,high,False,Exclude,no drug/biological therapeutic candidate found among this trial's interventions,rule_classification,high,False
NCT07332260,Alzheimer's Disease and Faecal Microbiota Transplantation -a Pilot Study,Phase 1,Biologic,Other,Recruiting,False,Preprocessed thawed donor FMT,preprocessed thawed donor fmt,investigational_therapeutic_unverified,sole investigational candidate identified (Preprocessed thawed donor FMT); not yet confirmed via official pipeline,False,,no_match,medium,True,Therapeutic Drug,investigational therapeutic candidate; drug/biological intervention type with no disqualifying evidence found,rule_classification,medium,True
NCT04784416,Transcranial Photobiomodulation for Alzheimer's Disease (TRAP-AD),Phase 2,Device,Tau,Active,False,,,no_therapeutic_candidate,no drug/biological therapeutic candidate found among this trial's interventions,False,,not_applicable,high,False,Exclude,no drug/biological therapeutic candidate found among this trial's interventions,rule_classification,high,False
NCT06052254,Dexmedetomidine Transdermal Systems (DMTS) Treatment for Agitation Associated With Dementia of the Alzheimer's Type,Phase 2,Small Molecule,Neuropsychiatric,Recruiting,False,12 cm2 - 2 Active DMTS Patches,12 cm2 2 active dmts patches,investigational_therapeutic_unverified,sole investigational candidate identified (12 cm2 - 2 Active DMTS Patches); not yet confirmed via official pipeline,False,,no_match,medium,True,Therapeutic Drug,investigational therapeutic candidate; drug/biological intervention type with no disqualifying evidence found,rule_classification,medium,True
NCT05738486,A Study of Different Donanemab (LY3002813) Dosing Regimens in Adults With Early Alzheimer's Disease (TRAILBLAZER-ALZ 6),Phase 3,Biologic,Amyloid,Active,False,Donanemab,donanemab,sponsor_developed_therapeutic,official pipeline record matched (Donanemab) but source_url is blank — verify manually,True,,pipeline_record_match_without_source,medium,True,Therapeutic Drug,confirmed or unsourced official sponsor-pipeline match,rule_classification,medium,False
NCT00090402,Fish Oil and Alpha Lipoic Acid in Treating Alzheimer's Disease,Phase 2,Dietary Supplement,Other,Completed,False,,,no_therapeutic_candidate,"no confirmed or investigational therapeutic candidate found, but this trial has unresolved/uncertain interventions worth a manual look",False,,no_match,low,True,Needs Review,no therapeutic candidate; trial has unresolved/uncertain interventions,rule_classification,low,True
NCT03108846,Escitalopram for Agitation in Alzheimer's Disease,Phase 3,Small Molecule,Neuropsychiatric,Active,False,Escitalopram,escitalopram,investigational_therapeutic_unverified,sole investigational candidate identified (Escitalopram); not yet confirmed via official pipeline,False,,no_match,medium,True,Therapeutic Drug,investigational therapeutic candidate; drug/biological intervention type with no disqualifying evidence found,rule_classification,medium,True
NCT00056524,Safety Study of AVP-923 in the Treatment of IEED (Involuntary Emotional Expression Disorder) Also Known as Pseudobulbar Affect (Episodes of Uncontrolled Crying and/or Laughter),Phase 3,Small Molecule,Other,Completed,False,AVP-923,avp 923,investigational_therapeutic_unverified,sole investigational candidate identified (AVP-923); not yet confirmed via official pipeline,False,,no_match,medium,True,Therapeutic Drug,investigational therapeutic candidate; drug/biological intervention type with no disqualifying evidence found,rule_classification,medium,True
NCT02910102,Study Evaluating Intepirdine (RVT-101) on Gait and Balance in Subjects With Dementia,Phase 2,Small Molecule,Other,Completed,False,RVT-101,rvt 101,investigational_therapeutic_unverified,sole investigational candidate identified (RVT-101); not yet confirmed via official pipeline,False,,no_match,medium,True,Therapeutic Drug,investigational therapeutic candidate; drug/biological intervention type with no disqualifying evidence found,rule_classification,medium,True
NCT00281749,Telephone Call From Acute Care Physicians to Long Term Care Physicians: Impact on Transitional Care of Elderly Patients,Phase 1,Non-Drug/Behavioral,Other,Completed,False,,,no_therapeutic_candidate,no drug/biological therapeutic candidate found among this trial's interventions,False,,not_applicable,high,False,Exclude,no drug/biological therapeutic candidate found among this trial's interventions,rule_classification,high,False
NCT06432166,2-Hydroxybenzylamine (2-HOBA) Study in Early Alzheimer's Patients,Phase 2,Small Molecule,Other,Recruiting,False,2-hydroxybenzylamine acetate,2 hydroxybenzylamine acetate,investigational_therapeutic_unverified,sole investigational candidate identified (2-hydroxybenzylamine acetate); not yet confirmed via official pipeline,False,,no_match,medium,True,Therapeutic Drug,investigational therapeutic candidate; drug/biological intervention type with no disqualifying evidence found,rule_classification,medium,True
NCT04629495,Rapamycin - Effects on Alzheimer's and Cognitive Health,Phase 2,Small Molecule,Other,Active,False,Rapamycin,rapamycin,investigational_therapeutic_unverified,sole investigational candidate identified (Rapamycin); not yet confirmed via official pipeline,False,,no_match,medium,True,Therapeutic Drug,investigational therapeutic candidate; drug/biological intervention type with no disqualifying evidence found,rule_classification,medium,True
NCT05318976,A Study of XPro1595 in Patients With Early Alzheimer's Disease With Biomarkers of Inflammation,Phase 2,Small Molecule,Inflammation,Completed,False,XPro1595,xpro1595,investigational_therapeutic_unverified,sole investigational candidate identified (XPro1595); not yet confirmed via official pipeline,False,,no_match,medium,True,Therapeutic Drug,investigational therapeutic candidate; drug/biological intervention type with no disqualifying evidence found,rule_classification,medium,True
NCT05469360,"Study of Safety, Tolerability, Pharmacodynamics and Pharmacokinetics of NIO752 in Early Alzheimer's Disease Participants",Phase 1,Small Molecule,Tau,Active,False,NIO752,nio752,investigational_therapeutic_unverified,sole investigational candidate identified (NIO752); not yet confirmed via official pipeline,False,,no_match,medium,True,Therapeutic Drug,investigational therapeutic candidate; drug/biological intervention type with no disqualifying evidence found,rule_classification,medium,True
NCT03711825,Study to Evaluate Safety/Duration in Stomach of Extended Release Capsules Containing Memantine Hydrochloride in Healthy Adults,Phase 1,Small Molecule,Symptomatic,Completed,False,LYN-057,lyn 057,investigational_therapeutic_unverified,sole investigational candidate identified (LYN-057); not yet confirmed via official pipeline,False,,no_match,medium,True,Therapeutic Drug,investigational therapeutic candidate; drug/biological intervention type with no disqualifying evidence found,rule_classification,medium,True
NCT00261573,A Study of the Safety and Effectiveness of Galantamine Versus Placebo in the Treatment of Patients With Vascular Dementia or Mixed Dementia,Phase 3,Small Molecule,Symptomatic,Completed,False,galantamine hydrobromide,galantamine hydrobromide,investigational_therapeutic_unverified,sole investigational candidate identified (galantamine hydrobromide); not yet confirmed via official pipeline,False,,no_match,medium,True,Therapeutic Drug,investigational therapeutic candidate; drug/biological intervention type with no disqualifying evidence found,rule_classification,medium,True
NCT06538311,Transcranial Magnetic Stimulation Treatment for Alzheimer's Disease,Phase 1,Device,Other,Recruiting,False,,,no_therapeutic_candidate,no drug/biological therapeutic candidate found among this trial's interventions,False,,not_applicable,high,False,Exclude,no drug/biological therapeutic candidate found among this trial's interventions,rule_classification,high,False
NCT03698695,"A Pharmacodynamics, Safety, and Pharmacokinetics Study of THN201 Versus Donepezil in Healthy Male Volunteers",Phase 1,Small Molecule,Symptomatic,Completed,False,THN 201,thn 201,investigational_therapeutic_unverified,sole investigational candidate identified (THN 201); not yet confirmed via official pipeline,False,,no_match,medium,True,Therapeutic Drug,investigational therapeutic candidate; drug/biological intervention type with no disqualifying evidence found,rule_classification,medium,True
NCT00448318,Evaluating the Effects of Music Interventions on Hospitalised People With Dementia,Phase 3,Non-Drug/Behavioral,Other,Unknown,False,,,no_therapeutic_candidate,no drug/biological therapeutic candidate found among this trial's interventions,False,,not_applicable,high,False,Exclude,no drug/biological therapeutic candidate found among this trial's interventions,rule_classification,high,False
NCT04396873,PET Imaging of Cyclooxygenases in Neurodegenerative Brain Disease,Phase 1,Small Molecule,Amyloid,Recruiting,False,,,no_therapeutic_candidate,"no confirmed or investigational therapeutic candidate found, but this trial has unresolved/uncertain interventions worth a manual look",False,,no_match,low,True,Needs Review,no therapeutic candidate; trial has unresolved/uncertain interventions,rule_classification,low,True
NCT07512362,Human Mesenchymal Stem Cells & Monoclonal Antibodies in the Treatment for Mild Cognitive Impairment or Early Alzheimer's Disease.,Phase 2,Cell/Gene Therapy,Other,Recruiting,False,human Mesenchymal Stem Cells,human mesenchymal stem cells,investigational_therapeutic_unverified,sole investigational candidate identified (human Mesenchymal Stem Cells); not yet confirmed via official pipeline,False,,no_match,medium,True,Therapeutic Drug,investigational therapeutic candidate; drug/biological intervention type with no disqualifying evidence found,rule_classification,medium,True
NCT05122598,Development and Evaluation of Computerized Olfactory Training Program for Cognitive Decline in Early Alzheimer's Disease,Phase 2,Small Molecule,Other,Unknown,False,COT,cot,investigational_therapeutic_unverified,sole investigational candidate identified (COT); not yet confirmed via official pipeline,False,,no_match,medium,True,Therapeutic Drug,investigational therapeutic candidate; drug/biological intervention type with no disqualifying evidence found,rule_classification,medium,True
NCT03702816,"The Relationship Between Neuropsychological Testing and MRI, PET and COBRE - Project 1: AIM 2 (GE-180)",Phase 2,Small Molecule,Other,Discontinued,False,,,no_therapeutic_candidate,no drug/biological therapeutic candidate found among this trial's interventions,False,,not_applicable,high,False,Exclude,no drug/biological therapeutic candidate found among this trial's interventions,rule_classification,high,False
NCT06775964,Stem Cell Therapy for Early Alzheimer's Disease,Phase 2,Biologic,Other,Recruiting,False,adMSC,admsc,investigational_therapeutic_unverified,sole investigational candidate identified (adMSC); not yet confirmed via official pipeline,False,,no_match,medium,True,Therapeutic Drug,investigational therapeutic candidate; drug/biological intervention type with no disqualifying evidence found,rule_classification,medium,True
NCT04711486,Evaluation of Safety of Contraloid Acetate in Patients With Mild Cognitive Impairment Due to Alzheimer's Disease,Phase 1,Small Molecule,Other,Completed,False,Contraloid acetate,contraloid acetate,investigational_therapeutic_unverified,sole investigational candidate identified (Contraloid acetate); not yet confirmed via official pipeline,False,,no_match,medium,True,Therapeutic Drug,investigational therapeutic candidate; drug/biological intervention type with no disqualifying evidence found,rule_classification,medium,True
NCT00056329,Vitamin E in Aging Persons With Down Syndrome,Phase 3,Small Molecule,Other,Unknown,False,,,no_therapeutic_candidate,"no confirmed or investigational therapeutic candidate found, but this trial has unresolved/uncertain interventions worth a manual look",False,,no_match,low,True,Needs Review,no therapeutic candidate; trial has unresolved/uncertain interventions,rule_classification,low,True
NCT06774261,"Phenserine on the Alzheimer's Treatment Horizon, Study 1",Phase 1,Small Molecule,Symptomatic,Completed,False,Phenserine,phenserine,investigational_therapeutic_unverified,sole investigational candidate identified (Phenserine); not yet confirmed via official pipeline,False,,no_match,medium,True,Therapeutic Drug,investigational therapeutic candidate; drug/biological intervention type with no disqualifying evidence found,rule_classification,medium,True
NCT07058688,A Study of NTRX-07 in Participants With Alzheimer's Disease,Phase 2,Small Molecule,Inflammation,Recruiting,False,NTRX-07,ntrx 07,investigational_therapeutic_unverified,sole investigational candidate identified (NTRX-07); not yet confirmed via official pipeline,False,,no_match,medium,True,Therapeutic Drug,investigational therapeutic candidate; drug/biological intervention type with no disqualifying evidence found,rule_classification,medium,True
NCT03613844,DHA Brain Delivery Trial,Phase 2,Small Molecule,Other,Completed,False,DHA,dha,investigational_therapeutic_unverified,sole investigational candidate identified (DHA); not yet confirmed via official pipeline,False,,no_match,medium,True,Therapeutic Drug,investigational therapeutic candidate; drug/biological intervention type with no disqualifying evidence found,rule_classification,medium,True
NCT04795466,Study of the Efficacy and Safety of Various Anti-inflammatory Agents in Participants With Mild Cognitive Impairment or Mild Alzheimer's Disease,Phase 2,Biologic,Inflammation,Discontinued,False,Canakinumab,canakinumab,investigational_therapeutic_unverified,sole investigational candidate identified (Canakinumab); not yet confirmed via official pipeline,False,,no_match,medium,True,Therapeutic Drug,investigational therapeutic candidate; drug/biological intervention type with no disqualifying evidence found,rule_classification,medium,True
NCT01168245,TMS Stimulation and Cognitive Training in Alzheimer Patients,Phase 1,Device,Other,Completed,False,,,no_therapeutic_candidate,no drug/biological therapeutic candidate found among this trial's interventions,False,,not_applicable,high,False,Exclude,no drug/biological therapeutic candidate found among this trial's interventions,rule_classification,high,False
NCT05538507,"Efficacy of Chinese Traditional Medicine ""Smart Soup"" in Cognition and Behavior Regulation in Alzheimer's Disease",Phase 2,Small Molecule,Symptomatic,Unknown,False,smart soup,smart soup,investigational_therapeutic_unverified,sole investigational candidate identified (smart soup); not yet confirmed via official pipeline,False,,no_match,medium,True,Therapeutic Drug,investigational therapeutic candidate; drug/biological intervention type with no disqualifying evidence found,rule_classification,medium,True
NCT05344989,A First-in-Human Study to Assess Single Doses of APNmAb005 in Healthy Participants,Phase 1,Biologic,Other,Unknown,False,APNmAb005,apnmab005,investigational_therapeutic_unverified,sole investigational candidate identified (APNmAb005); not yet confirmed via official pipeline,False,,no_match,medium,True,Therapeutic Drug,investigational therapeutic candidate; drug/biological intervention type with no disqualifying evidence found,rule_classification,medium,True
NCT00831506,Dimebon (PF-01913539)-Digoxin Drug-Drug Interaction Study In Healthy Subjects,Phase 1,Small Molecule,Neuroprotection,Completed,False,dimebon,dimebon,investigational_therapeutic_unverified,sole investigational candidate identified (dimebon); not yet confirmed via official pipeline,False,,no_match,medium,True,Therapeutic Drug,investigational therapeutic candidate; drug/biological intervention type with no disqualifying evidence found,rule_classification,medium,True
NCT00788047,A Phase 1 Study To Evaluate The Effect Of Dimebon On The Pharmacokinetics Of Dextromethorphan,Phase 1,Small Molecule,Neuroprotection,Completed,False,Dimebon + Dextromethorphan,dimebon dextromethorphan,investigational_therapeutic_unverified,sole investigational candidate identified (Dimebon + Dextromethorphan); not yet confirmed via official pipeline,False,,no_match,medium,True,Therapeutic Drug,investigational therapeutic candidate; drug/biological intervention type with no disqualifying evidence found,rule_classification,medium,True
NCT02284906,AD-4833/TOMM40_303 Extension Study of the Safety and Efficacy of Pioglitazone to Slow Cognitive Decline in Participants With Mild Cognitive Impairment Due to Alzheimer Disease,Phase 3,Small Molecule,Metabolism,Discontinued,False,Pioglitazone,pioglitazone,investigational_therapeutic_unverified,sole investigational candidate identified (Pioglitazone); not yet confirmed via official pipeline,False,,no_match,medium,True,Therapeutic Drug,investigational therapeutic candidate; drug/biological intervention type with no disqualifying evidence found,rule_classification,medium,True
NCT00034762,Efficacy and Safety of Risperidone Compared With Placebo in the Treatment of Psychotic Symptoms in Patients With Alzheimer's Disease,Phase 3,Small Molecule,Neuropsychiatric,Completed,False,risperidone,risperidone,investigational_therapeutic_unverified,sole investigational candidate identified (risperidone); not yet confirmed via official pipeline,False,,no_match,medium,True,Therapeutic Drug,investigational therapeutic candidate; drug/biological intervention type with no disqualifying evidence found,rule_classification,medium,True
NCT06254469,Visualizing Brain Proteinopathies Using [F-18]Flornaptitril-PET in the Prediction of Clinical Progression of Mild Cognitive Impairment With Either Suspected Chronic Traumatic Encephalopathy or Alzheimer's Disease,Phase 3,Small Molecule,Other,Recruiting,False,[F-18]Flornaptitril,f 18 flornaptitril,investigational_therapeutic_unverified,sole investigational candidate identified ([F-18]Flornaptitril); not yet confirmed via official pipeline,False,,no_match,medium,True,Therapeutic Drug,investigational therapeutic candidate; drug/biological intervention type with no disqualifying evidence found,rule_classification,medium,True
NCT05456503,PET Imaging Tau Accumulation in FTLD and Atypical Alzheimer's Using [18F]-PI-2620,Phase 3,Small Molecule,Tau,Recruiting,False,,,no_therapeutic_candidate,no drug/biological therapeutic candidate found among this trial's interventions,False,,not_applicable,high,False,Exclude,no drug/biological therapeutic candidate found among this trial's interventions,rule_classification,high,False
NCT04715750,Evaluation of Imaging Characteristics of [18F]PI-2620 PET in AD and PSP Patients Using High and Low Specific Activity,Phase 1,Small Molecule,Tau,Completed,False,,,no_therapeutic_candidate,no drug/biological therapeutic candidate found among this trial's interventions,False,,not_applicable,high,False,Exclude,no drug/biological therapeutic candidate found among this trial's interventions,rule_classification,high,False
NCT04129060,Cholinergic Health After Menopause (CHAMP),Phase 1,Small Molecule,Other,Completed,False,Cholinergic antagonist,cholinergic antagonist,investigational_therapeutic_unverified,sole investigational candidate identified (Cholinergic antagonist); not yet confirmed via official pipeline,False,,no_match,medium,True,Therapeutic Drug,investigational therapeutic candidate; drug/biological intervention type with no disqualifying evidence found,rule_classification,medium,True
NCT05363293,"Multiple Ascending Dose Safety, Tolerability, PK Study of AL001 in Alzheimer's Disease Patients & Healthy Adult Subjects",Phase 2,Small Molecule,Other,Completed,False,AL001,al001,investigational_therapeutic_unverified,sole investigational candidate identified (AL001); not yet confirmed via official pipeline,False,,no_match,medium,True,Therapeutic Drug,investigational therapeutic candidate; drug/biological intervention type with no disqualifying evidence found,rule_classification,medium,True
NCT05469009,Safety and Feasibility of Exablate Blood-Brain Barrier Disruption for Mild Cognitive Impairment or Mild Alzheimer's Disease Undergoing Standard of Care Monoclonal Antibody (mAb) Therapy,Phase 1,Biologic,Amyloid,Active,False,Aducanumab; Lecanemab,aducanumab lecanemab,investigational_therapeutic_unverified,multiple unverified investigational candidates found (Aducanumab; Lecanemab) — could not resolve to a single drug,False,,multiple_candidates_unresolved,low,True,Needs Review,multiple distinct unverified candidates found in one trial — scope not determined at trial level,rule_classification,low,True
NCT04619420,A Study of JNJ-63733657 in Participants With Early Alzheimer's Disease,Phase 2,Small Molecule,Tau,Discontinued,False,JNJ-63733657,jnj 63733657,investigational_therapeutic_unverified,sole investigational candidate identified (JNJ-63733657); not yet confirmed via official pipeline,False,,no_match,medium,True,Therapeutic Drug,investigational therapeutic candidate; drug/biological intervention type with no disqualifying evidence found,rule_classification,medium,True
NCT04263519,A Pilot Open Labeled Study of Tacrolimus in Alzheimer's Disease.,Phase 2,Small Molecule,Other,Discontinued,False,Tacrolimus,tacrolimus,investigational_therapeutic_unverified,sole investigational candidate identified (Tacrolimus); not yet confirmed via official pipeline,False,,no_match,medium,True,Therapeutic Drug,investigational therapeutic candidate; drug/biological intervention type with no disqualifying evidence found,rule_classification,medium,True
NCT04468347,"Flortaucipir PET Imaging in the Preclinical, Prodromal and Dementia Phases of Alzheimer's Disease",Phase 1,Small Molecule,Tau,Completed,False,,,no_therapeutic_candidate,no drug/biological therapeutic candidate found among this trial's interventions,False,,not_applicable,high,False,Exclude,no drug/biological therapeutic candidate found among this trial's interventions,rule_classification,high,False
NCT04121208,MIcroglial Colony Stimulating Factor-1 Receptor (CSF1R) in Alzheimer's Disease,Phase 1,Small Molecule,Inflammation,Discontinued,False,JNJ-40346527,jnj 40346527,investigational_therapeutic_unverified,sole investigational candidate identified (JNJ-40346527); not yet confirmed via official pipeline,False,,no_match,medium,True,Therapeutic Drug,investigational therapeutic candidate; drug/biological intervention type with no disqualifying evidence found,rule_classification,medium,True
NCT03560960,Multi-Center Development of a Novel Diagnostic Test for Alzheimer's Disease,Phase 1,Small Molecule,Other,Active,False,Pramlintide challenge test,pramlintide challenge test,investigational_therapeutic_unverified,sole investigational candidate identified (Pramlintide challenge test); not yet confirmed via official pipeline,False,,no_match,medium,True,Therapeutic Drug,investigational therapeutic candidate; drug/biological intervention type with no disqualifying evidence found,rule_classification,medium,True
NCT01965756,Effect of Insulin Sensitizer Metformin on AD Biomarkers,Phase 2,Small Molecule,Metabolism,Completed,False,Metformin,metformin,investigational_therapeutic_unverified,sole investigational candidate identified (Metformin); not yet confirmed via official pipeline,False,,no_match,medium,True,Therapeutic Drug,investigational therapeutic candidate; drug/biological intervention type with no disqualifying evidence found,rule_classification,medium,True
NCT03649724,The LUCINDA Trial: LeUprolide Plus Cholinesterase Inhibition to Reduce Neurological Decline in Alzheimer's,Phase 2,Small Molecule,Symptomatic,Active,False,Eligard,eligard,investigational_therapeutic_unverified,sole investigational candidate identified (Eligard); not yet confirmed via official pipeline,False,,no_match,medium,True,Therapeutic Drug,investigational therapeutic candidate; drug/biological intervention type with no disqualifying evidence found,rule_classification,medium,True
NCT04640077,A Follow-On Study of Donanemab (LY3002813) With Video Assessments in Participants With Alzheimer's Disease (TRAILBLAZER-EXT),Phase 2,Biologic,Amyloid,Completed,False,Donanemab,donanemab,sponsor_developed_therapeutic,official pipeline record matched (Donanemab) but source_url is blank — verify manually,True,,pipeline_record_match_without_source,medium,True,Therapeutic Drug,confirmed or unsourced official sponsor-pipeline match,rule_classification,medium,False
NCT03587649,Evaluation of [18F]MNI-1126 as an Imaging Marker for Synaptic Density Loss,Phase 1,Small Molecule,Other,Completed,False,[18F]MNI-1126,18f mni 1126,investigational_therapeutic_unverified,sole investigational candidate identified ([18F]MNI-1126); not yet confirmed via official pipeline,False,,no_match,medium,True,Therapeutic Drug,investigational therapeutic candidate; drug/biological intervention type with no disqualifying evidence found,rule_classification,medium,True
NCT03919669,A Longitudinal Evaluation of a Radiotracer for Use in Tau Tracking,Phase 2,Small Molecule,Tau,Completed,False,All Subjects,all subjects,investigational_therapeutic_unverified,sole investigational candidate identified (All Subjects); not yet confirmed via official pipeline,False,,no_match,medium,True,Therapeutic Drug,investigational therapeutic candidate; drug/biological intervention type with no disqualifying evidence found,rule_classification,medium,True
NCT00190021,Donepezil Treatment of Psychotic Symptoms in Dementia Patients,Phase 3,Small Molecule,Symptomatic,Unknown,False,donepezil,donepezil,investigational_therapeutic_unverified,sole investigational candidate identified (donepezil); not yet confirmed via official pipeline,False,,no_match,medium,True,Therapeutic Drug,investigational therapeutic candidate; drug/biological intervention type with no disqualifying evidence found,rule_classification,medium,True
NCT06372821,A Trial Evaluating the Effect of NIO752 on Tau Synthesis Measured by a Process Known as SILK,Phase 1,Small Molecule,Tau,Recruiting,False,NIO752,nio752,investigational_therapeutic_unverified,sole investigational candidate identified (NIO752); not yet confirmed via official pipeline,False,,no_match,medium,True,Therapeutic Drug,investigational therapeutic candidate; drug/biological intervention type with no disqualifying evidence found,rule_classification,medium,True
NCT00750282,Phase II Study of Florbetaben (BAY 94-9172) PET Imaging for Detection/Exclusion of Cerebral β-amyloid in Patients With Probable Alzheimer's Disease Compared to Healthy Volunteers,Phase 2,Small Molecule,Amyloid,Completed,False,,,no_therapeutic_candidate,no drug/biological therapeutic candidate found among this trial's interventions,False,,not_applicable,high,False,Exclude,no drug/biological therapeutic candidate found among this trial's interventions,rule_classification,high,False
NCT01931566,Biomarker Qualification for Risk of Mild Cognitive Impairment (MCI) Due to Alzheimer's Disease (AD) and Safety and Efficacy Evaluation of Pioglitazone in Delaying Its Onset,Phase 3,Small Molecule,Metabolism,Discontinued,False,Pioglitazone,pioglitazone,investigational_therapeutic_unverified,sole investigational candidate identified (Pioglitazone); not yet confirmed via official pipeline,False,,no_match,medium,True,Therapeutic Drug,investigational therapeutic candidate; drug/biological intervention type with no disqualifying evidence found,rule_classification,medium,True
NCT03630419,Specialized Food Plan Based on Individual Physiological Comprehensive Body Assessments Accompanied With Cellular Repair Therapy to Decrease Inflammation Cognitively Impaired Patients,Phase 2,Dietary Supplement,Inflammation,Completed,False,,,no_therapeutic_candidate,"no confirmed or investigational therapeutic candidate found, but this trial has unresolved/uncertain interventions worth a manual look",False,,no_match,low,True,Needs Review,no therapeutic candidate; trial has unresolved/uncertain interventions,rule_classification,low,True
NCT02380573,"Effects of Methylene Blue in Healthy Aging, Mild Cognitive Impairment and Alzheimer's Disease",Phase 2,Small Molecule,Other,Completed,False,,,no_therapeutic_candidate,"no confirmed or investigational therapeutic candidate found, but this trial has unresolved/uncertain interventions worth a manual look",False,,no_match,low,True,Needs Review,no therapeutic candidate; trial has unresolved/uncertain interventions,rule_classification,low,True
NCT03461276,Safety and Immunogenicity of Repeated Doses of ABvac40 in Patients With a-MCI or Vm-AD,Phase 2,Biologic,Amyloid,Completed,False,ABvac40,abvac40,investigational_therapeutic_unverified,sole investigational candidate identified (ABvac40); not yet confirmed via official pipeline,False,,no_match,medium,True,Therapeutic Drug,investigational therapeutic candidate; drug/biological intervention type with no disqualifying evidence found,rule_classification,medium,True
NCT02221622,Allopregnanolone for Mild Cognitive Impairment Due to Alzheimer's Disease or Mild AD,Phase 1,Small Molecule,Neuroprotection,Completed,False,Allopregnanolone (intravenous ),allopregnanolone intravenous,investigational_therapeutic_unverified,sole investigational candidate identified (Allopregnanolone (intravenous )); not yet confirmed via official pipeline,False,,no_match,medium,True,Therapeutic Drug,investigational therapeutic candidate; drug/biological intervention type with no disqualifying evidence found,rule_classification,medium,True
NCT07690228,A Study of GSM-779690T in Healthy Adult Participants,Phase 1,Small Molecule,Other,Recruiting,False,GSM-779690T,gsm 779690t,investigational_therapeutic_unverified,sole investigational candidate identified (GSM-779690T); not yet confirmed via official pipeline,False,,no_match,medium,True,Therapeutic Drug,investigational therapeutic candidate; drug/biological intervention type with no disqualifying evidence found,rule_classification,medium,True
NCT02245737,An Efficacy and Safety Study of Lanabecestat (LY3314814) in Early Alzheimer's Disease,Phase 3,Small Molecule,Amyloid,Discontinued,False,Lanabecestat,lanabecestat,investigational_therapeutic_unverified,sole investigational candidate identified (Lanabecestat); not yet confirmed via official pipeline,False,,no_match,medium,True,Therapeutic Drug,investigational therapeutic candidate; drug/biological intervention type with no disqualifying evidence found,rule_classification,medium,True
NCT01876823,Memantine Plus Es-citalopram in Elderly Depressed Patients With Cognitive Impairment,Phase 3,Small Molecule,Symptomatic,Completed,False,es-citalopram,es citalopram,investigational_therapeutic_unverified,sole investigational candidate identified (es-citalopram); not yet confirmed via official pipeline,False,,no_match,medium,True,Therapeutic Drug,investigational therapeutic candidate; drug/biological intervention type with no disqualifying evidence found,rule_classification,medium,True
NCT02293915,An Efficacy and Safety Study of Sodium Oligo-mannurarate (GV-971) Capsule for the Treatment of Alzheimer's Disease,Phase 3,Small Molecule,Amyloid,Completed,False,Sodium oligo-mannurarate,sodium oligo mannurarate,investigational_therapeutic_unverified,sole investigational candidate identified (Sodium oligo-mannurarate); not yet confirmed via official pipeline,False,,no_match,medium,True,Therapeutic Drug,investigational therapeutic candidate; drug/biological intervention type with no disqualifying evidence found,rule_classification,medium,True
NCT05374278,First-in-Human Evaluation of an Astrocytic Glutamate Transporter (EAAT2) PET Tracer in Dementia,Phase 2,Small Molecule,Symptomatic,Recruiting,False,,,no_therapeutic_candidate,no drug/biological therapeutic candidate found among this trial's interventions,False,,not_applicable,high,False,Exclude,no drug/biological therapeutic candidate found among this trial's interventions,rule_classification,high,False
NCT00582855,Effect of AQW051 in Patients With Memory Impairment,Phase 2,Small Molecule,Other,Discontinued,False,AQW051,aqw051,investigational_therapeutic_unverified,sole investigational candidate identified (AQW051); not yet confirmed via official pipeline,False,,no_match,medium,True,Therapeutic Drug,investigational therapeutic candidate; drug/biological intervention type with no disqualifying evidence found,rule_classification,medium,True
NCT01138111,Florbetaben (BAY94-9172) PET (Positron Emission Tomography) Imaging in MCI (Mild Cognitive Impairment) Patients,Phase 1,Small Molecule,Amyloid,Completed,False,,,no_therapeutic_candidate,no drug/biological therapeutic candidate found among this trial's interventions,False,,not_applicable,high,False,Exclude,no drug/biological therapeutic candidate found among this trial's interventions,rule_classification,high,False
NCT07602582,A Study of Donanemab (LY3002813) in Participants Who Completed Study AACM (TRAILBLAZER-ALZ 3-EXT).,Phase 3,Biologic,Amyloid,Recruiting,False,Donanemab,donanemab,sponsor_developed_therapeutic,official pipeline record matched (Donanemab) but source_url is blank — verify manually,True,,pipeline_record_match_without_source,medium,True,Therapeutic Drug,confirmed or unsourced official sponsor-pipeline match,rule_classification,medium,False
NCT02569398,An Efficacy and Safety Study of Atabecestat in Participants Who Are Asymptomatic at Risk for Developing Alzheimer's Dementia,Phase 3,Small Molecule,Amyloid,Discontinued,False,Atabecestat,atabecestat,investigational_therapeutic_unverified,sole investigational candidate identified (Atabecestat); not yet confirmed via official pipeline,False,,no_match,medium,True,Therapeutic Drug,investigational therapeutic candidate; drug/biological intervention type with no disqualifying evidence found,rule_classification,medium,True
NCT00612872,Evaluation of [123I]CLINDE and SPECT as a Marker of Inflammation in Subjects With PD or AD and in Healthy Subjects,Phase 1,Small Molecule,Inflammation,Discontinued,False,[123I]CLINDE,123i clinde,investigational_therapeutic_unverified,sole investigational candidate identified ([123I]CLINDE); not yet confirmed via official pipeline,False,,no_match,medium,True,Therapeutic Drug,investigational therapeutic candidate; drug/biological intervention type with no disqualifying evidence found,rule_classification,medium,True
NCT03860857,"Biomarker Exploration in Aging, Cognition and Neurodegeneration",Phase 3,Small Molecule,Tau,Recruiting,False,,,no_therapeutic_candidate,no drug/biological therapeutic candidate found among this trial's interventions,False,,not_applicable,high,False,Exclude,no drug/biological therapeutic candidate found among this trial's interventions,rule_classification,high,False
NCT07262645,Near-infrared Light Therapy Device for Mild-Moderate Alzheimer's Disease (NirsCure-03A),Phase 3,Device,Other,Recruiting,False,,,no_therapeutic_candidate,no drug/biological therapeutic candidate found among this trial's interventions,False,,not_applicable,high,False,Exclude,no drug/biological therapeutic candidate found among this trial's interventions,rule_classification,high,False
NCT06467539,Novel Augmentation of DAOIB and Antioxidant for Early Dementia,Phase 2,Small Molecule,Other,Recruiting,False,DAOIB plus AO,daoib plus ao,investigational_therapeutic_unverified,sole investigational candidate identified (DAOIB plus AO); not yet confirmed via official pipeline,False,,no_match,medium,True,Therapeutic Drug,investigational therapeutic candidate; drug/biological intervention type with no disqualifying evidence found,rule_classification,medium,True
NCT07222878,Study to Evaluate the Relative Bioavailability of a New Formulation of NPT 2042 Soft-Gelatin Capsules Compared to the Original Formulation of NPT 2042,Phase 1,Small Molecule,Other,Completed,False,,,no_therapeutic_candidate,"no confirmed or investigational therapeutic candidate found, but this trial has unresolved/uncertain interventions worth a manual look",False,,no_match,low,True,Needs Review,no therapeutic candidate; trial has unresolved/uncertain interventions,rule_classification,low,True
NCT02351882,Safety and Efficacy of Nabilone in Alzheimer's Disease,Phase 3,Small Molecule,Other,Completed,False,Nabilone,nabilone,investigational_therapeutic_unverified,sole investigational candidate identified (Nabilone); not yet confirmed via official pipeline,False,,no_match,medium,True,Therapeutic Drug,investigational therapeutic candidate; drug/biological intervention type with no disqualifying evidence found,rule_classification,medium,True
NCT06135051,Ultrasonic Neuromodulation for Treatment of Cognitive Impairment,Phase 2,Device,Other,Discontinued,False,,,no_therapeutic_candidate,no drug/biological therapeutic candidate found among this trial's interventions,False,,not_applicable,high,False,Exclude,no drug/biological therapeutic candidate found among this trial's interventions,rule_classification,high,False
NCT03461861,Network-Level Mechanisms for Preclinical Alzheimer's Disease Development,Phase 2,Small Molecule,Other,Completed,False,AGB101,agb101,investigational_therapeutic_unverified,sole investigational candidate identified (AGB101); not yet confirmed via official pipeline,False,,no_match,medium,True,Therapeutic Drug,investigational therapeutic candidate; drug/biological intervention type with no disqualifying evidence found,rule_classification,medium,True
NCT06597942,Deep Repetitive Transcranial Magnetic Stimulation (rTMS) of the Precuneus for Alzheimer Disease (AD),Phase 2,Device,Other,Recruiting,False,,,no_therapeutic_candidate,no drug/biological therapeutic candidate found among this trial's interventions,False,,not_applicable,high,False,Exclude,no drug/biological therapeutic candidate found among this trial's interventions,rule_classification,high,False
NCT05822362,CBD for Individuals at Risk for Alzheimer's Disease,Phase 2,Small Molecule,Other,Recruiting,False,Cannabidiol,cannabidiol,investigational_therapeutic_unverified,sole investigational candidate identified (Cannabidiol); not yet confirmed via official pipeline,False,,no_match,medium,True,Therapeutic Drug,investigational therapeutic candidate; drug/biological intervention type with no disqualifying evidence found,rule_classification,medium,True
NCT04604600,Multimodal Biomarkers for Diagnosis and Prognosis in VCI,Phase 3,Small Molecule,Amyloid,Unknown,False,,,no_therapeutic_candidate,no drug/biological therapeutic candidate found among this trial's interventions,False,,not_applicable,high,False,Exclude,no drug/biological therapeutic candidate found among this trial's interventions,rule_classification,high,False
NCT07191821,TSPO Modulation in AD,Phase 2,Small Molecule,Other,Recruiting,False,XBD173,xbd173,investigational_therapeutic_unverified,sole investigational candidate identified (XBD173); not yet confirmed via official pipeline,False,,no_match,medium,True,Therapeutic Drug,investigational therapeutic candidate; drug/biological intervention type with no disqualifying evidence found,rule_classification,medium,True
NCT07236190,Biomarker-based Trial of NPC-1 for Alzheimer's Pathology,Phase 2,Other,Other,Recruiting,False,natural product combination-1 (NPC1),natural product combination 1 npc1,investigational_therapeutic_unverified,sole investigational candidate identified (natural product combination-1 (NPC1)); not yet confirmed via official pipeline,False,,no_match,medium,True,Needs Review,combination product — components must be inspected individually before treating the whole phrase as one canonical drug name,rule_type,low,True
NCT02646982,Candesartan's Effects on Alzheimer's Disease And Related Biomarkers,Phase 2,Small Molecule,Other,Completed,False,Candesartan,candesartan,investigational_therapeutic_unverified,sole investigational candidate identified (Candesartan); not yet confirmed via official pipeline,False,,no_match,medium,True,Therapeutic Drug,investigational therapeutic candidate; drug/biological intervention type with no disqualifying evidence found,rule_classification,medium,True
NCT00216502,A Study of the Safety and Effectiveness of Galantamine in Patients With Alzheimer's Disease,Phase 3,Small Molecule,Symptomatic,Completed,False,galantamine hydrobromide,galantamine hydrobromide,investigational_therapeutic_unverified,sole investigational candidate identified (galantamine hydrobromide); not yet confirmed via official pipeline,False,,no_match,medium,True,Therapeutic Drug,investigational therapeutic candidate; drug/biological intervention type with no disqualifying evidence found,rule_classification,medium,True
NCT05503511,Safety and Pharmacokinetic Study of NPT 2042 Soft-gelatin Capsules Administered Orally to Healthy Adult Subjects,Phase 1,Small Molecule,Other,Completed,False,,,no_therapeutic_candidate,no drug/biological therapeutic candidate found among this trial's interventions,False,,not_applicable,high,False,Exclude,no drug/biological therapeutic candidate found among this trial's interventions,rule_classification,high,False
NCT04200911,"Cognition, Age, and RaPamycin Effectiveness - DownregulatIon of thE mTor Pathway",Phase 1,Small Molecule,Other,Completed,False,Rapamune,rapamune,investigational_therapeutic_unverified,sole investigational candidate identified (Rapamune); not yet confirmed via official pipeline,False,,no_match,medium,True,Therapeutic Drug,investigational therapeutic candidate; drug/biological intervention type with no disqualifying evidence found,rule_classification,medium,True
NCT00253123,A Study of the Effectiveness and Safety of Risperidone Versus Placebo in the Treatment of Behavioral Disturbances in Patients With Dementia,Phase 3,Small Molecule,Neuropsychiatric,Completed,False,risperidone,risperidone,investigational_therapeutic_unverified,sole investigational candidate identified (risperidone); not yet confirmed via official pipeline,False,,no_match,medium,True,Therapeutic Drug,investigational therapeutic candidate; drug/biological intervention type with no disqualifying evidence found,rule_classification,medium,True
NCT07214974,Mild Cognitive Impairment Community Screening and Early Intervention Via Stem Cell Therapy and Wearable Brain Computer Interface Device.,Phase 1,Cell/Gene Therapy,Other,Recruiting,False,Stem Cell Therapy - Experimental,stem cell therapy experimental,investigational_therapeutic_unverified,sole investigational candidate identified (Stem Cell Therapy - Experimental); not yet confirmed via official pipeline,False,,no_match,medium,True,Therapeutic Drug,investigational therapeutic candidate; drug/biological intervention type with no disqualifying evidence found,rule_classification,medium,True
NCT00249158,A Study of the Effectiveness and Safety of Risperidone in the Treatment of Behavioral Disturbances in Patients With Dementia,Phase 3,Small Molecule,Neuropsychiatric,Completed,False,Risperidone,risperidone,investigational_therapeutic_unverified,sole investigational candidate identified (Risperidone); not yet confirmed via official pipeline,False,,no_match,medium,True,Therapeutic Drug,investigational therapeutic candidate; drug/biological intervention type with no disqualifying evidence found,rule_classification,medium,True
NCT00249145,A Study of the Effectiveness and Safety of Risperidone in the Treatment of Behavioral Disturbances in Patients With Dementia,Phase 3,Small Molecule,Neuropsychiatric,Completed,False,risperidone,risperidone,investigational_therapeutic_unverified,sole investigational candidate identified (risperidone); not yet confirmed via official pipeline,False,,no_match,medium,True,Therapeutic Drug,investigational therapeutic candidate; drug/biological intervention type with no disqualifying evidence found,rule_classification,medium,True
NCT00970333,Evaluation of [18F] FEPPA and PET Imaging as a Marker of Inflammation in Subjects With Neurological Conditions,Phase 1,Small Molecule,Inflammation,Completed,False,[18F]-FEPPA,18f feppa,investigational_therapeutic_unverified,sole investigational candidate identified ([18F]-FEPPA); not yet confirmed via official pipeline,False,,no_match,medium,True,Therapeutic Drug,investigational therapeutic candidate; drug/biological intervention type with no disqualifying evidence found,rule_classification,medium,True
NCT03848312,Preventing Alzheimer's With Cognitive Training,Phase 3,Non-Drug/Behavioral,Other,Recruiting,False,,,no_therapeutic_candidate,no drug/biological therapeutic candidate found among this trial's interventions,False,,not_applicable,high,False,Exclude,no drug/biological therapeutic candidate found among this trial's interventions,rule_classification,high,False
NCT03283449,Tau PET Imaging in Atypical Dementias,Phase 1,Device,Tau,Completed,False,,,no_therapeutic_candidate,no drug/biological therapeutic candidate found among this trial's interventions,False,,not_applicable,high,False,Exclude,no drug/biological therapeutic candidate found among this trial's interventions,rule_classification,high,False
NCT06470061,RQC for the Prevention of Alzheimer's Disease and Retinal Amyloid-β,Phase 2,Small Molecule,Neuroprotection,Recruiting,False,"Resveratrol, Quercetin, and Curcumin (RQC)",resveratrol quercetin and curcumin rqc,investigational_therapeutic_unverified,"sole investigational candidate identified (Resveratrol, Quercetin, and Curcumin (RQC)); not yet confirmed via official pipeline",False,,no_match,medium,True,Therapeutic Drug,investigational therapeutic candidate; drug/biological intervention type with no disqualifying evidence found,rule_classification,medium,True
NCT06850870,Door-Through-Door Companion Rideshare Technology for Individuals With Alzheimer's Disease and Related Dementias (AD/ADRD),Phase 1,Non-Drug/Behavioral,Other,Active,False,,,no_therapeutic_candidate,"no confirmed or investigational therapeutic candidate found, but this trial has unresolved/uncertain interventions worth a manual look",False,,no_match,low,True,Needs Review,no therapeutic candidate; trial has unresolved/uncertain interventions,rule_classification,low,True
NCT06125951,Effect of 10 mg Xanamem on Dementia Due to Alzheimer's Disease,Phase 3,Small Molecule,Other,Active,False,Xanamem,xanamem,investigational_therapeutic_unverified,sole investigational candidate identified (Xanamem); not yet confirmed via official pipeline,False,,no_match,medium,True,Therapeutic Drug,investigational therapeutic candidate; drug/biological intervention type with no disqualifying evidence found,rule_classification,medium,True
NCT01153607,Evaluation of the Diagnostic Potential of BAY1006578 in Probable Alzheimers Disease Patients Versus Healthy Volunteers and Radiation Dosimetry of BAY1006578 in Healthy Volunteers,Phase 1,Small Molecule,Other,Completed,False,BAY1006578,bay1006578,investigational_therapeutic_unverified,sole investigational candidate identified (BAY1006578); not yet confirmed via official pipeline,False,,no_match,medium,True,Therapeutic Drug,investigational therapeutic candidate; drug/biological intervention type with no disqualifying evidence found,rule_classification,medium,True
NCT04309253,"The Influence of Vascular Burden, Amyloid Plaque and Tau Protein in Patients With Vascular Cognitive Impairment and Dementia With Tauopathy",Phase 2,Small Molecule,Amyloid,Unknown,False,PMPBB3,pmpbb3,investigational_therapeutic_unverified,sole investigational candidate identified (PMPBB3); not yet confirmed via official pipeline,False,,no_match,medium,True,Therapeutic Drug,investigational therapeutic candidate; drug/biological intervention type with no disqualifying evidence found,rule_classification,medium,True
NCT04075435,Cannabidiol Solution for the Treatment of Behavioral Symptoms in Older Adults With Mild Cognitive Impairment or Alzheimer's Dementia,Phase 1,Small Molecule,Other,Active,False,high CBD/low THC sublingual,high cbd low thc sublingual,investigational_therapeutic_unverified,sole investigational candidate identified (high CBD/low THC sublingual); not yet confirmed via official pipeline,False,,no_match,medium,True,Therapeutic Drug,investigational therapeutic candidate; drug/biological intervention type with no disqualifying evidence found,rule_classification,medium,True
NCT05108922,A Study of Donanemab (LY3002813) Compared With Aducanumab in Participants With Early Symptomatic Alzheimer's Disease (TRAILBLAZER-ALZ 4),Phase 3,Biologic,Amyloid,Completed,False,Donanemab,donanemab,sponsor_developed_therapeutic,official pipeline record matched (Donanemab) but source_url is blank — verify manually,True,,pipeline_record_match_without_source,medium,True,Therapeutic Drug,confirmed or unsourced official sponsor-pipeline match,rule_classification,medium,False
NCT04555941,The Effects of Intermittent Theta Burst Stimulation in MCI and Early AD,Phase 2,Device,Other,Completed,False,,,no_therapeutic_candidate,no drug/biological therapeutic candidate found among this trial's interventions,False,,not_applicable,high,False,Exclude,no drug/biological therapeutic candidate found among this trial's interventions,rule_classification,high,False
NCT01028209,Evaluation of [18F] PBR06 and PET as a Marker of Inflammation in Subjects With Neurological Conditions,Phase 1,Small Molecule,Inflammation,Discontinued,False,[18F] PBR06,18f pbr06,investigational_therapeutic_unverified,sole investigational candidate identified ([18F] PBR06); not yet confirmed via official pipeline,False,,no_match,medium,True,Therapeutic Drug,investigational therapeutic candidate; drug/biological intervention type with no disqualifying evidence found,rule_classification,medium,True
NCT01125683,"To Evaluate Effects of AZD1446, Placebo and Donepezil in Patients With Alzheimer's Disease",Phase 2,Small Molecule,Symptomatic,Discontinued,False,AZD1446,azd1446,investigational_therapeutic_unverified,sole investigational candidate identified (AZD1446); not yet confirmed via official pipeline,False,,no_match,medium,True,Therapeutic Drug,investigational therapeutic candidate; drug/biological intervention type with no disqualifying evidence found,rule_classification,medium,True
NCT03746366,[C-11]PiB PET Imaging in Alcohol Use Disorders,Phase 1,Small Molecule,Other,Completed,False,,,no_therapeutic_candidate,no drug/biological therapeutic candidate found among this trial's interventions,False,,not_applicable,high,False,Exclude,no drug/biological therapeutic candidate found among this trial's interventions,rule_classification,high,False
NCT01348737,"Assessment of Safety, Tolerability and Blood Concentrations of Single Doses of AZD3839 in Healthy Volunteers",Phase 1,Small Molecule,Other,Completed,False,AZD3839,azd3839,investigational_therapeutic_unverified,sole investigational candidate identified (AZD3839); not yet confirmed via official pipeline,False,,no_match,medium,True,Therapeutic Drug,investigational therapeutic candidate; drug/biological intervention type with no disqualifying evidence found,rule_classification,medium,True
NCT00259454,Project COPE:Managing Dementia at Home,Phase 3,Non-Drug/Behavioral,Other,Completed,False,,,no_therapeutic_candidate,no drug/biological therapeutic candidate found among this trial's interventions,False,,not_applicable,high,False,Exclude,no drug/biological therapeutic candidate found among this trial's interventions,rule_classification,high,False
NCT04602624,A Study to Evaluate the Safety and Tolerability of SAGE-718 in Participants With Mild Cognitive Impairment or Mild Dementia Due to Alzheimer's Disease (AD),Phase 2,Small Molecule,Other,Completed,False,SAGE-718,sage 718,investigational_therapeutic_unverified,sole investigational candidate identified (SAGE-718); not yet confirmed via official pipeline,False,,no_match,medium,True,Therapeutic Drug,investigational therapeutic candidate; drug/biological intervention type with no disqualifying evidence found,rule_classification,medium,True
NCT01371214,Preventing Loss of Independence Through Exercise (PLIÉ) - Pilot,Phase 1,Non-Drug/Behavioral,Other,Completed,False,,,no_therapeutic_candidate,no drug/biological therapeutic candidate found among this trial's interventions,False,,not_applicable,high,False,Exclude,no drug/biological therapeutic candidate found among this trial's interventions,rule_classification,high,False
NCT04445831,"A Study to Evaluate the Safety, Tolerability and Immunogenicity of Tau Targeted Vaccines in Participants With Early Alzheimer's Disease",Phase 2,Biologic,Tau,Completed,False,,,no_therapeutic_candidate,"no confirmed or investigational therapeutic candidate found, but this trial has unresolved/uncertain interventions worth a manual look",False,,no_match,low,True,Needs Review,no therapeutic candidate; trial has unresolved/uncertain interventions,rule_classification,low,True
NCT03903211,"Longitudinal Changes of [18F]PI-2620 Positron Emission Tomography in Subjects With Cognitively Normal, Mild Cognitive Impairment and Alzheimer's Disease",Phase 2,Small Molecule,Tau,Completed,False,,,no_therapeutic_candidate,no drug/biological therapeutic candidate found among this trial's interventions,False,,not_applicable,high,False,Exclude,no drug/biological therapeutic candidate found among this trial's interventions,rule_classification,high,False
NCT06793995,Effect of Food and Age on the Pharmacokinetics of LY03017,Phase 1,Small Molecule,Other,Recruiting,False,LY03017,ly03017,investigational_therapeutic_unverified,sole investigational candidate identified (LY03017); not yet confirmed via official pipeline,False,,no_match,medium,True,Therapeutic Drug,investigational therapeutic candidate; drug/biological intervention type with no disqualifying evidence found,rule_classification,medium,True
NCT05094271,Is Obstructive Sleep Apnea Important in the Development of Alzheimer's Disease?,Phase 1,Device,Neuropsychiatric,Completed,False,,,no_therapeutic_candidate,"no confirmed or investigational therapeutic candidate found, but this trial has unresolved/uncertain interventions worth a manual look",False,,no_match,low,True,Needs Review,no therapeutic candidate; trial has unresolved/uncertain interventions,rule_classification,low,True
NCT05189106,Neurodegenerative Alzheimer's Disease and Amyotrophic Lateral Sclerosis (NADALS) Basket Trial,Phase 2,Small Molecule,Other,Completed,False,Baricitinib,baricitinib,investigational_therapeutic_unverified,sole investigational candidate identified (Baricitinib); not yet confirmed via official pipeline,False,,no_match,medium,True,Therapeutic Drug,investigational therapeutic candidate; drug/biological intervention type with no disqualifying evidence found,rule_classification,medium,True
NCT00009204,Serotonergic Pharmacotherapy for Agitation of Dementia,Phase 3,Small Molecule,Neuropsychiatric,Completed,False,,,no_therapeutic_candidate,"no confirmed or investigational therapeutic candidate found, but this trial has unresolved/uncertain interventions worth a manual look",False,,no_match,low,True,Needs Review,no therapeutic candidate; trial has unresolved/uncertain interventions,rule_classification,low,True
NCT05260515,Protecting Alzheimer Caregivers Using Technology Through Staying Sharp,Phase 2,Non-Drug/Behavioral,Other,Unknown,False,,,no_therapeutic_candidate,no drug/biological therapeutic candidate found among this trial's interventions,False,,not_applicable,high,False,Exclude,no drug/biological therapeutic candidate found among this trial's interventions,rule_classification,high,False
NCT06691256,Preventing Medication Mismanagement in People Living with Dementia Through Automated Medication Dispensing with Facial Recognition and Video Observation,Phase 2,Device,Other,Active,False,,,no_therapeutic_candidate,no drug/biological therapeutic candidate found among this trial's interventions,False,,not_applicable,high,False,Exclude,no drug/biological therapeutic candidate found among this trial's interventions,rule_classification,high,False
NCT00714571,Behavioral and Neuroimaging Changes After Cognitive Rehab in Traumatic Brain Injuries (TBI) and Mild Cognitive Impairment (MCI),Phase 1,Non-Drug/Behavioral,Other,Completed,False,,,no_therapeutic_candidate,no drug/biological therapeutic candidate found among this trial's interventions,False,,not_applicable,high,False,Exclude,no drug/biological therapeutic candidate found among this trial's interventions,rule_classification,high,False
NCT00620191,Metformin in Amnestic Mild Cognitive Impairment,Phase 2,Small Molecule,Metabolism,Completed,False,Metformin,metformin,investigational_therapeutic_unverified,sole investigational candidate identified (Metformin); not yet confirmed via official pipeline,False,,no_match,medium,True,Therapeutic Drug,investigational therapeutic candidate; drug/biological intervention type with no disqualifying evidence found,rule_classification,medium,True
NCT04436081,Effects of THC-Free CBD Oil on Agitation in Patients With Alzheimer's Disease,Phase 2,Small Molecule,Neuropsychiatric,Recruiting,False,THC-free CBD Oil,thc free cbd oil,investigational_therapeutic_unverified,sole investigational candidate identified (THC-free CBD Oil); not yet confirmed via official pipeline,False,,no_match,medium,True,Therapeutic Drug,investigational therapeutic candidate; drug/biological intervention type with no disqualifying evidence found,rule_classification,medium,True
NCT07287852,A Pilot Study to Examine the Effect of Egb761 on Plasma Biomarker Levels and on Cognitive Function in Patients With MCI,Phase 2,Dietary Supplement,Other,Recruiting,False,Ginkgo Biloba Extract 761,ginkgo biloba extract 761,investigational_therapeutic_unverified,sole investigational candidate identified (Ginkgo Biloba Extract 761); not yet confirmed via official pipeline,False,,no_match,medium,True,Non-Drug Intervention,dietary supplement / nutraceutical — excluded from the default therapeutic view unless curated as a genuine investigational program (data/reference/intervention_scope_overrides.csv),rule_type,medium,False
NCT02750306,Safety and Efficacy of Suvorexant (MK-4305) for the Treatment of Insomnia in Participants With Alzheimer's Disease (MK-4305-061),Phase 3,Small Molecule,Neuropsychiatric,Completed,False,Suvorexant,suvorexant,investigational_therapeutic_unverified,sole investigational candidate identified (Suvorexant); not yet confirmed via official pipeline,False,,no_match,medium,True,Therapeutic Drug,investigational therapeutic candidate; drug/biological intervention type with no disqualifying evidence found,rule_classification,medium,True
NCT04685590,Senolytic Therapy to Modulate the Progression of Alzheimer's Disease (SToMP-AD) Study,Phase 2,Small Molecule,Neuroprotection,Active,False,Dasatinib + Quercetin,dasatinib quercetin,investigational_therapeutic_unverified,sole investigational candidate identified (Dasatinib + Quercetin); not yet confirmed via official pipeline,False,,no_match,medium,True,Therapeutic Drug,investigational therapeutic candidate; drug/biological intervention type with no disqualifying evidence found,rule_classification,medium,True
NCT02323217,I2PETHV - Imidazoline2 Binding Site in Healthy Volunteers,Phase 1,Small Molecule,Other,Completed,False,,,no_therapeutic_candidate,"no confirmed or investigational therapeutic candidate found, but this trial has unresolved/uncertain interventions worth a manual look",False,,no_match,low,True,Needs Review,no therapeutic candidate; trial has unresolved/uncertain interventions,rule_classification,low,True
NCT01571427,Conversations as a Means to Delay the Onset of Alzheimer's Disease,Phase 1,Non-Drug/Behavioral,Other,Completed,False,,,no_therapeutic_candidate,no drug/biological therapeutic candidate found among this trial's interventions,False,,not_applicable,high,False,Exclude,no drug/biological therapeutic candidate found among this trial's interventions,rule_classification,high,False
NCT00937846,Brain Uptake of GSK1034702: a Positron Emission Tomography (PET) Scan Study,Phase 1,Small Molecule,Other,Completed,False,GSK1034702,gsk1034702,investigational_therapeutic_unverified,sole investigational candidate identified (GSK1034702); not yet confirmed via official pipeline,False,,no_match,medium,True,Therapeutic Drug,investigational therapeutic candidate; drug/biological intervention type with no disqualifying evidence found,rule_classification,medium,True
NCT04710550,"Exploring the Utility of [18F]3F4AP for Demyelination Imaging in Controls, Neurodegeneration and Traumatic Brian Injury",Phase 1,Small Molecule,Other,Unknown,False,F18-3F4AP,f18 3f4ap,investigational_therapeutic_unverified,sole investigational candidate identified (F18-3F4AP); not yet confirmed via official pipeline,False,,no_match,medium,True,Therapeutic Drug,investigational therapeutic candidate; drug/biological intervention type with no disqualifying evidence found,rule_classification,medium,True
NCT07741526,"Safety, Tolerability and Biomarker-based Efficacy of NPI-001 (AT-001) in Subjects With MCI or Alzheimer's Disease (AD)",Phase 2,Small Molecule,Other,Active,False,NPI-001,npi 001,investigational_therapeutic_unverified,sole investigational candidate identified (NPI-001); not yet confirmed via official pipeline,False,,no_match,medium,True,Therapeutic Drug,investigational therapeutic candidate; drug/biological intervention type with no disqualifying evidence found,rule_classification,medium,True
NCT01795339,A Two-part Multiple Dose Study to Assess the Safety and Effects of AZD3293 in Healthy Elderly and Alzheimer's Patients,Phase 1,Small Molecule,Amyloid,Completed,False,AZD3293,azd3293,investigational_therapeutic_unverified,sole investigational candidate identified (AZD3293); not yet confirmed via official pipeline,False,,no_match,medium,True,Therapeutic Drug,investigational therapeutic candidate; drug/biological intervention type with no disqualifying evidence found,rule_classification,medium,True
NCT02305836,Effect of Electroacupuncture Combined With Donepezil for Treating Alzheimer's Disease,Phase 2,Small Molecule,Symptomatic,Unknown,False,donepezil,donepezil,investigational_therapeutic_unverified,sole investigational candidate identified (donepezil); not yet confirmed via official pipeline,False,,no_match,medium,True,Therapeutic Drug,investigational therapeutic candidate; drug/biological intervention type with no disqualifying evidence found,rule_classification,medium,True
NCT05597124,Exercise to Improve Brain Health in Older African Americans,Phase 2,Non-Drug/Behavioral,Other,Recruiting,False,,,no_therapeutic_candidate,no drug/biological therapeutic candidate found among this trial's interventions,False,,not_applicable,high,False,Exclude,no drug/biological therapeutic candidate found among this trial's interventions,rule_classification,high,False
NCT03969732,Multimodal Biomarkers for Diagnosis and Prognosis in CAA,Phase 3,Small Molecule,Amyloid,Unknown,False,,,no_therapeutic_candidate,no drug/biological therapeutic candidate found among this trial's interventions,False,,not_applicable,high,False,Exclude,no drug/biological therapeutic candidate found among this trial's interventions,rule_classification,high,False
NCT03371420,PET Imaging of Subjects Using 124I-PU-AD,Phase 1,Device,Other,Discontinued,False,,,no_therapeutic_candidate,"no confirmed or investigational therapeutic candidate found, but this trial has unresolved/uncertain interventions worth a manual look",False,,no_match,low,True,Needs Review,no therapeutic candidate; trial has unresolved/uncertain interventions,rule_classification,low,True
NCT01009359,"Evaluation of the Neuroinflammation Pattern of BAY85-8102 F-18, DPA-714 in Probable Alzheimers Disease Patients Versus Healthy Volunteers and Radiation Dosimetry of F 18, DPA-714 in Healthy Volunteers",Phase 1,Small Molecule,Inflammation,Completed,False,,,no_therapeutic_candidate,"no confirmed or investigational therapeutic candidate found, but this trial has unresolved/uncertain interventions worth a manual look",False,,no_match,low,True,Needs Review,no therapeutic candidate; trial has unresolved/uncertain interventions,rule_classification,low,True
NCT02997982,Feasibility and Effects of Valaciclovir Treatment in Persons With Early Alzheimer's Disease,Phase 2,Small Molecule,Other,Completed,False,Valaciclovir,valaciclovir,investigational_therapeutic_unverified,sole investigational candidate identified (Valaciclovir); not yet confirmed via official pipeline,False,,no_match,medium,True,Therapeutic Drug,investigational therapeutic candidate; drug/biological intervention type with no disqualifying evidence found,rule_classification,medium,True
NCT03542656,Application of Amyloid PET in Cerebral Amyloid Angiopathy,Phase 3,Small Molecule,Amyloid,Completed,False,,,no_therapeutic_candidate,no drug/biological therapeutic candidate found among this trial's interventions,False,,not_applicable,high,False,Exclude,no drug/biological therapeutic candidate found among this trial's interventions,rule_classification,high,False
NCT03001557,Study of Lemborexant for Irregular Sleep-Wake Rhythm Disorder and Mild to Moderate Alzheimer's Disease Dementia,Phase 2,Small Molecule,Neuropsychiatric,Completed,False,Lemborexant,lemborexant,investigational_therapeutic_unverified,sole investigational candidate identified (Lemborexant); not yet confirmed via official pipeline,False,,no_match,medium,True,Therapeutic Drug,investigational therapeutic candidate; drug/biological intervention type with no disqualifying evidence found,rule_classification,medium,True
NCT03319810,Effect of IVIG on Cerebral and Retinal Amyloid in Mild Cognitive Impairment Due to Alzheimer Disease,Phase 2,Biologic,Amyloid,Completed,False,Octagam 10%,octagam 10,investigational_therapeutic_unverified,sole investigational candidate identified (Octagam 10%); not yet confirmed via official pipeline,False,,no_match,medium,True,Therapeutic Drug,investigational therapeutic candidate; drug/biological intervention type with no disqualifying evidence found,rule_classification,medium,True
NCT07591727,A Study of the Metabolic Reconstruction Oral Biologics (Gut-X-001) Medication in People With Alzheimer's Disease (ESCAPE-AD),Phase 2,Small Molecule,Metabolism,Recruiting,False,Gut-X-001,gut x 001,investigational_therapeutic_unverified,sole investigational candidate identified (Gut-X-001); not yet confirmed via official pipeline,False,,no_match,medium,True,Therapeutic Drug,investigational therapeutic candidate; drug/biological intervention type with no disqualifying evidence found,rule_classification,medium,True
NCT07143331,A Phase 1 Study to Assess the Safety and Effects of Single and Multiple Doses of KS101 in Healthy Volunteers,Phase 1,Small Molecule,Other,Recruiting,False,,,no_therapeutic_candidate,"no confirmed or investigational therapeutic candidate found, but this trial has unresolved/uncertain interventions worth a manual look",False,,no_match,low,True,Needs Review,no therapeutic candidate; trial has unresolved/uncertain interventions,rule_classification,low,True
NCT00743418,Tracking Technologies for the Analysis of Mobility in Alzheimer's Disease,Phase 2,Device,Other,Unknown,False,,,no_therapeutic_candidate,no drug/biological therapeutic candidate found among this trial's interventions,False,,not_applicable,high,False,Exclude,no drug/biological therapeutic candidate found among this trial's interventions,rule_classification,high,False
NCT07027072,Study to Evaluate the Efficacy and Safety of KDS2010 in Patients With Alzheimer's Disease With Mild Cognitive Impairment and Mild Dementia Due to Alzheimer's Disease,Phase 2,Small Molecule,Other,Recruiting,False,KDS2010,kds2010,investigational_therapeutic_unverified,sole investigational candidate identified (KDS2010); not yet confirmed via official pipeline,False,,no_match,medium,True,Therapeutic Drug,investigational therapeutic candidate; drug/biological intervention type with no disqualifying evidence found,rule_classification,medium,True
NCT03462121,A Clinical Study Evaluating the Efficacy and Safety of RPh201 Treatment in Individuals With Alzheimer's Disease With or Without Coexisting Cerebrovascular Disease,Phase 2,Small Molecule,Other,Completed,False,RPh201,rph201,investigational_therapeutic_unverified,sole investigational candidate identified (RPh201); not yet confirmed via official pipeline,False,,no_match,medium,True,Therapeutic Drug,investigational therapeutic candidate; drug/biological intervention type with no disqualifying evidence found,rule_classification,medium,True
NCT04777409,A Research Study Investigating Semaglutide in People With Early Alzheimer's Disease (EVOKE Plus),Phase 3,Small Molecule,Metabolism,Completed,False,Semaglutide,semaglutide,investigational_therapeutic_unverified,sole investigational candidate identified (Semaglutide); not yet confirmed via official pipeline,False,,no_match,medium,True,Therapeutic Drug,investigational therapeutic candidate; drug/biological intervention type with no disqualifying evidence found,rule_classification,medium,True
NCT00596284,Cognitive Behavior Therapy for Treating Anxiety in People With Dementia,Phase 1,Non-Drug/Behavioral,Neuropsychiatric,Completed,False,,,no_therapeutic_candidate,no drug/biological therapeutic candidate found among this trial's interventions,False,,not_applicable,high,False,Exclude,no drug/biological therapeutic candidate found among this trial's interventions,rule_classification,high,False
NCT00012857,Pain Management and Behavioral Outcomes in Patients With Dementia,Phase 2,Small Molecule,Other,Completed,False,,,no_therapeutic_candidate,no drug/biological therapeutic candidate found among this trial's interventions,False,,not_applicable,high,False,Exclude,no drug/biological therapeutic candidate found among this trial's interventions,rule_classification,high,False
NCT03545789,Phase 1 Test-retest Evaluation of [18F]MNI-958 PET,Phase 1,Small Molecule,Other,Completed,False,[18F]MNI-958,18f mni 958,investigational_therapeutic_unverified,sole investigational candidate identified ([18F]MNI-958); not yet confirmed via official pipeline,False,,no_match,medium,True,Therapeutic Drug,investigational therapeutic candidate; drug/biological intervention type with no disqualifying evidence found,rule_classification,medium,True
NCT04601038,Trial of CORT108297 to Attenuate the Effects of Acute Stress in the Allocortex (CORT-X),Phase 2,Small Molecule,Other,Recruiting,False,CORT108297,cort108297,investigational_therapeutic_unverified,sole investigational candidate identified (CORT108297); not yet confirmed via official pipeline,False,,no_match,medium,True,Therapeutic Drug,investigational therapeutic candidate; drug/biological intervention type with no disqualifying evidence found,rule_classification,medium,True
NCT03080051,Evaluation of [18F]MNI-952 as a Potential PET Radioligand for Imaging Tau Protein in the Brain,Phase 1,Small Molecule,Amyloid,Completed,False,[18F]MNI-952,18f mni 952,investigational_therapeutic_unverified,sole investigational candidate identified ([18F]MNI-952); not yet confirmed via official pipeline,False,,no_match,medium,True,Therapeutic Drug,investigational therapeutic candidate; drug/biological intervention type with no disqualifying evidence found,rule_classification,medium,True
NCT03058965,Phase 0 Evaluation of [18F]MNI-958 as a Potential PET Radioligand for Imaging Tau Protein in the Brain,Phase 1,Small Molecule,Amyloid,Completed,False,,,no_therapeutic_candidate,"no confirmed or investigational therapeutic candidate found, but this trial has unresolved/uncertain interventions worth a manual look",False,,no_match,low,True,Needs Review,no therapeutic candidate; trial has unresolved/uncertain interventions,rule_classification,low,True
NCT06072963,COMMETS- Combination MCI Metabolic Syndrome,Phase 2,Small Molecule,Metabolism,Recruiting,False,Semaglutide,semaglutide,investigational_therapeutic_unverified,sole investigational candidate identified (Semaglutide); not yet confirmed via official pipeline,False,,no_match,medium,True,Therapeutic Drug,investigational therapeutic candidate; drug/biological intervention type with no disqualifying evidence found,rule_classification,medium,True
NCT00515333,TRx0014 in Patients With Mild or Moderate Alzheimer's Disease,Phase 2,Small Molecule,Tau,Completed,False,TRx0014,trx0014,investigational_therapeutic_unverified,sole investigational candidate identified (TRx0014); not yet confirmed via official pipeline,False,,no_match,medium,True,Therapeutic Drug,investigational therapeutic candidate; drug/biological intervention type with no disqualifying evidence found,rule_classification,medium,True
NCT07178678,Evaluation of the Safety and Efficacy of NeuroEPO in Subjects With Mild to Moderate Alzheimer's Disease,Phase 2,Small Molecule,Other,Recruiting,False,NeuroEPO,neuroepo,investigational_therapeutic_unverified,sole investigational candidate identified (NeuroEPO); not yet confirmed via official pipeline,False,,no_match,medium,True,Therapeutic Drug,investigational therapeutic candidate; drug/biological intervention type with no disqualifying evidence found,rule_classification,medium,True
NCT05231798,"Cholinergic Integrity in Down Syndrome in Association With Aging, Alzheimer's Disease Pathology, and Cognition",Phase 2,Small Molecule,Other,Recruiting,False,,,no_therapeutic_candidate,no drug/biological therapeutic candidate found among this trial's interventions,False,,not_applicable,high,False,Exclude,no drug/biological therapeutic candidate found among this trial's interventions,rule_classification,high,False
NCT06723015,Tau PET Outcomes With Anti-amyloid Immunotherapies,Phase 2,Small Molecule,Tau,Recruiting,False,,,no_therapeutic_candidate,no drug/biological therapeutic candidate found among this trial's interventions,False,,not_applicable,high,False,Exclude,no drug/biological therapeutic candidate found among this trial's interventions,rule_classification,high,False
NCT05081219,SNIFF - Combo INI+EMPA Trial,Phase 2,Device,Metabolism,Completed,False,,,no_therapeutic_candidate,"no confirmed or investigational therapeutic candidate found, but this trial has unresolved/uncertain interventions worth a manual look",False,,no_match,low,True,Needs Review,no therapeutic candidate; trial has unresolved/uncertain interventions,rule_classification,low,True
NCT04567745,Automated Retinal Image Analysis System (EyeQuant) for Computation of Vascular Biomarkers,Phase 1,Non-Drug/Behavioral,Other,Completed,False,Retinal fundus photography,retinal fundus photography,investigational_therapeutic_unverified,sole investigational candidate identified (Retinal fundus photography); not yet confirmed via official pipeline,False,,no_match,medium,True,Diagnostic Agent,intervention type is DIAGNOSTIC_TEST,rule_type,medium,True
NCT04123314,Psilocybin for Depression in People With Mild Cognitive Impairment or Early Alzheimer's Disease,Phase 1,Small Molecule,Neuropsychiatric,Recruiting,False,Psilocybin,psilocybin,investigational_therapeutic_unverified,sole investigational candidate identified (Psilocybin); not yet confirmed via official pipeline,False,,no_match,medium,True,Therapeutic Drug,investigational therapeutic candidate; drug/biological intervention type with no disqualifying evidence found,rule_classification,medium,True
NCT04575727,Exploratory Evaluation of [11C]MPC6827,Phase 1,Small Molecule,Other,Completed,False,[11C]MPC6827,11c mpc6827,investigational_therapeutic_unverified,sole investigational candidate identified ([11C]MPC6827); not yet confirmed via official pipeline,False,,no_match,medium,True,Therapeutic Drug,investigational therapeutic candidate; drug/biological intervention type with no disqualifying evidence found,rule_classification,medium,True
NCT05282550,Targeting Cognition in Early Alzheimer's Disease by Improving Sleep With Trazodone,Phase 2,Small Molecule,Neuropsychiatric,Recruiting,False,Trazodone,trazodone,investigational_therapeutic_unverified,sole investigational candidate identified (Trazodone); not yet confirmed via official pipeline,False,,no_match,medium,True,Therapeutic Drug,investigational therapeutic candidate; drug/biological intervention type with no disqualifying evidence found,rule_classification,medium,True
NCT03510572,Evaluation of [18F]PI-2620 as a Potential Positron Emission Computed Tomography Radioligand for Imaging Tau Protein in the Brain,Phase 1,Small Molecule,Tau,Completed,False,,,no_therapeutic_candidate,no drug/biological therapeutic candidate found among this trial's interventions,False,,not_applicable,high,False,Exclude,no drug/biological therapeutic candidate found among this trial's interventions,rule_classification,high,False
NCT02062099,PET Imaging of the Translocator Proteine Ligands (TSPO) With [18 F] DPA-714 Biomarker of NeuroInflammation in Cognitive Decline (NIDECO),Phase 1,Small Molecule,Amyloid,Completed,False,,,no_therapeutic_candidate,no drug/biological therapeutic candidate found among this trial's interventions,False,,not_applicable,high,False,Exclude,no drug/biological therapeutic candidate found among this trial's interventions,rule_classification,high,False
NCT05395624,"Safety, PK and Biodistribution of 18F-OP-801 in Patients With ALS, AD, MS, PD and Healthy Volunteers",Phase 2,Small Molecule,Other,Recruiting,False,18F-OP-801,18f op 801,investigational_therapeutic_unverified,sole investigational candidate identified (18F-OP-801); not yet confirmed via official pipeline,False,,no_match,medium,True,Therapeutic Drug,investigational therapeutic candidate; drug/biological intervention type with no disqualifying evidence found,rule_classification,medium,True
NCT06874621,"VY7523-102: Randomized, Placebo-Controlled, Double-Blind, Multiple Ascending Dose Study in Participants With Early Alzheimer's Disease",Phase 2,Small Molecule,Other,Active,False,VY7523,vy7523,investigational_therapeutic_unverified,sole investigational candidate identified (VY7523); not yet confirmed via official pipeline,False,,no_match,medium,True,Therapeutic Drug,investigational therapeutic candidate; drug/biological intervention type with no disqualifying evidence found,rule_classification,medium,True
NCT01518374,Clinical Evaluation of Florbetapir F 18 (18F-AV-45),Phase 2,Small Molecule,Amyloid,Completed,False,,,no_therapeutic_candidate,no drug/biological therapeutic candidate found among this trial's interventions,False,,not_applicable,high,False,Exclude,no drug/biological therapeutic candidate found among this trial's interventions,rule_classification,high,False
NCT01811381,Curcumin and Yoga Therapy for Those at Risk for Alzheimer's Disease,Phase 2,Small Molecule,Other,Unknown,False,Curcumin,curcumin,investigational_therapeutic_unverified,sole investigational candidate identified (Curcumin); not yet confirmed via official pipeline,False,,no_match,medium,True,Therapeutic Drug,investigational therapeutic candidate; drug/biological intervention type with no disqualifying evidence found,rule_classification,medium,True
NCT00799786,"Building Better Caregivers Online: An Online Workshop for Caregivers of Those With Traumatic Brain Injury, Post Traumatic Stress Disorder, or Alzheimer's or Other Dementia",Phase 1,Non-Drug/Behavioral,Other,Completed,False,,,no_therapeutic_candidate,no drug/biological therapeutic candidate found among this trial's interventions,False,,not_applicable,high,False,Exclude,no drug/biological therapeutic candidate found among this trial's interventions,rule_classification,high,False
NCT02228187,Brain-Computer Interface System for Training Memory and Attention in Elderly,Phase 2,Device,Other,Completed,False,,,no_therapeutic_candidate,no drug/biological therapeutic candidate found among this trial's interventions,False,,not_applicable,high,False,Exclude,no drug/biological therapeutic candidate found among this trial's interventions,rule_classification,high,False
NCT01661894,Effectiveness of a Brain-Computer Interface Based System for Cognitive Enhancement in the Normal Elderly,Phase 1,Device,Other,Completed,False,,,no_therapeutic_candidate,no drug/biological therapeutic candidate found among this trial's interventions,False,,not_applicable,high,False,Exclude,no drug/biological therapeutic candidate found among this trial's interventions,rule_classification,high,False
NCT05004688,A Trial to Evaluate the Effects of BCG in Adults With MCI and Mild-to-Moderate AD,Phase 2,Biologic,Other,Completed,False,Biological/Vaccine: Bacillus Calmette-Guerin (BCG),biological vaccine bacillus calmette guerin bcg,investigational_therapeutic_unverified,sole investigational candidate identified (Biological/Vaccine: Bacillus Calmette-Guerin (BCG)); not yet confirmed via official pipeline,False,,no_match,medium,True,Therapeutic Drug,investigational therapeutic candidate; drug/biological intervention type with no disqualifying evidence found,rule_classification,medium,True
NCT01780974,Pilot Study: Lipoic Acid and Omega-3 Fatty Acids for Alzheimer's Prevention,Phase 2,Small Molecule,Other,Completed,False,Lipoic Acid plus Omega-3 Fatty Acids,lipoic acid plus omega 3 fatty acids,investigational_therapeutic_unverified,sole investigational candidate identified (Lipoic Acid plus Omega-3 Fatty Acids); not yet confirmed via official pipeline,False,,no_match,medium,True,Therapeutic Drug,investigational therapeutic candidate; drug/biological intervention type with no disqualifying evidence found,rule_classification,medium,True
NCT06511752,Educational Support Group Program for Bilingual and Spanish-speaking Carepartners and People With Progressive Aphasia,Phase 1,Non-Drug/Behavioral,Other,Recruiting,False,,,no_therapeutic_candidate,no drug/biological therapeutic candidate found among this trial's interventions,False,,not_applicable,high,False,Exclude,no drug/biological therapeutic candidate found among this trial's interventions,rule_classification,high,False
NCT07012993,"Ultralow Dose PET Imaging of 18F-Florbetapir, 18F-Flutemetamol",Phase 2,Small Molecule,Amyloid,Recruiting,False,,,no_therapeutic_candidate,no drug/biological therapeutic candidate found among this trial's interventions,False,,not_applicable,high,False,Exclude,no drug/biological therapeutic candidate found among this trial's interventions,rule_classification,high,False
NCT07377318,Project CARE-D - Online Caregiver Education for Dementia,Phase 1,Non-Drug/Behavioral,Other,Completed,False,,,no_therapeutic_candidate,no drug/biological therapeutic candidate found among this trial's interventions,False,,not_applicable,high,False,Exclude,no drug/biological therapeutic candidate found among this trial's interventions,rule_classification,high,False
NCT03625128,"18F-PM-PBB3 PET Study in Tauopathy Including Alzheimer's Disease, Other Dementias and Normal Controls",Phase 1,Small Molecule,Tau,Completed,False,F-18,f 18,investigational_therapeutic_unverified,sole investigational candidate identified (F-18); not yet confirmed via official pipeline,False,,no_match,medium,True,Therapeutic Drug,investigational therapeutic candidate; drug/biological intervention type with no disqualifying evidence found,rule_classification,medium,True
NCT05853471,[18F]MC225-PET in Neurodegenerative Disease,Phase 2,Small Molecule,Other,Unknown,False,[18F]MC225,18f mc225,investigational_therapeutic_unverified,sole investigational candidate identified ([18F]MC225); not yet confirmed via official pipeline,False,,no_match,medium,True,Therapeutic Drug,investigational therapeutic candidate; drug/biological intervention type with no disqualifying evidence found,rule_classification,medium,True
NCT06999434,Exploring the Utility of [18F]3F4AP for Demyelination Imaging,Phase 1,Small Molecule,Tau,Recruiting,False,[ 18F]3F4AP,18f 3f4ap,investigational_therapeutic_unverified,sole investigational candidate identified ([ 18F]3F4AP); not yet confirmed via official pipeline,False,,no_match,medium,True,Therapeutic Drug,investigational therapeutic candidate; drug/biological intervention type with no disqualifying evidence found,rule_classification,medium,True
NCT04749563,Study of IGC-AD1 in Subjects With Dementia Due to Alzheimer's Disease,Phase 1,Small Molecule,Other,Completed,False,IGC AD1,igc ad1,investigational_therapeutic_unverified,sole investigational candidate identified (IGC AD1); not yet confirmed via official pipeline,False,,no_match,medium,True,Therapeutic Drug,investigational therapeutic candidate; drug/biological intervention type with no disqualifying evidence found,rule_classification,medium,True
NCT06309147,"A Study to Assess the Safety of BMS-984923 Compared to Placebo, in People With Parkinson's",Phase 1,Small Molecule,Amyloid,Unknown,False,BMS-9894923,bms 9894923,investigational_therapeutic_unverified,sole investigational candidate identified (BMS-9894923); not yet confirmed via official pipeline,False,,no_match,medium,True,Therapeutic Drug,investigational therapeutic candidate; drug/biological intervention type with no disqualifying evidence found,rule_classification,medium,True
NCT04587583,WeCareAdvisor: A Web-Based Tool to Improve Quality of Life for Military Veterans With Dementia and Their Caregivers,Phase 2,Non-Drug/Behavioral,Other,Completed,False,,,no_therapeutic_candidate,no drug/biological therapeutic candidate found among this trial's interventions,False,,not_applicable,high,False,Exclude,no drug/biological therapeutic candidate found among this trial's interventions,rule_classification,high,False
NCT00325728,Efficacy and Safety of Ramelteon in Subjects With Mild to Moderate Alzheimer's Disease,Phase 2,Small Molecule,Other,Completed,False,Ramelteon,ramelteon,investigational_therapeutic_unverified,sole investigational candidate identified (Ramelteon); not yet confirmed via official pipeline,False,,no_match,medium,True,Therapeutic Drug,investigational therapeutic candidate; drug/biological intervention type with no disqualifying evidence found,rule_classification,medium,True
NCT07169630,PET Imaging of Phosphodiesterase-4 (PDE4) in Volunteers With Alzheimer Disease (AD) or Mild Cognitive Impairment (MCI),Phase 1,Small Molecule,Amyloid,Recruiting,False,18F-PF974,18f pf974,investigational_therapeutic_unverified,sole investigational candidate identified (18F-PF974); not yet confirmed via official pipeline,False,,no_match,medium,True,Therapeutic Drug,investigational therapeutic candidate; drug/biological intervention type with no disqualifying evidence found,rule_classification,medium,True
NCT07278492,NAD Augmentation to Prevent or Reverse Alzheimer's Disease in People With Down Syndrome,Phase 1,Small Molecule,Metabolism,Recruiting,False,MIB-626,mib 626,investigational_therapeutic_unverified,sole investigational candidate identified (MIB-626); not yet confirmed via official pipeline,False,,no_match,medium,True,Therapeutic Drug,investigational therapeutic candidate; drug/biological intervention type with no disqualifying evidence found,rule_classification,medium,True
NCT05422885,Safety and Feasibility of Dasatinib and Quercetin in Adults at Risk for Alzheimer's Disease,Phase 2,Small Molecule,Neuroprotection,Completed,False,Dasatinib; Quercetin,dasatinib quercetin,investigational_therapeutic_unverified,multiple unverified investigational candidates found (Dasatinib; Quercetin) — could not resolve to a single drug,False,,multiple_candidates_unresolved,low,True,Needs Review,multiple distinct unverified candidates found in one trial — scope not determined at trial level,rule_classification,low,True
NCT03926702,Tau Imaging With JNJ067,Phase 1,Small Molecule,Tau,Completed,False,Radiopharmaceuticals,radiopharmaceuticals,investigational_therapeutic_unverified,sole investigational candidate identified (Radiopharmaceuticals); not yet confirmed via official pipeline,False,,no_match,medium,True,Therapeutic Drug,investigational therapeutic candidate; drug/biological intervention type with no disqualifying evidence found,rule_classification,medium,True
NCT06860373,LIFE-DSR-Biomarker Sub-study of Biomarkers in Down Syndrome Related Alzheimer's Disease (DS-AD),Phase 3,Biologic,Tau,Discontinued,False,,,no_therapeutic_candidate,no drug/biological therapeutic candidate found among this trial's interventions,False,,not_applicable,high,False,Exclude,no drug/biological therapeutic candidate found among this trial's interventions,rule_classification,high,False
NCT04191486,Efficacy and Safety of T-817MA in Patients With Mild Cognitive Impairment Due to Alzheimer's Disease (AD) or Mild AD,Phase 2,Small Molecule,Neuroprotection,Completed,False,T-817MA,t 817ma,investigational_therapeutic_unverified,sole investigational candidate identified (T-817MA); not yet confirmed via official pipeline,False,,no_match,medium,True,Therapeutic Drug,investigational therapeutic candidate; drug/biological intervention type with no disqualifying evidence found,rule_classification,medium,True
NCT05138848,Time-in-bed Restriction in Older Adults With Sleep Difficulties With and Without Risk for Alzheimer's Disease,Phase 1,Non-Drug/Behavioral,Neuropsychiatric,Completed,False,,,no_therapeutic_candidate,no drug/biological therapeutic candidate found among this trial's interventions,False,,not_applicable,high,False,Exclude,no drug/biological therapeutic candidate found among this trial's interventions,rule_classification,high,False
NCT00154635,Efficacy and Safety Study of DCB-AD1 in Patients With Mild to Moderate Alzheimer's Disease,Phase 2,Small Molecule,Other,Unknown,False,DCB-AD1,dcb ad1,investigational_therapeutic_unverified,sole investigational candidate identified (DCB-AD1); not yet confirmed via official pipeline,False,,no_match,medium,True,Therapeutic Drug,investigational therapeutic candidate; drug/biological intervention type with no disqualifying evidence found,rule_classification,medium,True
NCT01524887,"Phase 3 IGIV, 10% in Alzheimer´s Disease",Phase 3,Biologic,Inflammation,Discontinued,False,,,no_therapeutic_candidate,"no confirmed or investigational therapeutic candidate found, but this trial has unresolved/uncertain interventions worth a manual look",False,,no_match,low,True,Needs Review,no therapeutic candidate; trial has unresolved/uncertain interventions,rule_classification,low,True
NCT07422857,Evaluate the Use of [18F]-APN-1607 PET in Subjects With AD-related Cognitive Impairment and Subjects With Normal Cognitive Function,Phase 3,Small Molecule,Tau,Recruiting,False,,,no_therapeutic_candidate,no drug/biological therapeutic candidate found among this trial's interventions,False,,not_applicable,high,False,Exclude,no drug/biological therapeutic candidate found among this trial's interventions,rule_classification,high,False
NCT06120049,[18F]-MFBG Versus [123I]-MIBG and [18F]-PE2I in PD vs. MSA and DLB vs. AD,Phase 3,Non-Drug/Behavioral,Other,Recruiting,False,,,no_therapeutic_candidate,"no confirmed or investigational therapeutic candidate found, but this trial has unresolved/uncertain interventions worth a manual look",False,,no_match,low,True,Needs Review,no therapeutic candidate; trial has unresolved/uncertain interventions,rule_classification,low,True
NCT05979922,Mindfulness-based Cognitive Coping for ADRD Caregivers,Phase 2,Non-Drug/Behavioral,Other,Completed,False,,,no_therapeutic_candidate,no drug/biological therapeutic candidate found among this trial's interventions,False,,not_applicable,high,False,Exclude,no drug/biological therapeutic candidate found among this trial's interventions,rule_classification,high,False
NCT05006599,SNIFF - 3-Week Aptar CPS Device,Phase 2,Device,Metabolism,Discontinued,False,Insulin (Humulin® R U-100),insulin humulin r u 100,investigational_therapeutic_unverified,sole investigational candidate identified (Insulin (Humulin® R U-100)); not yet confirmed via official pipeline,False,,no_match,medium,True,Therapeutic Drug,investigational therapeutic candidate; drug/biological intervention type with no disqualifying evidence found,rule_classification,medium,True
NCT00240695,A Follow-up Study to Assess Safety and Tolerability of Galantamine Treatment in Individuals With Mild Cognitive Impairment,Phase 3,Small Molecule,Symptomatic,Completed,False,galantamine hydrobromide,galantamine hydrobromide,investigational_therapeutic_unverified,sole investigational candidate identified (galantamine hydrobromide); not yet confirmed via official pipeline,False,,no_match,medium,True,Therapeutic Drug,investigational therapeutic candidate; drug/biological intervention type with no disqualifying evidence found,rule_classification,medium,True
NCT04500847,Repurposing Nucleoside Reverse Transcriptase Inhibitors for Treatment of AD,Phase 1,Small Molecule,Other,Recruiting,False,Emtriva,emtriva,investigational_therapeutic_unverified,sole investigational candidate identified (Emtriva); not yet confirmed via official pipeline,False,,no_match,medium,True,Therapeutic Drug,investigational therapeutic candidate; drug/biological intervention type with no disqualifying evidence found,rule_classification,medium,True
NCT04390646,GnRH Therapy on Cognition in Down Syndrome,Phase 3,Small Molecule,Other,Recruiting,False,,,no_therapeutic_candidate,"no confirmed or investigational therapeutic candidate found, but this trial has unresolved/uncertain interventions worth a manual look",False,,no_match,low,True,Needs Review,no therapeutic candidate; trial has unresolved/uncertain interventions,rule_classification,low,True
NCT00209456,Dopamine Transporter Scintigraphy Imaging (DAT-Imaging) in Patients With Lewy Body Dementia,Phase 3,Small Molecule,Other,Completed,False,DatSCAN,datscan,investigational_therapeutic_unverified,sole investigational candidate identified (DatSCAN); not yet confirmed via official pipeline,False,,no_match,medium,True,Therapeutic Drug,investigational therapeutic candidate; drug/biological intervention type with no disqualifying evidence found,rule_classification,medium,True
NCT05565833,Sleep Healthy Using the Internet Mitigating Insomnia to Address Neurocognitive Difficulties (SHUTi MIND),Phase 2,Non-Drug/Behavioral,Neuropsychiatric,Recruiting,False,Patient Education,patient education,investigational_therapeutic_unverified,sole investigational candidate identified (Patient Education); not yet confirmed via official pipeline,False,,no_match,medium,True,Therapeutic Drug,investigational therapeutic candidate; drug/biological intervention type with no disqualifying evidence found,rule_classification,medium,True
NCT03451591,LACunar Intervention (LACI-2) Trial-2,Phase 3,Small Molecule,Neuroprotection,Completed,False,Cilostazol; ISMN XL and Cilostazol; Neither ISMN nor cilostazol,cilostazol ismn xl and cilostazol neither ismn nor cilostazol,investigational_therapeutic_unverified,multiple unverified investigational candidates found (Cilostazol; ISMN XL and Cilostazol; Neither ISMN nor cilostazol) — could not resolve to a single drug,False,,multiple_candidates_unresolved,low,True,Needs Review,multiple distinct unverified candidates found in one trial — scope not determined at trial level,rule_classification,low,True
NCT01953705,n-3 PUFA for Vascular Cognitive Aging,Phase 2,Small Molecule,Other,Unknown,False,Omega 3 PUFA,omega 3 pufa,investigational_therapeutic_unverified,sole investigational candidate identified (Omega 3 PUFA); not yet confirmed via official pipeline,False,,no_match,medium,True,Therapeutic Drug,investigational therapeutic candidate; drug/biological intervention type with no disqualifying evidence found,rule_classification,medium,True
NCT01438060,Aripiprazole in the Treatment of Patients With Psychosis Associated With Dementia of Alzheimer's Type,Phase 3,Small Molecule,Neuropsychiatric,Completed,False,Aripiprazole (BMS-337039),aripiprazole bms 337039,investigational_therapeutic_unverified,sole investigational candidate identified (Aripiprazole (BMS-337039)); not yet confirmed via official pipeline,False,,no_match,medium,True,Therapeutic Drug,investigational therapeutic candidate; drug/biological intervention type with no disqualifying evidence found,rule_classification,medium,True
NCT00692705,"Positron Emission Tomography (PET) Study With [11C]AZD2995 and [11C]AZD2184, Candidate PET Ligands for β Amyloid",Phase 1,Small Molecule,Amyloid,Completed,False,,,no_therapeutic_candidate,"no confirmed or investigational therapeutic candidate found, but this trial has unresolved/uncertain interventions worth a manual look",False,,no_match,low,True,Needs Review,no therapeutic candidate; trial has unresolved/uncertain interventions,rule_classification,low,True
NCT00948259,Safety Study of a Glycogen Synthase Kinase 3 (GSK3) Inhibitor in Patients With Alzheimer´s Disease,Phase 2,Small Molecule,Other,Completed,False,NP031112,np031112,investigational_therapeutic_unverified,sole investigational candidate identified (NP031112); not yet confirmed via official pipeline,False,,no_match,medium,True,Therapeutic Drug,investigational therapeutic candidate; drug/biological intervention type with no disqualifying evidence found,rule_classification,medium,True
NCT07447206,Vascular Intervention Strategies Trial for Alzheimer's,Phase 2,Small Molecule,Other,Recruiting,False,,,no_therapeutic_candidate,"no confirmed or investigational therapeutic candidate found, but this trial has unresolved/uncertain interventions worth a manual look",False,,no_match,low,True,Needs Review,no therapeutic candidate; trial has unresolved/uncertain interventions,rule_classification,low,True
NCT04418232,Feasibility of a Systems Approach for Alzheimer's Services Among Latinos Attending Primary Care Practices,Phase 1,Other,Other,Completed,False,Alianza Latina,alianza latina,investigational_therapeutic_unverified,sole investigational candidate identified (Alianza Latina); not yet confirmed via official pipeline,False,,no_match,medium,True,Needs Review,combination product — components must be inspected individually before treating the whole phrase as one canonical drug name,rule_type,low,True
NCT05336175,Biomarker Study: Heart Failure Patients at Risk,Phase 2,Small Molecule,Other,Unknown,False,,,no_therapeutic_candidate,"no confirmed or investigational therapeutic candidate found, but this trial has unresolved/uncertain interventions worth a manual look",False,,no_match,low,True,Needs Review,no therapeutic candidate; trial has unresolved/uncertain interventions,rule_classification,low,True
NCT05006781,The Dose Finding Study of DAOIB Added to tDCS for AD,Phase 2,Small Molecule,Other,Discontinued,False,DAOIB,daoib,investigational_therapeutic_unverified,sole investigational candidate identified (DAOIB); not yet confirmed via official pipeline,False,,no_match,medium,True,Therapeutic Drug,investigational therapeutic candidate; drug/biological intervention type with no disqualifying evidence found,rule_classification,medium,True
NCT03682185,The Healthy Patterns Sleep Study,Phase 3,Non-Drug/Behavioral,Neuropsychiatric,Completed,False,,,no_therapeutic_candidate,no drug/biological therapeutic candidate found among this trial's interventions,False,,not_applicable,high,False,Exclude,no drug/biological therapeutic candidate found among this trial's interventions,rule_classification,high,False
NCT03430869,Pathophysiology of Neurodegeneration in Late-life Depression (AV45+THK),Phase 2,Small Molecule,Amyloid,Completed,False,,,no_therapeutic_candidate,no drug/biological therapeutic candidate found among this trial's interventions,False,,not_applicable,high,False,Exclude,no drug/biological therapeutic candidate found among this trial's interventions,rule_classification,high,False
NCT00870974,A PET Brain Imaging Study of mGluR5 in Subjects With Neuropsychiatric Conditions,Phase 1,Small Molecule,Neuropsychiatric,Completed,False,[18F]FPEB,18f fpeb,investigational_therapeutic_unverified,sole investigational candidate identified ([18F]FPEB); not yet confirmed via official pipeline,False,,no_match,medium,True,Therapeutic Drug,investigational therapeutic candidate; drug/biological intervention type with no disqualifying evidence found,rule_classification,medium,True
NCT00954590,A Safety and Efficacy Study Evaluating Dimebon (Latrepirdine) in Patients With Moderate to Severe Alzheimer's Disease,Phase 3,Small Molecule,Neuroprotection,Discontinued,False,Dimebon (latrepirdine),dimebon latrepirdine,investigational_therapeutic_unverified,sole investigational candidate identified (Dimebon (latrepirdine)); not yet confirmed via official pipeline,False,,no_match,medium,True,Therapeutic Drug,investigational therapeutic candidate; drug/biological intervention type with no disqualifying evidence found,rule_classification,medium,True
NCT02103894,Evaluation of [18F]MNI-777 PET as a Marker of Tau Pathology in Subjects With Tauopathies Compared to Healthy Subjects,Phase 1,Small Molecule,Tau,Completed,False,,,no_therapeutic_candidate,no drug/biological therapeutic candidate found among this trial's interventions,False,,not_applicable,high,False,Exclude,no drug/biological therapeutic candidate found among this trial's interventions,rule_classification,high,False
NCT02531360,Evaluation of [18F]MNI-815 as a Potential PET Radioligand for Imaging Tau Protein in the Brain of Patients With Tauopathies,Phase 1,Small Molecule,Tau,Completed,False,[18F]MNI-815 (MNI-815),18f mni 815 mni 815,investigational_therapeutic_unverified,sole investigational candidate identified ([18F]MNI-815 (MNI-815)); not yet confirmed via official pipeline,False,,no_match,medium,True,Therapeutic Drug,investigational therapeutic candidate; drug/biological intervention type with no disqualifying evidence found,rule_classification,medium,True
NCT03538522,"A Double-Blind, Placebo-Controlled Safety and Efficacy Study of NA-831",Phase 2,Small Molecule,Other,Completed,False,,,no_therapeutic_candidate,"no confirmed or investigational therapeutic candidate found, but this trial has unresolved/uncertain interventions worth a manual look",False,,no_match,low,True,Needs Review,no therapeutic candidate; trial has unresolved/uncertain interventions,rule_classification,low,True
NCT07422311,"To Evaluate the Efficacy, Safety, and Tolerability of Dronabinol Oral Solution for Agitation in Patients With Alzheimer's Disease",Phase 3,Small Molecule,Neuropsychiatric,Recruiting,False,Dronabinol,dronabinol,investigational_therapeutic_unverified,sole investigational candidate identified (Dronabinol); not yet confirmed via official pipeline,False,,no_match,medium,True,Therapeutic Drug,investigational therapeutic candidate; drug/biological intervention type with no disqualifying evidence found,rule_classification,medium,True
NCT07192913,Glymphatic Function TMS Study,Phase 2,Device,Other,Recruiting,False,,,no_therapeutic_candidate,no drug/biological therapeutic candidate found among this trial's interventions,False,,not_applicable,high,False,Exclude,no drug/biological therapeutic candidate found among this trial's interventions,rule_classification,high,False
NCT05921929,"First-In-Human (FIH), Single Ascending Dose (SAD) Study of FluoroEthylNorMemantine (FENM)",Phase 1,Small Molecule,Symptomatic,Discontinued,False,Fluoroethylnormemantine (FENM),fluoroethylnormemantine fenm,investigational_therapeutic_unverified,sole investigational candidate identified (Fluoroethylnormemantine (FENM)); not yet confirmed via official pipeline,False,,no_match,medium,True,Therapeutic Drug,investigational therapeutic candidate; drug/biological intervention type with no disqualifying evidence found,rule_classification,medium,True
NCT00396825,Video-Based Coping Skills Training for Caregivers,Phase 2,Non-Drug/Behavioral,Other,Completed,False,,,no_therapeutic_candidate,no drug/biological therapeutic candidate found among this trial's interventions,False,,not_applicable,high,False,Exclude,no drug/biological therapeutic candidate found among this trial's interventions,rule_classification,high,False
NCT06041789,Effect of Acetylcholinesterase Inhibitors on Bone Metabolism,Phase 2,Small Molecule,Symptomatic,Recruiting,False,,,no_therapeutic_candidate,"no confirmed or investigational therapeutic candidate found, but this trial has unresolved/uncertain interventions worth a manual look",False,,no_match,low,True,Needs Review,no therapeutic candidate; trial has unresolved/uncertain interventions,rule_classification,low,True
NCT02707458,Dosage and Efficacy of Probucol-induced apoE to Negate Cognitive Deterioration,Phase 2,Small Molecule,Other,Completed,False,Probucol,probucol,investigational_therapeutic_unverified,sole investigational candidate identified (Probucol); not yet confirmed via official pipeline,False,,no_match,medium,True,Therapeutic Drug,investigational therapeutic candidate; drug/biological intervention type with no disqualifying evidence found,rule_classification,medium,True
NCT06562114,A Phase 1 Safety and Tolerability Study of TML-6 in Healthy and Elderly Volunteers for Alzheimer's Disease Treatment,Phase 1,Small Molecule,Other,Completed,False,TML-6 Granules,tml 6 granules,investigational_therapeutic_unverified,sole investigational candidate identified (TML-6 Granules); not yet confirmed via official pipeline,False,,no_match,medium,True,Therapeutic Drug,investigational therapeutic candidate; drug/biological intervention type with no disqualifying evidence found,rule_classification,medium,True
NCT00441987,Study Evaluating the Safety and Pharmacokinetics of a Single Dose of GSI-953,Phase 1,Small Molecule,Amyloid,Completed,False,GSI-953,gsi 953,investigational_therapeutic_unverified,sole investigational candidate identified (GSI-953); not yet confirmed via official pipeline,False,,no_match,medium,True,Therapeutic Drug,investigational therapeutic candidate; drug/biological intervention type with no disqualifying evidence found,rule_classification,medium,True
NCT01513967,A Randomized SAD and MAD Study Evaluating the Safety and Tolerability of RPh201 in Healthy Subjects and in Adults With Alzheimer's Disease,Phase 2,Small Molecule,Other,Completed,False,"RPh201, botanical drug product",rph201 botanical drug product,investigational_therapeutic_unverified,"sole investigational candidate identified (RPh201, botanical drug product); not yet confirmed via official pipeline",False,,no_match,medium,True,Therapeutic Drug,investigational therapeutic candidate; drug/biological intervention type with no disqualifying evidence found,rule_classification,medium,True
NCT06177028,MCLENA-2: A Phase II Clinical Trial for the Assessment of Lenalidomide in Patients With Mild Cognitive Impairment,Phase 2,Small Molecule,Other,Recruiting,False,Lenalidomide,lenalidomide,investigational_therapeutic_unverified,sole investigational candidate identified (Lenalidomide); not yet confirmed via official pipeline,False,,no_match,medium,True,Therapeutic Drug,investigational therapeutic candidate; drug/biological intervention type with no disqualifying evidence found,rule_classification,medium,True
NCT02103673,DAOIB for the Treatment of Cognitive Function and Behavioral and Psychological Symptoms of Dementia,Phase 2,Small Molecule,Other,Completed,False,DAOIB,daoib,investigational_therapeutic_unverified,sole investigational candidate identified (DAOIB); not yet confirmed via official pipeline,False,,no_match,medium,True,Therapeutic Drug,investigational therapeutic candidate; drug/biological intervention type with no disqualifying evidence found,rule_classification,medium,True
NCT02509117,First-In-Human Study Of Single And Multiple Ascending Doses Of PF-06751979,Phase 1,Small Molecule,Other,Completed,False,,,no_therapeutic_candidate,"no confirmed or investigational therapeutic candidate found, but this trial has unresolved/uncertain interventions worth a manual look",False,,no_match,low,True,Needs Review,no therapeutic candidate; trial has unresolved/uncertain interventions,rule_classification,low,True
NCT04032626,MCLENA-1: A Clinical Trial for the Assessment of Lenalidomide in Amnestic MCI Patients,Phase 2,Small Molecule,Other,Completed,False,Lenalidomide,lenalidomide,investigational_therapeutic_unverified,sole investigational candidate identified (Lenalidomide); not yet confirmed via official pipeline,False,,no_match,medium,True,Therapeutic Drug,investigational therapeutic candidate; drug/biological intervention type with no disqualifying evidence found,rule_classification,medium,True
NCT06649929,Nuestro Sueno: Cultural Adaptation of a Couples Intervention to Improve PAP Adherence and Sleep Health Among Latino Couples With Implications for Alzheimer's Disease Risk,Phase 2,Non-Drug/Behavioral,Neuropsychiatric,Recruiting,False,,,no_therapeutic_candidate,"no confirmed or investigational therapeutic candidate found, but this trial has unresolved/uncertain interventions worth a manual look",False,,no_match,low,True,Needs Review,no therapeutic candidate; trial has unresolved/uncertain interventions,rule_classification,low,True
NCT05104463,A Study of CST-2032 and CST-107 in Subjects With Mild Cognitive Impairment or Mild Dementia Due to Parkinson's or Alzheimer's Disease,Phase 2,Small Molecule,Other,Completed,False,,,no_therapeutic_candidate,no drug/biological therapeutic candidate found among this trial's interventions,False,,not_applicable,high,False,Exclude,no drug/biological therapeutic candidate found among this trial's interventions,rule_classification,high,False
NCT06980207,"A Phase 1, MAD Study to Evaluate the Safety, Tolerability and Pharmacokinetics of LY03017",Phase 1,Small Molecule,Other,Recruiting,False,LY03017,ly03017,investigational_therapeutic_unverified,sole investigational candidate identified (LY03017); not yet confirmed via official pipeline,False,,no_match,medium,True,Therapeutic Drug,investigational therapeutic candidate; drug/biological intervention type with no disqualifying evidence found,rule_classification,medium,True
NCT06388551,"A Phase 1, SAD Study to Evaluate the Safety and Tolerability of LY03017",Phase 1,Small Molecule,Other,Unknown,False,LY03017,ly03017,investigational_therapeutic_unverified,sole investigational candidate identified (LY03017); not yet confirmed via official pipeline,False,,no_match,medium,True,Therapeutic Drug,investigational therapeutic candidate; drug/biological intervention type with no disqualifying evidence found,rule_classification,medium,True
NCT07392723,ALA-enriched Nutrition for Prevention of Cognitive Decline in APOE4 Older Adults,Phase 2,Small Molecule,Other,Recruiting,False,Alpha-Linolenic Acid,alpha linolenic acid,investigational_therapeutic_unverified,sole investigational candidate identified (Alpha-Linolenic Acid); not yet confirmed via official pipeline,False,,no_match,medium,True,Therapeutic Drug,investigational therapeutic candidate; drug/biological intervention type with no disqualifying evidence found,rule_classification,medium,True
NCT07386730,A Study of Psychedelics in Healthy Older Adults With Low Well-being,Phase 1,Small Molecule,Other,Recruiting,False,,,no_therapeutic_candidate,"no confirmed or investigational therapeutic candidate found, but this trial has unresolved/uncertain interventions worth a manual look",False,,no_match,low,True,Needs Review,no therapeutic candidate; trial has unresolved/uncertain interventions,rule_classification,low,True
NCT03031184,Study of Mirtazapine for Agitation in Dementia,Phase 3,Small Molecule,Neuropsychiatric,Completed,False,Mirtazapine,mirtazapine,investigational_therapeutic_unverified,sole investigational candidate identified (Mirtazapine); not yet confirmed via official pipeline,False,,no_match,medium,True,Therapeutic Drug,investigational therapeutic candidate; drug/biological intervention type with no disqualifying evidence found,rule_classification,medium,True
NCT01812213,Beta-Amyloid Imaging With [18F]NAV4694 PET in Predicting Progression to AD in Subjects MCI,Phase 2,Small Molecule,Amyloid,Discontinued,False,,,no_therapeutic_candidate,no drug/biological therapeutic candidate found among this trial's interventions,False,,not_applicable,high,False,Exclude,no drug/biological therapeutic candidate found among this trial's interventions,rule_classification,high,False
NCT05686980,A Study to Assess the Adverse Events and How Oral ABBV-552 Capsules Moves Through the Body of Healthy Adult Japanese and Han Chinese Participants,Phase 1,Small Molecule,Other,Completed,False,ABBV-552,abbv 552,investigational_therapeutic_unverified,sole investigational candidate identified (ABBV-552); not yet confirmed via official pipeline,False,,no_match,medium,True,Therapeutic Drug,investigational therapeutic candidate; drug/biological intervention type with no disqualifying evidence found,rule_classification,medium,True
NCT06607900,hUC-MSC-sEV-001 Nasal Drops for Neurodegenerative Diseases,Phase 1,Small Molecule,Other,Recruiting,False,hUC-MSC-sEV-001 nasal drops,huc msc sev 001 nasal drops,investigational_therapeutic_unverified,sole investigational candidate identified (hUC-MSC-sEV-001 nasal drops); not yet confirmed via official pipeline,False,,no_match,medium,True,Therapeutic Drug,investigational therapeutic candidate; drug/biological intervention type with no disqualifying evidence found,rule_classification,medium,True
NCT05804279,Pharmacokinetics of BPDO-1603 or BPDO-16031 and BPDO-16033 Administration in Healthy Adults,Phase 1,Small Molecule,Other,Completed,False,BPDO-1603,bpdo 1603,investigational_therapeutic_unverified,sole investigational candidate identified (BPDO-1603); not yet confirmed via official pipeline,False,,no_match,medium,True,Therapeutic Drug,investigational therapeutic candidate; drug/biological intervention type with no disqualifying evidence found,rule_classification,medium,True
NCT05858515,REVERSE-Long COVID-19 With Baricitinib Study,Phase 3,Small Molecule,Other,Discontinued,False,Baricitinib,baricitinib,investigational_therapeutic_unverified,sole investigational candidate identified (Baricitinib); not yet confirmed via official pipeline,False,,no_match,medium,True,Therapeutic Drug,investigational therapeutic candidate; drug/biological intervention type with no disqualifying evidence found,rule_classification,medium,True
NCT02820155,Phase I Single and Multiple Escalating Dose Study of RGN1016 in Healthy Male Subjects,Phase 1,Small Molecule,Other,Unknown,False,RGN1016,rgn1016,investigational_therapeutic_unverified,sole investigational candidate identified (RGN1016); not yet confirmed via official pipeline,False,,no_match,medium,True,Therapeutic Drug,investigational therapeutic candidate; drug/biological intervention type with no disqualifying evidence found,rule_classification,medium,True
NCT02180269,"A Safety, Tolerability and Pharmacokinetics Study of JNJ-54861911 in Healthy Japanese Male Participants",Phase 1,Small Molecule,Amyloid,Completed,False,JNJ-54861911,jnj 54861911,investigational_therapeutic_unverified,sole investigational candidate identified (JNJ-54861911); not yet confirmed via official pipeline,False,,no_match,medium,True,Therapeutic Drug,investigational therapeutic candidate; drug/biological intervention type with no disqualifying evidence found,rule_classification,medium,True
NCT05289804,Diminishing Accelerated Long-term Forgetting in Mild Cognitive Impairment,Phase 2,Device,Other,Completed,False,Lidocaine / Prilocaine Topical Cream,lidocaine prilocaine topical cream,investigational_therapeutic_unverified,sole investigational candidate identified (Lidocaine / Prilocaine Topical Cream); not yet confirmed via official pipeline,False,,no_match,medium,True,Therapeutic Drug,investigational therapeutic candidate; drug/biological intervention type with no disqualifying evidence found,rule_classification,medium,True
NCT01325402,An Open Positron Emission Tomography Study to Assess the Effects of Varying Mass of AZD4694 on Radioligand Binding Parameters in Healthy Volunteers and Patients With Alzheimer's Disease,Phase 1,Non-Drug/Behavioral,Amyloid,Completed,False,,,no_therapeutic_candidate,no drug/biological therapeutic candidate found among this trial's interventions,False,,not_applicable,high,False,Exclude,no drug/biological therapeutic candidate found among this trial's interventions,rule_classification,high,False
NCT02793232,"Clinical Trial In Healthy Volunteers And Health Elderly Volunteers To Evaluate The Safety, Tolerability And Blood Concentration After Single And Multiple Escalating Oral Doses Of PF-06751979.",Phase 1,Small Molecule,Other,Completed,False,,,no_therapeutic_candidate,"no confirmed or investigational therapeutic candidate found, but this trial has unresolved/uncertain interventions worth a manual look",False,,no_match,low,True,Needs Review,no therapeutic candidate; trial has unresolved/uncertain interventions,rule_classification,low,True
NCT02260700,"A Study to Evaluate Bioavailability, Food Effect, Safety and Tolerability of a Solid Dosage Formulation of JNJ-54861911 in Healthy Older Male Participants",Phase 1,Small Molecule,Amyloid,Completed,False,JNJ-54861911 (Treatment A); JNJ-54861911 (Treatment B); JNJ-54861911 (Treatment C),jnj 54861911 treatment a jnj 54861911 treatment b jnj 54861911 treatment c,investigational_therapeutic_unverified,multiple unverified investigational candidates found (JNJ-54861911 (Treatment A); JNJ-54861911 (Treatment B); JNJ-54861911 (Treatment C)) — could not resolve to a single drug,False,,multiple_candidates_unresolved,low,True,Needs Review,multiple distinct unverified candidates found in one trial — scope not determined at trial level,rule_classification,low,True
NCT02727699,"A Phase II Study to Assess the Safety, Tolerability and Efficacy of Xanamem™ in Subjects With Mild Dementia Due to AD (XanADu)",Phase 2,Small Molecule,Other,Completed,False,Xanamem™,xanamem,investigational_therapeutic_unverified,sole investigational candidate identified (Xanamem™); not yet confirmed via official pipeline,False,,no_match,medium,True,Therapeutic Drug,investigational therapeutic candidate; drug/biological intervention type with no disqualifying evidence found,rule_classification,medium,True
NCT00548951,Alzheimer Patients and the Snoezelen Program,Phase 1,Non-Drug/Behavioral,Other,Completed,False,,,no_therapeutic_candidate,"no confirmed or investigational therapeutic candidate found, but this trial has unresolved/uncertain interventions worth a manual look",False,,no_match,low,True,Needs Review,no therapeutic candidate; trial has unresolved/uncertain interventions,rule_classification,low,True
NCT04507126,A Pilot Study of the Effects of BCG Immunization on CSF and Blood-based Biomarkers in Older Adults.,Phase 2,Biologic,Other,Completed,False,Bacillus Calmette-Guerin (BCG),bacillus calmette guerin bcg,investigational_therapeutic_unverified,sole investigational candidate identified (Bacillus Calmette-Guerin (BCG)); not yet confirmed via official pipeline,False,,no_match,medium,True,Therapeutic Drug,investigational therapeutic candidate; drug/biological intervention type with no disqualifying evidence found,rule_classification,medium,True
NCT00257712,"SMART: Somatotrophics, Memory, and Aging Research Trial",Phase 2,Small Molecule,Other,Completed,False,TH9507 human growth hormone releasing hormone (GHRH),th9507 human growth hormone releasing hormone ghrh,investigational_therapeutic_unverified,sole investigational candidate identified (TH9507 human growth hormone releasing hormone (GHRH)); not yet confirmed via official pipeline,False,,no_match,medium,True,Therapeutic Drug,investigational therapeutic candidate; drug/biological intervention type with no disqualifying evidence found,rule_classification,medium,True
NCT00735800,Telephone Support for Dementia Caregivers,Phase 2,Non-Drug/Behavioral,Other,Completed,False,,,no_therapeutic_candidate,no drug/biological therapeutic candidate found among this trial's interventions,False,,not_applicable,high,False,Exclude,no drug/biological therapeutic candidate found among this trial's interventions,rule_classification,high,False
NCT07579884,To Evaluate the Safety and Efficacy of RP902 Tablets,Phase 2,Small Molecule,Other,Recruiting,False,RP902,rp902,investigational_therapeutic_unverified,sole investigational candidate identified (RP902); not yet confirmed via official pipeline,False,,no_match,medium,True,Therapeutic Drug,investigational therapeutic candidate; drug/biological intervention type with no disqualifying evidence found,rule_classification,medium,True
NCT03852901,Sodium-glucose Co Transporter 2 (sGLT2) Inhibitor and Endogenous Ketone Production,Phase 1,Small Molecule,Metabolism,Completed,False,empagliflozin (Jardiance),empagliflozin jardiance,investigational_therapeutic_unverified,sole investigational candidate identified (empagliflozin (Jardiance)); not yet confirmed via official pipeline,False,,no_match,medium,True,Therapeutic Drug,investigational therapeutic candidate; drug/biological intervention type with no disqualifying evidence found,rule_classification,medium,True
NCT02248636,Cholinesterase Inhibitor Discontinuation,Phase 3,Small Molecule,Symptomatic,Completed,False,Cholinesterase inhibitor,cholinesterase inhibitor,investigational_therapeutic_unverified,sole investigational candidate identified (Cholinesterase inhibitor); not yet confirmed via official pipeline,False,,no_match,medium,True,Therapeutic Drug,investigational therapeutic candidate; drug/biological intervention type with no disqualifying evidence found,rule_classification,medium,True
NCT06891716,[18F]ACI-19626 PET in TDP-43 Proteinopathies,Phase 1,Non-Drug/Behavioral,Other,Recruiting,False,[18F]ACI-19626,18f aci 19626,investigational_therapeutic_unverified,sole investigational candidate identified ([18F]ACI-19626); not yet confirmed via official pipeline,False,,no_match,medium,True,Therapeutic Drug,investigational therapeutic candidate; drug/biological intervention type with no disqualifying evidence found,rule_classification,medium,True
NCT01827982,"A Study to Investigate the Safety, Tolerability and Pharmacokinetics of JNJ-54861911 in Healthy Volunteers Compared With Placebo",Phase 1,Small Molecule,Amyloid,Completed,False,JNJ-54861911; JNJ-54861911 tbd,jnj 54861911 jnj 54861911 tbd,investigational_therapeutic_unverified,multiple unverified investigational candidates found (JNJ-54861911; JNJ-54861911 tbd) — could not resolve to a single drug,False,,multiple_candidates_unresolved,low,True,Needs Review,multiple distinct unverified candidates found in one trial — scope not determined at trial level,rule_classification,low,True
NCT01887535,"A Study to Investigate the Safety, Tolerability, Pharmacokinetics, and Pharmacodynamics of JNJ-54861911 in Healthy Elderly Participants",Phase 1,Small Molecule,Amyloid,Completed,False,JNJ-54861911,jnj 54861911,investigational_therapeutic_unverified,sole investigational candidate identified (JNJ-54861911); not yet confirmed via official pipeline,False,,no_match,medium,True,Therapeutic Drug,investigational therapeutic candidate; drug/biological intervention type with no disqualifying evidence found,rule_classification,medium,True
NCT02197884,A Study to Assess Effects of Clarithromycin on Pharmacokinetics of JNJ-54861911 in Healthy Male Participants,Phase 1,Small Molecule,Amyloid,Completed,False,JNJ-54861911,jnj 54861911,investigational_therapeutic_unverified,sole investigational candidate identified (JNJ-54861911); not yet confirmed via official pipeline,False,,no_match,medium,True,Therapeutic Drug,investigational therapeutic candidate; drug/biological intervention type with no disqualifying evidence found,rule_classification,medium,True
NCT02541929,Fish Oil Brain Delivery Study,Phase 3,Dietary Supplement,Other,Completed,False,Docosahexaenoic acid,docosahexaenoic acid,investigational_therapeutic_unverified,sole investigational candidate identified (Docosahexaenoic acid); not yet confirmed via official pipeline,False,,no_match,medium,True,Non-Drug Intervention,dietary supplement / nutraceutical — excluded from the default therapeutic view unless curated as a genuine investigational program (data/reference/intervention_scope_overrides.csv),rule_type,medium,False
NCT02126514,"A Phase I, Open-Label, Single-Center Study to Assess the Absorption, Metabolism, and Excretion of [14C]-AZD3293",Phase 1,Small Molecule,Amyloid,Completed,False,AZD3293,azd3293,investigational_therapeutic_unverified,sole investigational candidate identified (AZD3293); not yet confirmed via official pipeline,False,,no_match,medium,True,Therapeutic Drug,investigational therapeutic candidate; drug/biological intervention type with no disqualifying evidence found,rule_classification,medium,True
NCT02211079,"A Study to Assess Effect of JNJ-54861911 on Pharmacokinetics of Cocktail Representatives for Cytochrome P450 (CYP) 3A4, CYP2B6, CYP2C9, and CYP1A2 Substrates",Phase 1,Small Molecule,Amyloid,Completed,False,JNJ-54861911,jnj 54861911,investigational_therapeutic_unverified,sole investigational candidate identified (JNJ-54861911); not yet confirmed via official pipeline,False,,no_match,medium,True,Therapeutic Drug,investigational therapeutic candidate; drug/biological intervention type with no disqualifying evidence found,rule_classification,medium,True
NCT00966966,Study Evaluating Potential Interaction Between SAM-531 And Gemfibrozil When Co-Administered,Phase 1,Small Molecule,Symptomatic,Completed,False,SAM-531 and gemfibrozil,sam 531 and gemfibrozil,investigational_therapeutic_unverified,sole investigational candidate identified (SAM-531 and gemfibrozil); not yet confirmed via official pipeline,False,,no_match,medium,True,Therapeutic Drug,investigational therapeutic candidate; drug/biological intervention type with no disqualifying evidence found,rule_classification,medium,True
NCT00959881,Study Evaluating The Coadministration of Begacestat And Donepezil,Phase 1,Small Molecule,Amyloid,Completed,False,Begacestat,begacestat,investigational_therapeutic_unverified,sole investigational candidate identified (Begacestat); not yet confirmed via official pipeline,False,,no_match,medium,True,Therapeutic Drug,investigational therapeutic candidate; drug/biological intervention type with no disqualifying evidence found,rule_classification,medium,True
NCT02005991,A Study To Examine The Distribution Of PF-05212377 In The Brain Of Healthy Volunteer Subjects Using Positron Emission Tomography And A Radioactive Tracer Following Oral Administration Of One Dose Of PF-05212377,Phase 1,Small Molecule,Symptomatic,Completed,False,PF-05212377,pf 05212377,investigational_therapeutic_unverified,sole investigational candidate identified (PF-05212377); not yet confirmed via official pipeline,False,,no_match,medium,True,Therapeutic Drug,investigational therapeutic candidate; drug/biological intervention type with no disqualifying evidence found,rule_classification,medium,True
NCT00547560,Study Evaluating Multiple Doses Of GSI-953 Within The Elderly Population,Phase 1,Small Molecule,Amyloid,Completed,False,GSI-953,gsi 953,investigational_therapeutic_unverified,sole investigational candidate identified (GSI-953); not yet confirmed via official pipeline,False,,no_match,medium,True,Therapeutic Drug,investigational therapeutic candidate; drug/biological intervention type with no disqualifying evidence found,rule_classification,medium,True
NCT00519298,Study Evaluating Effects of SAM-531 on Sleep Electroencephalogram (EEG) and Quantitative Wake EEG in Healthy Subjects,Phase 1,Small Molecule,Symptomatic,Completed,False,SAM-531,sam 531,investigational_therapeutic_unverified,sole investigational candidate identified (SAM-531); not yet confirmed via official pipeline,False,,no_match,medium,True,Therapeutic Drug,investigational therapeutic candidate; drug/biological intervention type with no disqualifying evidence found,rule_classification,medium,True
NCT00259415,Telesupport: Evaluation of Professionally Led Support Groups for Caregivers,Phase 1,Non-Drug/Behavioral,Other,Completed,False,,,no_therapeutic_candidate,no drug/biological therapeutic candidate found among this trial's interventions,False,,not_applicable,high,False,Exclude,no drug/biological therapeutic candidate found among this trial's interventions,rule_classification,high,False
NCT01747213,Bisnorcymserine in Healthy Adult Volunteers,Phase 1,Small Molecule,Other,Completed,False,BNC,bnc,investigational_therapeutic_unverified,sole investigational candidate identified (BNC); not yet confirmed via official pipeline,False,,no_match,medium,True,Therapeutic Drug,investigational therapeutic candidate; drug/biological intervention type with no disqualifying evidence found,rule_classification,medium,True
NCT00242593,Rosiglitazone Effects on Cognition for Adults in Later Life,Phase 2,Small Molecule,Metabolism,Unknown,False,Rosiglitazone,rosiglitazone,investigational_therapeutic_unverified,sole investigational candidate identified (Rosiglitazone); not yet confirmed via official pipeline,False,,no_match,medium,True,Therapeutic Drug,investigational therapeutic candidate; drug/biological intervention type with no disqualifying evidence found,rule_classification,medium,True
NCT00959803,Study Of Single Ascending And Multiple Doses Of PF-04447943 In Japanese Subjects.,Phase 1,Small Molecule,Neuroprotection,Completed,False,PF-04447943,pf 04447943,investigational_therapeutic_unverified,sole investigational candidate identified (PF-04447943); not yet confirmed via official pipeline,False,,no_match,medium,True,Therapeutic Drug,investigational therapeutic candidate; drug/biological intervention type with no disqualifying evidence found,rule_classification,medium,True
NCT05644262,Life's End Benefits of cannaBidiol and tetrahYdrocannabinol,Phase 2,Small Molecule,Other,Active,False,T2:C100,t2 c100,investigational_therapeutic_unverified,sole investigational candidate identified (T2:C100); not yet confirmed via official pipeline,False,,no_match,medium,True,Therapeutic Drug,investigational therapeutic candidate; drug/biological intervention type with no disqualifying evidence found,rule_classification,medium,True
NCT02720445,Memory Improvement Through Nicotine Dosing (MIND) Study,Phase 2,Small Molecule,Other,Completed,False,Nicotine Patch,nicotine patch,investigational_therapeutic_unverified,sole investigational candidate identified (Nicotine Patch); not yet confirmed via official pipeline,False,,no_match,medium,True,Therapeutic Drug,investigational therapeutic candidate; drug/biological intervention type with no disqualifying evidence found,rule_classification,medium,True
NCT02570997,Ascending Dose Study of CT1812 in Healthy Volunteers,Phase 1,Small Molecule,Amyloid,Completed,False,CT1812,ct1812,investigational_therapeutic_unverified,sole investigational candidate identified (CT1812); not yet confirmed via official pipeline,False,,no_match,medium,True,Therapeutic Drug,investigational therapeutic candidate; drug/biological intervention type with no disqualifying evidence found,rule_classification,medium,True
NCT01265394,Positron Emission Tomography (PET) Amyloid Imaging of the Brain in Healthy Young Adult Subjects,Phase 3,Small Molecule,Amyloid,Completed,False,,,no_therapeutic_candidate,no drug/biological therapeutic candidate found among this trial's interventions,False,,not_applicable,high,False,Exclude,no drug/biological therapeutic candidate found among this trial's interventions,rule_classification,high,False
NCT01165554,Positron Emission Tomography (PET) Imaging of Brain Amyloid Compared to Post-Mortem Levels,Phase 3,Small Molecule,Amyloid,Completed,False,,,no_therapeutic_candidate,no drug/biological therapeutic candidate found among this trial's interventions,False,,not_applicable,high,False,Exclude,no drug/biological therapeutic candidate found among this trial's interventions,rule_classification,high,False
NCT03094546,Polyamine-enriched Diet in Elderly Individuals With Subjective Cognitive Decline,Phase 2,Dietary Supplement,Other,Completed,False,Polyamine,polyamine,investigational_therapeutic_unverified,sole investigational candidate identified (Polyamine); not yet confirmed via official pipeline,False,,no_match,medium,True,Non-Drug Intervention,dietary supplement / nutraceutical — excluded from the default therapeutic view unless curated as a genuine investigational program (data/reference/intervention_scope_overrides.csv),rule_type,medium,False
NCT05827653,MAD Study of NX210c,Phase 1,Small Molecule,Other,Completed,False,NX210c,nx210c,investigational_therapeutic_unverified,sole investigational candidate identified (NX210c); not yet confirmed via official pipeline,False,,no_match,medium,True,Therapeutic Drug,investigational therapeutic candidate; drug/biological intervention type with no disqualifying evidence found,rule_classification,medium,True
NCT03618186,Neuroimaging Study,Phase 2,Other,Tau,Recruiting,False,,,no_therapeutic_candidate,no drug/biological therapeutic candidate found among this trial's interventions,False,,not_applicable,high,False,Exclude,no drug/biological therapeutic candidate found among this trial's interventions,rule_classification,high,False
NCT05330871,Evaluate the Safety and Immunogenicity of Ad5 COVID-19 Vaccines for Booster Use in Children Aged 6-17 Years.,Phase 2,Biologic,Other,Unknown,False,,,no_therapeutic_candidate,"no confirmed or investigational therapeutic candidate found, but this trial has unresolved/uncertain interventions worth a manual look",False,,no_match,low,True,Needs Review,no therapeutic candidate; trial has unresolved/uncertain interventions,rule_classification,low,True
NCT05331144,"Impact of Intensive Treatment of SBP on Brain Perfusion, Amyloid, and Tau (IPAT Study)",Phase 2,Small Molecule,Amyloid,Active,False,,,no_therapeutic_candidate,"no confirmed or investigational therapeutic candidate found, but this trial has unresolved/uncertain interventions worth a manual look",False,,no_match,low,True,Needs Review,no therapeutic candidate; trial has unresolved/uncertain interventions,rule_classification,low,True
NCT04840992,Phase I/II Clinical Trial of Recombinant Novel Coronavirus (COVID-19) Vaccine (Adenovirus Type 5 Vector) for Inhalation,Phase 2,Biologic,Other,Completed,False,,,no_therapeutic_candidate,"no confirmed or investigational therapeutic candidate found, but this trial has unresolved/uncertain interventions worth a manual look",False,,no_match,low,True,Needs Review,no therapeutic candidate; trial has unresolved/uncertain interventions,rule_classification,low,True
NCT04642339,"Clinical Trial of the Immunogenicity, Safety, and Efficacy of the Gam-COVID-Vac Vaccine Against COVID-19 in Venezuela",Phase 3,Biologic,Other,Unknown,False,Gam-COVID-Vac,gam covid vac,investigational_therapeutic_unverified,sole investigational candidate identified (Gam-COVID-Vac); not yet confirmed via official pipeline,False,,no_match,medium,True,Therapeutic Drug,investigational therapeutic candidate; drug/biological intervention type with no disqualifying evidence found,rule_classification,medium,True
NCT04566770,A Clinical Trial of A COVID-19 Vaccine Named Recombinant Novel Coronavirus Vaccine (Adenovirus Type 5 Vector),Phase 2,Biologic,Other,Completed,False,Recombinant Novel Coronavirus Vaccine (Adenovirus Type 5 Vector),recombinant novel coronavirus vaccine adenovirus type 5 vector,investigational_therapeutic_unverified,sole investigational candidate identified (Recombinant Novel Coronavirus Vaccine (Adenovirus Type 5 Vector)); not yet confirmed via official pipeline,False,,no_match,medium,True,Therapeutic Drug,investigational therapeutic candidate; drug/biological intervention type with no disqualifying evidence found,rule_classification,medium,True
NCT04526990,Phase III Trial of A COVID-19 Vaccine of Adenovirus Vector in Adults 18 Years Old and Above,Phase 3,Biologic,Other,Completed,False,Recombinant Novel Coronavirus Vaccine (Adenovirus Type 5 Vector),recombinant novel coronavirus vaccine adenovirus type 5 vector,investigational_therapeutic_unverified,sole investigational candidate identified (Recombinant Novel Coronavirus Vaccine (Adenovirus Type 5 Vector)); not yet confirmed via official pipeline,False,,no_match,medium,True,Therapeutic Drug,investigational therapeutic candidate; drug/biological intervention type with no disqualifying evidence found,rule_classification,medium,True
NCT04398147,Phase I/II Clinical Trial of Recombinant Novel Coronavirus Vaccine (Adenovirus Type 5 Vector) in Canada,Phase 2,Biologic,Other,Unknown,False,Recombinant Novel Coronavirus Vaccine (Adenovirus Type 5 Vector),recombinant novel coronavirus vaccine adenovirus type 5 vector,investigational_therapeutic_unverified,sole investigational candidate identified (Recombinant Novel Coronavirus Vaccine (Adenovirus Type 5 Vector)); not yet confirmed via official pipeline,False,,no_match,medium,True,Therapeutic Drug,investigational therapeutic candidate; drug/biological intervention type with no disqualifying evidence found,rule_classification,medium,True
NCT03291093,18F-Flutemetamol and Plaque Vulnerability,Phase 3,Small Molecule,Amyloid,Unknown,False,,,no_therapeutic_candidate,no drug/biological therapeutic candidate found among this trial's interventions,False,,not_applicable,high,False,Exclude,no drug/biological therapeutic candidate found among this trial's interventions,rule_classification,high,False
NCT05627687,Caring Relationships Expression Study,Phase 2,Non-Drug/Behavioral,Other,Completed,False,,,no_therapeutic_candidate,no drug/biological therapeutic candidate found among this trial's interventions,False,,not_applicable,high,False,Exclude,no drug/biological therapeutic candidate found among this trial's interventions,rule_classification,high,False
NCT06786676,"A Phase 1 Clinical Trial to Investigate the Safety, Tolerability, and Pharmacokinetics of AS-S603 in Healthy Participants",Phase 1,Small Molecule,Other,Recruiting,False,AS-S603,as s603,investigational_therapeutic_unverified,sole investigational candidate identified (AS-S603); not yet confirmed via official pipeline,False,,no_match,medium,True,Therapeutic Drug,investigational therapeutic candidate; drug/biological intervention type with no disqualifying evidence found,rule_classification,medium,True
NCT01522404,Effects of Atomoxetine in Mild Cognitive Impairment,Phase 2,Small Molecule,Other,Completed,False,Atomoxetine,atomoxetine,investigational_therapeutic_unverified,sole investigational candidate identified (Atomoxetine); not yet confirmed via official pipeline,False,,no_match,medium,True,Therapeutic Drug,investigational therapeutic candidate; drug/biological intervention type with no disqualifying evidence found,rule_classification,medium,True
NCT00818662,A Phase 3 Study Evaluating Safety and Effectiveness of Immune Globulin Intravenous (IGIV 10%) for the Treatment of Mild-to-Moderate Alzheimer´s Disease,Phase 3,Biologic,Inflammation,Completed,False,,,no_therapeutic_candidate,"no confirmed or investigational therapeutic candidate found, but this trial has unresolved/uncertain interventions worth a manual look",False,,no_match,low,True,Needs Review,no therapeutic candidate; trial has unresolved/uncertain interventions,rule_classification,low,True
NCT03354143,"Hypertension, Intracranial Pulsatility and Brain Amyloid-beta Accumulation in Older Adults (HIPAC Trial)",Phase 2,Non-Drug/Behavioral,Amyloid,Completed,False,,,no_therapeutic_candidate,"no confirmed or investigational therapeutic candidate found, but this trial has unresolved/uncertain interventions worth a manual look",False,,no_match,low,True,Needs Review,no therapeutic candidate; trial has unresolved/uncertain interventions,rule_classification,low,True
NCT01659398,Enhanced External Counterpulsation and Its Effects on Vascular Hemodynamics in Cognitively Impaired Patients,Phase 1,Device,Other,Completed,False,,,no_therapeutic_candidate,no drug/biological therapeutic candidate found among this trial's interventions,False,,not_applicable,high,False,Exclude,no drug/biological therapeutic candidate found among this trial's interventions,rule_classification,high,False
NCT05574400,"The Caffeine, Postoperative Delirium, and Change in Outcomes After Surgery (CAPACHINOS-2) Study",Phase 2,Small Molecule,Other,Completed,False,,,no_therapeutic_candidate,"no confirmed or investigational therapeutic candidate found, but this trial has unresolved/uncertain interventions worth a manual look",False,,no_match,low,True,Needs Review,no therapeutic candidate; trial has unresolved/uncertain interventions,rule_classification,low,True
NCT05321498,Study to Assess the Efficacy of XPro1595 in Patients With Mild Cognitive Impairment With Biomarkers of Inflammation,Phase 2,Small Molecule,Inflammation,Discontinued,False,XPro1595,xpro1595,investigational_therapeutic_unverified,sole investigational candidate identified (XPro1595); not yet confirmed via official pipeline,False,,no_match,medium,True,Therapeutic Drug,investigational therapeutic candidate; drug/biological intervention type with no disqualifying evidence found,rule_classification,medium,True
NCT05480358,Clinical Trial of a Low Protein Diet in Patients With Cognitive Impairment,Phase 2,Dietary Supplement,Other,Unknown,False,Fasting-Mimicking Diet ProlonADTM,fasting mimicking diet prolonadtm,investigational_therapeutic_unverified,sole investigational candidate identified (Fasting-Mimicking Diet ProlonADTM); not yet confirmed via official pipeline,False,,no_match,medium,True,Non-Drug Intervention,dietary supplement / nutraceutical — excluded from the default therapeutic view unless curated as a genuine investigational program (data/reference/intervention_scope_overrides.csv),rule_type,medium,False
NCT00393627,Behavioral Sleep Intervention in Adult Family Homes,Phase 2,Non-Drug/Behavioral,Neuropsychiatric,Completed,False,,,no_therapeutic_candidate,no drug/biological therapeutic candidate found among this trial's interventions,False,,not_applicable,high,False,Exclude,no drug/biological therapeutic candidate found among this trial's interventions,rule_classification,high,False
NCT01871610,Amyloid Accumulation After Mild Traumatic Brain Injury,Phase 2,Small Molecule,Amyloid,Unknown,False,,,no_therapeutic_candidate,no drug/biological therapeutic candidate found among this trial's interventions,False,,not_applicable,high,False,Exclude,no drug/biological therapeutic candidate found among this trial's interventions,rule_classification,high,False
NCT01688128,Efficacy of Ubiquitous SR-based Memory Advancement and Rehabilitation Training (U-SMART),Phase 3,Device,Other,Completed,False,Washout (2 wks),washout 2 wks,investigational_therapeutic_unverified,sole investigational candidate identified (Washout (2 wks)); not yet confirmed via official pipeline,False,,no_match,medium,True,Therapeutic Drug,investigational therapeutic candidate; drug/biological intervention type with no disqualifying evidence found,rule_classification,medium,True
NCT01628653,Ubiquitous Spaced Retrieval-based Memory Advancement and Rehabilitation Training,Phase 1,Device,Other,Completed,False,,,no_therapeutic_candidate,no drug/biological therapeutic candidate found among this trial's interventions,False,,not_applicable,high,False,Exclude,no drug/biological therapeutic candidate found among this trial's interventions,rule_classification,high,False
NCT01699711,Normalization of dyrk1A and APP Function as an Approach to Improve Cognitive Performance and Decelerate AD Progression in DS Subjects: Epigallocatechin Gallate as Therapeutic Tool,Phase 2,Dietary Supplement,Other,Completed,False,Epigallocatechin-3-gallate (EGCG),epigallocatechin 3 gallate egcg,investigational_therapeutic_unverified,sole investigational candidate identified (Epigallocatechin-3-gallate (EGCG)); not yet confirmed via official pipeline,False,,no_match,medium,True,Non-Drug Intervention,dietary supplement / nutraceutical — excluded from the default therapeutic view unless curated as a genuine investigational program (data/reference/intervention_scope_overrides.csv),rule_type,medium,False
NCT04939792,Optimization of Blood Levels of 25(OH)-Vitamin D in African Americans,Phase 1,Small Molecule,Other,Completed,False,,,no_therapeutic_candidate,"no confirmed or investigational therapeutic candidate found, but this trial has unresolved/uncertain interventions worth a manual look",False,,no_match,low,True,Needs Review,no therapeutic candidate; trial has unresolved/uncertain interventions,rule_classification,low,True
NCT04313127,Phase I Clinical Trial of a COVID-19 Vaccine in 18-60 Healthy Adults,Phase 1,Biologic,Other,Completed,False,Recombinant Novel Coronavirus Vaccine (Adenovirus Type 5 Vector),recombinant novel coronavirus vaccine adenovirus type 5 vector,investigational_therapeutic_unverified,sole investigational candidate identified (Recombinant Novel Coronavirus Vaccine (Adenovirus Type 5 Vector)); not yet confirmed via official pipeline,False,,no_match,medium,True,Therapeutic Drug,investigational therapeutic candidate; drug/biological intervention type with no disqualifying evidence found,rule_classification,medium,True
NCT01300728,Study of Intravenous Immunoglobulin in Amnestic Mild Cognitive Impairment,Phase 2,Small Molecule,Other,Completed,False,NewGam 10% IVIG,newgam 10 ivig,investigational_therapeutic_unverified,sole investigational candidate identified (NewGam 10% IVIG); not yet confirmed via official pipeline,False,,no_match,medium,True,Therapeutic Drug,investigational therapeutic candidate; drug/biological intervention type with no disqualifying evidence found,rule_classification,medium,True
NCT02317250,Molecular Cerebral Imaging in Incipient Dementia (MCI-ID) II,Phase 3,Non-Drug/Behavioral,Amyloid,Discontinued,False,,,no_therapeutic_candidate,no drug/biological therapeutic candidate found among this trial's interventions,False,,not_applicable,high,False,Exclude,no drug/biological therapeutic candidate found among this trial's interventions,rule_classification,high,False
NCT00073658,Treating Behavioral Disturbances in Individuals With Dementia,Phase 2,Small Molecule,Neuropsychiatric,Completed,False,Risperidone,risperidone,investigational_therapeutic_unverified,sole investigational candidate identified (Risperidone); not yet confirmed via official pipeline,False,,no_match,medium,True,Therapeutic Drug,investigational therapeutic candidate; drug/biological intervention type with no disqualifying evidence found,rule_classification,medium,True
NCT05741060,Effect of Equol Supplementation on Arterial Stiffness and Cognition in Healthy Volunteers,Phase 2,Small Molecule,Other,Active,False,S-equol,s equol,investigational_therapeutic_unverified,sole investigational candidate identified (S-equol); not yet confirmed via official pipeline,False,,no_match,medium,True,Therapeutic Drug,investigational therapeutic candidate; drug/biological intervention type with no disqualifying evidence found,rule_classification,medium,True
NCT02414607,Effect of Elderberry Juice on Cognition and Inflammation in Patients With Mild Cognitive Impairment,Phase 2,Biologic,Inflammation,Completed,False,Elderberry Juice,elderberry juice,investigational_therapeutic_unverified,sole investigational candidate identified (Elderberry Juice); not yet confirmed via official pipeline,False,,no_match,medium,True,Therapeutic Drug,investigational therapeutic candidate; drug/biological intervention type with no disqualifying evidence found,rule_classification,medium,True
NCT06191198,Communication Bridge 3 Study,Phase 2,Non-Drug/Behavioral,Other,Recruiting,False,,,no_therapeutic_candidate,no drug/biological therapeutic candidate found among this trial's interventions,False,,not_applicable,high,False,Exclude,no drug/biological therapeutic candidate found among this trial's interventions,rule_classification,high,False
NCT00040443,Efficacy And Safety Of CX516 In Elderly Participants With Mild Cognitive Impairment.,Phase 2,Small Molecule,Other,Completed,False,CX516,cx516,investigational_therapeutic_unverified,sole investigational candidate identified (CX516); not yet confirmed via official pipeline,False,,no_match,medium,True,Therapeutic Drug,investigational therapeutic candidate; drug/biological intervention type with no disqualifying evidence found,rule_classification,medium,True
NCT00134953,Efficacy and Safety of Rivastigmine in Patients With Mild Cognitive Impairment,Phase 3,Small Molecule,Symptomatic,Discontinued,False,Rivastigmine,rivastigmine,investigational_therapeutic_unverified,sole investigational candidate identified (Rivastigmine); not yet confirmed via official pipeline,False,,no_match,medium,True,Therapeutic Drug,investigational therapeutic candidate; drug/biological intervention type with no disqualifying evidence found,rule_classification,medium,True
NCT06718686,Rifaximin SSD in Dementia Trial,Phase 2,Small Molecule,Other,Recruiting,False,Rifaximin SSD,rifaximin ssd,investigational_therapeutic_unverified,sole investigational candidate identified (Rifaximin SSD); not yet confirmed via official pipeline,False,,no_match,medium,True,Therapeutic Drug,investigational therapeutic candidate; drug/biological intervention type with no disqualifying evidence found,rule_classification,medium,True
NCT07217912,Daridorexant to Prevent Post-cardiotomy Delirium,Phase 2,Small Molecule,Neuropsychiatric,Recruiting,False,Daridorexant,daridorexant,investigational_therapeutic_unverified,sole investigational candidate identified (Daridorexant); not yet confirmed via official pipeline,False,,no_match,medium,True,Therapeutic Drug,investigational therapeutic candidate; drug/biological intervention type with no disqualifying evidence found,rule_classification,medium,True
NCT06630390,Daridorexant to Prevent Delirium After Heart Surgery,Phase 2,Small Molecule,Neuropsychiatric,Completed,False,Daridorexant,daridorexant,investigational_therapeutic_unverified,sole investigational candidate identified (Daridorexant); not yet confirmed via official pipeline,False,,no_match,medium,True,Therapeutic Drug,investigational therapeutic candidate; drug/biological intervention type with no disqualifying evidence found,rule_classification,medium,True
NCT05169008,A Study to Evaluate the Safety and Immunogenicity of Ad5-nCoV and Ad5-nCoV-IH in CoronaVac Immunized Children and Adolescents,Phase 3,Biologic,Other,Discontinued,False,,,no_therapeutic_candidate,"no confirmed or investigational therapeutic candidate found, but this trial has unresolved/uncertain interventions worth a manual look",False,,no_match,low,True,Needs Review,no therapeutic candidate; trial has unresolved/uncertain interventions,rule_classification,low,True
NCT05124561,Study to Evaluate the inHaled Recombinant COVID-19 Vaccine (Adenovirus Type 5 Vector) On the Protective-Efficacy in Adults (SeiHOPE),Phase 3,Biologic,Other,Discontinued,False,Recombinant COVID-19 vaccine (adenovirus type 5 vector) for Inhalation (Ad5-nCoV-IH),recombinant covid 19 vaccine adenovirus type 5 vector for inhalation ad5 ncov ih,investigational_therapeutic_unverified,sole investigational candidate identified (Recombinant COVID-19 vaccine (adenovirus type 5 vector) for Inhalation (Ad5-nCoV-IH)); not yet confirmed via official pipeline,False,,no_match,medium,True,Therapeutic Drug,investigational therapeutic candidate; drug/biological intervention type with no disqualifying evidence found,rule_classification,medium,True
NCT06932809,"Study of Biodistribution, Metabolism, Excretion and Brain Uptake 18F-JSS20-183A",Phase 1,Small Molecule,Amyloid,Recruiting,False,18F-JSS20-183A PET,18f jss20 183a pet,investigational_therapeutic_unverified,sole investigational candidate identified (18F-JSS20-183A PET); not yet confirmed via official pipeline,False,,no_match,medium,True,Therapeutic Drug,investigational therapeutic candidate; drug/biological intervention type with no disqualifying evidence found,rule_classification,medium,True
NCT03958630,PET Imaging of Neuroinflammation in Neurodegenerative Diseases Via a Novel Translocator Protein (TSPO) Radioligand,Phase 1,Small Molecule,Inflammation,Discontinued,False,11C-ER176,11c er176,investigational_therapeutic_unverified,sole investigational candidate identified (11C-ER176); not yet confirmed via official pipeline,False,,no_match,medium,True,Therapeutic Drug,investigational therapeutic candidate; drug/biological intervention type with no disqualifying evidence found,rule_classification,medium,True
NCT02292186,A Extension Study to Evaluate Revusiran (ALN-TTRSC) in Patients With Transthyretin (TTR) Cardiac Amyloidosis,Phase 2,Small Molecule,Amyloid,Completed,False,Revusiran (ALN-TTRSC),revusiran aln ttrsc,investigational_therapeutic_unverified,sole investigational candidate identified (Revusiran (ALN-TTRSC)); not yet confirmed via official pipeline,False,,no_match,medium,True,Therapeutic Drug,investigational therapeutic candidate; drug/biological intervention type with no disqualifying evidence found,rule_classification,medium,True
NCT01092546,Positron Emission Tomography Imaging of Brain Amyloid in Normal Pressure Hydrocephalus,Phase 3,Small Molecule,Amyloid,Discontinued,False,,,no_therapeutic_candidate,no drug/biological therapeutic candidate found among this trial's interventions,False,,not_applicable,high,False,Exclude,no drug/biological therapeutic candidate found among this trial's interventions,rule_classification,high,False
NCT01053312,PET Imaging of Brain Amyloid in Normal Pressure Hydrocephalus,Phase 3,Small Molecule,Amyloid,Completed,False,,,no_therapeutic_candidate,no drug/biological therapeutic candidate found among this trial's interventions,False,,not_applicable,high,False,Exclude,no drug/biological therapeutic candidate found among this trial's interventions,rule_classification,high,False
NCT03899298,Safety and Clinical Outcomes With Amniotic and Umbilical Cord Tissue Therapy for Numerous Medical Conditions,Phase 1,Biologic,Other,Recruiting,False,Amniotic and Umbilical Cord Tissue Procedure,amniotic and umbilical cord tissue procedure,investigational_therapeutic_unverified,sole investigational candidate identified (Amniotic and Umbilical Cord Tissue Procedure); not yet confirmed via official pipeline,False,,no_match,medium,True,Therapeutic Drug,investigational therapeutic candidate; drug/biological intervention type with no disqualifying evidence found,rule_classification,medium,True
NCT01429623,A 3 Year Study to Evaluate the Safety and Efficacy of Low Dose Ladostigil in Patients With Mild Cognitive Impairment,Phase 2,Small Molecule,Other,Completed,False,ladostigil hemitartrate,ladostigil hemitartrate,investigational_therapeutic_unverified,sole investigational candidate identified (ladostigil hemitartrate); not yet confirmed via official pipeline,False,,no_match,medium,True,Therapeutic Drug,investigational therapeutic candidate; drug/biological intervention type with no disqualifying evidence found,rule_classification,medium,True
NCT01044758,Levetiracetam and Memory Function in Amnestic Mild Cognitive Impairment (MCI),Phase 2,Small Molecule,Other,Completed,False,,,no_therapeutic_candidate,"no confirmed or investigational therapeutic candidate found, but this trial has unresolved/uncertain interventions worth a manual look",False,,no_match,low,True,Needs Review,no therapeutic candidate; trial has unresolved/uncertain interventions,rule_classification,low,True
NCT00056316,Reducing Depression in Dementia Caregivers,Phase 2,Non-Drug/Behavioral,Neuropsychiatric,Completed,False,,,no_therapeutic_candidate,no drug/biological therapeutic candidate found among this trial's interventions,False,,not_applicable,high,False,Exclude,no drug/biological therapeutic candidate found among this trial's interventions,rule_classification,high,False
NCT04270175,"Daratumumab, Pomalidomide, and Dexamethasone (DPd) in Relapsed/Refractory Light Chain Amyloidosis Patients Previously Exposed to Daratumumab",Phase 2,Biologic,Amyloid,Active,False,,,no_therapeutic_candidate,"no confirmed or investigational therapeutic candidate found, but this trial has unresolved/uncertain interventions worth a manual look",False,,no_match,low,True,Needs Review,no therapeutic candidate; trial has unresolved/uncertain interventions,rule_classification,low,True
NCT03236792,Ixazomib In Combination With Cyclophosphamide And Dexamethasone for Newly Diagnosed AL Amyloidosis,Phase 2,Small Molecule,Amyloid,Completed,False,,,no_therapeutic_candidate,"no confirmed or investigational therapeutic candidate found, but this trial has unresolved/uncertain interventions worth a manual look",False,,no_match,low,True,Needs Review,no therapeutic candidate; trial has unresolved/uncertain interventions,rule_classification,low,True
NCT05894954,Precision Medicine Approach for Early Dementia & Mild Cognitive Impairment,Phase 3,Dietary Supplement,Other,Completed,False,,,no_therapeutic_candidate,"no confirmed or investigational therapeutic candidate found, but this trial has unresolved/uncertain interventions worth a manual look",False,,no_match,low,True,Needs Review,no therapeutic candidate; trial has unresolved/uncertain interventions,rule_classification,low,True
NCT02844699,"A Multicenter Randomized Double-blind Placebo-controlled Pilot Study of Safety, Pharmacodynamics and Efficacy of Different Treatments of Immunotherapeutic Drug Mobilan (M-VM3) in Patients With Diagnosed Prostate Cancer",Phase 2,Small Molecule,Other,Unknown,False,Mobilan (M-VM3),mobilan m vm3,investigational_therapeutic_unverified,sole investigational candidate identified (Mobilan (M-VM3)); not yet confirmed via official pipeline,False,,no_match,medium,True,Therapeutic Drug,investigational therapeutic candidate; drug/biological intervention type with no disqualifying evidence found,rule_classification,medium,True
NCT02791230,Long-term Safety of Tafamidis in Subjects With Transthyretin Cardiomyopathy,Phase 3,Small Molecule,Other,Completed,False,Tafamidis,tafamidis,investigational_therapeutic_unverified,sole investigational candidate identified (Tafamidis); not yet confirmed via official pipeline,False,,no_match,medium,True,Therapeutic Drug,investigational therapeutic candidate; drug/biological intervention type with no disqualifying evidence found,rule_classification,medium,True
NCT01994889,Safety and Efficacy of Tafamidis in Patients With Transthyretin Cardiomyopathy,Phase 3,Small Molecule,Other,Completed,False,,,no_therapeutic_candidate,"no confirmed or investigational therapeutic candidate found, but this trial has unresolved/uncertain interventions worth a manual look",False,,no_match,low,True,Needs Review,no therapeutic candidate; trial has unresolved/uncertain interventions,rule_classification,low,True
NCT01181310,Placebo-Controlled Crossover Study to Evaluate Donepezil and MK-3134 for Reversal of Cognitive Impairment Associated With Scopolamine Administration (3134-005)(COMPLETED),Phase 1,Small Molecule,Symptomatic,Completed,False,C: MK-3134,c mk 3134,investigational_therapeutic_unverified,sole investigational candidate identified (C: MK-3134); not yet confirmed via official pipeline,False,,no_match,medium,True,Therapeutic Drug,investigational therapeutic candidate; drug/biological intervention type with no disqualifying evidence found,rule_classification,medium,True
NCT01778946,Nicotine Treatment of Cognitive Decline in Down Syndrome,Phase 2,Small Molecule,Other,Completed,False,,,no_therapeutic_candidate,"no confirmed or investigational therapeutic candidate found, but this trial has unresolved/uncertain interventions worth a manual look",False,,no_match,low,True,Needs Review,no therapeutic candidate; trial has unresolved/uncertain interventions,rule_classification,low,True
NCT04984330,Selinexor for Treatment of Light Chain Amyloidosis With Relapsed/Refractory Disease,Phase 1,Small Molecule,Amyloid,Discontinued,False,,,no_therapeutic_candidate,"no confirmed or investigational therapeutic candidate found, but this trial has unresolved/uncertain interventions worth a manual look",False,,no_match,low,True,Needs Review,no therapeutic candidate; trial has unresolved/uncertain interventions,rule_classification,low,True
NCT01083316,Bortezomib and Dexamethasone Followed by High-Dose Melphalan and Stem Cell Transplantation for Primary (AL) Amyloidosis,Phase 2,Small Molecule,Amyloid,Completed,False,,,no_therapeutic_candidate,"no confirmed or investigational therapeutic candidate found, but this trial has unresolved/uncertain interventions worth a manual look",False,,no_match,low,True,Needs Review,no therapeutic candidate; trial has unresolved/uncertain interventions,rule_classification,low,True
NCT00791492,An Extension of Study Fx-005 Evaluating Long-Term Safety And Clinical Outcomes Of Fx-1006A In Patients With Transthyretin Amyloid Polyneuropathy,Phase 3,Small Molecule,Amyloid,Completed,False,Fx-1006A,fx 1006a,investigational_therapeutic_unverified,sole investigational candidate identified (Fx-1006A); not yet confirmed via official pipeline,False,,no_match,medium,True,Therapeutic Drug,investigational therapeutic candidate; drug/biological intervention type with no disqualifying evidence found,rule_classification,medium,True
NCT00409175,Safety and Efficacy Study of Fx-1006A in Patients With Familial Amyloidosis,Phase 3,Small Molecule,Amyloid,Completed,False,Fx-1006A,fx 1006a,investigational_therapeutic_unverified,sole investigational candidate identified (Fx-1006A); not yet confirmed via official pipeline,False,,no_match,medium,True,Therapeutic Drug,investigational therapeutic candidate; drug/biological intervention type with no disqualifying evidence found,rule_classification,medium,True
NCT04685265,"A Study to Assess the Safety, Tolerability, Pharmacokinetics and Pharmacodynamics of anle138b in Parkinson's Disease",Phase 1,Small Molecule,Other,Completed,False,anle138b,anle138b,investigational_therapeutic_unverified,sole investigational candidate identified (anle138b); not yet confirmed via official pipeline,False,,no_match,medium,True,Therapeutic Drug,investigational therapeutic candidate; drug/biological intervention type with no disqualifying evidence found,rule_classification,medium,True
NCT04208152,A First-in-Human Study of Single and Multiple Doses of anle138b in Healthy Subjects,Phase 1,Small Molecule,Other,Completed,False,anle138b,anle138b,investigational_therapeutic_unverified,sole investigational candidate identified (anle138b); not yet confirmed via official pipeline,False,,no_match,medium,True,Therapeutic Drug,investigational therapeutic candidate; drug/biological intervention type with no disqualifying evidence found,rule_classification,medium,True
NCT02008513,Follow-up Study to Assess Safety and Clinical Activity of Continued AFFITOPE® AD02 Vaccinations of Patients Who Participated in AFF006,Phase 2,Biologic,Amyloid,Discontinued,False,AFFITOPE® AD02,affitope ad02,investigational_therapeutic_unverified,sole investigational candidate identified (AFFITOPE® AD02); not yet confirmed via official pipeline,False,,no_match,medium,True,Therapeutic Drug,investigational therapeutic candidate; drug/biological intervention type with no disqualifying evidence found,rule_classification,medium,True
NCT02632786,"The PRONTO Study, a Global Phase 2b Study of NEOD001 in Previously Treated Subjects With Light Chain (AL) Amyloidosis",Phase 2,Small Molecule,Amyloid,Completed,False,NEOD001,neod001,investigational_therapeutic_unverified,sole investigational candidate identified (NEOD001); not yet confirmed via official pipeline,False,,no_match,medium,True,Therapeutic Drug,investigational therapeutic candidate; drug/biological intervention type with no disqualifying evidence found,rule_classification,medium,True
NCT05532358,A Drug-Drug Interaction Study to Assess the CYP1A2 and CYP3A4 Interaction Potential of TEV-56286 (anle138b),Phase 1,Small Molecule,Other,Completed,False,,,no_therapeutic_candidate,"no confirmed or investigational therapeutic candidate found, but this trial has unresolved/uncertain interventions worth a manual look",False,,no_match,low,True,Needs Review,no therapeutic candidate; trial has unresolved/uncertain interventions,rule_classification,low,True
NCT03325556,Relapse Prevention Study of Pimavanserin in Dementia-related Psychosis,Phase 3,Small Molecule,Neuropsychiatric,Completed,False,Pimavanserin,pimavanserin,investigational_therapeutic_unverified,sole investigational candidate identified (Pimavanserin); not yet confirmed via official pipeline,False,,no_match,medium,True,Therapeutic Drug,investigational therapeutic candidate; drug/biological intervention type with no disqualifying evidence found,rule_classification,medium,True
NCT03361410,Impact of Grape Consumption on Brain Metabolism and Neuropsychological Performance Over 1 Year,Phase 2,Dietary Supplement,Metabolism,Completed,False,Grape Powder,grape powder,investigational_therapeutic_unverified,sole investigational candidate identified (Grape Powder); not yet confirmed via official pipeline,False,,no_match,medium,True,Non-Drug Intervention,dietary supplement / nutraceutical — excluded from the default therapeutic view unless curated as a genuine investigational program (data/reference/intervention_scope_overrides.csv),rule_type,medium,False
NCT07589595,A Study of Donanemab (LY3002813) in Participants With Early Cognitive Decline (TRAILBLAZER-ALZ 7),Phase 2,Biologic,Amyloid,Recruiting,False,Donanemab,donanemab,sponsor_developed_therapeutic,official pipeline record matched (Donanemab) but source_url is blank — verify manually,True,,pipeline_record_match_without_source,medium,True,Therapeutic Drug,confirmed or unsourced official sponsor-pipeline match,rule_classification,medium,False
NCT01855360,Doxycycline and TUDCA in Patients With Transthyretin Amyloid Cardiomyopathy,Phase 2,Small Molecule,Amyloid,Completed,False,Tauroursodeoxycholic Acid and Doxycycline,tauroursodeoxycholic acid and doxycycline,investigational_therapeutic_unverified,sole investigational candidate identified (Tauroursodeoxycholic Acid and Doxycycline); not yet confirmed via official pipeline,False,,no_match,medium,True,Therapeutic Drug,investigational therapeutic candidate; drug/biological intervention type with no disqualifying evidence found,rule_classification,medium,True
NCT04882735,Efficacy and Safety of Acoramidis (AG10) in Subjects with Transthyretin Amyloid Polyneurophathy (ATTRibute-PN),Phase 3,Small Molecule,Amyloid,Discontinued,False,Acoramidis,acoramidis,investigational_therapeutic_unverified,sole investigational candidate identified (Acoramidis); not yet confirmed via official pipeline,False,,no_match,medium,True,Therapeutic Drug,investigational therapeutic candidate; drug/biological intervention type with no disqualifying evidence found,rule_classification,medium,True
NCT04418024,Efficacy and Safety of AG10 in Subjects with Transthyretin Amyloid Polyneurophathy,Phase 3,Small Molecule,Amyloid,Discontinued,False,AG10,ag10,investigational_therapeutic_unverified,sole investigational candidate identified (AG10); not yet confirmed via official pipeline,False,,no_match,medium,True,Therapeutic Drug,investigational therapeutic candidate; drug/biological intervention type with no disqualifying evidence found,rule_classification,medium,True
NCT03860935,Efficacy and Safety of AG10 in Subjects With Transthyretin Amyloid Cardiomyopathy,Phase 3,Small Molecule,Amyloid,Completed,False,acoramidis,acoramidis,investigational_therapeutic_unverified,sole investigational candidate identified (acoramidis); not yet confirmed via official pipeline,False,,no_match,medium,True,Therapeutic Drug,investigational therapeutic candidate; drug/biological intervention type with no disqualifying evidence found,rule_classification,medium,True
NCT06563895,Acoramidis Transthyretin Amyloidosis Prevention Trial in the Young (ACT-EARLY) Study in Asymptomatic Carriers of a Pathogenic TTR Variant,Phase 3,Small Molecule,Amyloid,Recruiting,False,Acoramidis,acoramidis,investigational_therapeutic_unverified,sole investigational candidate identified (Acoramidis); not yet confirmed via official pipeline,False,,no_match,medium,True,Therapeutic Drug,investigational therapeutic candidate; drug/biological intervention type with no disqualifying evidence found,rule_classification,medium,True
NCT02072252,Mobile Phone App for Depression and Anxiety in Young Men Who Are Attracted to Men,Phase 2,Non-Drug/Behavioral,Neuropsychiatric,Discontinued,False,,,no_therapeutic_candidate,no drug/biological therapeutic candidate found among this trial's interventions,False,,not_applicable,high,False,Exclude,no drug/biological therapeutic candidate found among this trial's interventions,rule_classification,high,False
NCT07116473,To Evaluate the Long-term Safety and Tolerability of Acoramidis in Participants With Newly Diagnosed ATTR-CM (ACT-EARLY OLE),Phase 3,Small Molecule,Other,Recruiting,False,Acoramidis (AG10),acoramidis ag10,investigational_therapeutic_unverified,sole investigational candidate identified (Acoramidis (AG10)); not yet confirmed via official pipeline,False,,no_match,medium,True,Therapeutic Drug,investigational therapeutic candidate; drug/biological intervention type with no disqualifying evidence found,rule_classification,medium,True
NCT02319005,ENDEAVOUR: Phase 3 Multicenter Study of Revusiran (ALN-TTRSC) in Patients With Transthyretin (TTR) Mediated Familial Amyloidotic Cardiomyopathy (FAC),Phase 3,Small Molecule,Amyloid,Completed,False,,,no_therapeutic_candidate,"no confirmed or investigational therapeutic candidate found, but this trial has unresolved/uncertain interventions worth a manual look",False,,no_match,low,True,Needs Review,no therapeutic candidate; trial has unresolved/uncertain interventions,rule_classification,low,True
NCT06644573,Evaluating the Efficacy and Safety of PROSOMNIA Sleep Therapy™ in Patients With Sleep Deprivation and Chronic Insomnia,Phase 1,Device,Neuropsychiatric,Recruiting,False,"Diprivan (propofol), Astra-Zeneca",diprivan propofol astra zeneca,investigational_therapeutic_unverified,"sole investigational candidate identified (Diprivan (propofol), Astra-Zeneca); not yet confirmed via official pipeline",False,,no_match,medium,True,Therapeutic Drug,investigational therapeutic candidate; drug/biological intervention type with no disqualifying evidence found,rule_classification,medium,True
NCT04684602,Mesenchymal Stem Cells for the Treatment of Various Chronic and Acute Conditions,Phase 2,Biologic,Other,Recruiting,False,PrimePro™/ PrimeMSK™,primepro primemsk,investigational_therapeutic_unverified,sole investigational candidate identified (PrimePro™/ PrimeMSK™); not yet confirmed via official pipeline,False,,no_match,medium,True,Therapeutic Drug,investigational therapeutic candidate; drug/biological intervention type with no disqualifying evidence found,rule_classification,medium,True
