display_name,phase_reached,drug_type,target,status_summary,trial_count,max_enrollment,sponsor,is_aribio,verification_status,classification_confidence,needs_manual_review,confirmed_trial_count,unverified_trial_count,pipeline_scope,scope_reason,scope_method,scope_confidence,manual_review_required,target_pathways,mechanism_of_action,molecular_targets,classification_source,classification_method,scientific_classification_confidence,scientific_classification_reason,evidence_used,scientific_manual_review_required,therapeutic_purpose_class,therapeutic_purpose_category,cadro,modality,drug_type_source,drug_type_inferred
3APS,Phase 3,Disease-Targeted Small Molecule,Amyloid,Unknown,2,950.0,Bellus Health Inc. - a GSK company,False,no_match,medium,True,0,2,Therapeutic Drug,investigational therapeutic candidate; drug/biological intervention type with no disqualifying evidence found,rule_classification,medium,True,Amyloid,,,structured_ct_gov_evidence,tier2_6_resolver,medium,existing evidence only (structured_ct_gov_evidence); no NIH match found,ct.gov structured modality='Small Molecule'; known-compound target='Amyloid',False,,,,Small Molecule,inferred_default,True
AC-1204,Phase 3,Disease-Targeted Small Molecule,Other,Completed,1,418.0,Cerecin,False,no_match,medium,True,0,1,Therapeutic Drug,investigational therapeutic candidate; drug/biological intervention type with no disqualifying evidence found,rule_classification,medium,True,,,,structured_ct_gov_evidence,tier2_6_resolver,medium,existing evidence only (structured_ct_gov_evidence); no NIH match found,ct.gov structured modality='Small Molecule',False,,,,Small Molecule,inferred_default,True
ACP-204,Phase 3,Neuropsychiatric Symptom Tx,Neuropsychiatric,Recruiting,2,1074.0,ACADIA Pharmaceuticals Inc.,False,no_match,medium,True,0,2,Therapeutic Drug,investigational therapeutic candidate; drug/biological intervention type with no disqualifying evidence found,rule_classification,medium,True,Neuropsychiatric,Selective antagonist/inverse agonist of 5‐hydroxytryptamine (serotonin) receptor subtype 2A,,nih_reference,tier2_6_resolver,medium,NIH reference evidence (agrees with existing evidence),ct.gov structured modality='Small Molecule'; ct.gov structured target(s)=['Neuropsychiatric']; NIH agent='ACP‐204' CADRO='Neurotransmitter receptors',False,STT,Neuropsychiatric,Neurotransmitter receptors,Small Molecule,nih_reference,False
AG10,Phase 3,Disease-Targeted Small Molecule,Amyloid,Discontinued,1,0.0,"Eidos Therapeutics, a BridgeBio company",False,no_match,medium,True,0,1,Therapeutic Drug,investigational therapeutic candidate; drug/biological intervention type with no disqualifying evidence found,rule_classification,medium,True,Amyloid,,,structured_ct_gov_evidence,tier2_6_resolver,medium,existing evidence only (structured_ct_gov_evidence); no NIH match found,ct.gov structured modality='Small Molecule'; ct.gov structured target(s)=['Amyloid'],False,,,,Small Molecule,inferred_default,True
AGB101,Phase 3,Disease-Targeted Small Molecule,Other,Completed,3,164.0,AgeneBio; Medical College of Wisconsin,False,no_match,medium,True,0,3,Therapeutic Drug,investigational therapeutic candidate; drug/biological intervention type with no disqualifying evidence found,rule_classification,medium,True,,,,structured_ct_gov_evidence,tier2_6_resolver,medium,existing evidence only (structured_ct_gov_evidence); no NIH match found,ct.gov structured modality='Small Molecule',False,,,,Small Molecule,inferred_default,True
ANAVEX2-73,Phase 3,Disease-Targeted Small Molecule,Neuroprotection,Completed,2,300.0,Anavex Life Sciences Corp.,False,no_match,medium,True,0,2,Therapeutic Drug,investigational therapeutic candidate; drug/biological intervention type with no disqualifying evidence found,rule_classification,medium,True,Neuroprotection,,,structured_ct_gov_evidence,tier2_6_resolver,medium,existing evidence only (structured_ct_gov_evidence); no NIH match found,ct.gov structured modality='Small Molecule'; known-compound target='Neuroprotection',False,,,,Small Molecule,inferred_default,True
AR1001,Phase 3,Disease-Targeted Small Molecule,Amyloid,Active,2,1535.0,"AriBio Co., Ltd.",True,pipeline_record_match_without_source,medium,True,2,0,Therapeutic Drug,confirmed or unsourced official sponsor-pipeline match,rule_classification,medium,False,Amyloid; Tau; Neuroprotection,Phosphodiesterase 5 (PDE5) inhibitor; improves synaptic plasticity,PDE5,curated_override,tier1_curated_override,high,"migrated from pipeline_viz.py's pre-Phase-2 is_aribio hardcode (""Multi (Amyloid/Tau/Neuroprotection)""); AR1001 Phase 2 data (AAIC 2026) showed effects across pTau181, Abeta42/40 ratio, and ADAS-Cog13 rather than a single pathway",curated override (AriBio AAIC 2026 Phase 2 data / dashboard spotlight),False,DTT,Small Molecule,Synaptic plasticity/ neuroprotection,Small Molecule,nih_reference,False
ATH-1017,Phase 3,Disease-Targeted Small Molecule,Neuroprotection,Completed,3,554.0,LeonaBio,False,no_match,medium,True,0,3,Therapeutic Drug,investigational therapeutic candidate; drug/biological intervention type with no disqualifying evidence found,rule_classification,medium,True,Neuroprotection,,,structured_ct_gov_evidence,tier2_6_resolver,medium,existing evidence only (structured_ct_gov_evidence); no NIH match found,ct.gov structured modality='Small Molecule'; known-compound target='Neuroprotection',False,,,,Small Molecule,inferred_default,True
AVP-786,Phase 3,Neuropsychiatric Symptom Tx,Neuropsychiatric,Completed,5,1197.0,"Otsuka Pharmaceutical Development & Commercialization, Inc.",False,no_match,medium,True,0,5,Therapeutic Drug,investigational therapeutic candidate; drug/biological intervention type with no disqualifying evidence found,rule_classification,medium,True,Neuropsychiatric,,,structured_ct_gov_evidence,tier2_6_resolver,medium,existing evidence only (structured_ct_gov_evidence); no NIH match found,ct.gov structured modality='Small Molecule'; ct.gov structured target(s)=['Neuropsychiatric'],False,,,,Small Molecule,inferred_from_target_pathway,True
AVP-923,Phase 3,Disease-Targeted Small Molecule,Other,Completed,1,600.0,Avanir Pharmaceuticals,False,no_match,medium,True,0,1,Therapeutic Drug,investigational therapeutic candidate; drug/biological intervention type with no disqualifying evidence found,rule_classification,medium,True,,,,structured_ct_gov_evidence,tier2_6_resolver,medium,existing evidence only (structured_ct_gov_evidence); no NIH match found,ct.gov structured modality='Small Molecule',False,,,,Small Molecule,inferred_default,True
AXS-05,Phase 3,Neuropsychiatric Symptom Tx,Neuropsychiatric,Completed,2,408.0,"Axsome Therapeutics, Inc.",False,no_match,medium,True,0,2,Therapeutic Drug,investigational therapeutic candidate; drug/biological intervention type with no disqualifying evidence found,rule_classification,medium,True,Neuropsychiatric,,,structured_ct_gov_evidence,tier2_6_resolver,medium,existing evidence only (structured_ct_gov_evidence); no NIH match found,ct.gov structured modality='Small Molecule'; ct.gov structured target(s)=['Neuropsychiatric'],False,,,,Small Molecule,inferred_from_target_pathway,True
AXS-05 (dextromethorphan-bupropion),Phase 3,Neuropsychiatric Symptom Tx,Neuropsychiatric,Completed,2,456.0,"Axsome Therapeutics, Inc.",False,no_match,medium,True,0,2,Therapeutic Drug,investigational therapeutic candidate; drug/biological intervention type with no disqualifying evidence found,rule_classification,medium,True,Neuropsychiatric,,,structured_ct_gov_evidence,tier2_6_resolver,medium,existing evidence only (structured_ct_gov_evidence); no NIH match found,ct.gov structured modality='Small Molecule'; ct.gov structured target(s)=['Neuropsychiatric'],False,,,,Small Molecule,inferred_from_target_pathway,True
Acoramidis,Phase 3,Disease-Targeted Small Molecule,Amyloid,Recruiting,3,632.0,"Eidos Therapeutics, a BridgeBio company",False,no_match,medium,True,0,3,Therapeutic Drug,investigational therapeutic candidate; drug/biological intervention type with no disqualifying evidence found,rule_classification,medium,True,Amyloid,,,structured_ct_gov_evidence,tier2_6_resolver,medium,existing evidence only (structured_ct_gov_evidence); no NIH match found,ct.gov structured modality='Small Molecule'; ct.gov structured target(s)=['Amyloid'],False,,,,Small Molecule,inferred_default,True
Acoramidis (AG10),Phase 3,Disease-Targeted Small Molecule,Other,Recruiting,1,250.0,"Eidos Therapeutics, a BridgeBio company",False,no_match,medium,True,0,1,Therapeutic Drug,investigational therapeutic candidate; drug/biological intervention type with no disqualifying evidence found,rule_classification,medium,True,,,,structured_ct_gov_evidence,tier2_6_resolver,medium,existing evidence only (structured_ct_gov_evidence); no NIH match found,ct.gov structured modality='Small Molecule',False,,,,Small Molecule,inferred_default,True
Aducanumab,Phase 3,Disease-Targeted Biologic,Amyloid,Discontinued,6,1696.0,Biogen,False,pipeline_record_match_without_source,medium,True,6,0,Therapeutic Drug,confirmed or unsourced official sponsor-pipeline match,rule_classification,medium,False,Amyloid,,,official_pipeline_reference,tier2_6_resolver,high,existing evidence only (official_pipeline_reference); no NIH match found,official_pipeline modality='Biologic'; official_pipeline target=['Amyloid'],False,,,,Biologic,inferred_from_modality,True
Aducanumab (BIIB037),Phase 3,Disease-Targeted Biologic,Amyloid,Discontinued,2,1653.0,Biogen,False,no_match,medium,True,0,2,Therapeutic Drug,investigational therapeutic candidate; drug/biological intervention type with no disqualifying evidence found,rule_classification,medium,True,Amyloid,,,known_compound_exact_match,tier2_6_resolver,high,existing evidence only (known_compound_exact_match); no NIH match found,known-compound modality='Biologic'; known-compound target='Amyloid',False,,,,Biologic,inferred_from_modality,True
"Angiotensin II receptor blocker (ARB, losartan) and calcium channel blocker (CCB, amlodipine)",Phase 3,Disease-Targeted Small Molecule,Other,Completed,1,513.0,University of Texas Southwestern Medical Center,False,no_match,medium,True,0,1,Therapeutic Drug,investigational therapeutic candidate; drug/biological intervention type with no disqualifying evidence found,rule_classification,medium,True,,,,structured_ct_gov_evidence,tier2_6_resolver,medium,existing evidence only (structured_ct_gov_evidence); no NIH match found,ct.gov structured modality='Small Molecule',False,,,,Small Molecule,inferred_default,True
Aripiprazole,Phase 3,Neuropsychiatric Symptom Tx,Neuropsychiatric,Completed,3,125.0,"Otsuka Pharmaceutical Development & Commercialization, Inc.",False,no_match,medium,True,0,3,Therapeutic Drug,investigational therapeutic candidate; drug/biological intervention type with no disqualifying evidence found,rule_classification,medium,True,Neuropsychiatric,,,structured_ct_gov_evidence,tier2_6_resolver,medium,existing evidence only (structured_ct_gov_evidence); no NIH match found,ct.gov structured modality='Small Molecule'; ct.gov structured target(s)=['Neuropsychiatric'],False,,,,Small Molecule,inferred_from_target_pathway,True
Aripiprazole (BMS-337039),Phase 3,Neuropsychiatric Symptom Tx,Neuropsychiatric,Completed,1,232.0,"Otsuka Pharmaceutical Development & Commercialization, Inc.",False,no_match,medium,True,0,1,Therapeutic Drug,investigational therapeutic candidate; drug/biological intervention type with no disqualifying evidence found,rule_classification,medium,True,Neuropsychiatric,,,structured_ct_gov_evidence,tier2_6_resolver,medium,existing evidence only (structured_ct_gov_evidence); no NIH match found,ct.gov structured modality='Small Molecule'; ct.gov structured target(s)=['Neuropsychiatric'],False,,,,Small Molecule,inferred_from_target_pathway,True
Atabecestat,Phase 3,Disease-Targeted Small Molecule,Amyloid,Discontinued,2,557.0,"Janssen Research & Development, LLC",False,no_match,medium,True,0,2,Therapeutic Drug,investigational therapeutic candidate; drug/biological intervention type with no disqualifying evidence found,rule_classification,medium,True,Amyloid,,,structured_ct_gov_evidence,tier2_6_resolver,medium,existing evidence only (structured_ct_gov_evidence); no NIH match found,ct.gov structured modality='Small Molecule'; known-compound target='Amyloid',False,,,,Small Molecule,inferred_default,True
Atorvastatin,Phase 3,Disease-Targeted Small Molecule,Metabolism,Completed,2,600.0,"Pfizer's Upjohn has merged with Mylan to form Viatris Inc.; University of Wisconsin, Madison",False,no_match,medium,True,0,2,Therapeutic Drug,investigational therapeutic candidate; drug/biological intervention type with no disqualifying evidence found,rule_classification,medium,True,Metabolism,,,structured_ct_gov_evidence,tier2_6_resolver,medium,existing evidence only (structured_ct_gov_evidence); no NIH match found,ct.gov structured modality='Small Molecule'; known-compound target='Metabolism',False,,,,Small Molecule,inferred_default,True
Azeliragon,Phase 3,Disease-Targeted Small Molecule,Amyloid,Discontinued,3,880.0,vTv Therapeutics,False,no_match,medium,True,0,3,Therapeutic Drug,investigational therapeutic candidate; drug/biological intervention type with no disqualifying evidence found,rule_classification,medium,True,Amyloid,,,structured_ct_gov_evidence,tier2_6_resolver,medium,existing evidence only (structured_ct_gov_evidence); no NIH match found,ct.gov structured modality='Small Molecule'; known-compound target='Amyloid',False,,,,Small Molecule,inferred_default,True
BPDO-1603,Phase 3,Disease-Targeted Small Molecule,Other,Unknown,2,712.0,"Hyundai Pharm; Hyundai Pharmaceutical Co., LTD.",False,no_match,medium,True,0,2,Therapeutic Drug,investigational therapeutic candidate; drug/biological intervention type with no disqualifying evidence found,rule_classification,medium,True,,,,structured_ct_gov_evidence,tier2_6_resolver,medium,existing evidence only (structured_ct_gov_evidence); no NIH match found,ct.gov structured modality='Small Molecule',False,,,,Small Molecule,inferred_default,True
Bapineuzumab,Phase 3,Disease-Targeted Biologic,Amyloid,Discontinued,8,1100.0,"JANSSEN Alzheimer Immunotherapy Research & Development, LLC; Pfizer; Wyeth is now a wholly owned subsidiary of Pfizer",False,no_match,medium,True,0,8,Therapeutic Drug,investigational therapeutic candidate; drug/biological intervention type with no disqualifying evidence found,rule_classification,medium,True,Amyloid,,,known_compound_exact_match,tier2_6_resolver,high,existing evidence only (known_compound_exact_match); no NIH match found,known-compound modality='Biologic'; known-compound target='Amyloid',False,,,,Biologic,inferred_from_modality,True
Baricitinib,Phase 3,Disease-Targeted Small Molecule,Inflammation,Discontinued,2,17.0,Massachusetts General Hospital; Vanderbilt University Medical Center,False,no_match,medium,True,0,2,Therapeutic Drug,investigational therapeutic candidate; drug/biological intervention type with no disqualifying evidence found,rule_classification,medium,True,Inflammation,Janus kinase inhibitor to reduce inflammatory cytokine signaling,,nih_reference,tier2_6_resolver,medium,NIH reference evidence (agrees with existing evidence),ct.gov structured modality='Small Molecule'; NIH agent='Baricitinib' CADRO='Inflammation',False,DTT,Small Molecule,Inflammation,Small Molecule,nih_reference,False
Brexpiprazole,Phase 3,Neuropsychiatric Symptom Tx,Neuropsychiatric,Completed,4,410.0,"Otsuka Pharmaceutical Co., Ltd.; Otsuka Pharmaceutical Development & Commercialization, Inc.",False,no_match,medium,True,0,4,Therapeutic Drug,investigational therapeutic candidate; drug/biological intervention type with no disqualifying evidence found,rule_classification,medium,True,Neuropsychiatric,,,structured_ct_gov_evidence,tier2_6_resolver,medium,existing evidence only (structured_ct_gov_evidence); no NIH match found,ct.gov structured modality='Small Molecule'; known-compound target='Neuropsychiatric',False,,,,Small Molecule,inferred_from_target_pathway,True
"Brexpiprazole, OPC-34712",Phase 3,Neuropsychiatric Symptom Tx,Neuropsychiatric,Completed,2,433.0,"Otsuka Pharmaceutical Development & Commercialization, Inc.",False,no_match,medium,True,0,2,Therapeutic Drug,investigational therapeutic candidate; drug/biological intervention type with no disqualifying evidence found,rule_classification,medium,True,Neuropsychiatric,,,structured_ct_gov_evidence,tier2_6_resolver,medium,existing evidence only (structured_ct_gov_evidence); no NIH match found,ct.gov structured modality='Small Molecule'; known-compound target='Neuropsychiatric',False,,,,Small Molecule,inferred_from_target_pathway,True
CBTi with Application,Phase 3,Neuropsychiatric Symptom Tx,Neuropsychiatric,Completed,1,60.0,Penn State University,False,no_match,medium,True,0,1,Non-Drug Intervention,"name describes a non-drug (digital/behavioral) supportive activity, not a pharmaceutical",rule_keyword,high,False,Neuropsychiatric,,,structured_ct_gov_evidence,tier2_6_resolver,medium,existing evidence only (structured_ct_gov_evidence); no NIH match found,ct.gov structured modality='Other'; ct.gov structured target(s)=['Neuropsychiatric'],False,,,,Other,inferred_from_target_pathway,True
CNP520,Phase 3,Disease-Targeted Small Molecule,Amyloid,Discontinued,2,1145.0,Novartis Pharmaceuticals,False,no_match,medium,True,0,2,Therapeutic Drug,investigational therapeutic candidate; drug/biological intervention type with no disqualifying evidence found,rule_classification,medium,True,Amyloid,,,structured_ct_gov_evidence,tier2_6_resolver,medium,existing evidence only (structured_ct_gov_evidence); no NIH match found,ct.gov structured modality='Small Molecule'; known-compound target='Amyloid',False,,,,Small Molecule,inferred_default,True
COR388,Phase 3,Disease-Targeted Small Molecule,Other,Completed,2,643.0,Cortexyme Inc.,False,no_match,medium,True,0,2,Therapeutic Drug,investigational therapeutic candidate; drug/biological intervention type with no disqualifying evidence found,rule_classification,medium,True,,,,structured_ct_gov_evidence,tier2_6_resolver,medium,existing evidence only (structured_ct_gov_evidence); no NIH match found,ct.gov structured modality='Small Molecule',False,,,,Small Molecule,inferred_default,True
Caffeine,Phase 3,Cognition Enhancer,Symptomatic,Recruiting,1,248.0,"University Hospital, Lille",False,no_match,medium,True,0,1,Therapeutic Drug,investigational therapeutic candidate; drug/biological intervention type with no disqualifying evidence found,rule_classification,medium,True,Symptomatic,Adenosine antagonist; non‐specific phosphodiesterase inhibitor,,nih_reference,tier2_6_resolver,medium,NIH reference evidence (agrees with existing evidence),ct.gov structured modality='Small Molecule'; NIH agent='Caffeine' CADRO='Neurotransmitter receptors',False,STT,Cognition Enhancer,Neurotransmitter receptors,Small Molecule,nih_reference,False
Cholinesterase Inhibitor,Phase 3,Cognition Enhancer,Symptomatic,Completed,2,72.0,Sunnybrook Health Sciences Centre; VA Office of Research and Development,False,no_match,medium,True,0,2,Therapeutic Drug,investigational therapeutic candidate; drug/biological intervention type with no disqualifying evidence found,rule_classification,medium,True,Symptomatic,,,structured_ct_gov_evidence,tier2_6_resolver,medium,existing evidence only (structured_ct_gov_evidence); no NIH match found,ct.gov structured modality='Small Molecule'; ct.gov structured target(s)=['Symptomatic'],False,,,,Small Molecule,inferred_from_target_pathway,True
Coconut Oil Beverage,Phase 3,Disease-Targeted Small Molecule,Other,Discontinued,1,21.0,University of South Florida,False,no_match,medium,True,0,1,Therapeutic Drug,investigational therapeutic candidate; drug/biological intervention type with no disqualifying evidence found,rule_classification,medium,True,,,,structured_ct_gov_evidence,tier2_6_resolver,medium,existing evidence only (structured_ct_gov_evidence); no NIH match found,ct.gov structured modality='Small Molecule',False,,,,Small Molecule,inferred_default,True
Crenezumab,Phase 3,Disease-Targeted Biologic,Amyloid,Discontinued,6,813.0,"Genentech, Inc.; Hoffmann-La Roche",False,no_match,medium,True,0,6,Therapeutic Drug,investigational therapeutic candidate; drug/biological intervention type with no disqualifying evidence found,rule_classification,medium,True,Amyloid,,,known_compound_exact_match,tier2_6_resolver,high,existing evidence only (known_compound_exact_match); no NIH match found,known-compound modality='Biologic'; known-compound target='Amyloid',False,,,,Biologic,inferred_from_modality,True
DHA (Docosahexaenoic Acid),Phase 3,Disease-Targeted Small Molecule,Other,Completed,1,402.0,Alzheimer's Disease Cooperative Study (ADCS),False,no_match,medium,True,0,1,Therapeutic Drug,investigational therapeutic candidate; drug/biological intervention type with no disqualifying evidence found,rule_classification,medium,True,,,,structured_ct_gov_evidence,tier2_6_resolver,medium,existing evidence only (structured_ct_gov_evidence); no NIH match found,ct.gov structured modality='Small Molecule',False,,,,Small Molecule,inferred_default,True
DMB-I (INN: Latrepirdine),Phase 3,Disease-Targeted Small Molecule,Neuroprotection,Recruiting,1,450.0,Bigespas LTD,False,no_match,medium,True,0,1,Therapeutic Drug,investigational therapeutic candidate; drug/biological intervention type with no disqualifying evidence found,rule_classification,medium,True,Neuroprotection,,,structured_ct_gov_evidence,tier2_6_resolver,medium,existing evidence only (structured_ct_gov_evidence); no NIH match found,ct.gov structured modality='Small Molecule'; known-compound target='Neuroprotection',False,,,,Small Molecule,inferred_default,True
DatSCAN,Phase 3,Disease-Targeted Small Molecule,Other,Completed,1,326.0,GE Healthcare,False,no_match,medium,True,0,1,Therapeutic Drug,investigational therapeutic candidate; drug/biological intervention type with no disqualifying evidence found,rule_classification,medium,True,,,,structured_ct_gov_evidence,tier2_6_resolver,medium,existing evidence only (structured_ct_gov_evidence); no NIH match found,ct.gov structured modality='Small Molecule',False,,,,Small Molecule,inferred_default,True
Dimebon,Phase 3,Disease-Targeted Small Molecule,Neuroprotection,Completed,14,1003.0,"Medivation, Inc.; Pfizer",False,no_match,medium,True,0,14,Therapeutic Drug,investigational therapeutic candidate; drug/biological intervention type with no disqualifying evidence found,rule_classification,medium,True,Neuroprotection,,,structured_ct_gov_evidence,tier2_6_resolver,medium,existing evidence only (structured_ct_gov_evidence); no NIH match found,ct.gov structured modality='Small Molecule'; known-compound target='Neuroprotection',False,,,,Small Molecule,inferred_default,True
Dimebon (latrepirdine),Phase 3,Disease-Targeted Small Molecule,Neuroprotection,Discontinued,1,89.0,"Medivation, Inc.",False,no_match,medium,True,0,1,Therapeutic Drug,investigational therapeutic candidate; drug/biological intervention type with no disqualifying evidence found,rule_classification,medium,True,Neuroprotection,,,structured_ct_gov_evidence,tier2_6_resolver,medium,existing evidence only (structured_ct_gov_evidence); no NIH match found,ct.gov structured modality='Small Molecule'; known-compound target='Neuroprotection',False,,,,Small Molecule,inferred_default,True
Dimebon for administration,Phase 3,Disease-Targeted Small Molecule,Neuroprotection,Discontinued,1,5.0,Pfizer,False,no_match,medium,True,0,1,Therapeutic Drug,investigational therapeutic candidate; drug/biological intervention type with no disqualifying evidence found,rule_classification,medium,True,Neuroprotection,,,structured_ct_gov_evidence,tier2_6_resolver,medium,existing evidence only (structured_ct_gov_evidence); no NIH match found,ct.gov structured modality='Small Molecule'; known-compound target='Neuroprotection',False,,,,Small Molecule,inferred_default,True
Docosahexaenoic acid,Phase 3,Disease-Targeted Small Molecule,Other,Completed,1,31.0,University of Southern California,False,no_match,medium,True,0,1,Non-Drug Intervention,dietary supplement / nutraceutical — excluded from the default therapeutic view unless curated as a genuine investigational program (data/reference/intervention_scope_overrides.csv),rule_type,medium,False,,,,structured_ct_gov_evidence,tier2_6_resolver,medium,existing evidence only (structured_ct_gov_evidence); no NIH match found,ct.gov structured modality='Dietary Supplement',False,,,,Dietary Supplement,inferred_default,True
Donanemab,Phase 3,Disease-Targeted Biologic,Amyloid,Recruiting,12,2996.0,Eli Lilly and Company; Paul S. Aisen,False,mixed,medium,True,11,1,Therapeutic Drug,investigational therapeutic candidate; drug/biological intervention type with no disqualifying evidence found,rule_classification,medium,True,Amyloid,Monoclonal antibody specific for pyroglutamate form of Aβ,,nih_reference,tier2_6_resolver,high,NIH reference evidence (agrees with existing evidence),official_pipeline modality='Biologic'; official_pipeline target=['Amyloid']; NIH agent='Donanemab' CADRO='Amyloid‐beta',False,DTT,Biologic,Amyloid‐beta,Biologic,nih_reference,False
Donepezil,Phase 3,Cognition Enhancer,Symptomatic,Recruiting,9,915.0,"Asan Medical Center; Assistance Publique - Hôpitaux de Paris; Beersheva Mental Health Center; Eisai Inc.; Guang'anmen Hospital of China Academy of Chinese Medical Sciences; Icure Pharmaceutical Inc.; Merck Sharp & Dohme LLC; University Hospital, Lille; Vanderbilt University",False,no_match,medium,True,0,9,Therapeutic Drug,investigational therapeutic candidate; drug/biological intervention type with no disqualifying evidence found,rule_classification,medium,True,Symptomatic,Cholinesterase inhibitor to raise synaptic levels of brain acetylcholine,,nih_reference,tier2_6_resolver,medium,NIH reference evidence (agrees with existing evidence),ct.gov structured modality='Small Molecule'; known-compound target='Symptomatic'; NIH agent='Donepezil' CADRO='Neurotransmitter receptors',False,STT,Cognition Enhancer,Neurotransmitter receptors,Small Molecule,nih_reference,False
Donepezil (Aricept),Phase 3,Cognition Enhancer,Symptomatic,Completed,1,249.0,Pfizer,False,no_match,medium,True,0,1,Therapeutic Drug,investigational therapeutic candidate; drug/biological intervention type with no disqualifying evidence found,rule_classification,medium,True,Symptomatic,,,structured_ct_gov_evidence,tier2_6_resolver,medium,existing evidence only (structured_ct_gov_evidence); no NIH match found,ct.gov structured modality='Small Molecule'; known-compound target='Symptomatic',False,,,,Small Molecule,inferred_from_target_pathway,True
Donepezil drug treatment,Phase 3,Cognition Enhancer,Symptomatic,Recruiting,1,186.0,Shanghai Jiao Tong University School of Medicine,False,no_match,medium,True,0,1,Therapeutic Drug,investigational therapeutic candidate; drug/biological intervention type with no disqualifying evidence found,rule_classification,medium,True,Symptomatic,,,structured_ct_gov_evidence,tier2_6_resolver,medium,existing evidence only (structured_ct_gov_evidence); no NIH match found,ct.gov structured modality='Small Molecule'; known-compound target='Symptomatic',False,,,,Small Molecule,inferred_from_target_pathway,True
Donepezil hydrochloride,Phase 3,Cognition Enhancer,Symptomatic,Completed,2,229.0,Eisai Inc.; Eisai Limited,False,no_match,medium,True,0,2,Therapeutic Drug,investigational therapeutic candidate; drug/biological intervention type with no disqualifying evidence found,rule_classification,medium,True,Symptomatic,,,structured_ct_gov_evidence,tier2_6_resolver,medium,existing evidence only (structured_ct_gov_evidence); no NIH match found,ct.gov structured modality='Small Molecule'; known-compound target='Symptomatic',False,,,,Small Molecule,inferred_from_target_pathway,True
Dronabinol,Phase 3,Neuropsychiatric Symptom Tx,Neuropsychiatric,Recruiting,1,140.0,Benuvia Therapeutics Inc.,False,no_match,medium,True,0,1,Therapeutic Drug,investigational therapeutic candidate; drug/biological intervention type with no disqualifying evidence found,rule_classification,medium,True,Neuropsychiatric,,,structured_ct_gov_evidence,tier2_6_resolver,medium,existing evidence only (structured_ct_gov_evidence); no NIH match found,ct.gov structured modality='Small Molecule'; ct.gov structured target(s)=['Neuropsychiatric'],False,,,,Small Molecule,inferred_from_target_pathway,True
E2020,Phase 3,Cognition Enhancer,Symptomatic,Completed,3,351.0,"Eisai Co., Ltd.; Eisai Inc.; Eisai Limited",False,no_match,medium,True,0,3,Therapeutic Drug,investigational therapeutic candidate; drug/biological intervention type with no disqualifying evidence found,rule_classification,medium,True,Symptomatic,,,structured_ct_gov_evidence,tier2_6_resolver,medium,existing evidence only (structured_ct_gov_evidence); no NIH match found,ct.gov structured modality='Small Molecule'; known-compound target='Symptomatic',False,,,,Small Molecule,inferred_from_target_pathway,True
ENA713,Phase 3,Disease-Targeted Small Molecule,Other,Completed,1,216.0,Novartis Pharmaceuticals,False,no_match,medium,True,0,1,Therapeutic Drug,investigational therapeutic candidate; drug/biological intervention type with no disqualifying evidence found,rule_classification,medium,True,,,,structured_ct_gov_evidence,tier2_6_resolver,medium,existing evidence only (structured_ct_gov_evidence); no NIH match found,ct.gov structured modality='Small Molecule',False,,,,Small Molecule,inferred_default,True
EVP-6124,Phase 3,Cognition Enhancer,Symptomatic,Discontinued,6,474.0,FORUM Pharmaceuticals Inc,False,no_match,medium,True,0,6,Therapeutic Drug,investigational therapeutic candidate; drug/biological intervention type with no disqualifying evidence found,rule_classification,medium,True,Symptomatic,,,structured_ct_gov_evidence,tier2_6_resolver,medium,existing evidence only (structured_ct_gov_evidence); no NIH match found,ct.gov structured modality='Small Molecule'; known-compound target='Symptomatic',False,,,,Small Molecule,inferred_from_target_pathway,True
Elenbecestat,Phase 3,Disease-Targeted Small Molecule,Amyloid,Discontinued,1,2212.0,"Eisai Co., Ltd.",False,no_match,medium,True,0,1,Therapeutic Drug,investigational therapeutic candidate; drug/biological intervention type with no disqualifying evidence found,rule_classification,medium,True,Amyloid,,,structured_ct_gov_evidence,tier2_6_resolver,medium,existing evidence only (structured_ct_gov_evidence); no NIH match found,ct.gov structured modality='Small Molecule'; known-compound target='Amyloid',False,,,,Small Molecule,inferred_default,True
Elontril,Phase 3,Neuropsychiatric Symptom Tx,Neuropsychiatric,Completed,1,110.0,"University Hospital, Bonn",False,no_match,medium,True,0,1,Therapeutic Drug,investigational therapeutic candidate; drug/biological intervention type with no disqualifying evidence found,rule_classification,medium,True,Neuropsychiatric,,,structured_ct_gov_evidence,tier2_6_resolver,medium,existing evidence only (structured_ct_gov_evidence); no NIH match found,ct.gov structured modality='Small Molecule'; ct.gov structured target(s)=['Neuropsychiatric'],False,,,,Small Molecule,inferred_from_target_pathway,True
Epigallocatechin-Gallate,Phase 3,Disease-Targeted Small Molecule,Other,Completed,1,21.0,"Charite University, Berlin, Germany",False,no_match,medium,True,0,1,Therapeutic Drug,investigational therapeutic candidate; drug/biological intervention type with no disqualifying evidence found,rule_classification,medium,True,,,,structured_ct_gov_evidence,tier2_6_resolver,medium,existing evidence only (structured_ct_gov_evidence); no NIH match found,ct.gov structured modality='Small Molecule',False,,,,Small Molecule,inferred_default,True
Escitalopram,Phase 3,Neuropsychiatric Symptom Tx,Neuropsychiatric,Active,2,187.0,JHSPH Center for Clinical Trials; University of British Columbia,False,no_match,medium,True,0,2,Therapeutic Drug,investigational therapeutic candidate; drug/biological intervention type with no disqualifying evidence found,rule_classification,medium,True,Neuropsychiatric,Selective serotonin reuptake inhibitor,,nih_reference,tier2_6_resolver,medium,NIH reference evidence (agrees with existing evidence),ct.gov structured modality='Small Molecule'; ct.gov structured target(s)=['Neuropsychiatric']; NIH agent='Escitalopram' CADRO='Neurotransmitter receptors',False,STT,Neuropsychiatric,Neurotransmitter receptors,Small Molecule,nih_reference,False
Experimental: ALZ-801,Phase 3,Disease-Targeted Small Molecule,Amyloid,Completed,2,325.0,Alzheon Inc.,False,no_match,medium,True,0,2,Therapeutic Drug,investigational therapeutic candidate; drug/biological intervention type with no disqualifying evidence found,rule_classification,medium,True,Amyloid,,,structured_ct_gov_evidence,tier2_6_resolver,medium,existing evidence only (structured_ct_gov_evidence); no NIH match found,ct.gov structured modality='Small Molecule'; known-compound target='Amyloid',False,,,,Small Molecule,inferred_default,True
Fx-1006A,Phase 3,Disease-Targeted Small Molecule,Amyloid,Completed,2,128.0,Pfizer,False,no_match,medium,True,0,2,Therapeutic Drug,investigational therapeutic candidate; drug/biological intervention type with no disqualifying evidence found,rule_classification,medium,True,Amyloid,,,structured_ct_gov_evidence,tier2_6_resolver,medium,existing evidence only (structured_ct_gov_evidence); no NIH match found,ct.gov structured modality='Small Molecule'; ct.gov structured target(s)=['Amyloid'],False,,,,Small Molecule,inferred_default,True
GV-971,Phase 3,Disease-Targeted Small Molecule,Amyloid,Discontinued,1,2046.0,"Green Valley (Shanghai) Pharmaceuticals Co., Ltd.",False,no_match,medium,True,0,1,Therapeutic Drug,investigational therapeutic candidate; drug/biological intervention type with no disqualifying evidence found,rule_classification,medium,True,Amyloid,,,structured_ct_gov_evidence,tier2_6_resolver,medium,existing evidence only (structured_ct_gov_evidence); no NIH match found,ct.gov structured modality='Small Molecule'; known-compound target='Amyloid',False,,,,Small Molecule,inferred_default,True
GV1001,Phase 3,Disease-Targeted Small Molecule,Neuroprotection,Recruiting,4,750.0,"GemVax & Kael; Samsung Pharmaceutical Co., Ltd.",False,no_match,medium,True,0,4,Therapeutic Drug,investigational therapeutic candidate; drug/biological intervention type with no disqualifying evidence found,rule_classification,medium,True,Neuroprotection,,,structured_ct_gov_evidence,tier2_6_resolver,medium,existing evidence only (structured_ct_gov_evidence); no NIH match found,ct.gov structured modality='Small Molecule'; known-compound target='Neuroprotection',False,,,,Small Molecule,inferred_default,True
Galantamine HBr,Phase 3,Cognition Enhancer,Symptomatic,Completed,1,215.0,Xian-Janssen Pharmaceutical Ltd.,False,no_match,medium,True,0,1,Therapeutic Drug,investigational therapeutic candidate; drug/biological intervention type with no disqualifying evidence found,rule_classification,medium,True,Symptomatic,,,structured_ct_gov_evidence,tier2_6_resolver,medium,existing evidence only (structured_ct_gov_evidence); no NIH match found,ct.gov structured modality='Small Molecule'; known-compound target='Symptomatic',False,,,,Small Molecule,inferred_from_target_pathway,True
Galantamine hydrobromide,Phase 3,Cognition Enhancer,Symptomatic,Completed,11,1063.0,"Janssen Pharmaceutica N.V., Belgium; Janssen-Cilag S.p.A.; Johnson & Johnson Pharmaceutical Research & Development, L.L.C.",False,no_match,medium,True,0,11,Therapeutic Drug,investigational therapeutic candidate; drug/biological intervention type with no disqualifying evidence found,rule_classification,medium,True,Symptomatic,,,structured_ct_gov_evidence,tier2_6_resolver,medium,existing evidence only (structured_ct_gov_evidence); no NIH match found,ct.gov structured modality='Small Molecule'; known-compound target='Symptomatic',False,,,,Small Molecule,inferred_from_target_pathway,True
Gam-COVID-Vac,Phase 3,Disease-Targeted Biologic,Other,Unknown,1,2000.0,"Gamaleya Research Institute of Epidemiology and Microbiology, Health Ministry of the Russian Federation",False,no_match,medium,True,0,1,Therapeutic Drug,investigational therapeutic candidate; drug/biological intervention type with no disqualifying evidence found,rule_classification,medium,True,,,,structured_ct_gov_evidence,tier2_6_resolver,medium,existing evidence only (structured_ct_gov_evidence); no NIH match found,ct.gov structured modality='Biologic',False,,,,Biologic,inferred_from_modality,True
Gantenerumab,Phase 3,Disease-Targeted Biologic,Amyloid,Completed,11,1382.0,Chugai Pharmaceutical; Hoffmann-La Roche; Washington University School of Medicine,False,mixed,medium,True,9,2,Therapeutic Drug,investigational therapeutic candidate; drug/biological intervention type with no disqualifying evidence found,rule_classification,medium,True,Amyloid,Monoclonal antibody directed at Aβ plaques and oligomers,,nih_reference,tier2_6_resolver,high,NIH reference evidence (agrees with existing evidence),official_pipeline modality='Biologic'; official_pipeline target=['Amyloid']; NIH agent='Gantenerumab' CADRO='Amyloid‐beta',False,DTT,Biologic,Amyloid‐beta,Biologic,nih_reference,False
Ginkgo biloba,Phase 3,Disease-Targeted Small Molecule,Other,Completed,1,3069.0,National Center for Complementary and Integrative Health (NCCIH),False,no_match,medium,True,0,1,Therapeutic Drug,investigational therapeutic candidate; drug/biological intervention type with no disqualifying evidence found,rule_classification,medium,True,,,,structured_ct_gov_evidence,tier2_6_resolver,medium,existing evidence only (structured_ct_gov_evidence); no NIH match found,ct.gov structured modality='Small Molecule',False,,,,Small Molecule,inferred_default,True
Ginkgo biloba dispersible,Phase 3,Disease-Targeted Small Molecule,Other,Unknown,1,240.0,The First Affiliated Hospital with Nanjing Medical University,False,no_match,medium,True,0,1,Therapeutic Drug,investigational therapeutic candidate; drug/biological intervention type with no disqualifying evidence found,rule_classification,medium,True,,,,structured_ct_gov_evidence,tier2_6_resolver,medium,existing evidence only (structured_ct_gov_evidence); no NIH match found,ct.gov structured modality='Small Molecule',False,,,,Small Molecule,inferred_default,True
Guanfacine,Phase 3,Cognition Enhancer,Symptomatic,Unknown,1,148.0,Imperial College London,False,no_match,medium,True,0,1,Therapeutic Drug,investigational therapeutic candidate; drug/biological intervention type with no disqualifying evidence found,rule_classification,medium,True,Symptomatic,Alpha‐2 adrenergic agonist to enhance noradrenergic function,,nih_reference,tier2_6_resolver,medium,NIH reference evidence (agrees with existing evidence),ct.gov structured modality='Small Molecule'; NIH agent='Guanfacine' CADRO='Neurotransmitter receptors',False,STT,Cognition Enhancer,Neurotransmitter receptors,Small Molecule,nih_reference,False
Huperzine A,Phase 3,Cognition Enhancer,Symptomatic,Recruiting,3,720.0,"National Institute on Aging (NIA); Shandong Luye Pharmaceutical Co., Ltd.; Wanbangde Pharmaceutical Group Co., LTD",False,no_match,medium,True,0,3,Therapeutic Drug,investigational therapeutic candidate; drug/biological intervention type with no disqualifying evidence found,rule_classification,medium,True,Symptomatic,Cholinesterase inhibitor to raise synaptic levels of brain acetylcholine,,nih_reference,tier2_6_resolver,medium,NIH reference evidence (agrees with existing evidence),ct.gov structured modality='Small Molecule'; known-compound target='Symptomatic'; NIH agent='Huperzine A' CADRO='Neurotransmitter receptors',False,STT,Cognition Enhancer,Neurotransmitter receptors,Small Molecule,nih_reference,False
Hydralazine hydrochloride,Phase 3,Disease-Targeted Small Molecule,Other,Unknown,1,424.0,Shahid Sadoughi University of Medical Sciences and Health Services,False,no_match,medium,True,0,1,Therapeutic Drug,investigational therapeutic candidate; drug/biological intervention type with no disqualifying evidence found,rule_classification,medium,True,,,,structured_ct_gov_evidence,tier2_6_resolver,medium,existing evidence only (structured_ct_gov_evidence); no NIH match found,ct.gov structured modality='Small Molecule',False,,,,Small Molecule,inferred_default,True
INM-176,Phase 3,Disease-Targeted Small Molecule,Other,Completed,1,280.0,Whanin Pharmaceutical Company,False,no_match,medium,True,0,1,Therapeutic Drug,investigational therapeutic candidate; drug/biological intervention type with no disqualifying evidence found,rule_classification,medium,True,,,,structured_ct_gov_evidence,tier2_6_resolver,medium,existing evidence only (structured_ct_gov_evidence); no NIH match found,ct.gov structured modality='Small Molecule',False,,,,Small Molecule,inferred_default,True
ITI-007,Phase 3,Neuropsychiatric Symptom Tx,Neuropsychiatric,Discontinued,2,177.0,"Intra-Cellular Therapies, Inc.",False,no_match,medium,True,0,2,Therapeutic Drug,investigational therapeutic candidate; drug/biological intervention type with no disqualifying evidence found,rule_classification,medium,True,Neuropsychiatric,,,structured_ct_gov_evidence,tier2_6_resolver,medium,existing evidence only (structured_ct_gov_evidence); no NIH match found,ct.gov structured modality='Small Molecule'; known-compound target='Neuropsychiatric',False,,,,Small Molecule,inferred_from_target_pathway,True
Idalopirdine,Phase 3,Cognition Enhancer,Symptomatic,Completed,5,1463.0,H. Lundbeck A/S,False,no_match,medium,True,0,5,Therapeutic Drug,investigational therapeutic candidate; drug/biological intervention type with no disqualifying evidence found,rule_classification,medium,True,Symptomatic,,,structured_ct_gov_evidence,tier2_6_resolver,medium,existing evidence only (structured_ct_gov_evidence); no NIH match found,ct.gov structured modality='Small Molecule'; ct.gov structured target(s)=['Symptomatic'],False,,,,Small Molecule,inferred_from_target_pathway,True
Insulin (Humulin® R U-100),Phase 3,Disease-Targeted Small Molecule,Metabolism,Completed,2,240.0,University of Southern California; Wake Forest University Health Sciences,False,no_match,medium,True,0,2,Therapeutic Drug,investigational therapeutic candidate; drug/biological intervention type with no disqualifying evidence found,rule_classification,medium,True,Metabolism,,,structured_ct_gov_evidence,tier2_6_resolver,medium,existing evidence only (structured_ct_gov_evidence); no NIH match found,ct.gov structured modality='Small Molecule'; ct.gov structured target(s)=['Metabolism'],False,,,,Small Molecule,inferred_default,True
Investigational drug,Phase 3,Disease-Targeted Small Molecule,Other,Discontinued,1,,Merck Sharp & Dohme LLC,False,no_match,medium,True,0,1,Therapeutic Drug,investigational therapeutic candidate; drug/biological intervention type with no disqualifying evidence found,rule_classification,medium,True,,,,structured_ct_gov_evidence,tier2_6_resolver,medium,existing evidence only (structured_ct_gov_evidence); no NIH match found,ct.gov structured modality='Small Molecule',False,,,,Small Molecule,inferred_default,True
KarXT,Phase 3,Neuropsychiatric Symptom Tx,Neuropsychiatric,Recruiting,8,1000.0,"Bristol-Myers Squibb; Karuna Therapeutics, Inc., a Bristol Myers Squibb company",False,no_match,medium,True,0,8,Therapeutic Drug,investigational therapeutic candidate; drug/biological intervention type with no disqualifying evidence found,rule_classification,medium,True,Neuropsychiatric,Muscarinic cholinergic agonist plus a peripheral anticholinergic agent,,nih_reference,tier2_6_resolver,medium,NIH reference evidence (agrees with existing evidence),ct.gov structured modality='Small Molecule'; known-compound target='Neuropsychiatric'; NIH agent='KarXT' CADRO='Neurotransmitter receptors',False,STT,Neuropsychiatric,Neurotransmitter receptors,Small Molecule,nih_reference,False
LMTM,Phase 3,Disease-Targeted Small Molecule,Tau,Discontinued,1,913.0,TauRx Therapeutics Ltd,False,no_match,medium,True,0,1,Therapeutic Drug,investigational therapeutic candidate; drug/biological intervention type with no disqualifying evidence found,rule_classification,medium,True,Tau,,,structured_ct_gov_evidence,tier2_6_resolver,medium,existing evidence only (structured_ct_gov_evidence); no NIH match found,ct.gov structured modality='Small Molecule'; known-compound target='Tau',False,,,,Small Molecule,inferred_default,True
LY2062430,Phase 3,Disease-Targeted Small Molecule,Other,Completed,3,1040.0,Eli Lilly and Company,False,no_match,medium,True,0,3,Therapeutic Drug,investigational therapeutic candidate; drug/biological intervention type with no disqualifying evidence found,rule_classification,medium,True,,,,structured_ct_gov_evidence,tier2_6_resolver,medium,existing evidence only (structured_ct_gov_evidence); no NIH match found,ct.gov structured modality='Small Molecule',False,,,,Small Molecule,inferred_default,True
LY450139,Phase 3,Disease-Targeted Small Molecule,Amyloid,Completed,3,1537.0,Eli Lilly and Company,False,no_match,medium,True,0,3,Therapeutic Drug,investigational therapeutic candidate; drug/biological intervention type with no disqualifying evidence found,rule_classification,medium,True,Amyloid,,,structured_ct_gov_evidence,tier2_6_resolver,medium,existing evidence only (structured_ct_gov_evidence); no NIH match found,ct.gov structured modality='Small Molecule'; known-compound target='Amyloid',False,,,,Small Molecule,inferred_default,True
Lanabecestat,Phase 3,Disease-Targeted Small Molecule,Amyloid,Discontinued,3,2218.0,AstraZeneca,False,no_match,medium,True,0,3,Therapeutic Drug,investigational therapeutic candidate; drug/biological intervention type with no disqualifying evidence found,rule_classification,medium,True,Amyloid,,,structured_ct_gov_evidence,tier2_6_resolver,medium,existing evidence only (structured_ct_gov_evidence); no NIH match found,ct.gov structured modality='Small Molecule'; known-compound target='Amyloid',False,,,,Small Molecule,inferred_default,True
Lecanemab,Phase 3,Disease-Targeted Biologic,Amyloid,Recruiting,7,1400.0,"Eisai Co., Ltd.; Eisai Inc.; Neurology Office of South Florida; Washington University School of Medicine; Zhejiang Provincial People's Hospital",False,mixed,medium,True,4,3,Therapeutic Drug,investigational therapeutic candidate; drug/biological intervention type with no disqualifying evidence found,rule_classification,medium,True,Amyloid,Anti‐amyloid monoclonal antibody directed at amyloid protofibrils and plaques,,nih_reference,tier2_6_resolver,high,NIH reference evidence (agrees with existing evidence),official_pipeline modality='Biologic'; official_pipeline target=['Amyloid']; NIH agent='Lecanemab' CADRO='Amyloid‐beta',False,DTT,Biologic,Amyloid‐beta,Biologic,nih_reference,False
Longevinex brand resveratrol supplement,Phase 3,Disease-Targeted Small Molecule,Other,Discontinued,1,0.0,Medical College of Wisconsin,False,no_match,medium,True,0,1,Non-Drug Intervention,dietary supplement / nutraceutical — excluded from the default therapeutic view unless curated as a genuine investigational program (data/reference/intervention_scope_overrides.csv),rule_type,medium,False,,,,structured_ct_gov_evidence,tier2_6_resolver,medium,existing evidence only (structured_ct_gov_evidence); no NIH match found,ct.gov structured modality='Dietary Supplement',False,,,,Dietary Supplement,inferred_default,True
MLC 901,Phase 3,Disease-Targeted Small Molecule,Other,Recruiting,1,350.0,Moleac Pte Ltd.,False,no_match,medium,True,0,1,Therapeutic Drug,investigational therapeutic candidate; drug/biological intervention type with no disqualifying evidence found,rule_classification,medium,True,,,,structured_ct_gov_evidence,tier2_6_resolver,medium,existing evidence only (structured_ct_gov_evidence); no NIH match found,ct.gov structured modality='Small Molecule',False,,,,Small Molecule,inferred_default,True
MPC-7869,Phase 3,Disease-Targeted Small Molecule,Amyloid,Completed,3,1600.0,Myrexis Inc.,False,no_match,medium,True,0,3,Therapeutic Drug,investigational therapeutic candidate; drug/biological intervention type with no disqualifying evidence found,rule_classification,medium,True,Amyloid,,,structured_ct_gov_evidence,tier2_6_resolver,medium,existing evidence only (structured_ct_gov_evidence); no NIH match found,ct.gov structured modality='Small Molecule'; known-compound target='Amyloid',False,,,,Small Molecule,inferred_default,True
MT-4666,Phase 3,Disease-Targeted Small Molecule,Other,Discontinued,2,450.0,Tanabe Pharma Corporation,False,no_match,medium,True,0,2,Therapeutic Drug,investigational therapeutic candidate; drug/biological intervention type with no disqualifying evidence found,rule_classification,medium,True,,,,structured_ct_gov_evidence,tier2_6_resolver,medium,existing evidence only (structured_ct_gov_evidence); no NIH match found,ct.gov structured modality='Small Molecule',False,,,,Small Molecule,inferred_default,True
Masitinib,Phase 3,Disease-Targeted Small Molecule,Inflammation,Completed,1,721.0,AB Science,False,no_match,medium,True,0,1,Therapeutic Drug,investigational therapeutic candidate; drug/biological intervention type with no disqualifying evidence found,rule_classification,medium,True,Inflammation,Tyrosine kinase inhibitor to activate lyn/fyn and reduce activation of microglial cells,,nih_reference,tier2_6_resolver,medium,NIH reference evidence (agrees with existing evidence),ct.gov structured modality='Small Molecule'; NIH agent='Masitinib' CADRO='Inflammation',False,DTT,Small Molecule,Inflammation,Small Molecule,nih_reference,False
Masitinib (4.5),Phase 3,Disease-Targeted Small Molecule,Other,Recruiting,1,600.0,AB Science,False,no_match,medium,True,0,1,Therapeutic Drug,investigational therapeutic candidate; drug/biological intervention type with no disqualifying evidence found,rule_classification,medium,True,,,,structured_ct_gov_evidence,tier2_6_resolver,medium,existing evidence only (structured_ct_gov_evidence); no NIH match found,ct.gov structured modality='Small Molecule',False,,,,Small Molecule,inferred_default,True
Melatonin,Phase 3,Neuropsychiatric Symptom Tx,Neuropsychiatric,Completed,1,,National Institute on Aging (NIA),False,no_match,medium,True,0,1,Therapeutic Drug,investigational therapeutic candidate; drug/biological intervention type with no disqualifying evidence found,rule_classification,medium,True,Neuropsychiatric,,,structured_ct_gov_evidence,tier2_6_resolver,medium,existing evidence only (structured_ct_gov_evidence); no NIH match found,ct.gov structured modality='Small Molecule'; ct.gov structured target(s)=['Neuropsychiatric'],False,,,,Small Molecule,inferred_from_target_pathway,True
Methylphenidate,Phase 3,Neuropsychiatric Symptom Tx,Neuropsychiatric,Completed,1,200.0,Johns Hopkins Bloomberg School of Public Health,False,no_match,medium,True,0,1,Therapeutic Drug,investigational therapeutic candidate; drug/biological intervention type with no disqualifying evidence found,rule_classification,medium,True,Neuropsychiatric,Norepinephrine and dopamine reuptake inhibitor; primes intermittent theta burst stimulation,,nih_reference,tier2_6_resolver,medium,NIH reference evidence (agrees with existing evidence),ct.gov structured modality='Small Molecule'; ct.gov structured target(s)=['Neuropsychiatric']; NIH agent='Methylphenidate + iTBS' CADRO='Neurotransmitter receptors',False,STT,Neuropsychiatric,Neurotransmitter receptors,Small Molecule,nih_reference,False
Mirtazapine,Phase 3,Neuropsychiatric Symptom Tx,Neuropsychiatric,Completed,2,207.0,Brasilia University Hospital; University of Sussex,False,no_match,medium,True,0,2,Therapeutic Drug,investigational therapeutic candidate; drug/biological intervention type with no disqualifying evidence found,rule_classification,medium,True,Neuropsychiatric,,,structured_ct_gov_evidence,tier2_6_resolver,medium,existing evidence only (structured_ct_gov_evidence); no NIH match found,ct.gov structured modality='Small Molecule'; ct.gov structured target(s)=['Neuropsychiatric'],False,,,,Small Molecule,inferred_from_target_pathway,True
Modafinil,Phase 3,Neuropsychiatric Symptom Tx,Neuropsychiatric,Completed,1,22.0,Brown University,False,no_match,medium,True,0,1,Therapeutic Drug,investigational therapeutic candidate; drug/biological intervention type with no disqualifying evidence found,rule_classification,medium,True,Neuropsychiatric,,,structured_ct_gov_evidence,tier2_6_resolver,medium,existing evidence only (structured_ct_gov_evidence); no NIH match found,ct.gov structured modality='Small Molecule'; ct.gov structured target(s)=['Neuropsychiatric'],False,,,,Small Molecule,inferred_from_target_pathway,True
NE3107,Phase 3,Disease-Targeted Small Molecule,Inflammation,Completed,2,439.0,BioVie Inc.; Neurological Associates of West Los Angeles,False,no_match,medium,True,0,2,Therapeutic Drug,investigational therapeutic candidate; drug/biological intervention type with no disqualifying evidence found,rule_classification,medium,True,Inflammation; Metabolism,,,structured_ct_gov_evidence,tier2_6_resolver,medium,existing evidence only (structured_ct_gov_evidence); no NIH match found,"ct.gov structured modality='Small Molecule'; ct.gov structured target(s)=['Inflammation', 'Metabolism']",False,,,,Small Molecule,inferred_default,True
Nabilone,Phase 3,Neuropsychiatric Symptom Tx,Neuropsychiatric,Recruiting,2,112.0,Sunnybrook Health Sciences Centre,False,no_match,medium,True,0,2,Therapeutic Drug,investigational therapeutic candidate; drug/biological intervention type with no disqualifying evidence found,rule_classification,medium,True,Neuropsychiatric,Synthetic cannabinoid agonist; modulates the endocannabinoid system,,nih_reference,tier2_6_resolver,medium,NIH reference evidence (agrees with existing evidence),ct.gov structured modality='Small Molecule'; ct.gov structured target(s)=['Neuropsychiatric']; NIH agent='Nabilone' CADRO='Neurotransmitter receptors',False,STT,Neuropsychiatric,Neurotransmitter receptors,Small Molecule,nih_reference,False
Naproxen,Phase 3,Disease-Targeted Small Molecule,Inflammation,Completed,2,200.0,Douglas Mental Health University Institute; National Institute on Aging (NIA),False,no_match,medium,True,0,2,Therapeutic Drug,investigational therapeutic candidate; drug/biological intervention type with no disqualifying evidence found,rule_classification,medium,True,Inflammation,,,structured_ct_gov_evidence,tier2_6_resolver,medium,existing evidence only (structured_ct_gov_evidence); no NIH match found,ct.gov structured modality='Small Molecule'; known-compound target='Inflammation',False,,,,Small Molecule,inferred_default,True
Naproxen Sodium (Aleve),Phase 3,Disease-Targeted Small Molecule,Inflammation,Completed,1,2625.0,Seattle Institute for Biomedical and Clinical Research,False,no_match,medium,True,0,1,Therapeutic Drug,investigational therapeutic candidate; drug/biological intervention type with no disqualifying evidence found,rule_classification,medium,True,Inflammation,,,structured_ct_gov_evidence,tier2_6_resolver,medium,existing evidence only (structured_ct_gov_evidence); no NIH match found,ct.gov structured modality='Small Molecule'; known-compound target='Inflammation',False,,,,Small Molecule,inferred_default,True
Neramexane,Phase 3,Disease-Targeted Small Molecule,Other,Completed,1,400.0,Forest Laboratories,False,no_match,medium,True,0,1,Therapeutic Drug,investigational therapeutic candidate; drug/biological intervention type with no disqualifying evidence found,rule_classification,medium,True,,,,structured_ct_gov_evidence,tier2_6_resolver,medium,existing evidence only (structured_ct_gov_evidence); no NIH match found,ct.gov structured modality='Small Molecule',False,,,,Small Molecule,inferred_default,True
Nilotinib BE,Phase 3,Disease-Targeted Small Molecule,Neuroprotection,Unknown,1,1275.0,"KeifeRx, LLC",False,no_match,medium,True,0,1,Therapeutic Drug,investigational therapeutic candidate; drug/biological intervention type with no disqualifying evidence found,rule_classification,medium,True,Neuroprotection,,,structured_ct_gov_evidence,tier2_6_resolver,medium,existing evidence only (structured_ct_gov_evidence); no NIH match found,ct.gov structured modality='Small Molecule'; known-compound target='Neuroprotection',False,,,,Small Molecule,inferred_default,True
Nilvadipine,Phase 3,Disease-Targeted Small Molecule,Other,Completed,1,511.0,Prof Brian Lawlor,False,no_match,medium,True,0,1,Therapeutic Drug,investigational therapeutic candidate; drug/biological intervention type with no disqualifying evidence found,rule_classification,medium,True,,,,structured_ct_gov_evidence,tier2_6_resolver,medium,existing evidence only (structured_ct_gov_evidence); no NIH match found,ct.gov structured modality='Small Molecule',False,,,,Small Molecule,inferred_default,True
Octohydroaminoacridine Succinate,Phase 3,Cognition Enhancer,Symptomatic,Unknown,2,600.0,"Changchun Huayang High-tech Co., Ltd; Shanghai Mental Health Center",False,no_match,medium,True,0,2,Therapeutic Drug,investigational therapeutic candidate; drug/biological intervention type with no disqualifying evidence found,rule_classification,medium,True,Symptomatic,,,structured_ct_gov_evidence,tier2_6_resolver,medium,existing evidence only (structured_ct_gov_evidence); no NIH match found,ct.gov structured modality='Small Molecule'; known-compound target='Symptomatic',False,,,,Small Molecule,inferred_from_target_pathway,True
Omega-3 treatment,Phase 3,Disease-Targeted Small Molecule,Other,Completed,1,774.0,"University Hospital, Toulouse",False,no_match,medium,True,0,1,Therapeutic Drug,investigational therapeutic candidate; drug/biological intervention type with no disqualifying evidence found,rule_classification,medium,True,,,,structured_ct_gov_evidence,tier2_6_resolver,medium,existing evidence only (structured_ct_gov_evidence); no NIH match found,ct.gov structured modality='Small Molecule',False,,,,Small Molecule,inferred_default,True
P-tau217 Test,Phase 3,Disease-Targeted Small Molecule,Tau,Recruiting,1,3400.0,Eli Lilly and Company,False,no_match,medium,True,0,1,Therapeutic Drug,investigational therapeutic candidate; drug/biological intervention type with no disqualifying evidence found,rule_classification,medium,True,Tau,,,structured_ct_gov_evidence,tier2_6_resolver,medium,existing evidence only (structured_ct_gov_evidence); no NIH match found,ct.gov structured modality='Other'; ct.gov structured target(s)=['Tau'],False,,,,Other,inferred_default,True
PM012,Phase 3,Disease-Targeted Small Molecule,Other,Unknown,2,312.0,"Mediforum Ltd., Co.; VTBIO Co. LTD",False,no_match,medium,True,0,2,Therapeutic Drug,investigational therapeutic candidate; drug/biological intervention type with no disqualifying evidence found,rule_classification,medium,True,,,,structured_ct_gov_evidence,tier2_6_resolver,medium,existing evidence only (structured_ct_gov_evidence); no NIH match found,ct.gov structured modality='Small Molecule',False,,,,Small Molecule,inferred_default,True
Pimavanserin,Phase 3,Neuropsychiatric Symptom Tx,Neuropsychiatric,Completed,3,392.0,ACADIA Pharmaceuticals Inc.,False,no_match,medium,True,0,3,Therapeutic Drug,investigational therapeutic candidate; drug/biological intervention type with no disqualifying evidence found,rule_classification,medium,True,Neuropsychiatric,,,structured_ct_gov_evidence,tier2_6_resolver,medium,existing evidence only (structured_ct_gov_evidence); no NIH match found,ct.gov structured modality='Small Molecule'; known-compound target='Neuropsychiatric',False,,,,Small Molecule,inferred_from_target_pathway,True
Piromelatine,Phase 3,Cognition Enhancer,Symptomatic,Active,2,371.0,Neurim Pharmaceuticals Ltd.,False,no_match,medium,True,0,2,Therapeutic Drug,investigational therapeutic candidate; drug/biological intervention type with no disqualifying evidence found,rule_classification,medium,True,Symptomatic,Melatonin receptor agonist; 5‐HT 1A and 1D serotonin receptor agonist,,nih_reference,tier2_6_resolver,medium,NIH reference evidence (agrees with existing evidence),ct.gov structured modality='Small Molecule'; NIH agent='Piromelatine' CADRO='Neurotransmitter receptors',False,STT,Cognition Enhancer,Neurotransmitter receptors,Small Molecule,nih_reference,False
Prednisone,Phase 3,Disease-Targeted Small Molecule,Other,Completed,1,,National Institute on Aging (NIA),False,no_match,medium,True,0,1,Therapeutic Drug,investigational therapeutic candidate; drug/biological intervention type with no disqualifying evidence found,rule_classification,medium,True,,,,structured_ct_gov_evidence,tier2_6_resolver,medium,existing evidence only (structured_ct_gov_evidence); no NIH match found,ct.gov structured modality='Small Molecule',False,,,,Small Molecule,inferred_default,True
RVT-101,Phase 3,Disease-Targeted Small Molecule,Other,Completed,3,1315.0,Axovant Sciences Ltd.,False,no_match,medium,True,0,3,Therapeutic Drug,investigational therapeutic candidate; drug/biological intervention type with no disqualifying evidence found,rule_classification,medium,True,,,,structured_ct_gov_evidence,tier2_6_resolver,medium,existing evidence only (structured_ct_gov_evidence); no NIH match found,ct.gov structured modality='Small Molecule',False,,,,Small Molecule,inferred_default,True
Raloxifene,Phase 3,Disease-Targeted Small Molecule,Other,Completed,2,42.0,"Stanford University; University of Wisconsin, Madison",False,no_match,medium,True,0,2,Therapeutic Drug,investigational therapeutic candidate; drug/biological intervention type with no disqualifying evidence found,rule_classification,medium,True,,,,structured_ct_gov_evidence,tier2_6_resolver,medium,existing evidence only (structured_ct_gov_evidence); no NIH match found,ct.gov structured modality='Small Molecule',False,,,,Small Molecule,inferred_default,True
Recombinant COVID-19 vaccine (adenovirus type 5 vector) for Inhalation (Ad5-nCoV-IH),Phase 3,Disease-Targeted Biologic,Other,Discontinued,1,0.0,CanSino Biologics Inc.,False,no_match,medium,True,0,1,Therapeutic Drug,investigational therapeutic candidate; drug/biological intervention type with no disqualifying evidence found,rule_classification,medium,True,,,,structured_ct_gov_evidence,tier2_6_resolver,medium,existing evidence only (structured_ct_gov_evidence); no NIH match found,ct.gov structured modality='Biologic',False,,,,Biologic,inferred_from_modality,True
Recombinant Novel Coronavirus Vaccine (Adenovirus Type 5 Vector),Phase 3,Disease-Targeted Biologic,Other,Completed,4,44247.0,CanSino Biologics Inc.,False,no_match,medium,True,0,4,Therapeutic Drug,investigational therapeutic candidate; drug/biological intervention type with no disqualifying evidence found,rule_classification,medium,True,,,,structured_ct_gov_evidence,tier2_6_resolver,medium,existing evidence only (structured_ct_gov_evidence); no NIH match found,ct.gov structured modality='Biologic',False,,,,Biologic,inferred_from_modality,True
Remternetug,Phase 3,Disease-Targeted Biologic,Amyloid,Recruiting,4,1667.0,Eli Lilly and Company; Washington University School of Medicine,False,no_match,medium,True,0,4,Therapeutic Drug,investigational therapeutic candidate; drug/biological intervention type with no disqualifying evidence found,rule_classification,medium,True,Amyloid,Anti‐amyloid monoclonal antibody targeting the pyroglutamate form of Aβ,,nih_reference,tier2_6_resolver,high,NIH reference evidence (agrees with existing evidence),known-compound modality='Biologic'; known-compound target='Amyloid'; NIH agent='Remternetug' CADRO='Amyloid‐beta',False,DTT,Biologic,Amyloid‐beta,Biologic,nih_reference,False
"Resveratrol with Glucose, and Malate",Phase 3,Disease-Targeted Small Molecule,Metabolism,Completed,1,27.0,US Department of Veterans Affairs,False,no_match,medium,True,0,1,Non-Drug Intervention,dietary supplement / nutraceutical — excluded from the default therapeutic view unless curated as a genuine investigational program (data/reference/intervention_scope_overrides.csv),rule_type,medium,False,Metabolism,,,structured_ct_gov_evidence,tier2_6_resolver,medium,existing evidence only (structured_ct_gov_evidence); no NIH match found,ct.gov structured modality='Dietary Supplement'; ct.gov structured target(s)=['Metabolism'],False,,,,Dietary Supplement,inferred_default,True
Rivastigmine,Phase 3,Cognition Enhancer,Symptomatic,Completed,3,40.0,Federal University of Bahia; Novartis,False,no_match,medium,True,0,3,Therapeutic Drug,investigational therapeutic candidate; drug/biological intervention type with no disqualifying evidence found,rule_classification,medium,True,Symptomatic,Combined dopamine agonist and cholinesterase inhibitor,,nih_reference,tier2_6_resolver,medium,NIH reference evidence (agrees with existing evidence),ct.gov structured modality='Small Molecule'; known-compound target='Symptomatic'; NIH agent='Rotigotine + rivastigmine' CADRO='Neurotransmitter receptors',False,STT,Cognition Enhancer,Neurotransmitter receptors,Small Molecule,nih_reference,False
Rivastigmine patch,Phase 3,Cognition Enhancer,Symptomatic,Completed,3,1040.0,Novartis; Novartis Pharmaceuticals,False,no_match,medium,True,0,3,Therapeutic Drug,investigational therapeutic candidate; drug/biological intervention type with no disqualifying evidence found,rule_classification,medium,True,Symptomatic,,,structured_ct_gov_evidence,tier2_6_resolver,medium,existing evidence only (structured_ct_gov_evidence); no NIH match found,ct.gov structured modality='Small Molecule'; known-compound target='Symptomatic',False,,,,Small Molecule,inferred_from_target_pathway,True
Rosiglitazone,Phase 3,Disease-Targeted Small Molecule,Metabolism,Completed,11,1468.0,GlaxoSmithKline; US Department of Veterans Affairs; University of Washington,False,no_match,medium,True,0,11,Therapeutic Drug,investigational therapeutic candidate; drug/biological intervention type with no disqualifying evidence found,rule_classification,medium,True,Metabolism,,,structured_ct_gov_evidence,tier2_6_resolver,medium,existing evidence only (structured_ct_gov_evidence); no NIH match found,ct.gov structured modality='Small Molecule'; known-compound target='Metabolism',False,,,,Small Molecule,inferred_default,True
Rotigotine,Phase 3,Cognition Enhancer,Symptomatic,Recruiting,1,348.0,I.R.C.C.S. Fondazione Santa Lucia,False,no_match,medium,True,0,1,Therapeutic Drug,investigational therapeutic candidate; drug/biological intervention type with no disqualifying evidence found,rule_classification,medium,True,Symptomatic,Combined dopamine agonist and cholinesterase inhibitor,,nih_reference,tier2_6_resolver,medium,NIH reference evidence (agrees with existing evidence),ct.gov structured modality='Small Molecule'; NIH agent='Rotigotine + rivastigmine' CADRO='Neurotransmitter receptors',False,STT,Cognition Enhancer,Neurotransmitter receptors,Small Molecule,nih_reference,False
SK-PC-B70M,Phase 3,Disease-Targeted Small Molecule,Other,Completed,2,256.0,"SK Chemicals Co., Ltd.",False,no_match,medium,True,0,2,Therapeutic Drug,investigational therapeutic candidate; drug/biological intervention type with no disqualifying evidence found,rule_classification,medium,True,,,,structured_ct_gov_evidence,tier2_6_resolver,medium,existing evidence only (structured_ct_gov_evidence); no NIH match found,ct.gov structured modality='Small Molecule',False,,,,Small Molecule,inferred_default,True
Semagludtide,Phase 3,Disease-Targeted Small Molecule,Other,Completed,1,1840.0,Novo Nordisk A/S,False,no_match,medium,True,0,1,Therapeutic Drug,investigational therapeutic candidate; drug/biological intervention type with no disqualifying evidence found,rule_classification,medium,True,,,,structured_ct_gov_evidence,tier2_6_resolver,medium,existing evidence only (structured_ct_gov_evidence); no NIH match found,ct.gov structured modality='Small Molecule',False,,,,Small Molecule,inferred_default,True
Semaglutide,Phase 3,Disease-Targeted Biologic,Inflammation,Completed,3,1840.0,"Novo Nordisk A/S; Rutgers, The State University of New Jersey",False,no_match,medium,True,0,3,Therapeutic Drug,investigational therapeutic candidate; drug/biological intervention type with no disqualifying evidence found,rule_classification,medium,True,Inflammation,GLP‐1 agonist; reduces neuroinflammation and improves insulin signaling in the brain,,nih_reference,tier2_6_resolver,low,NIH and existing (official-pipeline/known-compound/ct.gov) evidence disagree: modality: NIH='Biologic' vs existing='Small Molecule'; target_pathways: NIH=['Inflammation'] vs existing=['Metabolism'],ct.gov structured modality='Small Molecule'; known-compound target='Metabolism'; NIH agent='Semaglutide' CADRO='Inflammation',True,DTT,Biologic,Inflammation,Biologic,nih_reference,False
Sertraline (Zoloft),Phase 3,Neuropsychiatric Symptom Tx,Neuropsychiatric,Completed,1,131.0,Johns Hopkins University,False,no_match,medium,True,0,1,Therapeutic Drug,investigational therapeutic candidate; drug/biological intervention type with no disqualifying evidence found,rule_classification,medium,True,Neuropsychiatric,,,structured_ct_gov_evidence,tier2_6_resolver,medium,existing evidence only (structured_ct_gov_evidence); no NIH match found,ct.gov structured modality='Small Molecule'; ct.gov structured target(s)=['Neuropsychiatric'],False,,,,Small Molecule,inferred_from_target_pathway,True
Simufilam,Phase 3,Disease-Targeted Small Molecule,Amyloid,Completed,6,1125.0,"Cassava Sciences, Inc.",False,pipeline_record_match_without_source,medium,True,6,0,Therapeutic Drug,confirmed or unsourced official sponsor-pipeline match,rule_classification,medium,False,Amyloid,,,official_pipeline_reference,tier2_6_resolver,high,existing evidence only (official_pipeline_reference); no NIH match found,official_pipeline modality='Small Molecule'; official_pipeline target=['Amyloid'],False,,,,Small Molecule,inferred_default,True
Simvastatin,Phase 3,Disease-Targeted Small Molecule,Metabolism,Completed,4,400.0,"National Institute on Aging (NIA); University of Massachusetts, Worcester; University of Wisconsin, Madison",False,no_match,medium,True,0,4,Therapeutic Drug,investigational therapeutic candidate; drug/biological intervention type with no disqualifying evidence found,rule_classification,medium,True,Metabolism,,,structured_ct_gov_evidence,tier2_6_resolver,medium,existing evidence only (structured_ct_gov_evidence); no NIH match found,ct.gov structured modality='Small Molecule'; known-compound target='Metabolism',False,,,,Small Molecule,inferred_default,True
Sodium oligo-mannurarate,Phase 3,Disease-Targeted Small Molecule,Other,Completed,1,818.0,"Shanghai Greenvalley Pharmaceutical Co., Ltd.",False,no_match,medium,True,0,1,Therapeutic Drug,investigational therapeutic candidate; drug/biological intervention type with no disqualifying evidence found,rule_classification,medium,True,,,,structured_ct_gov_evidence,tier2_6_resolver,medium,existing evidence only (structured_ct_gov_evidence); no NIH match found,ct.gov structured modality='Small Molecule',False,,,,Small Molecule,inferred_default,True
Solanezumab,Phase 3,Disease-Targeted Biologic,Amyloid,Completed,6,2129.0,Eli Lilly and Company,False,no_match,medium,True,0,6,Therapeutic Drug,investigational therapeutic candidate; drug/biological intervention type with no disqualifying evidence found,rule_classification,medium,True,Amyloid,Monoclonal antibody directed at Aβ monomers,,nih_reference,tier2_6_resolver,high,NIH reference evidence (agrees with existing evidence),known-compound modality='Biologic'; known-compound target='Amyloid'; NIH agent='Solanezumab' CADRO='Amyloid‐beta',False,DTT,Biologic,Amyloid‐beta,Biologic,nih_reference,False
Suvorexant,Phase 3,Disease-Targeted Small Molecule,Symptomatic,Completed,2,285.0,Merck Sharp & Dohme LLC; University of Minnesota,False,no_match,medium,True,0,2,Therapeutic Drug,investigational therapeutic candidate; drug/biological intervention type with no disqualifying evidence found,rule_classification,medium,True,Symptomatic,Dual orexin receptor antagonist; improves sleep with effects on clearance of CSF Aβ and tau,,nih_reference,tier2_6_resolver,low,NIH and existing (official-pipeline/known-compound/ct.gov) evidence disagree: target_pathways: NIH=['Symptomatic'] vs existing=['Neuropsychiatric'],ct.gov structured modality='Small Molecule'; known-compound target='Neuropsychiatric'; NIH agent='Suvorexant' CADRO='Neurotransmitter receptors',True,DTT,Small Molecule,Neurotransmitter receptors,Small Molecule,nih_reference,False
T3D-959,Phase 3,Disease-Targeted Small Molecule,Metabolism,Recruiting,2,376.0,"T3D Therapeutics, Inc.",False,no_match,medium,True,0,2,Therapeutic Drug,investigational therapeutic candidate; drug/biological intervention type with no disqualifying evidence found,rule_classification,medium,True,Metabolism,Dual agonist of PPARδ/γ targeting reduced glucose and altered lipid metabolism,,nih_reference,tier2_6_resolver,high,NIH reference evidence (agrees with existing evidence),ct.gov structured modality='Small Molecule'; known-compound target='Metabolism'; NIH agent='T3D‐959' CADRO='Metabolism and bioenergetics',False,DTT,Small Molecule,Metabolism and bioenergetics,Small Molecule,nih_reference,False
TRx0237,Phase 3,Disease-Targeted Small Molecule,Other,Completed,4,891.0,TauRx Therapeutics Ltd,False,no_match,medium,True,0,4,Therapeutic Drug,investigational therapeutic candidate; drug/biological intervention type with no disqualifying evidence found,rule_classification,medium,True,,,,structured_ct_gov_evidence,tier2_6_resolver,medium,existing evidence only (structured_ct_gov_evidence); no NIH match found,ct.gov structured modality='Small Molecule',False,,,,Small Molecule,inferred_default,True
Tafamidis,Phase 3,Disease-Targeted Small Molecule,Other,Completed,1,1733.0,Pfizer,False,no_match,medium,True,0,1,Therapeutic Drug,investigational therapeutic candidate; drug/biological intervention type with no disqualifying evidence found,rule_classification,medium,True,,,,structured_ct_gov_evidence,tier2_6_resolver,medium,existing evidence only (structured_ct_gov_evidence); no NIH match found,ct.gov structured modality='Small Molecule',False,,,,Small Molecule,inferred_default,True
Talsaclidine,Phase 3,Cognition Enhancer,Symptomatic,Discontinued,3,362.0,Boehringer Ingelheim,False,no_match,medium,True,0,3,Therapeutic Drug,investigational therapeutic candidate; drug/biological intervention type with no disqualifying evidence found,rule_classification,medium,True,Symptomatic,,,structured_ct_gov_evidence,tier2_6_resolver,medium,existing evidence only (structured_ct_gov_evidence); no NIH match found,ct.gov structured modality='Small Molecule'; known-compound target='Symptomatic',False,,,,Small Molecule,inferred_from_target_pathway,True
Thalidomide,Phase 3,Disease-Targeted Small Molecule,Other,Unknown,1,20.0,Banner Health,False,no_match,medium,True,0,1,Therapeutic Drug,investigational therapeutic candidate; drug/biological intervention type with no disqualifying evidence found,rule_classification,medium,True,,,,structured_ct_gov_evidence,tier2_6_resolver,medium,existing evidence only (structured_ct_gov_evidence); no NIH match found,ct.gov structured modality='Small Molecule',False,,,,Small Molecule,inferred_default,True
Tramiprosate (3APS),Phase 3,Disease-Targeted Small Molecule,Amyloid,Unknown,1,650.0,Bellus Health Inc. - a GSK company,False,no_match,medium,True,0,1,Therapeutic Drug,investigational therapeutic candidate; drug/biological intervention type with no disqualifying evidence found,rule_classification,medium,True,Amyloid,,,structured_ct_gov_evidence,tier2_6_resolver,medium,existing evidence only (structured_ct_gov_evidence); no NIH match found,ct.gov structured modality='Small Molecule'; known-compound target='Amyloid',False,,,,Small Molecule,inferred_default,True
Trazodone,Phase 3,Cognition Enhancer,Neuropsychiatric,Completed,2,100.0,Brasilia University Hospital; Johns Hopkins University,False,no_match,medium,True,0,2,Therapeutic Drug,investigational therapeutic candidate; drug/biological intervention type with no disqualifying evidence found,rule_classification,medium,True,Neuropsychiatric,Serotonin reuptake inhibitor to restore sleep,,structured_ct_gov_evidence,tier2_6_resolver,medium,existing evidence only (structured_ct_gov_evidence); no NIH match found,ct.gov structured modality='Small Molecule'; ct.gov structured target(s)=['Neuropsychiatric']; NIH agent='Trazodone' CADRO='Circadian rhythm',False,STT,Cognition Enhancer,Circadian rhythm,Small Molecule,nih_reference,False
Tricaprilin,Phase 3,Cognition Enhancer,Metabolism,Recruiting,6,535.0,Cerecin,False,no_match,medium,True,0,6,Therapeutic Drug,investigational therapeutic candidate; drug/biological intervention type with no disqualifying evidence found,rule_classification,medium,True,Metabolism,Caprylic triglyceride; induces ketosis and improves mitochondrial and neuronal function,,nih_reference,tier2_6_resolver,medium,NIH reference evidence (agrees with existing evidence),ct.gov structured modality='Small Molecule'; known-compound target='Metabolism'; NIH agent='Tricaprilin' CADRO='Metabolism and bioenergetics',False,STT,Cognition Enhancer,Metabolism and bioenergetics,Small Molecule,nih_reference,False
Trontinemab,Phase 3,Disease-Targeted Biologic,Amyloid,Recruiting,3,1600.0,Hoffmann-La Roche,False,no_match,medium,True,0,3,Therapeutic Drug,investigational therapeutic candidate; drug/biological intervention type with no disqualifying evidence found,rule_classification,medium,True,Amyloid,Anti‐amyloid monoclonal antibody with Brainshuttle® utilizing transferrin receptor to enhance blood brain barrier penetration,,nih_reference,tier2_6_resolver,high,NIH reference evidence (agrees with existing evidence),known-compound modality='Biologic'; known-compound target='Amyloid'; NIH agent='Trontinemab' CADRO='Amyloid‐beta',False,DTT,Biologic,Amyloid‐beta,Biologic,nih_reference,False
Tylex,Phase 3,Disease-Targeted Small Molecule,Other,Recruiting,1,10.0,"Xuanwu Hospital, Beijing",False,no_match,medium,True,0,1,Therapeutic Drug,investigational therapeutic candidate; drug/biological intervention type with no disqualifying evidence found,rule_classification,medium,True,,,,structured_ct_gov_evidence,tier2_6_resolver,medium,existing evidence only (structured_ct_gov_evidence); no NIH match found,ct.gov structured modality='Small Molecule',False,,,,Small Molecule,inferred_default,True
VP4896,Phase 3,Disease-Targeted Small Molecule,Other,Completed,1,555.0,Voyager Pharmaceutical Corporation,False,no_match,medium,True,0,1,Therapeutic Drug,investigational therapeutic candidate; drug/biological intervention type with no disqualifying evidence found,rule_classification,medium,True,,,,structured_ct_gov_evidence,tier2_6_resolver,medium,existing evidence only (structured_ct_gov_evidence); no NIH match found,ct.gov structured modality='Small Molecule',False,,,,Small Molecule,inferred_default,True
Valproate,Phase 3,Disease-Targeted Small Molecule,Other,Completed,1,313.0,Alzheimer's Disease Cooperative Study (ADCS),False,no_match,medium,True,0,1,Therapeutic Drug,investigational therapeutic candidate; drug/biological intervention type with no disqualifying evidence found,rule_classification,medium,True,,,,structured_ct_gov_evidence,tier2_6_resolver,medium,existing evidence only (structured_ct_gov_evidence); no NIH match found,ct.gov structured modality='Small Molecule',False,,,,Small Molecule,inferred_default,True
Verubecestat,Phase 3,Disease-Targeted Small Molecule,Amyloid,Discontinued,1,1454.0,Merck Sharp & Dohme LLC,False,no_match,medium,True,0,1,Therapeutic Drug,investigational therapeutic candidate; drug/biological intervention type with no disqualifying evidence found,rule_classification,medium,True,Amyloid,,,structured_ct_gov_evidence,tier2_6_resolver,medium,existing evidence only (structured_ct_gov_evidence); no NIH match found,ct.gov structured modality='Small Molecule'; known-compound target='Amyloid',False,,,,Small Molecule,inferred_default,True
Vitamin D,Phase 3,Disease-Targeted Biologic,Inflammation,Completed,1,90.0,"University Hospital, Angers",False,no_match,medium,True,0,1,Therapeutic Drug,investigational therapeutic candidate; drug/biological intervention type with no disqualifying evidence found,rule_classification,medium,True,Inflammation,GLP‐1 receptor agonist; (reduces neuroinflammation and improves insulin signaling in the brain); angiotensin receptor blocker; calcium; vitamin D,,nih_reference,tier2_6_resolver,low,NIH and existing (official-pipeline/known-compound/ct.gov) evidence disagree: modality: NIH='Biologic' vs existing='Small Molecule',ct.gov structured modality='Small Molecule'; NIH agent='Semaglutide + Candesartan + Vitamin D + Calcium' CADRO='Inflammation',True,DTT,Biologic,Inflammation,Biologic,nih_reference,False
Vitamin E,Phase 3,Disease-Targeted Small Molecule,Other,Completed,1,,National Institute on Aging (NIA),False,no_match,medium,True,0,1,Therapeutic Drug,investigational therapeutic candidate; drug/biological intervention type with no disqualifying evidence found,rule_classification,medium,True,,,,structured_ct_gov_evidence,tier2_6_resolver,medium,existing evidence only (structured_ct_gov_evidence); no NIH match found,ct.gov structured modality='Small Molecule',False,,,,Small Molecule,inferred_default,True
Washout (2 wks),Phase 3,Disease-Targeted Small Molecule,Other,Completed,1,50.0,Seoul National University Bundang Hospital,False,no_match,medium,True,0,1,Therapeutic Drug,investigational therapeutic candidate; drug/biological intervention type with no disqualifying evidence found,rule_classification,medium,True,,,,structured_ct_gov_evidence,tier2_6_resolver,medium,existing evidence only (structured_ct_gov_evidence); no NIH match found,ct.gov structured modality='Other',False,,,,Other,inferred_default,True
Wujia Yizhi granules,Phase 3,Disease-Targeted Small Molecule,Other,Recruiting,1,570.0,"Sichuan Jishengtang Pharmaceutical Co., Ltd.",False,no_match,medium,True,0,1,Therapeutic Drug,investigational therapeutic candidate; drug/biological intervention type with no disqualifying evidence found,rule_classification,medium,True,,,,structured_ct_gov_evidence,tier2_6_resolver,medium,existing evidence only (structured_ct_gov_evidence); no NIH match found,ct.gov structured modality='Small Molecule',False,,,,Small Molecule,inferred_default,True
XTR006,Phase 3,Disease-Targeted Small Molecule,Other,Recruiting,2,354.0,Sinotau Pharmaceutical Group,False,no_match,medium,True,0,2,Needs Review,contributing trials disagree on pipeline scope (Diagnostic Agent; Therapeutic Drug) for this canonical drug name,aggregation_conflict,low,True,,,,structured_ct_gov_evidence,tier2_6_resolver,medium,existing evidence only (structured_ct_gov_evidence); no NIH match found,ct.gov structured modality='Small Molecule',False,,,,Small Molecule,inferred_default,True
Xanamem,Phase 3,Disease-Targeted Small Molecule,Other,Active,2,247.0,Actinogen Medical,False,no_match,medium,True,0,2,Therapeutic Drug,investigational therapeutic candidate; drug/biological intervention type with no disqualifying evidence found,rule_classification,medium,True,,,,structured_ct_gov_evidence,tier2_6_resolver,medium,existing evidence only (structured_ct_gov_evidence); no NIH match found,ct.gov structured modality='Small Molecule',False,,,,Small Molecule,inferred_default,True
[F-18]Flornaptitril,Phase 3,Disease-Targeted Small Molecule,Other,Recruiting,1,230.0,"CereMark Pharma, LLC",False,no_match,medium,True,0,1,Therapeutic Drug,investigational therapeutic candidate; drug/biological intervention type with no disqualifying evidence found,rule_classification,medium,True,,,,structured_ct_gov_evidence,tier2_6_resolver,medium,existing evidence only (structured_ct_gov_evidence); no NIH match found,ct.gov structured modality='Small Molecule',False,,,,Small Molecule,inferred_default,True
atomoxetine hydrochloride,Phase 3,Disease-Targeted Small Molecule,Other,Completed,1,124.0,Eli Lilly and Company,False,no_match,medium,True,0,1,Therapeutic Drug,investigational therapeutic candidate; drug/biological intervention type with no disqualifying evidence found,rule_classification,medium,True,,,,structured_ct_gov_evidence,tier2_6_resolver,medium,existing evidence only (structured_ct_gov_evidence); no NIH match found,ct.gov structured modality='Small Molecule',False,,,,Small Molecule,inferred_default,True
bifeprunox,Phase 3,Neuropsychiatric Symptom Tx,Neuropsychiatric,Discontinued,1,60.0,Solvay Pharmaceuticals,False,no_match,medium,True,0,1,Therapeutic Drug,investigational therapeutic candidate; drug/biological intervention type with no disqualifying evidence found,rule_classification,medium,True,Neuropsychiatric,,,structured_ct_gov_evidence,tier2_6_resolver,medium,existing evidence only (structured_ct_gov_evidence); no NIH match found,ct.gov structured modality='Small Molecule'; ct.gov structured target(s)=['Neuropsychiatric'],False,,,,Small Molecule,inferred_from_target_pathway,True
buntanetap/posiphen,Phase 3,Disease-Targeted Small Molecule,Neuroprotection,Active,2,760.0,Annovis Bio Inc.,False,no_match,medium,True,0,2,Therapeutic Drug,investigational therapeutic candidate; drug/biological intervention type with no disqualifying evidence found,rule_classification,medium,True,Neuroprotection,,,structured_ct_gov_evidence,tier2_6_resolver,medium,existing evidence only (structured_ct_gov_evidence); no NIH match found,ct.gov structured modality='Small Molecule'; known-compound target='Neuroprotection',False,,,,Small Molecule,inferred_default,True
citalopram,Phase 3,Neuropsychiatric Symptom Tx,Neuropsychiatric,Completed,1,186.0,JHSPH Center for Clinical Trials,False,no_match,medium,True,0,1,Therapeutic Drug,investigational therapeutic candidate; drug/biological intervention type with no disqualifying evidence found,rule_classification,medium,True,Neuropsychiatric,,,structured_ct_gov_evidence,tier2_6_resolver,medium,existing evidence only (structured_ct_gov_evidence); no NIH match found,ct.gov structured modality='Small Molecule'; ct.gov structured target(s)=['Neuropsychiatric'],False,,,,Small Molecule,inferred_from_target_pathway,True
es-citalopram,Phase 3,Neuropsychiatric Symptom Tx,Neuropsychiatric,Completed,1,60.0,New York State Psychiatric Institute,False,no_match,medium,True,0,1,Therapeutic Drug,investigational therapeutic candidate; drug/biological intervention type with no disqualifying evidence found,rule_classification,medium,True,Neuropsychiatric,,,structured_ct_gov_evidence,tier2_6_resolver,medium,existing evidence only (structured_ct_gov_evidence); no NIH match found,ct.gov structured modality='Small Molecule'; ct.gov structured target(s)=['Neuropsychiatric'],False,,,,Small Molecule,inferred_from_target_pathway,True
estrogen,Phase 3,Disease-Targeted Small Molecule,Neuroprotection,Completed,3,120.0,National Center for Research Resources (NCRR); National Institute on Aging (NIA); US Department of Veterans Affairs,False,no_match,medium,True,0,3,Therapeutic Drug,investigational therapeutic candidate; drug/biological intervention type with no disqualifying evidence found,rule_classification,medium,True,Neuroprotection,,,structured_ct_gov_evidence,tier2_6_resolver,medium,existing evidence only (structured_ct_gov_evidence); no NIH match found,ct.gov structured modality='Small Molecule'; known-compound target='Neuroprotection',False,,,,Small Molecule,inferred_default,True
galantamine,Phase 3,Cognition Enhancer,Symptomatic,Completed,6,2051.0,"Janssen Pharmaceutical K.K.; Janssen Research & Development, LLC; Janssen, LP; Johnson & Johnson Pharmaceutical Research & Development, L.L.C.",False,no_match,medium,True,0,6,Therapeutic Drug,investigational therapeutic candidate; drug/biological intervention type with no disqualifying evidence found,rule_classification,medium,True,Symptomatic,,,structured_ct_gov_evidence,tier2_6_resolver,medium,existing evidence only (structured_ct_gov_evidence); no NIH match found,ct.gov structured modality='Small Molecule'; known-compound target='Symptomatic',False,,,,Small Molecule,inferred_from_target_pathway,True
icosapent ethyl (IPE),Phase 3,Disease-Targeted Small Molecule,Amyloid,Completed,1,131.0,VA Office of Research and Development,False,no_match,medium,True,0,1,Therapeutic Drug,investigational therapeutic candidate; drug/biological intervention type with no disqualifying evidence found,rule_classification,medium,True,Amyloid,,,structured_ct_gov_evidence,tier2_6_resolver,medium,existing evidence only (structured_ct_gov_evidence); no NIH match found,ct.gov structured modality='Small Molecule'; ct.gov structured target(s)=['Amyloid'],False,,,,Small Molecule,inferred_default,True
indomethacin,Phase 3,Disease-Targeted Small Molecule,Other,Completed,1,160.0,Radboud University Medical Center,False,no_match,medium,True,0,1,Therapeutic Drug,investigational therapeutic candidate; drug/biological intervention type with no disqualifying evidence found,rule_classification,medium,True,,,,structured_ct_gov_evidence,tier2_6_resolver,medium,existing evidence only (structured_ct_gov_evidence); no NIH match found,ct.gov structured modality='Small Molecule',False,,,,Small Molecule,inferred_default,True
lecozotan SR (SRA-333),Phase 3,Cognition Enhancer,Symptomatic,Completed,1,250.0,Pfizer,False,no_match,medium,True,0,1,Therapeutic Drug,investigational therapeutic candidate; drug/biological intervention type with no disqualifying evidence found,rule_classification,medium,True,Symptomatic,,,structured_ct_gov_evidence,tier2_6_resolver,medium,existing evidence only (structured_ct_gov_evidence); no NIH match found,ct.gov structured modality='Small Molecule'; known-compound target='Symptomatic',False,,,,Small Molecule,inferred_from_target_pathway,True
levetiracetam,Phase 3,Cognition Enhancer,Symptomatic,Recruiting,5,120.0,Beth Israel Deaconess Medical Center; Fundació Institut de Recerca de l'Hospital de la Santa Creu i Sant Pau; University of Minnesota; University of Oxford; Walter Reed National Military Medical Center,False,no_match,medium,True,0,5,Therapeutic Drug,investigational therapeutic candidate; drug/biological intervention type with no disqualifying evidence found,rule_classification,medium,True,Symptomatic,SV2A modulator; improves synaptic function; reduces Aβ‐induced neuronal hyperactivity,,nih_reference,tier2_6_resolver,low,NIH and existing (official-pipeline/known-compound/ct.gov) evidence disagree: target_pathways: NIH=['Symptomatic'] vs existing=['Neuropsychiatric'],ct.gov structured modality='Small Molecule'; ct.gov structured target(s)=['Neuropsychiatric']; NIH agent='Levetiracetam' CADRO='Neurotransmitter receptors',True,STT,Other Symptoms,Neurotransmitter receptors,Small Molecule,inferred_from_target_pathway,True
memantine,Phase 3,Disease-Targeted Small Molecule,Symptomatic,Completed,6,677.0,"Forest Laboratories; H. Lundbeck A/S; Merz Pharmaceuticals GmbH; Stanford University; University Hospital, Lille",False,no_match,medium,True,0,6,Therapeutic Drug,investigational therapeutic candidate; drug/biological intervention type with no disqualifying evidence found,rule_classification,medium,True,Symptomatic,NMDA receptor antagonist with neuroprotective effects,,nih_reference,tier2_6_resolver,high,NIH reference evidence (agrees with existing evidence),ct.gov structured modality='Small Molecule'; known-compound target='Symptomatic'; NIH agent='Memantine' CADRO='Neurotransmitter receptors',False,DTT,Small Molecule,Neurotransmitter receptors,Small Molecule,nih_reference,False
memantine HCl,Phase 3,Cognition Enhancer,Symptomatic,Completed,2,107.0,Forest Laboratories; Merz Pharmaceuticals GmbH,False,no_match,medium,True,0,2,Therapeutic Drug,investigational therapeutic candidate; drug/biological intervention type with no disqualifying evidence found,rule_classification,medium,True,Symptomatic,,,structured_ct_gov_evidence,tier2_6_resolver,medium,existing evidence only (structured_ct_gov_evidence); no NIH match found,ct.gov structured modality='Small Molecule'; known-compound target='Symptomatic',False,,,,Small Molecule,inferred_from_target_pathway,True
metformin,Phase 3,Disease-Targeted Small Molecule,Metabolism,Recruiting,4,1200.0,"Columbia University; University College, London; University of Pennsylvania",False,no_match,medium,True,0,4,Therapeutic Drug,investigational therapeutic candidate; drug/biological intervention type with no disqualifying evidence found,rule_classification,medium,True,Metabolism,Insulin sensitizer to improve brain glucose metabolism,,nih_reference,tier2_6_resolver,high,NIH reference evidence (agrees with existing evidence),ct.gov structured modality='Small Molecule'; known-compound target='Metabolism'; NIH agent='Metformin' CADRO='Metabolism and bioenergetics',False,DTT,Small Molecule,Metabolism and bioenergetics,Small Molecule,nih_reference,False
oculomotor measurements,Phase 3,Disease-Targeted Small Molecule,Other,Completed,1,65.0,Assistance Publique - Hôpitaux de Paris,False,no_match,medium,True,0,1,Therapeutic Drug,investigational therapeutic candidate; drug/biological intervention type with no disqualifying evidence found,rule_classification,medium,True,,,,structured_ct_gov_evidence,tier2_6_resolver,medium,existing evidence only (structured_ct_gov_evidence); no NIH match found,ct.gov structured modality='Other',False,,,,Other,inferred_default,True
pioglitazone,Phase 3,Disease-Targeted Small Molecule,Metabolism,Discontinued,3,3494.0,National Institute on Aging (NIA); Takeda,False,no_match,medium,True,0,3,Therapeutic Drug,investigational therapeutic candidate; drug/biological intervention type with no disqualifying evidence found,rule_classification,medium,True,Metabolism,,,structured_ct_gov_evidence,tier2_6_resolver,medium,existing evidence only (structured_ct_gov_evidence); no NIH match found,ct.gov structured modality='Small Molecule'; known-compound target='Metabolism',False,,,,Small Molecule,inferred_default,True
risperidone,Phase 3,Neuropsychiatric Symptom Tx,Neuropsychiatric,Completed,6,626.0,"Janssen Pharmaceutica N.V., Belgium; Janssen Pharmaceutical K.K.; Janssen, LP; Janssen-Cilag Pty Ltd; Johnson & Johnson Pharmaceutical Research & Development, L.L.C.; University of Pittsburgh",False,no_match,medium,True,0,6,Therapeutic Drug,investigational therapeutic candidate; drug/biological intervention type with no disqualifying evidence found,rule_classification,medium,True,Neuropsychiatric,,,structured_ct_gov_evidence,tier2_6_resolver,medium,existing evidence only (structured_ct_gov_evidence); no NIH match found,ct.gov structured modality='Small Molecule'; known-compound target='Neuropsychiatric',False,,,,Small Molecule,inferred_from_target_pathway,True
semagacestat,Phase 3,Disease-Targeted Small Molecule,Amyloid,Completed,1,180.0,Eli Lilly and Company,False,no_match,medium,True,0,1,Therapeutic Drug,investigational therapeutic candidate; drug/biological intervention type with no disqualifying evidence found,rule_classification,medium,True,Amyloid,,,structured_ct_gov_evidence,tier2_6_resolver,medium,existing evidence only (structured_ct_gov_evidence); no NIH match found,ct.gov structured modality='Small Molecule'; known-compound target='Amyloid',False,,,,Small Molecule,inferred_default,True
testosterone gel,Phase 3,Disease-Targeted Small Molecule,Other,Completed,1,22.0,University of Washington,False,no_match,medium,True,0,1,Therapeutic Drug,investigational therapeutic candidate; drug/biological intervention type with no disqualifying evidence found,rule_classification,medium,True,,,,structured_ct_gov_evidence,tier2_6_resolver,medium,existing evidence only (structured_ct_gov_evidence); no NIH match found,ct.gov structured modality='Small Molecule',False,,,,Small Molecule,inferred_default,True
tributyrin,Phase 3,Disease-Targeted Small Molecule,Other,Recruiting,1,156.0,Universidad de Almeria,False,no_match,medium,True,0,1,Non-Drug Intervention,dietary supplement / nutraceutical — excluded from the default therapeutic view unless curated as a genuine investigational program (data/reference/intervention_scope_overrides.csv),rule_type,medium,False,,,,structured_ct_gov_evidence,tier2_6_resolver,medium,existing evidence only (structured_ct_gov_evidence); no NIH match found,ct.gov structured modality='Dietary Supplement',False,,,,Dietary Supplement,inferred_default,True
xaliproden (SR57746A),Phase 3,Disease-Targeted Small Molecule,Neuroprotection,Completed,2,1455.0,Sanofi,False,no_match,medium,True,0,2,Therapeutic Drug,investigational therapeutic candidate; drug/biological intervention type with no disqualifying evidence found,rule_classification,medium,True,Neuroprotection,,,structured_ct_gov_evidence,tier2_6_resolver,medium,existing evidence only (structured_ct_gov_evidence); no NIH match found,ct.gov structured modality='Small Molecule'; known-compound target='Neuroprotection',False,,,,Small Molecule,inferred_default,True
11C-ER176,Phase 2,Disease-Targeted Small Molecule,Inflammation,Recruiting,5,107.0,Columbia University; National Institute of Mental Health (NIMH); The Methodist Hospital Research Institute,False,no_match,medium,True,0,5,Therapeutic Drug,investigational therapeutic candidate; drug/biological intervention type with no disqualifying evidence found,rule_classification,medium,True,Inflammation,,,structured_ct_gov_evidence,tier2_6_resolver,medium,existing evidence only (structured_ct_gov_evidence); no NIH match found,ct.gov structured modality='Small Molecule'; ct.gov structured target(s)=['Inflammation'],False,,,,Small Molecule,inferred_default,True
11C-PBR28,Phase 2,Disease-Targeted Small Molecule,Inflammation,Completed,2,60.0,Patrick Lao; University of Pennsylvania,False,no_match,medium,True,0,2,Therapeutic Drug,investigational therapeutic candidate; drug/biological intervention type with no disqualifying evidence found,rule_classification,medium,True,Inflammation,,,structured_ct_gov_evidence,tier2_6_resolver,medium,existing evidence only (structured_ct_gov_evidence); no NIH match found,ct.gov structured modality='Small Molecule'; known-compound target='Inflammation',False,,,,Small Molecule,inferred_default,True
12 cm2 - 2 Active DMTS Patches,Phase 2,Neuropsychiatric Symptom Tx,Neuropsychiatric,Recruiting,1,150.0,"Teikoku Pharma USA, Inc.",False,no_match,medium,True,0,1,Therapeutic Drug,investigational therapeutic candidate; drug/biological intervention type with no disqualifying evidence found,rule_classification,medium,True,Neuropsychiatric,,,structured_ct_gov_evidence,tier2_6_resolver,medium,existing evidence only (structured_ct_gov_evidence); no NIH match found,ct.gov structured modality='Small Molecule'; ct.gov structured target(s)=['Neuropsychiatric'],False,,,,Small Molecule,inferred_from_target_pathway,True
18F-92,Phase 2,Disease-Targeted Small Molecule,Amyloid,Unknown,1,50.0,First Affiliated Hospital of Fujian Medical University,False,no_match,medium,True,0,1,Therapeutic Drug,investigational therapeutic candidate; drug/biological intervention type with no disqualifying evidence found,rule_classification,medium,True,Amyloid,,,structured_ct_gov_evidence,tier2_6_resolver,medium,existing evidence only (structured_ct_gov_evidence); no NIH match found,ct.gov structured modality='Small Molecule'; ct.gov structured target(s)=['Amyloid'],False,,,,Small Molecule,inferred_default,True
18F-AV-133,Phase 2,Disease-Targeted Small Molecule,Other,Completed,1,30.0,Avid Radiopharmaceuticals,False,no_match,medium,True,0,1,Therapeutic Drug,investigational therapeutic candidate; drug/biological intervention type with no disqualifying evidence found,rule_classification,medium,True,,,,structured_ct_gov_evidence,tier2_6_resolver,medium,existing evidence only (structured_ct_gov_evidence); no NIH match found,ct.gov structured modality='Small Molecule',False,,,,Small Molecule,inferred_default,True
18F-OP-801,Phase 2,Disease-Targeted Small Molecule,Other,Recruiting,1,65.0,"Ashvattha Therapeutics, Inc.",False,no_match,medium,True,0,1,Therapeutic Drug,investigational therapeutic candidate; drug/biological intervention type with no disqualifying evidence found,rule_classification,medium,True,,,,structured_ct_gov_evidence,tier2_6_resolver,medium,existing evidence only (structured_ct_gov_evidence); no NIH match found,ct.gov structured modality='Small Molecule',False,,,,Small Molecule,inferred_default,True
2-hydroxybenzylamine acetate,Phase 2,Disease-Targeted Small Molecule,Other,Recruiting,1,48.0,MTI Biotech Inc,False,no_match,medium,True,0,1,Therapeutic Drug,investigational therapeutic candidate; drug/biological intervention type with no disqualifying evidence found,rule_classification,medium,True,,,,structured_ct_gov_evidence,tier2_6_resolver,medium,existing evidence only (structured_ct_gov_evidence); no NIH match found,ct.gov structured modality='Small Molecule',False,,,,Small Molecule,inferred_default,True
250mg rilapladib,Phase 2,Disease-Targeted Small Molecule,Other,Completed,1,124.0,GlaxoSmithKline,False,no_match,medium,True,0,1,Therapeutic Drug,investigational therapeutic candidate; drug/biological intervention type with no disqualifying evidence found,rule_classification,medium,True,,,,structured_ct_gov_evidence,tier2_6_resolver,medium,existing evidence only (structured_ct_gov_evidence); no NIH match found,ct.gov structured modality='Small Molecule',False,,,,Small Molecule,inferred_default,True
3TC,Phase 2,Disease-Targeted Small Molecule,Other,Completed,1,12.0,The University of Texas Health Science Center at San Antonio,False,no_match,medium,True,0,1,Therapeutic Drug,investigational therapeutic candidate; drug/biological intervention type with no disqualifying evidence found,rule_classification,medium,True,,,,structured_ct_gov_evidence,tier2_6_resolver,medium,existing evidence only (structured_ct_gov_evidence); no NIH match found,ct.gov structured modality='Small Molecule',False,,,,Small Molecule,inferred_default,True
AAB-001,Phase 2,Disease-Targeted Small Molecule,Other,Unknown,1,,Pharmacology Research Institute,False,no_match,medium,True,0,1,Therapeutic Drug,investigational therapeutic candidate; drug/biological intervention type with no disqualifying evidence found,rule_classification,medium,True,,,,structured_ct_gov_evidence,tier2_6_resolver,medium,existing evidence only (structured_ct_gov_evidence); no NIH match found,ct.gov structured modality='Small Molecule',False,,,,Small Molecule,inferred_default,True
AADvac1,Phase 2,Disease-Targeted Biologic,Tau,Completed,3,208.0,Axon Neuroscience SE,False,no_match,medium,True,0,3,Therapeutic Drug,investigational therapeutic candidate; drug/biological intervention type with no disqualifying evidence found,rule_classification,medium,True,Tau,Active immunotherapy against tau protein,,nih_reference,tier2_6_resolver,high,NIH reference evidence (agrees with existing evidence),ct.gov structured modality='Biologic'; ct.gov structured target(s)=['Tau']; NIH agent='AADvac1' CADRO='Tau',False,DTT,Biologic,Tau,Biologic,nih_reference,False
ABBV-1758,Phase 2,Disease-Targeted Small Molecule,Tau,Recruiting,1,210.0,AbbVie,False,no_match,medium,True,0,1,Therapeutic Drug,investigational therapeutic candidate; drug/biological intervention type with no disqualifying evidence found,rule_classification,medium,True,Tau,,,structured_ct_gov_evidence,tier2_6_resolver,medium,existing evidence only (structured_ct_gov_evidence); no NIH match found,ct.gov structured modality='Small Molecule'; known-compound target='Tau',False,,,,Small Molecule,inferred_default,True
ABBV-552,Phase 2,Disease-Targeted Small Molecule,Other,Completed,2,263.0,AbbVie,False,no_match,medium,True,0,2,Therapeutic Drug,investigational therapeutic candidate; drug/biological intervention type with no disqualifying evidence found,rule_classification,medium,True,,,,structured_ct_gov_evidence,tier2_6_resolver,medium,existing evidence only (structured_ct_gov_evidence); no NIH match found,ct.gov structured modality='Small Molecule',False,,,,Small Molecule,inferred_default,True
ABBV-8E12,Phase 2,Disease-Targeted Biologic,Tau,Completed,1,453.0,AbbVie,False,no_match,medium,True,0,1,Therapeutic Drug,investigational therapeutic candidate; drug/biological intervention type with no disqualifying evidence found,rule_classification,medium,True,Tau,,,known_compound_exact_match,tier2_6_resolver,high,existing evidence only (known_compound_exact_match); no NIH match found,known-compound modality='Biologic'; known-compound target='Tau',False,,,,Biologic,inferred_from_modality,True
ABBV-916,Phase 2,Disease-Targeted Small Molecule,Amyloid,Completed,1,106.0,AbbVie,False,no_match,medium,True,0,1,Therapeutic Drug,investigational therapeutic candidate; drug/biological intervention type with no disqualifying evidence found,rule_classification,medium,True,Amyloid,,,structured_ct_gov_evidence,tier2_6_resolver,medium,existing evidence only (structured_ct_gov_evidence); no NIH match found,ct.gov structured modality='Small Molecule'; ct.gov structured target(s)=['Amyloid'],False,,,,Small Molecule,inferred_default,True
ABT-089,Phase 2,Cognition Enhancer,Symptomatic,Discontinued,3,337.0,Abbott,False,no_match,medium,True,0,3,Therapeutic Drug,investigational therapeutic candidate; drug/biological intervention type with no disqualifying evidence found,rule_classification,medium,True,Symptomatic,,,structured_ct_gov_evidence,tier2_6_resolver,medium,existing evidence only (structured_ct_gov_evidence); no NIH match found,ct.gov structured modality='Small Molecule'; known-compound target='Symptomatic',False,,,,Small Molecule,inferred_from_target_pathway,True
ABT-126,Phase 2,Cognition Enhancer,Symptomatic,Completed,7,438.0,"AbbVie (prior sponsor, Abbott); Abbott",False,no_match,medium,True,0,7,Therapeutic Drug,investigational therapeutic candidate; drug/biological intervention type with no disqualifying evidence found,rule_classification,medium,True,Symptomatic,,,structured_ct_gov_evidence,tier2_6_resolver,medium,existing evidence only (structured_ct_gov_evidence); no NIH match found,ct.gov structured modality='Small Molecule'; known-compound target='Symptomatic',False,,,,Small Molecule,inferred_from_target_pathway,True
ABT-288,Phase 2,Disease-Targeted Small Molecule,Other,Completed,1,242.0,"AbbVie (prior sponsor, Abbott)",False,no_match,medium,True,0,1,Therapeutic Drug,investigational therapeutic candidate; drug/biological intervention type with no disqualifying evidence found,rule_classification,medium,True,,,,structured_ct_gov_evidence,tier2_6_resolver,medium,existing evidence only (structured_ct_gov_evidence); no NIH match found,ct.gov structured modality='Small Molecule',False,,,,Small Molecule,inferred_default,True
ABT-384,Phase 2,Disease-Targeted Small Molecule,Other,Completed,1,267.0,"AbbVie (prior sponsor, Abbott)",False,no_match,medium,True,0,1,Therapeutic Drug,investigational therapeutic candidate; drug/biological intervention type with no disqualifying evidence found,rule_classification,medium,True,,,,structured_ct_gov_evidence,tier2_6_resolver,medium,existing evidence only (structured_ct_gov_evidence); no NIH match found,ct.gov structured modality='Small Molecule',False,,,,Small Molecule,inferred_default,True
ABvac40,Phase 2,Disease-Targeted Biologic,Amyloid,Completed,2,134.0,Araclon Biotech S.L.,False,no_match,medium,True,0,2,Therapeutic Drug,investigational therapeutic candidate; drug/biological intervention type with no disqualifying evidence found,rule_classification,medium,True,Amyloid,,,structured_ct_gov_evidence,tier2_6_resolver,medium,existing evidence only (structured_ct_gov_evidence); no NIH match found,ct.gov structured modality='Biologic'; known-compound target='Amyloid',False,,,,Biologic,inferred_from_modality,True
AC-3933,Phase 2,Cognition Enhancer,Symptomatic,Completed,1,171.0,"Sumitomo Pharma America, Inc.",False,no_match,medium,True,0,1,Therapeutic Drug,investigational therapeutic candidate; drug/biological intervention type with no disqualifying evidence found,rule_classification,medium,True,Symptomatic,,,structured_ct_gov_evidence,tier2_6_resolver,medium,existing evidence only (structured_ct_gov_evidence); no NIH match found,ct.gov structured modality='Small Molecule'; known-compound target='Symptomatic',False,,,,Small Molecule,inferred_from_target_pathway,True
ACC-001,Phase 2,Disease-Targeted Biologic,Amyloid,Discontinued,1,53.0,Pfizer,False,no_match,medium,True,0,1,Therapeutic Drug,investigational therapeutic candidate; drug/biological intervention type with no disqualifying evidence found,rule_classification,medium,True,Amyloid,,,structured_ct_gov_evidence,tier2_6_resolver,medium,existing evidence only (structured_ct_gov_evidence); no NIH match found,ct.gov structured modality='Biologic'; known-compound target='Amyloid',False,,,,Biologic,inferred_from_modality,True
ACC-001 (vanutide cridificar),Phase 2,Disease-Targeted Biologic,Amyloid,Completed,1,126.0,"JANSSEN Alzheimer Immunotherapy Research & Development, LLC",False,no_match,medium,True,0,1,Therapeutic Drug,investigational therapeutic candidate; drug/biological intervention type with no disqualifying evidence found,rule_classification,medium,True,Amyloid,,,structured_ct_gov_evidence,tier2_6_resolver,medium,existing evidence only (structured_ct_gov_evidence); no NIH match found,ct.gov structured modality='Biologic'; known-compound target='Amyloid',False,,,,Biologic,inferred_from_modality,True
AD-35,Phase 2,Disease-Targeted Small Molecule,Other,Unknown,2,240.0,Zhejiang Hisun Pharmaceutical Co. Ltd.,False,no_match,medium,True,0,2,Therapeutic Drug,investigational therapeutic candidate; drug/biological intervention type with no disqualifying evidence found,rule_classification,medium,True,,,,structured_ct_gov_evidence,tier2_6_resolver,medium,existing evidence only (structured_ct_gov_evidence); no NIH match found,ct.gov structured modality='Small Molecule',False,,,,Small Molecule,inferred_default,True
AD04,Phase 2,Disease-Targeted Small Molecule,Other,Active,1,122.0,ADvantage Therapeutics,False,no_match,medium,True,0,1,Therapeutic Drug,investigational therapeutic candidate; drug/biological intervention type with no disqualifying evidence found,rule_classification,medium,True,,,,structured_ct_gov_evidence,tier2_6_resolver,medium,existing evidence only (structured_ct_gov_evidence); no NIH match found,ct.gov structured modality='Small Molecule',False,,,,Small Molecule,inferred_default,True
ADENOSINE TRIPHOSPHATE,Phase 2,Disease-Targeted Small Molecule,Other,Completed,1,20.0,Sara Varea,False,no_match,medium,True,0,1,Therapeutic Drug,investigational therapeutic candidate; drug/biological intervention type with no disqualifying evidence found,rule_classification,medium,True,,,,structured_ct_gov_evidence,tier2_6_resolver,medium,existing evidence only (structured_ct_gov_evidence); no NIH match found,ct.gov structured modality='Small Molecule',False,,,,Small Molecule,inferred_default,True
AFFITOPE AD02,Phase 2,Disease-Targeted Biologic,Amyloid,Discontinued,3,194.0,Affiris AG,False,no_match,medium,True,0,3,Therapeutic Drug,investigational therapeutic candidate; drug/biological intervention type with no disqualifying evidence found,rule_classification,medium,True,Amyloid,,,structured_ct_gov_evidence,tier2_6_resolver,medium,existing evidence only (structured_ct_gov_evidence); no NIH match found,ct.gov structured modality='Biologic'; known-compound target='Amyloid',False,,,,Biologic,inferred_from_modality,True
AH110690 (18F),Phase 2,Disease-Targeted Small Molecule,Other,Completed,1,78.0,GE Healthcare,False,no_match,medium,True,0,1,Therapeutic Drug,investigational therapeutic candidate; drug/biological intervention type with no disqualifying evidence found,rule_classification,medium,True,,,,structured_ct_gov_evidence,tier2_6_resolver,medium,existing evidence only (structured_ct_gov_evidence); no NIH match found,ct.gov structured modality='Small Molecule',False,,,,Small Molecule,inferred_default,True
AL001,Phase 2,Disease-Targeted Small Molecule,Other,Completed,1,65.0,"Alzamend Neuro, Inc.",False,no_match,medium,True,0,1,Therapeutic Drug,investigational therapeutic candidate; drug/biological intervention type with no disqualifying evidence found,rule_classification,medium,True,,,,structured_ct_gov_evidence,tier2_6_resolver,medium,existing evidence only (structured_ct_gov_evidence); no NIH match found,ct.gov structured modality='Small Molecule',False,,,,Small Molecule,inferred_default,True
AL002,Phase 2,Disease-Targeted Biologic,Inflammation,Completed,3,356.0,Alector Inc.,False,no_match,medium,True,0,3,Therapeutic Drug,investigational therapeutic candidate; drug/biological intervention type with no disqualifying evidence found,rule_classification,medium,True,Inflammation,,,known_compound_exact_match,tier2_6_resolver,high,existing evidence only (known_compound_exact_match); no NIH match found,known-compound modality='Biologic'; known-compound target='Inflammation',False,,,,Biologic,inferred_from_modality,True
ALZ-801,Phase 2,Disease-Targeted Small Molecule,Amyloid,Completed,2,84.0,Alzheon Inc.,False,no_match,medium,True,0,2,Therapeutic Drug,investigational therapeutic candidate; drug/biological intervention type with no disqualifying evidence found,rule_classification,medium,True,Amyloid,,,structured_ct_gov_evidence,tier2_6_resolver,medium,existing evidence only (structured_ct_gov_evidence); no NIH match found,ct.gov structured modality='Small Molecule'; known-compound target='Amyloid',False,,,,Small Molecule,inferred_default,True
ALZN002 (autologous DCs pulsed with E22W mutant peptide).,Phase 2,Disease-Targeted Biologic,Other,Active,1,30.0,"Alzamend Neuro, Inc.",False,no_match,medium,True,0,1,Therapeutic Drug,investigational therapeutic candidate; drug/biological intervention type with no disqualifying evidence found,rule_classification,medium,True,,,,structured_ct_gov_evidence,tier2_6_resolver,medium,existing evidence only (structured_ct_gov_evidence); no NIH match found,ct.gov structured modality='Biologic',False,,,,Biologic,inferred_from_modality,True
AMDX-2011P,Phase 2,Disease-Targeted Small Molecule,Other,Recruiting,1,25.0,Amydis Inc.,False,no_match,medium,True,0,1,Therapeutic Drug,investigational therapeutic candidate; drug/biological intervention type with no disqualifying evidence found,rule_classification,medium,True,,,,structured_ct_gov_evidence,tier2_6_resolver,medium,existing evidence only (structured_ct_gov_evidence); no NIH match found,ct.gov structured modality='Small Molecule',False,,,,Small Molecule,inferred_default,True
AMX0035,Phase 2,Disease-Targeted Small Molecule,Other,Completed,1,95.0,Amylyx Pharmaceuticals Inc.,False,no_match,medium,True,0,1,Therapeutic Drug,investigational therapeutic candidate; drug/biological intervention type with no disqualifying evidence found,rule_classification,medium,True,,,,structured_ct_gov_evidence,tier2_6_resolver,medium,existing evidence only (structured_ct_gov_evidence); no NIH match found,ct.gov structured modality='Small Molecule',False,,,,Small Molecule,inferred_default,True
AN-1792 also known as AIP-001,Phase 2,Disease-Targeted Biologic,Other,Discontinued,1,375.0,"JANSSEN Alzheimer Immunotherapy Research & Development, LLC",False,no_match,medium,True,0,1,Therapeutic Drug,investigational therapeutic candidate; drug/biological intervention type with no disqualifying evidence found,rule_classification,medium,True,,,,structured_ct_gov_evidence,tier2_6_resolver,medium,existing evidence only (structured_ct_gov_evidence); no NIH match found,ct.gov structured modality='Biologic',False,,,,Biologic,inferred_from_modality,True
APH-1105,Phase 2,Disease-Targeted Small Molecule,Other,Unknown,1,60.0,Aphios,False,no_match,medium,True,0,1,Therapeutic Drug,investigational therapeutic candidate; drug/biological intervention type with no disqualifying evidence found,rule_classification,medium,True,,,,structured_ct_gov_evidence,tier2_6_resolver,medium,existing evidence only (structured_ct_gov_evidence); no NIH match found,ct.gov structured modality='Small Molecule',False,,,,Small Molecule,inferred_default,True
AQW051,Phase 2,Disease-Targeted Small Molecule,Other,Discontinued,1,54.0,Novartis Pharmaceuticals,False,no_match,medium,True,0,1,Therapeutic Drug,investigational therapeutic candidate; drug/biological intervention type with no disqualifying evidence found,rule_classification,medium,True,,,,structured_ct_gov_evidence,tier2_6_resolver,medium,existing evidence only (structured_ct_gov_evidence); no NIH match found,ct.gov structured modality='Small Molecule',False,,,,Small Molecule,inferred_default,True
ARO-MAPT-SC,Phase 2,Disease-Targeted Small Molecule,Tau,Recruiting,1,112.0,Arrowhead Pharmaceuticals,False,no_match,medium,True,0,1,Therapeutic Drug,investigational therapeutic candidate; drug/biological intervention type with no disqualifying evidence found,rule_classification,medium,True,Tau,,,structured_ct_gov_evidence,tier2_6_resolver,medium,existing evidence only (structured_ct_gov_evidence); no NIH match found,ct.gov structured modality='Small Molecule'; ct.gov structured target(s)=['Tau'],False,,,,Small Molecule,inferred_default,True
ASN51,Phase 2,Disease-Targeted Small Molecule,Tau,Discontinued,2,123.0,Asceneuron Pty Ltd.; Asceneuron S.A.,False,no_match,medium,True,0,2,Therapeutic Drug,investigational therapeutic candidate; drug/biological intervention type with no disqualifying evidence found,rule_classification,medium,True,Tau,,,structured_ct_gov_evidence,tier2_6_resolver,medium,existing evidence only (structured_ct_gov_evidence); no NIH match found,ct.gov structured modality='Small Molecule'; known-compound target='Tau',False,,,,Small Molecule,inferred_default,True
AVE1625,Phase 2,Disease-Targeted Small Molecule,Other,Completed,1,162.0,Sanofi,False,no_match,medium,True,0,1,Therapeutic Drug,investigational therapeutic candidate; drug/biological intervention type with no disqualifying evidence found,rule_classification,medium,True,,,,structured_ct_gov_evidence,tier2_6_resolver,medium,existing evidence only (structured_ct_gov_evidence); no NIH match found,ct.gov structured modality='Small Molecule',False,,,,Small Molecule,inferred_default,True
AZD0530,Phase 2,Disease-Targeted Small Molecule,Other,Completed,1,159.0,Yale University,False,no_match,medium,True,0,1,Therapeutic Drug,investigational therapeutic candidate; drug/biological intervention type with no disqualifying evidence found,rule_classification,medium,True,,,,structured_ct_gov_evidence,tier2_6_resolver,medium,existing evidence only (structured_ct_gov_evidence); no NIH match found,ct.gov structured modality='Small Molecule',False,,,,Small Molecule,inferred_default,True
AZD1446,Phase 2,Disease-Targeted Small Molecule,Other,Completed,2,99.0,AstraZeneca,False,no_match,medium,True,0,2,Therapeutic Drug,investigational therapeutic candidate; drug/biological intervention type with no disqualifying evidence found,rule_classification,medium,True,,,,structured_ct_gov_evidence,tier2_6_resolver,medium,existing evidence only (structured_ct_gov_evidence); no NIH match found,ct.gov structured modality='Small Molecule',False,,,,Small Molecule,inferred_default,True
AZD3480,Phase 2,Cognition Enhancer,Symptomatic,Completed,6,659.0,AstraZeneca; Targacept Inc.,False,no_match,medium,True,0,6,Therapeutic Drug,investigational therapeutic candidate; drug/biological intervention type with no disqualifying evidence found,rule_classification,medium,True,Symptomatic,,,structured_ct_gov_evidence,tier2_6_resolver,medium,existing evidence only (structured_ct_gov_evidence); no NIH match found,ct.gov structured modality='Small Molecule'; known-compound target='Symptomatic',False,,,,Small Molecule,inferred_from_target_pathway,True
AZD5213,Phase 2,Neuropsychiatric Symptom Tx,Neuropsychiatric,Completed,1,164.0,AstraZeneca,False,no_match,medium,True,0,1,Therapeutic Drug,investigational therapeutic candidate; drug/biological intervention type with no disqualifying evidence found,rule_classification,medium,True,Neuropsychiatric,,,structured_ct_gov_evidence,tier2_6_resolver,medium,existing evidence only (structured_ct_gov_evidence); no NIH match found,ct.gov structured modality='Small Molecule'; ct.gov structured target(s)=['Neuropsychiatric'],False,,,,Small Molecule,inferred_from_target_pathway,True
Acitretin,Phase 2,Disease-Targeted Small Molecule,Other,Completed,1,22.0,K. Lieb,False,no_match,medium,True,0,1,Therapeutic Drug,investigational therapeutic candidate; drug/biological intervention type with no disqualifying evidence found,rule_classification,medium,True,,,,structured_ct_gov_evidence,tier2_6_resolver,medium,existing evidence only (structured_ct_gov_evidence); no NIH match found,ct.gov structured modality='Small Molecule',False,,,,Small Molecule,inferred_default,True
Active Treatment- CT1812,Phase 2,Disease-Targeted Small Molecule,Amyloid,Completed,1,43.0,Cognition Therapeutics,False,no_match,medium,True,0,1,Therapeutic Drug,investigational therapeutic candidate; drug/biological intervention type with no disqualifying evidence found,rule_classification,medium,True,Amyloid,,,structured_ct_gov_evidence,tier2_6_resolver,medium,existing evidence only (structured_ct_gov_evidence); no NIH match found,ct.gov structured modality='Small Molecule'; known-compound target='Amyloid',False,,,,Small Molecule,inferred_default,True
All Subjects,Phase 2,Disease-Targeted Small Molecule,Tau,Completed,1,27.0,"University of Wisconsin, Madison",False,no_match,medium,True,0,1,Therapeutic Drug,investigational therapeutic candidate; drug/biological intervention type with no disqualifying evidence found,rule_classification,medium,True,Tau,,,structured_ct_gov_evidence,tier2_6_resolver,medium,existing evidence only (structured_ct_gov_evidence); no NIH match found,ct.gov structured modality='Small Molecule'; ct.gov structured target(s)=['Tau'],False,,,,Small Molecule,inferred_default,True
Allogeneic MSC,Phase 2,Disease-Targeted Small Molecule,Other,Completed,1,50.0,Longeveron Inc.,False,no_match,medium,True,0,1,Therapeutic Drug,investigational therapeutic candidate; drug/biological intervention type with no disqualifying evidence found,rule_classification,medium,True,,,,structured_ct_gov_evidence,tier2_6_resolver,medium,existing evidence only (structured_ct_gov_evidence); no NIH match found,ct.gov structured modality='Small Molecule',False,,,,Small Molecule,inferred_default,True
Allopregnanolone,Phase 2,Disease-Targeted Small Molecule,Neuroprotection,Active,2,100.0,University of Arizona,False,no_match,medium,True,0,2,Therapeutic Drug,investigational therapeutic candidate; drug/biological intervention type with no disqualifying evidence found,rule_classification,medium,True,Neuroprotection,,,structured_ct_gov_evidence,tier2_6_resolver,medium,existing evidence only (structured_ct_gov_evidence); no NIH match found,ct.gov structured modality='Small Molecule'; known-compound target='Neuroprotection',False,,,,Small Molecule,inferred_default,True
Alpha-Linolenic Acid,Phase 2,Disease-Targeted Small Molecule,Other,Recruiting,1,20.0,"Michal Schnaider Beeri, Ph.D.",False,no_match,medium,True,0,1,Therapeutic Drug,investigational therapeutic candidate; drug/biological intervention type with no disqualifying evidence found,rule_classification,medium,True,,,,structured_ct_gov_evidence,tier2_6_resolver,medium,existing evidence only (structured_ct_gov_evidence); no NIH match found,ct.gov structured modality='Small Molecule',False,,,,Small Molecule,inferred_default,True
Anatabloc(R),Phase 2,Disease-Targeted Small Molecule,Other,Discontinued,1,85.0,"Rock Creek Pharmaceuticals, Inc.",False,no_match,medium,True,0,1,Non-Drug Intervention,dietary supplement / nutraceutical — excluded from the default therapeutic view unless curated as a genuine investigational program (data/reference/intervention_scope_overrides.csv),rule_type,medium,False,,,,structured_ct_gov_evidence,tier2_6_resolver,medium,existing evidence only (structured_ct_gov_evidence); no NIH match found,ct.gov structured modality='Dietary Supplement',False,,,,Dietary Supplement,inferred_default,True
Astragalus Membranaceus Root,Phase 2,Disease-Targeted Small Molecule,Other,Completed,1,76.0,Fujian Medical University Union Hospital,False,no_match,medium,True,0,1,Therapeutic Drug,investigational therapeutic candidate; drug/biological intervention type with no disqualifying evidence found,rule_classification,medium,True,,,,structured_ct_gov_evidence,tier2_6_resolver,medium,existing evidence only (structured_ct_gov_evidence); no NIH match found,ct.gov structured modality='Small Molecule',False,,,,Small Molecule,inferred_default,True
AstroStem,Phase 2,Disease-Targeted Small Molecule,Other,Completed,2,100.0,Nature Cell Co. Ltd.,False,no_match,medium,True,0,2,Therapeutic Drug,investigational therapeutic candidate; drug/biological intervention type with no disqualifying evidence found,rule_classification,medium,True,,,,structured_ct_gov_evidence,tier2_6_resolver,medium,existing evidence only (structured_ct_gov_evidence); no NIH match found,ct.gov structured modality='Small Molecule',False,,,,Small Molecule,inferred_default,True
Atomoxetine,Phase 2,Disease-Targeted Small Molecule,Other,Completed,1,39.0,Emory University,False,no_match,medium,True,0,1,Therapeutic Drug,investigational therapeutic candidate; drug/biological intervention type with no disqualifying evidence found,rule_classification,medium,True,,,,structured_ct_gov_evidence,tier2_6_resolver,medium,existing evidence only (structured_ct_gov_evidence); no NIH match found,ct.gov structured modality='Small Molecule',False,,,,Small Molecule,inferred_default,True
Atorvastatin calcium,Phase 2,Disease-Targeted Small Molecule,Metabolism,Completed,1,98.0,Institute for the Study of Aging (ISOA),False,no_match,medium,True,0,1,Therapeutic Drug,investigational therapeutic candidate; drug/biological intervention type with no disqualifying evidence found,rule_classification,medium,True,Metabolism,,,structured_ct_gov_evidence,tier2_6_resolver,medium,existing evidence only (structured_ct_gov_evidence); no NIH match found,ct.gov structured modality='Small Molecule'; known-compound target='Metabolism',False,,,,Small Molecule,inferred_default,True
Avagacestat,Phase 2,Disease-Targeted Small Molecule,Amyloid,Discontinued,1,263.0,Bristol-Myers Squibb,False,no_match,medium,True,0,1,Therapeutic Drug,investigational therapeutic candidate; drug/biological intervention type with no disqualifying evidence found,rule_classification,medium,True,Amyloid,,,structured_ct_gov_evidence,tier2_6_resolver,medium,existing evidence only (structured_ct_gov_evidence); no NIH match found,ct.gov structured modality='Small Molecule'; known-compound target='Amyloid',False,,,,Small Molecule,inferred_default,True
BEY2153,Phase 2,Disease-Targeted Small Molecule,Other,Recruiting,2,90.0,BeyondBio Inc.,False,no_match,medium,True,0,2,Therapeutic Drug,investigational therapeutic candidate; drug/biological intervention type with no disqualifying evidence found,rule_classification,medium,True,,Aβ and tau aggregation inhibitor; inhibits neuronal death,,nih_reference,tier2_6_resolver,high,NIH reference evidence (agrees with existing evidence),ct.gov structured modality='Small Molecule'; NIH agent='BEY2153' CADRO='Proteostasis/proteinopathies',False,DTT,Small Molecule,Proteostasis/proteinopathies,Small Molecule,nih_reference,False
BI 409306,Phase 2,Cognition Enhancer,Symptomatic,Completed,3,329.0,Boehringer Ingelheim,False,no_match,medium,True,0,3,Therapeutic Drug,investigational therapeutic candidate; drug/biological intervention type with no disqualifying evidence found,rule_classification,medium,True,Symptomatic,,,structured_ct_gov_evidence,tier2_6_resolver,medium,existing evidence only (structured_ct_gov_evidence); no NIH match found,ct.gov structured modality='Small Molecule'; known-compound target='Symptomatic',False,,,,Small Molecule,inferred_from_target_pathway,True
BIIB092,Phase 2,Disease-Targeted Biologic,Tau,Discontinued,1,654.0,Biogen,False,no_match,medium,True,0,1,Therapeutic Drug,investigational therapeutic candidate; drug/biological intervention type with no disqualifying evidence found,rule_classification,medium,True,Tau,,,known_compound_exact_match,tier2_6_resolver,high,existing evidence only (known_compound_exact_match); no NIH match found,known-compound modality='Biologic'; known-compound target='Tau',False,,,,Biologic,inferred_from_modality,True
BMS-708163,Phase 2,Disease-Targeted Small Molecule,Amyloid,Completed,8,209.0,Bristol-Myers Squibb,False,no_match,medium,True,0,8,Therapeutic Drug,investigational therapeutic candidate; drug/biological intervention type with no disqualifying evidence found,rule_classification,medium,True,Amyloid,,,structured_ct_gov_evidence,tier2_6_resolver,medium,existing evidence only (structured_ct_gov_evidence); no NIH match found,ct.gov structured modality='Small Molecule'; known-compound target='Amyloid',False,,,,Small Molecule,inferred_default,True
BMS-986368,Phase 2,Neuropsychiatric Symptom Tx,Neuropsychiatric,Recruiting,1,120.0,Celgene,False,no_match,medium,True,0,1,Therapeutic Drug,investigational therapeutic candidate; drug/biological intervention type with no disqualifying evidence found,rule_classification,medium,True,Neuropsychiatric,Inhibits fatty acid amide hydrolase and monoacylglycerol lipase to modulate the endocannabinoid system,,nih_reference,tier2_6_resolver,medium,NIH reference evidence (agrees with existing evidence),ct.gov structured modality='Small Molecule'; ct.gov structured target(s)=['Neuropsychiatric']; NIH agent='BMS‐986368' CADRO='Neurotransmitter receptors',False,STT,Neuropsychiatric,Neurotransmitter receptors,Small Molecule,nih_reference,False
BMS-986446,Phase 2,Disease-Targeted Biologic,Tau,Active,1,310.0,Bristol-Myers Squibb,False,no_match,medium,True,0,1,Therapeutic Drug,investigational therapeutic candidate; drug/biological intervention type with no disqualifying evidence found,rule_classification,medium,True,Tau,Anti‐tau monoclonal antibody targeting reduction of tau spread; directed at epitopes of the microtubule binding region,,nih_reference,tier2_6_resolver,low,NIH and existing (official-pipeline/known-compound/ct.gov) evidence disagree: modality: NIH='Biologic' vs existing='Small Molecule',ct.gov structured modality='Small Molecule'; ct.gov structured target(s)=['Tau']; NIH agent='BMS‐986446' CADRO='Tau',True,DTT,Biologic,Tau,Biologic,nih_reference,False
BPN14770,Phase 2,Disease-Targeted Small Molecule,Neuroprotection,Completed,4,255.0,Tetra Discovery Partners,False,no_match,medium,True,0,4,Therapeutic Drug,investigational therapeutic candidate; drug/biological intervention type with no disqualifying evidence found,rule_classification,medium,True,Neuroprotection,,,structured_ct_gov_evidence,tier2_6_resolver,medium,existing evidence only (structured_ct_gov_evidence); no NIH match found,ct.gov structured modality='Small Molecule'; known-compound target='Neuroprotection',False,,,,Small Molecule,inferred_default,True
Bacillus Calmette-Guerin (BCG),Phase 2,Disease-Targeted Biologic,Other,Completed,1,20.0,Massachusetts General Hospital,False,no_match,medium,True,0,1,Therapeutic Drug,investigational therapeutic candidate; drug/biological intervention type with no disqualifying evidence found,rule_classification,medium,True,,,,structured_ct_gov_evidence,tier2_6_resolver,medium,existing evidence only (structured_ct_gov_evidence); no NIH match found,ct.gov structured modality='Biologic',False,,,,Biologic,inferred_from_modality,True
Bacillus of Calmette and Guerin (BCG),Phase 2,Disease-Targeted Biologic,Amyloid,Completed,1,49.0,"Mindful Diagnostics and Therapeutics, LLC",False,no_match,medium,True,0,1,Therapeutic Drug,investigational therapeutic candidate; drug/biological intervention type with no disqualifying evidence found,rule_classification,medium,True,Amyloid,,,structured_ct_gov_evidence,tier2_6_resolver,medium,existing evidence only (structured_ct_gov_evidence); no NIH match found,ct.gov structured modality='Biologic'; ct.gov structured target(s)=['Amyloid'],False,,,,Biologic,inferred_from_modality,True
Bapineuzumab (AAB-001),Phase 2,Disease-Targeted Biologic,Amyloid,Discontinued,1,194.0,"JANSSEN Alzheimer Immunotherapy Research & Development, LLC",False,no_match,medium,True,0,1,Therapeutic Drug,investigational therapeutic candidate; drug/biological intervention type with no disqualifying evidence found,rule_classification,medium,True,Amyloid,,,known_compound_exact_match,tier2_6_resolver,high,existing evidence only (known_compound_exact_match); no NIH match found,known-compound modality='Biologic'; known-compound target='Amyloid',False,,,,Biologic,inferred_from_modality,True
Benfotiamine,Phase 2,Disease-Targeted Small Molecule,Metabolism,Completed,1,71.0,Burke Medical Research Institute,False,no_match,medium,True,0,1,Therapeutic Drug,investigational therapeutic candidate; drug/biological intervention type with no disqualifying evidence found,rule_classification,medium,True,Metabolism,Synthetic thiamine to improve neuronal metabolism and function,,nih_reference,tier2_6_resolver,medium,NIH reference evidence (agrees with existing evidence),ct.gov structured modality='Small Molecule'; NIH agent='Benfotiamine' CADRO='Metabolism and bioenergetics',False,DTT,Small Molecule,Metabolism and bioenergetics,Small Molecule,nih_reference,False
Bepranemab,Phase 2,Disease-Targeted Biologic,Tau,Completed,1,466.0,UCB Biopharma SRL,False,no_match,medium,True,0,1,Therapeutic Drug,investigational therapeutic candidate; drug/biological intervention type with no disqualifying evidence found,rule_classification,medium,True,Tau,,,known_compound_exact_match,tier2_6_resolver,high,existing evidence only (known_compound_exact_match); no NIH match found,known-compound modality='Biologic'; known-compound target='Tau',False,,,,Biologic,inferred_from_modality,True
Bexarotene,Phase 2,Disease-Targeted Small Molecule,Neuroprotection,Completed,2,20.0,"ReXceptor, Inc.; The Cleveland Clinic",False,no_match,medium,True,0,2,Therapeutic Drug,investigational therapeutic candidate; drug/biological intervention type with no disqualifying evidence found,rule_classification,medium,True,Neuroprotection,,,structured_ct_gov_evidence,tier2_6_resolver,medium,existing evidence only (structured_ct_gov_evidence); no NIH match found,ct.gov structured modality='Small Molecule'; known-compound target='Neuroprotection',False,,,,Small Molecule,inferred_default,True
Biological/Vaccine: Bacillus Calmette-Guerin (BCG),Phase 2,Disease-Targeted Biologic,Other,Completed,1,15.0,"Steven E Arnold, MD",False,no_match,medium,True,0,1,Therapeutic Drug,investigational therapeutic candidate; drug/biological intervention type with no disqualifying evidence found,rule_classification,medium,True,,,,structured_ct_gov_evidence,tier2_6_resolver,medium,existing evidence only (structured_ct_gov_evidence); no NIH match found,ct.gov structured modality='Biologic',False,,,,Biologic,inferred_from_modality,True
Brivaracetam,Phase 2,Cognition Enhancer,Symptomatic,Recruiting,1,25.0,"University of California, Los Angeles",False,no_match,medium,True,0,1,Therapeutic Drug,investigational therapeutic candidate; drug/biological intervention type with no disqualifying evidence found,rule_classification,medium,True,Symptomatic,Anticonvulsant with high affinity for synaptic vesicle protein 2A,,nih_reference,tier2_6_resolver,medium,NIH reference evidence (agrees with existing evidence),ct.gov structured modality='Small Molecule'; NIH agent='Brivaracetam' CADRO='Neurotransmitter receptors',False,STT,Cognition Enhancer,Neurotransmitter receptors,Small Molecule,nih_reference,False
Bromocriptine Mesilate,Phase 2,Disease-Targeted Small Molecule,Amyloid,Completed,1,8.0,Kyoto University,False,no_match,medium,True,0,1,Therapeutic Drug,investigational therapeutic candidate; drug/biological intervention type with no disqualifying evidence found,rule_classification,medium,True,Amyloid; Metabolism,,,structured_ct_gov_evidence,tier2_6_resolver,medium,existing evidence only (structured_ct_gov_evidence); no NIH match found,"ct.gov structured modality='Small Molecule'; ct.gov structured target(s)=['Amyloid', 'Metabolism']",False,,,,Small Molecule,inferred_default,True
Bryostatin,Phase 2,Disease-Targeted Small Molecule,Neuroprotection,Completed,1,108.0,"Neurotrope Bioscience, Inc.",False,no_match,medium,True,0,1,Therapeutic Drug,investigational therapeutic candidate; drug/biological intervention type with no disqualifying evidence found,rule_classification,medium,True,Neuroprotection,,,structured_ct_gov_evidence,tier2_6_resolver,medium,existing evidence only (structured_ct_gov_evidence); no NIH match found,ct.gov structured modality='Small Molecule'; known-compound target='Neuroprotection',False,,,,Small Molecule,inferred_default,True
Bryostatin 1,Phase 2,Disease-Targeted Small Molecule,Neuroprotection,Completed,3,147.0,"Neurotrope Bioscience, Inc.",False,no_match,medium,True,0,3,Therapeutic Drug,investigational therapeutic candidate; drug/biological intervention type with no disqualifying evidence found,rule_classification,medium,True,Neuroprotection,,,structured_ct_gov_evidence,tier2_6_resolver,medium,existing evidence only (structured_ct_gov_evidence); no NIH match found,ct.gov structured modality='Small Molecule'; known-compound target='Neuroprotection',False,,,,Small Molecule,inferred_default,True
Bryostatin for,Phase 2,Disease-Targeted Small Molecule,Neuroprotection,Unknown,1,9.0,Blanchette Rockefeller Neurosciences Insitute,False,no_match,medium,True,0,1,Therapeutic Drug,investigational therapeutic candidate; drug/biological intervention type with no disqualifying evidence found,rule_classification,medium,True,Neuroprotection,,,structured_ct_gov_evidence,tier2_6_resolver,medium,existing evidence only (structured_ct_gov_evidence); no NIH match found,ct.gov structured modality='Small Molecule'; known-compound target='Neuroprotection',False,,,,Small Molecule,inferred_default,True
Bumetanide,Phase 2,Disease-Targeted Small Molecule,Other,Recruiting,1,40.0,Stanford University,False,no_match,medium,True,0,1,Therapeutic Drug,investigational therapeutic candidate; drug/biological intervention type with no disqualifying evidence found,rule_classification,medium,True,,Reverses APOE4‐specific Alzheimer's transcriptomic signatures,,nih_reference,tier2_6_resolver,high,NIH reference evidence (agrees with existing evidence),"ct.gov structured modality='Small Molecule'; NIH agent='Bumetanide' CADRO='APOE, lipids and lipoprotein receptors'",False,DTT,Small Molecule,"APOE, lipids and lipoprotein receptors",Small Molecule,nih_reference,False
CAD106,Phase 2,Disease-Targeted Biologic,Amyloid,Completed,6,177.0,Novartis; Novartis Pharmaceuticals,False,no_match,medium,True,0,6,Therapeutic Drug,investigational therapeutic candidate; drug/biological intervention type with no disqualifying evidence found,rule_classification,medium,True,Amyloid,,,structured_ct_gov_evidence,tier2_6_resolver,medium,existing evidence only (structured_ct_gov_evidence); no NIH match found,ct.gov structured modality='Biologic'; known-compound target='Amyloid',False,,,,Biologic,inferred_from_modality,True
CB-AC-02,Phase 2,Disease-Targeted Biologic,Other,Unknown,1,24.0,"CHABiotech CO., Ltd",False,no_match,medium,True,0,1,Therapeutic Drug,investigational therapeutic candidate; drug/biological intervention type with no disqualifying evidence found,rule_classification,medium,True,,,,structured_ct_gov_evidence,tier2_6_resolver,medium,existing evidence only (structured_ct_gov_evidence); no NIH match found,ct.gov structured modality='Biologic',False,,,,Biologic,inferred_from_modality,True
CBD,Phase 2,Disease-Targeted Small Molecule,Other,Recruiting,1,40.0,Sunnybrook Health Sciences Centre,False,no_match,medium,True,0,1,Therapeutic Drug,investigational therapeutic candidate; drug/biological intervention type with no disqualifying evidence found,rule_classification,medium,True,,,,structured_ct_gov_evidence,tier2_6_resolver,medium,existing evidence only (structured_ct_gov_evidence); no NIH match found,ct.gov structured modality='Small Molecule',False,,,,Small Molecule,inferred_default,True
CERE-110: Adeno-Associated Virus Surgery,Phase 2,Disease-Targeted Small Molecule,Other,Completed,1,49.0,Sangamo Therapeutics,False,no_match,medium,True,0,1,Therapeutic Drug,investigational therapeutic candidate; drug/biological intervention type with no disqualifying evidence found,rule_classification,medium,True,,,,structured_ct_gov_evidence,tier2_6_resolver,medium,existing evidence only (structured_ct_gov_evidence); no NIH match found,ct.gov structured modality='Small Molecule',False,,,,Small Molecule,inferred_default,True
CHF 5074,Phase 2,Disease-Targeted Small Molecule,Amyloid,Completed,6,96.0,CERESPIR; Chiesi Farmaceutici S.p.A.,False,no_match,medium,True,0,6,Therapeutic Drug,investigational therapeutic candidate; drug/biological intervention type with no disqualifying evidence found,rule_classification,medium,True,Amyloid,,,structured_ct_gov_evidence,tier2_6_resolver,medium,existing evidence only (structured_ct_gov_evidence); no NIH match found,ct.gov structured modality='Small Molecule'; known-compound target='Amyloid',False,,,,Small Molecule,inferred_default,True
CORT108297,Phase 2,Cognition Enhancer,Other,Recruiting,1,52.0,Johns Hopkins University,False,no_match,medium,True,0,1,Therapeutic Drug,investigational therapeutic candidate; drug/biological intervention type with no disqualifying evidence found,rule_classification,medium,True,,Selective glucocorticoid receptor antagonist; reduces neuroendocrine stress responses,,structured_ct_gov_evidence,tier2_6_resolver,medium,existing evidence only (structured_ct_gov_evidence); no NIH match found,ct.gov structured modality='Small Molecule'; NIH agent='CORT108297' CADRO='Growth factors and hormones',False,STT,Cognition Enhancer,Growth factors and hormones,Small Molecule,nih_reference,False
COT,Phase 2,Disease-Targeted Small Molecule,Other,Unknown,1,200.0,Evon Medics LLC,False,no_match,medium,True,0,1,Therapeutic Drug,investigational therapeutic candidate; drug/biological intervention type with no disqualifying evidence found,rule_classification,medium,True,,,,structured_ct_gov_evidence,tier2_6_resolver,medium,existing evidence only (structured_ct_gov_evidence); no NIH match found,ct.gov structured modality='Small Molecule',False,,,,Small Molecule,inferred_default,True
CPC-201,Phase 2,Disease-Targeted Small Molecule,Other,Completed,3,41.0,"Chase Pharmaceuticals Corporation, an affiliate of Allergan plc",False,no_match,medium,True,0,3,Therapeutic Drug,investigational therapeutic candidate; drug/biological intervention type with no disqualifying evidence found,rule_classification,medium,True,,,,structured_ct_gov_evidence,tier2_6_resolver,medium,existing evidence only (structured_ct_gov_evidence); no NIH match found,ct.gov structured modality='Small Molecule',False,,,,Small Molecule,inferred_default,True
CT1812,Phase 2,Disease-Targeted Small Molecule,Neuroprotection,Active,7,540.0,Cognition Therapeutics,False,no_match,medium,True,0,7,Therapeutic Drug,investigational therapeutic candidate; drug/biological intervention type with no disqualifying evidence found,rule_classification,medium,True,Neuroprotection,Sigma‐2 receptor antagonist; competes with oligomeric Aβ binding; protects against Aβ‐induced synaptic toxicity,,nih_reference,tier2_6_resolver,low,NIH and existing (official-pipeline/known-compound/ct.gov) evidence disagree: target_pathways: NIH=['Neuroprotection'] vs existing=['Amyloid'],ct.gov structured modality='Small Molecule'; known-compound target='Amyloid'; NIH agent='Zervimesine (CT1812)' CADRO='Synaptic plasticity/neuroprotection',True,DTT,Small Molecule,Synaptic plasticity/neuroprotection,Small Molecule,nih_reference,False
CX516,Phase 2,Disease-Targeted Small Molecule,Other,Completed,1,175.0,RespireRx,False,no_match,medium,True,0,1,Therapeutic Drug,investigational therapeutic candidate; drug/biological intervention type with no disqualifying evidence found,rule_classification,medium,True,,,,structured_ct_gov_evidence,tier2_6_resolver,medium,existing evidence only (structured_ct_gov_evidence); no NIH match found,ct.gov structured modality='Small Molecule',False,,,,Small Molecule,inferred_default,True
CX516 (Ampalex),Phase 2,Disease-Targeted Small Molecule,Other,Completed,1,40.0,National Institute of Neurological Disorders and Stroke (NINDS),False,no_match,medium,True,0,1,Therapeutic Drug,investigational therapeutic candidate; drug/biological intervention type with no disqualifying evidence found,rule_classification,medium,True,,,,structured_ct_gov_evidence,tier2_6_resolver,medium,existing evidence only (structured_ct_gov_evidence); no NIH match found,ct.gov structured modality='Small Molecule',False,,,,Small Molecule,inferred_default,True
CY6463,Phase 2,Disease-Targeted Small Molecule,Other,Discontinued,1,12.0,Tisento Therapeutics,False,no_match,medium,True,0,1,Therapeutic Drug,investigational therapeutic candidate; drug/biological intervention type with no disqualifying evidence found,rule_classification,medium,True,,,,structured_ct_gov_evidence,tier2_6_resolver,medium,existing evidence only (structured_ct_gov_evidence); no NIH match found,ct.gov structured modality='Small Molecule',False,,,,Small Molecule,inferred_default,True
Canakinumab,Phase 2,Disease-Targeted Biologic,Inflammation,Discontinued,1,34.0,Novartis Pharmaceuticals,False,no_match,medium,True,0,1,Therapeutic Drug,investigational therapeutic candidate; drug/biological intervention type with no disqualifying evidence found,rule_classification,medium,True,Inflammation,,,structured_ct_gov_evidence,tier2_6_resolver,medium,existing evidence only (structured_ct_gov_evidence); no NIH match found,ct.gov structured modality='Biologic'; ct.gov structured target(s)=['Inflammation'],False,,,,Biologic,inferred_from_modality,True
Candesartan,Phase 2,Disease-Targeted Biologic,Inflammation,Completed,1,77.0,Emory University,False,no_match,medium,True,0,1,Therapeutic Drug,investigational therapeutic candidate; drug/biological intervention type with no disqualifying evidence found,rule_classification,medium,True,Inflammation,GLP‐1 receptor agonist; (reduces neuroinflammation and improves insulin signaling in the brain); angiotensin receptor blocker; calcium; vitamin D,,nih_reference,tier2_6_resolver,low,NIH and existing (official-pipeline/known-compound/ct.gov) evidence disagree: modality: NIH='Biologic' vs existing='Small Molecule',ct.gov structured modality='Small Molecule'; NIH agent='Semaglutide + Candesartan + Vitamin D + Calcium' CADRO='Inflammation',True,DTT,Biologic,Inflammation,Biologic,nih_reference,False
Cannabidiol,Phase 2,Cognition Enhancer,Neuropsychiatric,Recruiting,1,236.0,"University of Colorado, Denver",False,no_match,medium,True,0,1,Therapeutic Drug,investigational therapeutic candidate; drug/biological intervention type with no disqualifying evidence found,rule_classification,medium,True,Neuropsychiatric,Endocannabinoid receptor agonist,,nih_reference,tier2_6_resolver,medium,NIH reference evidence (agrees with existing evidence),ct.gov structured modality='Small Molecule'; NIH agent='Cannabidiol' CADRO='Neurotransmitter receptors',False,STT,Cognition Enhancer,Neurotransmitter receptors,Small Molecule,nih_reference,False
Cannabis,Phase 2,Disease-Targeted Small Molecule,Other,Active,2,72.0,Federal University of Latin American Integration,False,no_match,medium,True,0,2,Therapeutic Drug,investigational therapeutic candidate; drug/biological intervention type with no disqualifying evidence found,rule_classification,medium,True,,,,structured_ct_gov_evidence,tier2_6_resolver,medium,existing evidence only (structured_ct_gov_evidence); no NIH match found,ct.gov structured modality='Other',False,,,,Other,inferred_default,True
Cerebrolysin + donepezil,Phase 2,Disease-Targeted Small Molecule,Neuroprotection,Completed,1,217.0,Ever Neuro Pharma GmbH,False,no_match,medium,True,0,1,Therapeutic Drug,investigational therapeutic candidate; drug/biological intervention type with no disqualifying evidence found,rule_classification,medium,True,Neuroprotection,,,structured_ct_gov_evidence,tier2_6_resolver,medium,existing evidence only (structured_ct_gov_evidence); no NIH match found,ct.gov structured modality='Small Molecule'; known-compound target='Neuroprotection',False,,,,Small Molecule,inferred_default,True
Circadin,Phase 2,Disease-Targeted Small Molecule,Other,Completed,1,73.0,Neurim Pharmaceuticals Ltd.,False,no_match,medium,True,0,1,Therapeutic Drug,investigational therapeutic candidate; drug/biological intervention type with no disqualifying evidence found,rule_classification,medium,True,,,,structured_ct_gov_evidence,tier2_6_resolver,medium,existing evidence only (structured_ct_gov_evidence); no NIH match found,ct.gov structured modality='Small Molecule',False,,,,Small Molecule,inferred_default,True
Curcumin,Phase 2,Disease-Targeted Small Molecule,Other,Unknown,1,80.0,VA Office of Research and Development,False,no_match,medium,True,0,1,Therapeutic Drug,investigational therapeutic candidate; drug/biological intervention type with no disqualifying evidence found,rule_classification,medium,True,,,,structured_ct_gov_evidence,tier2_6_resolver,medium,existing evidence only (structured_ct_gov_evidence); no NIH match found,ct.gov structured modality='Small Molecule',False,,,,Small Molecule,inferred_default,True
Curcumin C3 Complex,Phase 2,Disease-Targeted Small Molecule,Other,Completed,1,33.0,John Douglas French Foundation,False,no_match,medium,True,0,1,Non-Drug Intervention,dietary supplement / nutraceutical — excluded from the default therapeutic view unless curated as a genuine investigational program (data/reference/intervention_scope_overrides.csv),rule_type,medium,False,,,,structured_ct_gov_evidence,tier2_6_resolver,medium,existing evidence only (structured_ct_gov_evidence); no NIH match found,ct.gov structured modality='Dietary Supplement',False,,,,Dietary Supplement,inferred_default,True
DAOI-B,Phase 2,Cognition Enhancer,Symptomatic,Completed,1,86.0,Chang Gung Memorial Hospital,False,no_match,medium,True,0,1,Therapeutic Drug,investigational therapeutic candidate; drug/biological intervention type with no disqualifying evidence found,rule_classification,medium,True,Symptomatic,,,structured_ct_gov_evidence,tier2_6_resolver,medium,existing evidence only (structured_ct_gov_evidence); no NIH match found,ct.gov structured modality='Small Molecule'; ct.gov structured target(s)=['Symptomatic'],False,,,,Small Molecule,inferred_from_target_pathway,True
DAOIB,Phase 2,Cognition Enhancer,Other,Completed,2,140.0,Chang Gung Memorial Hospital,False,no_match,medium,True,0,2,Therapeutic Drug,investigational therapeutic candidate; drug/biological intervention type with no disqualifying evidence found,rule_classification,medium,True,,NMDA enhancement (DAOIB) + antioxidant (AO),,structured_ct_gov_evidence,tier2_6_resolver,medium,existing evidence only (structured_ct_gov_evidence); no NIH match found,ct.gov structured modality='Small Molecule'; NIH agent='DAOIB + AO' CADRO='Multi‐target',False,STT,Cognition Enhancer,Multi‐target,Small Molecule,nih_reference,False
DAOIB plus AO,Phase 2,Disease-Targeted Small Molecule,Other,Recruiting,1,80.0,Chang Gung Memorial Hospital,False,no_match,medium,True,0,1,Therapeutic Drug,investigational therapeutic candidate; drug/biological intervention type with no disqualifying evidence found,rule_classification,medium,True,,,,structured_ct_gov_evidence,tier2_6_resolver,medium,existing evidence only (structured_ct_gov_evidence); no NIH match found,ct.gov structured modality='Small Molecule',False,,,,Small Molecule,inferred_default,True
DCB-AD1,Phase 2,Disease-Targeted Small Molecule,Other,Unknown,1,80.0,National Taiwan University Hospital,False,no_match,medium,True,0,1,Therapeutic Drug,investigational therapeutic candidate; drug/biological intervention type with no disqualifying evidence found,rule_classification,medium,True,,,,structured_ct_gov_evidence,tier2_6_resolver,medium,existing evidence only (structured_ct_gov_evidence); no NIH match found,ct.gov structured modality='Small Molecule',False,,,,Small Molecule,inferred_default,True
DHA,Phase 2,Disease-Targeted Small Molecule,Other,Completed,1,365.0,University of Southern California,False,no_match,medium,True,0,1,Therapeutic Drug,investigational therapeutic candidate; drug/biological intervention type with no disqualifying evidence found,rule_classification,medium,True,,,,structured_ct_gov_evidence,tier2_6_resolver,medium,existing evidence only (structured_ct_gov_evidence); no NIH match found,ct.gov structured modality='Small Molecule',False,,,,Small Molecule,inferred_default,True
DHP1401,Phase 2,Disease-Targeted Small Molecule,Other,Completed,1,180.0,"Daehwa Pharmaceutical Co., Ltd.",False,no_match,medium,True,0,1,Therapeutic Drug,investigational therapeutic candidate; drug/biological intervention type with no disqualifying evidence found,rule_classification,medium,True,,,,structured_ct_gov_evidence,tier2_6_resolver,medium,existing evidence only (structured_ct_gov_evidence); no NIH match found,ct.gov structured modality='Small Molecule',False,,,,Small Molecule,inferred_default,True
DMB-I (Dimebon),Phase 2,Disease-Targeted Small Molecule,Neuroprotection,Completed,1,133.0,Bigespas LTD,False,no_match,medium,True,0,1,Therapeutic Drug,investigational therapeutic candidate; drug/biological intervention type with no disqualifying evidence found,rule_classification,medium,True,Neuroprotection,,,structured_ct_gov_evidence,tier2_6_resolver,medium,existing evidence only (structured_ct_gov_evidence); no NIH match found,ct.gov structured modality='Small Molecule'; known-compound target='Neuroprotection',False,,,,Small Molecule,inferred_default,True
DMXB-A,Phase 2,Disease-Targeted Small Molecule,Other,Completed,1,60.0,CoMentis,False,no_match,medium,True,0,1,Therapeutic Drug,investigational therapeutic candidate; drug/biological intervention type with no disqualifying evidence found,rule_classification,medium,True,,,,structured_ct_gov_evidence,tier2_6_resolver,medium,existing evidence only (structured_ct_gov_evidence); no NIH match found,ct.gov structured modality='Small Molecule',False,,,,Small Molecule,inferred_default,True
Dapagliflozin,Phase 2,Disease-Targeted Small Molecule,Other,Completed,1,46.0,"Jeff Burns, MD",False,no_match,medium,True,0,1,Therapeutic Drug,investigational therapeutic candidate; drug/biological intervention type with no disqualifying evidence found,rule_classification,medium,True,,,,structured_ct_gov_evidence,tier2_6_resolver,medium,existing evidence only (structured_ct_gov_evidence); no NIH match found,ct.gov structured modality='Small Molecule',False,,,,Small Molecule,inferred_default,True
Daratumumab,Phase 2,Disease-Targeted Biologic,Other,Completed,1,16.0,"Marc L Gordon, MD",False,no_match,medium,True,0,1,Therapeutic Drug,investigational therapeutic candidate; drug/biological intervention type with no disqualifying evidence found,rule_classification,medium,True,,,,structured_ct_gov_evidence,tier2_6_resolver,medium,existing evidence only (structured_ct_gov_evidence); no NIH match found,ct.gov structured modality='Biologic',False,,,,Biologic,inferred_from_modality,True
Daridorexant,Phase 2,Disease-Targeted Small Molecule,Neuropsychiatric,Recruiting,3,240.0,Douglas Mental Health University Institute; University of Rochester,False,no_match,medium,True,0,3,Therapeutic Drug,investigational therapeutic candidate; drug/biological intervention type with no disqualifying evidence found,rule_classification,medium,True,Neuropsychiatric,Dual orexin antagonist for both orexin 1 and orexin 2 receptors,,nih_reference,tier2_6_resolver,high,NIH reference evidence (agrees with existing evidence),ct.gov structured modality='Small Molecule'; known-compound target='Neuropsychiatric'; NIH agent='Daridorexant' CADRO='Circadian rhythm',False,DTT,Small Molecule,Circadian rhythm,Small Molecule,nih_reference,False
Dasatinib + Quercetin,Phase 2,Disease-Targeted Small Molecule,Neuroprotection,Active,2,48.0,The University of Texas Health Science Center at San Antonio; Washington University School of Medicine,False,no_match,medium,True,0,2,Therapeutic Drug,investigational therapeutic candidate; drug/biological intervention type with no disqualifying evidence found,rule_classification,medium,True,Neuroprotection,,,structured_ct_gov_evidence,tier2_6_resolver,medium,existing evidence only (structured_ct_gov_evidence); no NIH match found,ct.gov structured modality='Small Molecule'; known-compound target='Neuroprotection',False,,,,Small Molecule,inferred_default,True
Deferiprone,Phase 2,Disease-Targeted Small Molecule,Other,Completed,1,81.0,Neuroscience Trials Australia,False,no_match,medium,True,0,1,Therapeutic Drug,investigational therapeutic candidate; drug/biological intervention type with no disqualifying evidence found,rule_classification,medium,True,,,,structured_ct_gov_evidence,tier2_6_resolver,medium,existing evidence only (structured_ct_gov_evidence); no NIH match found,ct.gov structured modality='Small Molecule',False,,,,Small Molecule,inferred_default,True
Diranersen,Phase 2,Disease-Targeted Small Molecule,Other,Active,1,416.0,Biogen,False,no_match,medium,True,0,1,Therapeutic Drug,investigational therapeutic candidate; drug/biological intervention type with no disqualifying evidence found,rule_classification,medium,True,,,,structured_ct_gov_evidence,tier2_6_resolver,medium,existing evidence only (structured_ct_gov_evidence); no NIH match found,ct.gov structured modality='Small Molecule',False,,,,Small Molecule,inferred_default,True
Dronabinol (Marinol®),Phase 2,Neuropsychiatric Symptom Tx,Neuropsychiatric,Completed,1,84.0,Johns Hopkins University,False,no_match,medium,True,0,1,Therapeutic Drug,investigational therapeutic candidate; drug/biological intervention type with no disqualifying evidence found,rule_classification,medium,True,Neuropsychiatric,,,structured_ct_gov_evidence,tier2_6_resolver,medium,existing evidence only (structured_ct_gov_evidence); no NIH match found,ct.gov structured modality='Small Molecule'; ct.gov structured target(s)=['Neuropsychiatric'],False,,,,Small Molecule,inferred_from_target_pathway,True
E2609,Phase 2,Disease-Targeted Small Molecule,Amyloid,Discontinued,5,73.0,Eisai Inc.,False,no_match,medium,True,0,5,Therapeutic Drug,investigational therapeutic candidate; drug/biological intervention type with no disqualifying evidence found,rule_classification,medium,True,Amyloid,,,structured_ct_gov_evidence,tier2_6_resolver,medium,existing evidence only (structured_ct_gov_evidence); no NIH match found,ct.gov structured modality='Small Molecule'; known-compound target='Amyloid',False,,,,Small Molecule,inferred_default,True
E2814,Phase 2,Disease-Targeted Biologic,Tau,Completed,1,8.0,Eisai Inc.,False,no_match,medium,True,0,1,Therapeutic Drug,investigational therapeutic candidate; drug/biological intervention type with no disqualifying evidence found,rule_classification,medium,True,Tau,Anti‐tau monoclonal antibody plus anti‐amyloid monoclonal antibody,,nih_reference,tier2_6_resolver,low,NIH and existing (official-pipeline/known-compound/ct.gov) evidence disagree: modality: NIH='Biologic' vs existing='Small Molecule',ct.gov structured modality='Small Molecule'; known-compound target='Tau'; NIH agent='Etalanetug (E2814) + Lecanemab (BAN2401)' CADRO='Multi‐target',True,DTT,Biologic,Multi‐target,Biologic,nih_reference,False
EGb 761® (Tanakan®),Phase 2,Disease-Targeted Small Molecule,Other,Discontinued,1,40.0,Ipsen,False,no_match,medium,True,0,1,Therapeutic Drug,investigational therapeutic candidate; drug/biological intervention type with no disqualifying evidence found,rule_classification,medium,True,,,,structured_ct_gov_evidence,tier2_6_resolver,medium,existing evidence only (structured_ct_gov_evidence); no NIH match found,ct.gov structured modality='Small Molecule',False,,,,Small Molecule,inferred_default,True
EGb761®,Phase 2,Disease-Targeted Small Molecule,Metabolism,Completed,1,49.0,Ipsen,False,no_match,medium,True,0,1,Therapeutic Drug,investigational therapeutic candidate; drug/biological intervention type with no disqualifying evidence found,rule_classification,medium,True,Metabolism,,,structured_ct_gov_evidence,tier2_6_resolver,medium,existing evidence only (structured_ct_gov_evidence); no NIH match found,ct.gov structured modality='Small Molecule'; ct.gov structured target(s)=['Metabolism'],False,,,,Small Molecule,inferred_default,True
EHT 0202 etazolate,Phase 2,Cognition Enhancer,Symptomatic,Completed,1,197.0,Exonhit,False,no_match,medium,True,0,1,Therapeutic Drug,investigational therapeutic candidate; drug/biological intervention type with no disqualifying evidence found,rule_classification,medium,True,Symptomatic,,,structured_ct_gov_evidence,tier2_6_resolver,medium,existing evidence only (structured_ct_gov_evidence); no NIH match found,ct.gov structured modality='Small Molecule'; ct.gov structured target(s)=['Symptomatic'],False,,,,Small Molecule,inferred_from_target_pathway,True
EI-1071,Phase 2,Disease-Targeted Small Molecule,Inflammation,Recruiting,1,15.0,Elixiron Immunotherapeutics Inc.,False,no_match,medium,True,0,1,Therapeutic Drug,investigational therapeutic candidate; drug/biological intervention type with no disqualifying evidence found,rule_classification,medium,True,Inflammation,,,structured_ct_gov_evidence,tier2_6_resolver,medium,existing evidence only (structured_ct_gov_evidence); no NIH match found,ct.gov structured modality='Small Molecule'; ct.gov structured target(s)=['Inflammation'],False,,,,Small Molecule,inferred_default,True
ELND005,Phase 2,Disease-Targeted Small Molecule,Amyloid,Completed,2,353.0,"OPKO Health, Inc.",False,no_match,medium,True,0,2,Therapeutic Drug,investigational therapeutic candidate; drug/biological intervention type with no disqualifying evidence found,rule_classification,medium,True,Amyloid,,,structured_ct_gov_evidence,tier2_6_resolver,medium,existing evidence only (structured_ct_gov_evidence); no NIH match found,ct.gov structured modality='Small Molecule'; known-compound target='Amyloid',False,,,,Small Molecule,inferred_default,True
ELND005 (scyllo-inositol),Phase 2,Disease-Targeted Small Molecule,Amyloid,Completed,1,103.0,"OPKO Health, Inc.",False,no_match,medium,True,0,1,Therapeutic Drug,investigational therapeutic candidate; drug/biological intervention type with no disqualifying evidence found,rule_classification,medium,True,Amyloid,,,structured_ct_gov_evidence,tier2_6_resolver,medium,existing evidence only (structured_ct_gov_evidence); no NIH match found,ct.gov structured modality='Small Molecule'; known-compound target='Amyloid',False,,,,Small Molecule,inferred_default,True
EVP-0962,Phase 2,Disease-Targeted Small Molecule,Amyloid,Completed,1,52.0,FORUM Pharmaceuticals Inc,False,no_match,medium,True,0,1,Therapeutic Drug,investigational therapeutic candidate; drug/biological intervention type with no disqualifying evidence found,rule_classification,medium,True,Amyloid,,,structured_ct_gov_evidence,tier2_6_resolver,medium,existing evidence only (structured_ct_gov_evidence); no NIH match found,ct.gov structured modality='Small Molecule'; ct.gov structured target(s)=['Amyloid'],False,,,,Small Molecule,inferred_default,True
EX039,Phase 2,Disease-Targeted Small Molecule,Neuroprotection,Recruiting,1,120.0,Excelsior,False,no_match,medium,True,0,1,Therapeutic Drug,investigational therapeutic candidate; drug/biological intervention type with no disqualifying evidence found,rule_classification,medium,True,Neuroprotection,Inhibits D‐amino acids oxidate to increase N‐methyl‐D‐aspartate receptor activity,,nih_reference,tier2_6_resolver,medium,NIH reference evidence (agrees with existing evidence),ct.gov structured modality='Small Molecule'; NIH agent='EX039' CADRO='Synaptic plasticity/neuroprotection',False,DTT,Small Molecule,Synaptic plasticity/neuroprotection,Small Molecule,nih_reference,False
Elderberry Juice,Phase 2,Disease-Targeted Biologic,Inflammation,Completed,1,24.0,University of Missouri-Columbia,False,no_match,medium,True,0,1,Therapeutic Drug,investigational therapeutic candidate; drug/biological intervention type with no disqualifying evidence found,rule_classification,medium,True,Inflammation,,,structured_ct_gov_evidence,tier2_6_resolver,medium,existing evidence only (structured_ct_gov_evidence); no NIH match found,ct.gov structured modality='Biologic'; ct.gov structured target(s)=['Inflammation'],False,,,,Biologic,inferred_from_modality,True
Eligard,Phase 2,Cognition Enhancer,Symptomatic,Active,1,180.0,Weill Medical College of Cornell University,False,no_match,medium,True,0,1,Therapeutic Drug,investigational therapeutic candidate; drug/biological intervention type with no disqualifying evidence found,rule_classification,medium,True,Symptomatic,,,structured_ct_gov_evidence,tier2_6_resolver,medium,existing evidence only (structured_ct_gov_evidence); no NIH match found,ct.gov structured modality='Small Molecule'; ct.gov structured target(s)=['Symptomatic'],False,,,,Small Molecule,inferred_from_target_pathway,True
Epigallocatechin-3-gallate (EGCG),Phase 2,Disease-Targeted Small Molecule,Other,Completed,1,87.0,Parc de Salut Mar,False,no_match,medium,True,0,1,Non-Drug Intervention,dietary supplement / nutraceutical — excluded from the default therapeutic view unless curated as a genuine investigational program (data/reference/intervention_scope_overrides.csv),rule_type,medium,False,,,,structured_ct_gov_evidence,tier2_6_resolver,medium,existing evidence only (structured_ct_gov_evidence); no NIH match found,ct.gov structured modality='Dietary Supplement',False,,,,Dietary Supplement,inferred_default,True
Etanercept,Phase 2,Disease-Targeted Biologic,Inflammation,Completed,2,41.0,Life Extension Foundation Inc.; University of Southampton,False,no_match,medium,True,0,2,Therapeutic Drug,investigational therapeutic candidate; drug/biological intervention type with no disqualifying evidence found,rule_classification,medium,True,Inflammation,,,known_compound_exact_match,tier2_6_resolver,high,existing evidence only (known_compound_exact_match); no NIH match found,known-compound modality='Biologic'; known-compound target='Inflammation',False,,,,Biologic,inferred_from_modality,True
Exendin-4 SC,Phase 2,Disease-Targeted Small Molecule,Other,Discontinued,1,57.0,National Institute on Aging (NIA),False,no_match,medium,True,0,1,Therapeutic Drug,investigational therapeutic candidate; drug/biological intervention type with no disqualifying evidence found,rule_classification,medium,True,,,,structured_ct_gov_evidence,tier2_6_resolver,medium,existing evidence only (structured_ct_gov_evidence); no NIH match found,ct.gov structured modality='Small Molecule',False,,,,Small Molecule,inferred_default,True
Exosomes derived from umbilical cord mesenchymal stem cell for intranasal drop,Phase 2,Disease-Targeted Biologic,Other,Recruiting,1,33.0,"Xuanwu Hospital, Beijing",False,no_match,medium,True,0,1,Therapeutic Drug,investigational therapeutic candidate; drug/biological intervention type with no disqualifying evidence found,rule_classification,medium,True,,,,structured_ct_gov_evidence,tier2_6_resolver,medium,existing evidence only (structured_ct_gov_evidence); no NIH match found,ct.gov structured modality='Cell/Gene Therapy',False,,,,Cell/Gene Therapy,inferred_from_modality,True
Experimental Bapineuzumab,Phase 2,Disease-Targeted Biologic,Amyloid,Completed,1,146.0,"JANSSEN Alzheimer Immunotherapy Research & Development, LLC",False,no_match,medium,True,0,1,Therapeutic Drug,investigational therapeutic candidate; drug/biological intervention type with no disqualifying evidence found,rule_classification,medium,True,Amyloid,,,known_compound_exact_match,tier2_6_resolver,high,existing evidence only (known_compound_exact_match); no NIH match found,known-compound modality='Biologic'; known-compound target='Amyloid',False,,,,Biologic,inferred_from_modality,True
F-18 PMPBB3,Phase 2,Disease-Targeted Small Molecule,Tau,Unknown,2,300.0,Chang Gung Memorial Hospital,False,no_match,medium,True,0,2,Therapeutic Drug,investigational therapeutic candidate; drug/biological intervention type with no disqualifying evidence found,rule_classification,medium,True,Tau,,,structured_ct_gov_evidence,tier2_6_resolver,medium,existing evidence only (structured_ct_gov_evidence); no NIH match found,ct.gov structured modality='Small Molecule'; ct.gov structured target(s)=['Tau'],False,,,,Small Molecule,inferred_default,True
F18 Flutametamol,Phase 2,Disease-Targeted Small Molecule,Other,Completed,1,89.0,Mayo Clinic,False,no_match,medium,True,0,1,Therapeutic Drug,investigational therapeutic candidate; drug/biological intervention type with no disqualifying evidence found,rule_classification,medium,True,,,,structured_ct_gov_evidence,tier2_6_resolver,medium,existing evidence only (structured_ct_gov_evidence); no NIH match found,ct.gov structured modality='Small Molecule',False,,,,Small Molecule,inferred_default,True
FK962,Phase 2,Disease-Targeted Small Molecule,Other,Discontinued,1,510.0,Astellas Pharma Inc,False,no_match,medium,True,0,1,Therapeutic Drug,investigational therapeutic candidate; drug/biological intervention type with no disqualifying evidence found,rule_classification,medium,True,,,,structured_ct_gov_evidence,tier2_6_resolver,medium,existing evidence only (structured_ct_gov_evidence); no NIH match found,ct.gov structured modality='Small Molecule',False,,,,Small Molecule,inferred_default,True
Fasting-Mimicking Diet ProlonADTM,Phase 2,Disease-Targeted Small Molecule,Other,Unknown,1,40.0,University of Genova,False,no_match,medium,True,0,1,Non-Drug Intervention,dietary supplement / nutraceutical — excluded from the default therapeutic view unless curated as a genuine investigational program (data/reference/intervention_scope_overrides.csv),rule_type,medium,False,,,,structured_ct_gov_evidence,tier2_6_resolver,medium,existing evidence only (structured_ct_gov_evidence); no NIH match found,ct.gov structured modality='Dietary Supplement',False,,,,Dietary Supplement,inferred_default,True
Fasudil,Phase 2,Disease-Targeted Small Molecule,Other,Recruiting,1,200.0,Helse Stavanger HF,False,no_match,medium,True,0,1,Therapeutic Drug,investigational therapeutic candidate; drug/biological intervention type with no disqualifying evidence found,rule_classification,medium,True,,Vasodilator to improve cerebral blood flow,,nih_reference,tier2_6_resolver,high,NIH reference evidence (agrees with existing evidence),ct.gov structured modality='Small Molecule'; NIH agent='Fasudil' CADRO='Vasculature',False,DTT,Small Molecule,Vasculature,Small Molecule,nih_reference,False
Filgrastim,Phase 2,Disease-Targeted Small Molecule,Other,Completed,1,21.0,Chang Gung Memorial Hospital,False,no_match,medium,True,0,1,Therapeutic Drug,investigational therapeutic candidate; drug/biological intervention type with no disqualifying evidence found,rule_classification,medium,True,,,,structured_ct_gov_evidence,tier2_6_resolver,medium,existing evidence only (structured_ct_gov_evidence); no NIH match found,ct.gov structured modality='Small Molecule',False,,,,Small Molecule,inferred_default,True
Fisetin,Phase 2,Disease-Targeted Small Molecule,Other,Recruiting,1,5.0,Sunnybrook Health Sciences Centre,False,no_match,medium,True,0,1,Therapeutic Drug,investigational therapeutic candidate; drug/biological intervention type with no disqualifying evidence found,rule_classification,medium,True,,,,structured_ct_gov_evidence,tier2_6_resolver,medium,existing evidence only (structured_ct_gov_evidence); no NIH match found,ct.gov structured modality='Other',False,,,,Other,inferred_default,True
Flos gossypii flavonoids,Phase 2,Disease-Targeted Small Molecule,Other,Completed,1,240.0,Capital Medical University,False,no_match,medium,True,0,1,Therapeutic Drug,investigational therapeutic candidate; drug/biological intervention type with no disqualifying evidence found,rule_classification,medium,True,,,,structured_ct_gov_evidence,tier2_6_resolver,medium,existing evidence only (structured_ct_gov_evidence); no NIH match found,ct.gov structured modality='Small Molecule',False,,,,Small Molecule,inferred_default,True
Formoterol A,Phase 2,Disease-Targeted Small Molecule,Other,Discontinued,1,0.0,Palo Alto Veterans Institute for Research,False,no_match,medium,True,0,1,Therapeutic Drug,investigational therapeutic candidate; drug/biological intervention type with no disqualifying evidence found,rule_classification,medium,True,,,,structured_ct_gov_evidence,tier2_6_resolver,medium,existing evidence only (structured_ct_gov_evidence); no NIH match found,ct.gov structured modality='Small Molecule',False,,,,Small Molecule,inferred_default,True
G-CSF; filgrastim,Phase 2,Disease-Targeted Small Molecule,Other,Completed,1,8.0,University of South Florida,False,no_match,medium,True,0,1,Therapeutic Drug,investigational therapeutic candidate; drug/biological intervention type with no disqualifying evidence found,rule_classification,medium,True,,,,structured_ct_gov_evidence,tier2_6_resolver,medium,existing evidence only (structured_ct_gov_evidence); no NIH match found,ct.gov structured modality='Small Molecule',False,,,,Small Molecule,inferred_default,True
GRF6019,Phase 2,Disease-Targeted Small Molecule,Other,Completed,2,47.0,"Alkahest, Inc.",False,no_match,medium,True,0,2,Therapeutic Drug,investigational therapeutic candidate; drug/biological intervention type with no disqualifying evidence found,rule_classification,medium,True,,,,structured_ct_gov_evidence,tier2_6_resolver,medium,existing evidence only (structured_ct_gov_evidence); no NIH match found,ct.gov structured modality='Small Molecule',False,,,,Small Molecule,inferred_default,True
GSK239512,Phase 2,Cognition Enhancer,Symptomatic,Completed,2,196.0,GlaxoSmithKline,False,no_match,medium,True,0,2,Therapeutic Drug,investigational therapeutic candidate; drug/biological intervention type with no disqualifying evidence found,rule_classification,medium,True,Symptomatic,,,structured_ct_gov_evidence,tier2_6_resolver,medium,existing evidence only (structured_ct_gov_evidence); no NIH match found,ct.gov structured modality='Small Molecule'; known-compound target='Symptomatic',False,,,,Small Molecule,inferred_from_target_pathway,True
GSK4527226,Phase 2,Disease-Targeted Small Molecule,Other,Recruiting,2,367.0,GlaxoSmithKline,False,no_match,medium,True,0,2,Therapeutic Drug,investigational therapeutic candidate; drug/biological intervention type with no disqualifying evidence found,rule_classification,medium,True,,,,structured_ct_gov_evidence,tier2_6_resolver,medium,existing evidence only (structured_ct_gov_evidence); no NIH match found,ct.gov structured modality='Small Molecule',False,,,,Small Molecule,inferred_default,True
Ginkgo Biloba Extract 761,Phase 2,Disease-Targeted Small Molecule,Other,Recruiting,1,50.0,Hadassah Medical Organization,False,no_match,medium,True,0,1,Non-Drug Intervention,dietary supplement / nutraceutical — excluded from the default therapeutic view unless curated as a genuine investigational program (data/reference/intervention_scope_overrides.csv),rule_type,medium,False,,,,structured_ct_gov_evidence,tier2_6_resolver,medium,existing evidence only (structured_ct_gov_evidence); no NIH match found,ct.gov structured modality='Dietary Supplement',False,,,,Dietary Supplement,inferred_default,True
Grape Powder,Phase 2,Disease-Targeted Small Molecule,Metabolism,Completed,1,32.0,"University of California, Los Angeles",False,no_match,medium,True,0,1,Non-Drug Intervention,dietary supplement / nutraceutical — excluded from the default therapeutic view unless curated as a genuine investigational program (data/reference/intervention_scope_overrides.csv),rule_type,medium,False,Metabolism,,,structured_ct_gov_evidence,tier2_6_resolver,medium,existing evidence only (structured_ct_gov_evidence); no NIH match found,ct.gov structured modality='Dietary Supplement'; ct.gov structured target(s)=['Metabolism'],False,,,,Dietary Supplement,inferred_default,True
Gut-X-001,Phase 2,Disease-Targeted Small Molecule,Metabolism,Recruiting,1,120.0,Beijing Tiantan Hospital,False,no_match,medium,True,0,1,Therapeutic Drug,investigational therapeutic candidate; drug/biological intervention type with no disqualifying evidence found,rule_classification,medium,True,Metabolism,,,structured_ct_gov_evidence,tier2_6_resolver,medium,existing evidence only (structured_ct_gov_evidence); no NIH match found,ct.gov structured modality='Small Molecule'; ct.gov structured target(s)=['Metabolism'],False,,,,Small Molecule,inferred_default,True
HB-adMSCs,Phase 2,Disease-Targeted Biologic,Other,Discontinued,1,0.0,Hope Biosciences LLC,False,no_match,medium,True,0,1,Therapeutic Drug,investigational therapeutic candidate; drug/biological intervention type with no disqualifying evidence found,rule_classification,medium,True,,,,structured_ct_gov_evidence,tier2_6_resolver,medium,existing evidence only (structured_ct_gov_evidence); no NIH match found,ct.gov structured modality='Biologic',False,,,,Biologic,inferred_from_modality,True
HF0220,Phase 2,Disease-Targeted Small Molecule,Other,Completed,1,40.0,Hunter-Fleming Ltd,False,no_match,medium,True,0,1,Therapeutic Drug,investigational therapeutic candidate; drug/biological intervention type with no disqualifying evidence found,rule_classification,medium,True,,,,structured_ct_gov_evidence,tier2_6_resolver,medium,existing evidence only (structured_ct_gov_evidence); no NIH match found,ct.gov structured modality='Small Molecule',False,,,,Small Molecule,inferred_default,True
HT-4253,Phase 2,Disease-Targeted Small Molecule,Other,Recruiting,1,112.0,"Halia Therapeutics, Inc.",False,no_match,medium,True,0,1,Therapeutic Drug,investigational therapeutic candidate; drug/biological intervention type with no disqualifying evidence found,rule_classification,medium,True,,,,structured_ct_gov_evidence,tier2_6_resolver,medium,existing evidence only (structured_ct_gov_evidence); no NIH match found,ct.gov structured modality='Small Molecule',False,,,,Small Molecule,inferred_default,True
Human Mesenchymal Stem Cells and Lactated Riunger's,Phase 2,Disease-Targeted Biologic,Other,Unknown,1,40.0,"Stemedica Cell Technologies, Inc.",False,no_match,medium,True,0,1,Therapeutic Drug,investigational therapeutic candidate; drug/biological intervention type with no disqualifying evidence found,rule_classification,medium,True,,,,structured_ct_gov_evidence,tier2_6_resolver,medium,existing evidence only (structured_ct_gov_evidence); no NIH match found,ct.gov structured modality='Cell/Gene Therapy',False,,,,Cell/Gene Therapy,inferred_from_modality,True
Human Umbilical Cord Derived MSC,Phase 2,Disease-Targeted Biologic,Other,Unknown,1,30.0,Affiliated Hospital to Academy of Military Medical Sciences,False,no_match,medium,True,0,1,Therapeutic Drug,investigational therapeutic candidate; drug/biological intervention type with no disqualifying evidence found,rule_classification,medium,True,,,,structured_ct_gov_evidence,tier2_6_resolver,medium,existing evidence only (structured_ct_gov_evidence); no NIH match found,ct.gov structured modality='Biologic',False,,,,Biologic,inferred_from_modality,True
Hydroxypropyl Beta Cyclodextrin,Phase 2,Disease-Targeted Small Molecule,Other,Unknown,1,90.0,"Cyclo Therapeutics, Inc.",False,no_match,medium,True,0,1,Therapeutic Drug,investigational therapeutic candidate; drug/biological intervention type with no disqualifying evidence found,rule_classification,medium,True,,,,structured_ct_gov_evidence,tier2_6_resolver,medium,existing evidence only (structured_ct_gov_evidence); no NIH match found,ct.gov structured modality='Small Molecule',False,,,,Small Molecule,inferred_default,True
ID1201,Phase 2,Disease-Targeted Small Molecule,Other,Completed,1,116.0,IlDong Pharmaceutical Co Ltd,False,no_match,medium,True,0,1,Therapeutic Drug,investigational therapeutic candidate; drug/biological intervention type with no disqualifying evidence found,rule_classification,medium,True,,,,structured_ct_gov_evidence,tier2_6_resolver,medium,existing evidence only (structured_ct_gov_evidence); no NIH match found,ct.gov structured modality='Small Molecule',False,,,,Small Molecule,inferred_default,True
IFN-alpha2A,Phase 2,Disease-Targeted Small Molecule,Other,Unknown,1,,National Center for Research Resources (NCRR),False,no_match,medium,True,0,1,Therapeutic Drug,investigational therapeutic candidate; drug/biological intervention type with no disqualifying evidence found,rule_classification,medium,True,,,,structured_ct_gov_evidence,tier2_6_resolver,medium,existing evidence only (structured_ct_gov_evidence); no NIH match found,ct.gov structured modality='Small Molecule',False,,,,Small Molecule,inferred_default,True
IGC-AD1-Active,Phase 2,Neuropsychiatric Symptom Tx,Neuropsychiatric,Recruiting,1,164.0,"IGC Pharma, LLC",False,no_match,medium,True,0,1,Therapeutic Drug,investigational therapeutic candidate; drug/biological intervention type with no disqualifying evidence found,rule_classification,medium,True,Neuropsychiatric,,,structured_ct_gov_evidence,tier2_6_resolver,medium,existing evidence only (structured_ct_gov_evidence); no NIH match found,ct.gov structured modality='Small Molecule'; ct.gov structured target(s)=['Neuropsychiatric'],False,,,,Small Molecule,inferred_from_target_pathway,True
ITI-1284,Phase 2,Neuropsychiatric Symptom Tx,Neuropsychiatric,Recruiting,2,370.0,"Intra-Cellular Therapies, Inc.",False,no_match,medium,True,0,2,Therapeutic Drug,investigational therapeutic candidate; drug/biological intervention type with no disqualifying evidence found,rule_classification,medium,True,Neuropsychiatric,"A deuterated form of lumateperone; 5‐HT2A receptor antagonist, D1 receptor modulator, D2 receptor modulator",,nih_reference,tier2_6_resolver,medium,NIH reference evidence (agrees with existing evidence),ct.gov structured modality='Small Molecule'; ct.gov structured target(s)=['Neuropsychiatric']; NIH agent='ITI‐1284' CADRO='Neurotransmitter receptors',False,STT,Neuropsychiatric,Neurotransmitter receptors,Small Molecule,nih_reference,False
IVL3003,Phase 2,Cognition Enhancer,Symptomatic,Active,1,62.0,"Inventage Lab., Inc.",False,no_match,medium,True,0,1,Therapeutic Drug,investigational therapeutic candidate; drug/biological intervention type with no disqualifying evidence found,rule_classification,medium,True,Symptomatic,Cholinesterase inhibitor to enhance acetylcholine and facilitate synaptic function,,nih_reference,tier2_6_resolver,medium,NIH reference evidence (agrees with existing evidence),ct.gov structured modality='Small Molecule'; NIH agent='IVL3003' CADRO='Neurotransmitter receptors',False,STT,Cognition Enhancer,Neurotransmitter receptors,Small Molecule,nih_reference,False
Infusion of AD-SVF via IV and Intranasal,Phase 2,Disease-Targeted Biologic,Other,Discontinued,1,0.0,Ageless Regenerative Institute,False,no_match,medium,True,0,1,Therapeutic Drug,investigational therapeutic candidate; drug/biological intervention type with no disqualifying evidence found,rule_classification,medium,True,,,,structured_ct_gov_evidence,tier2_6_resolver,medium,existing evidence only (structured_ct_gov_evidence); no NIH match found,ct.gov structured modality='Biologic',False,,,,Biologic,inferred_from_modality,True
Insulin Aspart,Phase 2,Disease-Targeted Small Molecule,Metabolism,Completed,2,31.0,"Jeff Burns, MD; Wake Forest University Health Sciences",False,no_match,medium,True,0,2,Therapeutic Drug,investigational therapeutic candidate; drug/biological intervention type with no disqualifying evidence found,rule_classification,medium,True,Metabolism,,,structured_ct_gov_evidence,tier2_6_resolver,medium,existing evidence only (structured_ct_gov_evidence); no NIH match found,ct.gov structured modality='Small Molecule'; ct.gov structured target(s)=['Metabolism'],False,,,,Small Molecule,inferred_default,True
Insulin glulisine,Phase 2,Disease-Targeted Small Molecule,Metabolism,Discontinued,1,49.0,HealthPartners Institute,False,no_match,medium,True,0,1,Therapeutic Drug,investigational therapeutic candidate; drug/biological intervention type with no disqualifying evidence found,rule_classification,medium,True,Metabolism,,,structured_ct_gov_evidence,tier2_6_resolver,medium,existing evidence only (structured_ct_gov_evidence); no NIH match found,ct.gov structured modality='Small Molecule'; ct.gov structured target(s)=['Metabolism'],False,,,,Small Molecule,inferred_default,True
Interferon beta-1a,Phase 2,Disease-Targeted Small Molecule,Other,Completed,1,42.0,"Merck KGaA, Darmstadt, Germany",False,no_match,medium,True,0,1,Therapeutic Drug,investigational therapeutic candidate; drug/biological intervention type with no disqualifying evidence found,rule_classification,medium,True,,,,structured_ct_gov_evidence,tier2_6_resolver,medium,existing evidence only (structured_ct_gov_evidence); no NIH match found,ct.gov structured modality='Small Molecule',False,,,,Small Molecule,inferred_default,True
Interleukin-2,Phase 2,Disease-Targeted Small Molecule,Other,Unknown,1,40.0,The Methodist Hospital Research Institute,False,no_match,medium,True,0,1,Therapeutic Drug,investigational therapeutic candidate; drug/biological intervention type with no disqualifying evidence found,rule_classification,medium,True,,,,structured_ct_gov_evidence,tier2_6_resolver,medium,existing evidence only (structured_ct_gov_evidence); no NIH match found,ct.gov structured modality='Small Molecule',False,,,,Small Molecule,inferred_default,True
Intravenous Immunoglobulin,Phase 2,Disease-Targeted Biologic,Other,Discontinued,1,24.0,Weill Medical College of Cornell University,False,no_match,medium,True,0,1,Therapeutic Drug,investigational therapeutic candidate; drug/biological intervention type with no disqualifying evidence found,rule_classification,medium,True,,,,structured_ct_gov_evidence,tier2_6_resolver,medium,existing evidence only (structured_ct_gov_evidence); no NIH match found,ct.gov structured modality='Biologic',False,,,,Biologic,inferred_from_modality,True
Isotretinoin,Phase 2,Disease-Targeted Small Molecule,Other,Discontinued,1,3.0,University Hospitals Cleveland Medical Center,False,no_match,medium,True,0,1,Therapeutic Drug,investigational therapeutic candidate; drug/biological intervention type with no disqualifying evidence found,rule_classification,medium,True,,,,structured_ct_gov_evidence,tier2_6_resolver,medium,existing evidence only (structured_ct_gov_evidence); no NIH match found,ct.gov structured modality='Small Molecule',False,,,,Small Molecule,inferred_default,True
JNJ-54861911,Phase 2,Disease-Targeted Small Molecule,Amyloid,Discontinued,7,90.0,"Janssen Pharmaceutical K.K.; Janssen Research & Development, LLC",False,no_match,medium,True,0,7,Therapeutic Drug,investigational therapeutic candidate; drug/biological intervention type with no disqualifying evidence found,rule_classification,medium,True,Amyloid,,,structured_ct_gov_evidence,tier2_6_resolver,medium,existing evidence only (structured_ct_gov_evidence); no NIH match found,ct.gov structured modality='Small Molecule'; known-compound target='Amyloid',False,,,,Small Molecule,inferred_default,True
JNJ-63733657,Phase 2,Disease-Targeted Biologic,Tau,Discontinued,2,523.0,"Janssen Research & Development, LLC",False,no_match,medium,True,0,2,Therapeutic Drug,investigational therapeutic candidate; drug/biological intervention type with no disqualifying evidence found,rule_classification,medium,True,Tau,,,known_compound_exact_match,tier2_6_resolver,high,existing evidence only (known_compound_exact_match); no NIH match found,known-compound modality='Biologic'; known-compound target='Tau',False,,,,Biologic,inferred_from_modality,True
JNJ-64042056,Phase 2,Disease-Targeted Biologic,Tau,Active,1,55.0,"Janssen Pharmaceutica N.V., Belgium",False,no_match,medium,True,0,1,Therapeutic Drug,investigational therapeutic candidate; drug/biological intervention type with no disqualifying evidence found,rule_classification,medium,True,Tau,Active immunotherapy targeting tau protein,,nih_reference,tier2_6_resolver,low,NIH and existing (official-pipeline/known-compound/ct.gov) evidence disagree: modality: NIH='Biologic' vs existing='Small Molecule',ct.gov structured modality='Small Molecule'; NIH agent='JNJ‐64042056' CADRO='Tau',True,DTT,Biologic,Tau,Biologic,nih_reference,False
KDS2010,Phase 2,Disease-Targeted Small Molecule,Other,Recruiting,1,114.0,"NeuroBiogen Co., Ltd",False,no_match,medium,True,0,1,Therapeutic Drug,investigational therapeutic candidate; drug/biological intervention type with no disqualifying evidence found,rule_classification,medium,True,,,,structured_ct_gov_evidence,tier2_6_resolver,medium,existing evidence only (structured_ct_gov_evidence); no NIH match found,ct.gov structured modality='Small Molecule',False,,,,Small Molecule,inferred_default,True
L-Serine,Phase 2,Disease-Targeted Small Molecule,Other,Discontinued,1,29.0,Aleksandra Stark,False,no_match,medium,True,0,1,Therapeutic Drug,investigational therapeutic candidate; drug/biological intervention type with no disqualifying evidence found,rule_classification,medium,True,,,,structured_ct_gov_evidence,tier2_6_resolver,medium,existing evidence only (structured_ct_gov_evidence); no NIH match found,ct.gov structured modality='Small Molecule',False,,,,Small Molecule,inferred_default,True
LHP588,Phase 2,Disease-Targeted Small Molecule,Other,Recruiting,1,300.0,"Lighthouse Pharmaceuticals, Inc.",False,no_match,medium,True,0,1,Therapeutic Drug,investigational therapeutic candidate; drug/biological intervention type with no disqualifying evidence found,rule_classification,medium,True,,"Inhibits gingipains leading to reduced inflammation, amyloid plaques, and tau pathology",,nih_reference,tier2_6_resolver,high,NIH reference evidence (agrees with existing evidence),ct.gov structured modality='Small Molecule'; NIH agent='LHP588' CADRO='Multi‐target',False,DTT,Small Molecule,Multi‐target,Small Molecule,nih_reference,False
LX1001,Phase 2,Disease-Targeted Biologic,Amyloid,Completed,2,15.0,Lexeo Therapeutics,False,no_match,medium,True,0,2,Therapeutic Drug,investigational therapeutic candidate; drug/biological intervention type with no disqualifying evidence found,rule_classification,medium,True,Amyloid,AAV gene transfer vector expressing the cDNA coding for human APOE2 directly to the CNS/CSF of APOE4 homozygotes with AD,,nih_reference,tier2_6_resolver,high,NIH reference evidence (agrees with existing evidence),ct.gov structured modality='Biologic'; known-compound target='Amyloid'; NIH agent='LX1001' CADRO='Epigenetic regulators',False,DTT,Biologic,Epigenetic regulators,Biologic,nih_reference,False
LY2886721,Phase 2,Disease-Targeted Small Molecule,Amyloid,Discontinued,4,70.0,Eli Lilly and Company,False,no_match,medium,True,0,4,Therapeutic Drug,investigational therapeutic candidate; drug/biological intervention type with no disqualifying evidence found,rule_classification,medium,True,Amyloid,,,structured_ct_gov_evidence,tier2_6_resolver,medium,existing evidence only (structured_ct_gov_evidence); no NIH match found,ct.gov structured modality='Small Molecule'; known-compound target='Amyloid',False,,,,Small Molecule,inferred_default,True
LY3202626,Phase 2,Disease-Targeted Small Molecule,Other,Discontinued,2,316.0,Eli Lilly and Company,False,no_match,medium,True,0,2,Therapeutic Drug,investigational therapeutic candidate; drug/biological intervention type with no disqualifying evidence found,rule_classification,medium,True,,,,structured_ct_gov_evidence,tier2_6_resolver,medium,existing evidence only (structured_ct_gov_evidence); no NIH match found,ct.gov structured modality='Small Molecule',False,,,,Small Molecule,inferred_default,True
LY3372689,Phase 2,Disease-Targeted Small Molecule,Other,Completed,1,327.0,Eli Lilly and Company,False,no_match,medium,True,0,1,Therapeutic Drug,investigational therapeutic candidate; drug/biological intervention type with no disqualifying evidence found,rule_classification,medium,True,,,,structured_ct_gov_evidence,tier2_6_resolver,medium,existing evidence only (structured_ct_gov_evidence); no NIH match found,ct.gov structured modality='Small Molecule',False,,,,Small Molecule,inferred_default,True
LY450139 dihydrate,Phase 2,Disease-Targeted Small Molecule,Amyloid,Completed,1,45.0,Eli Lilly and Company,False,no_match,medium,True,0,1,Therapeutic Drug,investigational therapeutic candidate; drug/biological intervention type with no disqualifying evidence found,rule_classification,medium,True,Amyloid,,,structured_ct_gov_evidence,tier2_6_resolver,medium,existing evidence only (structured_ct_gov_evidence); no NIH match found,ct.gov structured modality='Small Molecule'; known-compound target='Amyloid',False,,,,Small Molecule,inferred_default,True
LY451395,Phase 2,Neuropsychiatric Symptom Tx,Neuropsychiatric,Completed,2,200.0,Eli Lilly and Company,False,no_match,medium,True,0,2,Therapeutic Drug,investigational therapeutic candidate; drug/biological intervention type with no disqualifying evidence found,rule_classification,medium,True,Neuropsychiatric,,,structured_ct_gov_evidence,tier2_6_resolver,medium,existing evidence only (structured_ct_gov_evidence); no NIH match found,ct.gov structured modality='Small Molecule'; ct.gov structured target(s)=['Neuropsychiatric'],False,,,,Small Molecule,inferred_from_target_pathway,True
Lemborexant,Phase 2,Disease-Targeted Small Molecule,Symptomatic,Recruiting,3,201.0,Brendan Lucey; Eisai Inc.; University of Minnesota,False,no_match,medium,True,0,3,Therapeutic Drug,investigational therapeutic candidate; drug/biological intervention type with no disqualifying evidence found,rule_classification,medium,True,Symptomatic,Dual antagonist of orexin OX1 and OX2 receptors,,nih_reference,tier2_6_resolver,low,NIH and existing (official-pipeline/known-compound/ct.gov) evidence disagree: target_pathways: NIH=['Symptomatic'] vs existing=['Neuropsychiatric'],ct.gov structured modality='Small Molecule'; known-compound target='Neuropsychiatric'; NIH agent='Lemborexant' CADRO='Neurotransmitter receptors',True,DTT,Small Molecule,Neurotransmitter receptors,Small Molecule,nih_reference,False
Lenalidomide,Phase 2,Disease-Targeted Small Molecule,Inflammation,Recruiting,2,45.0,"St. Joseph's Hospital and Medical Center, Phoenix",False,no_match,medium,True,0,2,Therapeutic Drug,investigational therapeutic candidate; drug/biological intervention type with no disqualifying evidence found,rule_classification,medium,True,Inflammation,"Multimodal immunomodulator that decreases inflammatory cytokines, increases anti‐inflammatory cytokines, and reduces microglial activation",,nih_reference,tier2_6_resolver,medium,NIH reference evidence (agrees with existing evidence),ct.gov structured modality='Small Molecule'; NIH agent='Lenalidomide' CADRO='Inflammation',False,DTT,Small Molecule,Inflammation,Small Molecule,nih_reference,False
Leronlimab,Phase 2,Disease-Targeted Biologic,Inflammation,Recruiting,1,20.0,Weill Medical College of Cornell University,False,no_match,medium,True,0,1,Therapeutic Drug,investigational therapeutic candidate; drug/biological intervention type with no disqualifying evidence found,rule_classification,medium,True,Inflammation,,,structured_ct_gov_evidence,tier2_6_resolver,medium,existing evidence only (structured_ct_gov_evidence); no NIH match found,ct.gov structured modality='Biologic'; ct.gov structured target(s)=['Inflammation'],False,,,,Biologic,inferred_from_modality,True
Leuprolide acetate,Phase 2,Disease-Targeted Small Molecule,Other,Completed,2,90.0,Voyager Pharmaceutical Corporation,False,no_match,medium,True,0,2,Therapeutic Drug,investigational therapeutic candidate; drug/biological intervention type with no disqualifying evidence found,rule_classification,medium,True,,,,structured_ct_gov_evidence,tier2_6_resolver,medium,existing evidence only (structured_ct_gov_evidence); no NIH match found,ct.gov structured modality='Small Molecule',False,,,,Small Molecule,inferred_default,True
Levetiracetam (LEV),Phase 2,Disease-Targeted Small Molecule,Other,Recruiting,1,40.0,Sunnybrook Health Sciences Centre,False,no_match,medium,True,0,1,Therapeutic Drug,investigational therapeutic candidate; drug/biological intervention type with no disqualifying evidence found,rule_classification,medium,True,,,,structured_ct_gov_evidence,tier2_6_resolver,medium,existing evidence only (structured_ct_gov_evidence); no NIH match found,ct.gov structured modality='Small Molecule',False,,,,Small Molecule,inferred_default,True
Lidocaine / Prilocaine Topical Cream,Phase 2,Disease-Targeted Small Molecule,Other,Completed,1,80.0,"University of Dublin, Trinity College",False,no_match,medium,True,0,1,Therapeutic Drug,investigational therapeutic candidate; drug/biological intervention type with no disqualifying evidence found,rule_classification,medium,True,,,,structured_ct_gov_evidence,tier2_6_resolver,medium,existing evidence only (structured_ct_gov_evidence); no NIH match found,ct.gov structured modality='Small Molecule',False,,,,Small Molecule,inferred_default,True
Lipoic Acid plus Omega-3 Fatty Acids,Phase 2,Disease-Targeted Small Molecule,Other,Completed,1,42.0,Oregon Health and Science University,False,no_match,medium,True,0,1,Therapeutic Drug,investigational therapeutic candidate; drug/biological intervention type with no disqualifying evidence found,rule_classification,medium,True,,,,structured_ct_gov_evidence,tier2_6_resolver,medium,existing evidence only (structured_ct_gov_evidence); no NIH match found,ct.gov structured modality='Small Molecule',False,,,,Small Molecule,inferred_default,True
Lipoic acid and fish oil concentrate,Phase 2,Disease-Targeted Small Molecule,Other,Completed,1,67.0,Oregon Health and Science University,False,no_match,medium,True,0,1,Therapeutic Drug,investigational therapeutic candidate; drug/biological intervention type with no disqualifying evidence found,rule_classification,medium,True,,,,structured_ct_gov_evidence,tier2_6_resolver,medium,existing evidence only (structured_ct_gov_evidence); no NIH match found,ct.gov structured modality='Small Molecule',False,,,,Small Molecule,inferred_default,True
Liraglutide,Phase 2,Disease-Targeted Small Molecule,Metabolism,Unknown,1,204.0,Imperial College London,False,no_match,medium,True,0,1,Therapeutic Drug,investigational therapeutic candidate; drug/biological intervention type with no disqualifying evidence found,rule_classification,medium,True,Metabolism,,,structured_ct_gov_evidence,tier2_6_resolver,medium,existing evidence only (structured_ct_gov_evidence); no NIH match found,ct.gov structured modality='Small Molecule'; known-compound target='Metabolism',False,,,,Small Molecule,inferred_default,True
Lithia water,Phase 2,Disease-Targeted Small Molecule,Other,Unknown,1,100.0,American Society Of Thermalism And Climatology Inc,False,no_match,medium,True,0,1,Non-Drug Intervention,dietary supplement / nutraceutical — excluded from the default therapeutic view unless curated as a genuine investigational program (data/reference/intervention_scope_overrides.csv),rule_type,medium,False,,,,structured_ct_gov_evidence,tier2_6_resolver,medium,existing evidence only (structured_ct_gov_evidence); no NIH match found,ct.gov structured modality='Dietary Supplement',False,,,,Dietary Supplement,inferred_default,True
Lithium,Phase 2,Neuropsychiatric Symptom Tx,Neuropsychiatric,Completed,1,77.0,New York State Psychiatric Institute,False,no_match,medium,True,0,1,Therapeutic Drug,investigational therapeutic candidate; drug/biological intervention type with no disqualifying evidence found,rule_classification,medium,True,Neuropsychiatric,,,structured_ct_gov_evidence,tier2_6_resolver,medium,existing evidence only (structured_ct_gov_evidence); no NIH match found,ct.gov structured modality='Small Molecule'; ct.gov structured target(s)=['Neuropsychiatric'],False,,,,Small Molecule,inferred_from_target_pathway,True
Lithium Carbonate,Phase 2,Disease-Targeted Small Molecule,Other,Unknown,1,80.0,University of Sao Paulo,False,no_match,medium,True,0,1,Therapeutic Drug,investigational therapeutic candidate; drug/biological intervention type with no disqualifying evidence found,rule_classification,medium,True,,,,structured_ct_gov_evidence,tier2_6_resolver,medium,existing evidence only (structured_ct_gov_evidence); no NIH match found,ct.gov structured modality='Small Molecule',False,,,,Small Molecule,inferred_default,True
Lithium orotate,Phase 2,Disease-Targeted Small Molecule,Other,Recruiting,1,40.0,Johns Hopkins University,False,no_match,medium,True,0,1,Therapeutic Drug,investigational therapeutic candidate; drug/biological intervention type with no disqualifying evidence found,rule_classification,medium,True,,,,structured_ct_gov_evidence,tier2_6_resolver,medium,existing evidence only (structured_ct_gov_evidence); no NIH match found,ct.gov structured modality='Small Molecule',False,,,,Small Molecule,inferred_default,True
Lu AE58054,Phase 2,Disease-Targeted Small Molecule,Other,Completed,1,278.0,H. Lundbeck A/S,False,no_match,medium,True,0,1,Therapeutic Drug,investigational therapeutic candidate; drug/biological intervention type with no disqualifying evidence found,rule_classification,medium,True,,,,structured_ct_gov_evidence,tier2_6_resolver,medium,existing evidence only (structured_ct_gov_evidence); no NIH match found,ct.gov structured modality='Small Molecule',False,,,,Small Molecule,inferred_default,True
MABT5102A,Phase 2,Disease-Targeted Biologic,Amyloid,Completed,2,448.0,"Genentech, Inc.",False,no_match,medium,True,0,2,Therapeutic Drug,investigational therapeutic candidate; drug/biological intervention type with no disqualifying evidence found,rule_classification,medium,True,Amyloid,,,structured_ct_gov_evidence,tier2_6_resolver,medium,existing evidence only (structured_ct_gov_evidence); no NIH match found,ct.gov structured modality='Biologic'; known-compound target='Amyloid',False,,,,Biologic,inferred_from_modality,True
MAR,Phase 2,Disease-Targeted Small Molecule,Other,Completed,1,121.0,"Noah Pharmaceuticals, Inc.",False,no_match,medium,True,0,1,Therapeutic Drug,investigational therapeutic candidate; drug/biological intervention type with no disqualifying evidence found,rule_classification,medium,True,,,,structured_ct_gov_evidence,tier2_6_resolver,medium,existing evidence only (structured_ct_gov_evidence); no NIH match found,ct.gov structured modality='Small Molecule',False,,,,Small Molecule,inferred_default,True
MEM 1003,Phase 2,Disease-Targeted Small Molecule,Neuroprotection,Completed,1,183.0,Memory Pharmaceuticals,False,no_match,medium,True,0,1,Therapeutic Drug,investigational therapeutic candidate; drug/biological intervention type with no disqualifying evidence found,rule_classification,medium,True,Neuroprotection,,,structured_ct_gov_evidence,tier2_6_resolver,medium,existing evidence only (structured_ct_gov_evidence); no NIH match found,ct.gov structured modality='Small Molecule'; known-compound target='Neuroprotection',False,,,,Small Molecule,inferred_default,True
MEM 3454,Phase 2,Disease-Targeted Small Molecule,Other,Completed,1,80.0,Memory Pharmaceuticals,False,no_match,medium,True,0,1,Therapeutic Drug,investigational therapeutic candidate; drug/biological intervention type with no disqualifying evidence found,rule_classification,medium,True,,,,structured_ct_gov_evidence,tier2_6_resolver,medium,existing evidence only (structured_ct_gov_evidence); no NIH match found,ct.gov structured modality='Small Molecule',False,,,,Small Molecule,inferred_default,True
MIB-626,Phase 2,Disease-Targeted Small Molecule,Amyloid,Completed,2,24.0,Brigham and Women's Hospital,False,no_match,medium,True,0,2,Therapeutic Drug,investigational therapeutic candidate; drug/biological intervention type with no disqualifying evidence found,rule_classification,medium,True,Amyloid,Decreases oxidative stress to improve mitochondrial function and enhance autophagy leading to decreased amyloid‐beta plaques,,nih_reference,tier2_6_resolver,low,NIH and existing (official-pipeline/known-compound/ct.gov) evidence disagree: target_pathways: NIH=['Amyloid'] vs existing=['Metabolism'],ct.gov structured modality='Small Molecule'; known-compound target='Metabolism'; NIH agent='MIB‐626' CADRO='Amyloid‐beta',True,DTT,Small Molecule,Amyloid‐beta,Small Molecule,nih_reference,False
MK-1167,Phase 2,Cognition Enhancer,Other,Discontinued,2,369.0,Merck Sharp & Dohme LLC,False,no_match,medium,True,0,2,Therapeutic Drug,investigational therapeutic candidate; drug/biological intervention type with no disqualifying evidence found,rule_classification,medium,True,,Undisclosed,,structured_ct_gov_evidence,tier2_6_resolver,medium,existing evidence only (structured_ct_gov_evidence); no NIH match found,ct.gov structured modality='Small Molecule'; NIH agent='MK‐1167' CADRO='Undisclosed',False,STT,Cognition Enhancer,Undisclosed,Small Molecule,nih_reference,False
MK-1942,Phase 2,Disease-Targeted Small Molecule,Other,Discontinued,2,99.0,Merck Sharp & Dohme LLC,False,no_match,medium,True,0,2,Therapeutic Drug,investigational therapeutic candidate; drug/biological intervention type with no disqualifying evidence found,rule_classification,medium,True,,,,structured_ct_gov_evidence,tier2_6_resolver,medium,existing evidence only (structured_ct_gov_evidence); no NIH match found,ct.gov structured modality='Small Molecule',False,,,,Small Molecule,inferred_default,True
MK-2214,Phase 2,Disease-Targeted Biologic,Tau,Recruiting,2,340.0,Merck Sharp & Dohme LLC,False,no_match,medium,True,0,2,Therapeutic Drug,investigational therapeutic candidate; drug/biological intervention type with no disqualifying evidence found,rule_classification,medium,True,Tau,Anti‐tau monoclonal antibody,,nih_reference,tier2_6_resolver,medium,NIH reference evidence (agrees with existing evidence),ct.gov structured modality='Biologic'; NIH agent='MK‐2214' CADRO='Tau',False,DTT,Biologic,Tau,Biologic,nih_reference,False
MK-7622,Phase 2,Disease-Targeted Small Molecule,Other,Discontinued,1,240.0,Merck Sharp & Dohme LLC,False,no_match,medium,True,0,1,Therapeutic Drug,investigational therapeutic candidate; drug/biological intervention type with no disqualifying evidence found,rule_classification,medium,True,,,,structured_ct_gov_evidence,tier2_6_resolver,medium,existing evidence only (structured_ct_gov_evidence); no NIH match found,ct.gov structured modality='Small Molecule',False,,,,Small Molecule,inferred_default,True
MK0249,Phase 2,Disease-Targeted Small Molecule,Other,Completed,1,144.0,Merck Sharp & Dohme LLC,False,no_match,medium,True,0,1,Therapeutic Drug,investigational therapeutic candidate; drug/biological intervention type with no disqualifying evidence found,rule_classification,medium,True,,,,structured_ct_gov_evidence,tier2_6_resolver,medium,existing evidence only (structured_ct_gov_evidence); no NIH match found,ct.gov structured modality='Small Molecule',False,,,,Small Molecule,inferred_default,True
MK0677,Phase 2,Disease-Targeted Small Molecule,Other,Completed,1,512.0,Merck Sharp & Dohme LLC,False,no_match,medium,True,0,1,Therapeutic Drug,investigational therapeutic candidate; drug/biological intervention type with no disqualifying evidence found,rule_classification,medium,True,,,,structured_ct_gov_evidence,tier2_6_resolver,medium,existing evidence only (structured_ct_gov_evidence); no NIH match found,ct.gov structured modality='Small Molecule',False,,,,Small Molecule,inferred_default,True
MK0952,Phase 2,Disease-Targeted Small Molecule,Other,Discontinued,1,24.0,Merck Sharp & Dohme LLC,False,no_match,medium,True,0,1,Therapeutic Drug,investigational therapeutic candidate; drug/biological intervention type with no disqualifying evidence found,rule_classification,medium,True,,,,structured_ct_gov_evidence,tier2_6_resolver,medium,existing evidence only (structured_ct_gov_evidence); no NIH match found,ct.gov structured modality='Small Molecule',False,,,,Small Molecule,inferred_default,True
ML-007C-MA,Phase 2,Neuropsychiatric Symptom Tx,Neuropsychiatric,Recruiting,2,300.0,MapLight Therapeutics,False,no_match,medium,True,0,2,Therapeutic Drug,investigational therapeutic candidate; drug/biological intervention type with no disqualifying evidence found,rule_classification,medium,True,Neuropsychiatric,M1/M4 muscarinic agonist,,nih_reference,tier2_6_resolver,medium,NIH reference evidence (agrees with existing evidence),ct.gov structured modality='Small Molecule'; ct.gov structured target(s)=['Neuropsychiatric']; NIH agent='ML‐007C‐MA' CADRO='Neurotransmitter receptors',False,STT,Neuropsychiatric,Neurotransmitter receptors,Small Molecule,nih_reference,False
MLC601,Phase 2,Disease-Targeted Small Molecule,Other,Completed,1,125.0,Shahid Beheshti University of Medical Sciences,False,no_match,medium,True,0,1,Therapeutic Drug,investigational therapeutic candidate; drug/biological intervention type with no disqualifying evidence found,rule_classification,medium,True,,,,structured_ct_gov_evidence,tier2_6_resolver,medium,existing evidence only (structured_ct_gov_evidence); no NIH match found,ct.gov structured modality='Small Molecule',False,,,,Small Molecule,inferred_default,True
MLC901,Phase 2,Disease-Targeted Small Molecule,Other,Unknown,1,150.0,"National University Hospital, Singapore",False,no_match,medium,True,0,1,Therapeutic Drug,investigational therapeutic candidate; drug/biological intervention type with no disqualifying evidence found,rule_classification,medium,True,,"Natural product consisting of several herbs; modulation of Aβ and tau phosphorylation, reduction of oxidative stress and inflammation, and promotion of neurogenesis and synaptogenesis",,nih_reference,tier2_6_resolver,high,NIH reference evidence (agrees with existing evidence),ct.gov structured modality='Small Molecule'; NIH agent='MLC901' CADRO='Multi‐target',False,DTT,Small Molecule,Multi‐target,Small Molecule,nih_reference,False
MMFS-205-SR,Phase 2,Disease-Targeted Small Molecule,Other,Completed,1,10.0,"Neurocentria, Inc.",False,no_match,medium,True,0,1,Non-Drug Intervention,dietary supplement / nutraceutical — excluded from the default therapeutic view unless curated as a genuine investigational program (data/reference/intervention_scope_overrides.csv),rule_type,medium,False,,,,structured_ct_gov_evidence,tier2_6_resolver,medium,existing evidence only (structured_ct_gov_evidence); no NIH match found,ct.gov structured modality='Dietary Supplement',False,,,,Dietary Supplement,inferred_default,True
MP-101,Phase 2,Neuropsychiatric Symptom Tx,Neuropsychiatric,Discontinued,1,81.0,Mediti Pharma Inc.,False,no_match,medium,True,0,1,Therapeutic Drug,investigational therapeutic candidate; drug/biological intervention type with no disqualifying evidence found,rule_classification,medium,True,Neuropsychiatric,,,structured_ct_gov_evidence,tier2_6_resolver,medium,existing evidence only (structured_ct_gov_evidence); no NIH match found,ct.gov structured modality='Small Molecule'; ct.gov structured target(s)=['Neuropsychiatric'],False,,,,Small Molecule,inferred_from_target_pathway,True
MSDC-0160,Phase 2,Disease-Targeted Small Molecule,Metabolism,Completed,1,29.0,Metabolic Solutions Development Company,False,no_match,medium,True,0,1,Therapeutic Drug,investigational therapeutic candidate; drug/biological intervention type with no disqualifying evidence found,rule_classification,medium,True,Metabolism,,,structured_ct_gov_evidence,tier2_6_resolver,medium,existing evidence only (structured_ct_gov_evidence); no NIH match found,ct.gov structured modality='Small Molecule'; ct.gov structured target(s)=['Metabolism'],False,,,,Small Molecule,inferred_default,True
MW150,Phase 2,Disease-Targeted Small Molecule,Other,Unknown,1,24.0,Neurokine Therapeutics,False,no_match,medium,True,0,1,Therapeutic Drug,investigational therapeutic candidate; drug/biological intervention type with no disqualifying evidence found,rule_classification,medium,True,,,,structured_ct_gov_evidence,tier2_6_resolver,medium,existing evidence only (structured_ct_gov_evidence); no NIH match found,ct.gov structured modality='Small Molecule',False,,,,Small Molecule,inferred_default,True
Meganatural-Az Grapeseed Extract,Phase 2,Disease-Targeted Small Molecule,Amyloid,Discontinued,1,10.0,Hillel Grossman,False,no_match,medium,True,0,1,Therapeutic Drug,investigational therapeutic candidate; drug/biological intervention type with no disqualifying evidence found,rule_classification,medium,True,Amyloid,,,structured_ct_gov_evidence,tier2_6_resolver,medium,existing evidence only (structured_ct_gov_evidence); no NIH match found,ct.gov structured modality='Small Molecule'; ct.gov structured target(s)=['Amyloid'],False,,,,Small Molecule,inferred_default,True
Memantine Hydrochloride,Phase 2,Cognition Enhancer,Symptomatic,Active,1,32.0,University of Virginia,False,no_match,medium,True,0,1,Therapeutic Drug,investigational therapeutic candidate; drug/biological intervention type with no disqualifying evidence found,rule_classification,medium,True,Symptomatic,,,structured_ct_gov_evidence,tier2_6_resolver,medium,existing evidence only (structured_ct_gov_evidence); no NIH match found,ct.gov structured modality='Small Molecule'; known-compound target='Symptomatic',False,,,,Small Molecule,inferred_from_target_pathway,True
Methylphenidate (MPH),Phase 2,Neuropsychiatric Symptom Tx,Neuropsychiatric,Recruiting,1,12.0,Sunnybrook Health Sciences Centre,False,no_match,medium,True,0,1,Therapeutic Drug,investigational therapeutic candidate; drug/biological intervention type with no disqualifying evidence found,rule_classification,medium,True,Neuropsychiatric,,,structured_ct_gov_evidence,tier2_6_resolver,medium,existing evidence only (structured_ct_gov_evidence); no NIH match found,ct.gov structured modality='Small Molecule'; ct.gov structured target(s)=['Neuropsychiatric'],False,,,,Small Molecule,inferred_from_target_pathway,True
Mevidalen,Phase 2,Cognition Enhancer,Symptomatic,Completed,1,304.0,Eli Lilly and Company,False,no_match,medium,True,0,1,Therapeutic Drug,investigational therapeutic candidate; drug/biological intervention type with no disqualifying evidence found,rule_classification,medium,True,Symptomatic,Dopamine D1 receptor positive allosteric modulator,,nih_reference,tier2_6_resolver,medium,NIH reference evidence (agrees with existing evidence),ct.gov structured modality='Small Molecule'; NIH agent='Mevidalen' CADRO='Neurotransmitter receptors',False,STT,Cognition Enhancer,Neurotransmitter receptors,Small Molecule,nih_reference,False
Mifepristone,Phase 2,Disease-Targeted Small Molecule,Other,Discontinued,1,160.0,Corcept Therapeutics,False,no_match,medium,True,0,1,Therapeutic Drug,investigational therapeutic candidate; drug/biological intervention type with no disqualifying evidence found,rule_classification,medium,True,,,,structured_ct_gov_evidence,tier2_6_resolver,medium,existing evidence only (structured_ct_gov_evidence); no NIH match found,ct.gov structured modality='Small Molecule',False,,,,Small Molecule,inferred_default,True
Minocycline,Phase 2,Disease-Targeted Small Molecule,Inflammation,Completed,1,13.0,Huntington Medical Research Institutes,False,no_match,medium,True,0,1,Therapeutic Drug,investigational therapeutic candidate; drug/biological intervention type with no disqualifying evidence found,rule_classification,medium,True,Inflammation,,,structured_ct_gov_evidence,tier2_6_resolver,medium,existing evidence only (structured_ct_gov_evidence); no NIH match found,ct.gov structured modality='Small Molecule'; known-compound target='Inflammation',False,,,,Small Molecule,inferred_default,True
Mivelsiran,Phase 2,Disease-Targeted Biologic,Amyloid,Recruiting,1,58.0,Alnylam Pharmaceuticals,False,no_match,medium,True,0,1,Therapeutic Drug,investigational therapeutic candidate; drug/biological intervention type with no disqualifying evidence found,rule_classification,medium,True,Amyloid,RNAi to decrease APP and downstream Aβ‐related events,,nih_reference,tier2_6_resolver,low,NIH and existing (official-pipeline/known-compound/ct.gov) evidence disagree: modality: NIH='Biologic' vs existing='Small Molecule',ct.gov structured modality='Small Molecule'; NIH agent='Mivelsiran' CADRO='Amyloid‐beta',True,DTT,Biologic,Amyloid‐beta,Biologic,nih_reference,False
Mobilan (M-VM3),Phase 2,Disease-Targeted Small Molecule,Other,Unknown,1,24.0,Panacela Labs LLC,False,no_match,medium,True,0,1,Therapeutic Drug,investigational therapeutic candidate; drug/biological intervention type with no disqualifying evidence found,rule_classification,medium,True,,,,structured_ct_gov_evidence,tier2_6_resolver,medium,existing evidence only (structured_ct_gov_evidence); no NIH match found,ct.gov structured modality='Small Molecule',False,,,,Small Molecule,inferred_default,True
Montelukast,Phase 2,Disease-Targeted Small Molecule,Other,Completed,1,32.0,Emory University,False,no_match,medium,True,0,1,Therapeutic Drug,investigational therapeutic candidate; drug/biological intervention type with no disqualifying evidence found,rule_classification,medium,True,,,,structured_ct_gov_evidence,tier2_6_resolver,medium,existing evidence only (structured_ct_gov_evidence); no NIH match found,ct.gov structured modality='Small Molecule',False,,,,Small Molecule,inferred_default,True
Montelukast buccal film,Phase 2,Disease-Targeted Small Molecule,Other,Completed,1,52.0,IntelGenx Corp.,False,no_match,medium,True,0,1,Therapeutic Drug,investigational therapeutic candidate; drug/biological intervention type with no disqualifying evidence found,rule_classification,medium,True,,,,structured_ct_gov_evidence,tier2_6_resolver,medium,existing evidence only (structured_ct_gov_evidence); no NIH match found,ct.gov structured modality='Small Molecule',False,,,,Small Molecule,inferred_default,True
NEOD001,Phase 2,Disease-Targeted Small Molecule,Amyloid,Completed,1,129.0,Prothena Biosciences Ltd.,False,no_match,medium,True,0,1,Therapeutic Drug,investigational therapeutic candidate; drug/biological intervention type with no disqualifying evidence found,rule_classification,medium,True,Amyloid,,,structured_ct_gov_evidence,tier2_6_resolver,medium,existing evidence only (structured_ct_gov_evidence); no NIH match found,ct.gov structured modality='Small Molecule'; ct.gov structured target(s)=['Amyloid'],False,,,,Small Molecule,inferred_default,True
NIC5-15,Phase 2,Disease-Targeted Small Molecule,Other,Completed,2,30.0,Humanetics Corporation; VA Office of Research and Development,False,no_match,medium,True,0,2,Therapeutic Drug,investigational therapeutic candidate; drug/biological intervention type with no disqualifying evidence found,rule_classification,medium,True,,,,structured_ct_gov_evidence,tier2_6_resolver,medium,existing evidence only (structured_ct_gov_evidence); no NIH match found,ct.gov structured modality='Small Molecule',False,,,,Small Molecule,inferred_default,True
NP031112,Phase 2,Disease-Targeted Small Molecule,Other,Completed,1,30.0,Noscira SA,False,no_match,medium,True,0,1,Therapeutic Drug,investigational therapeutic candidate; drug/biological intervention type with no disqualifying evidence found,rule_classification,medium,True,,,,structured_ct_gov_evidence,tier2_6_resolver,medium,existing evidence only (structured_ct_gov_evidence); no NIH match found,ct.gov structured modality='Small Molecule',False,,,,Small Molecule,inferred_default,True
NPI-001,Phase 2,Disease-Targeted Small Molecule,Other,Active,1,33.0,Arctic Therapeutics,False,no_match,medium,True,0,1,Therapeutic Drug,investigational therapeutic candidate; drug/biological intervention type with no disqualifying evidence found,rule_classification,medium,True,,,,structured_ct_gov_evidence,tier2_6_resolver,medium,existing evidence only (structured_ct_gov_evidence); no NIH match found,ct.gov structured modality='Small Molecule',False,,,,Small Molecule,inferred_default,True
NS 2330 (Tesofensine),Phase 2,Disease-Targeted Small Molecule,Other,Completed,1,430.0,Boehringer Ingelheim,False,no_match,medium,True,0,1,Therapeutic Drug,investigational therapeutic candidate; drug/biological intervention type with no disqualifying evidence found,rule_classification,medium,True,,,,structured_ct_gov_evidence,tier2_6_resolver,medium,existing evidence only (structured_ct_gov_evidence); no NIH match found,ct.gov structured modality='Small Molecule',False,,,,Small Molecule,inferred_default,True
NSC001,Phase 2,Cognition Enhancer,Symptomatic,Recruiting,1,90.0,NSC-Therapeutics,False,no_match,medium,True,0,1,Therapeutic Drug,investigational therapeutic candidate; drug/biological intervention type with no disqualifying evidence found,rule_classification,medium,True,Symptomatic,Orthosteric selective M1 cholinergic receptor agonist,,nih_reference,tier2_6_resolver,medium,NIH reference evidence (agrees with existing evidence),ct.gov structured modality='Small Molecule'; NIH agent='NSC001' CADRO='Neurotransmitter receptors',False,STT,Cognition Enhancer,Neurotransmitter receptors,Small Molecule,nih_reference,False
NTRX-07,Phase 2,Disease-Targeted Small Molecule,Symptomatic,Recruiting,2,48.0,"NeuroTherapia, Inc.",False,no_match,medium,True,0,2,Therapeutic Drug,investigational therapeutic candidate; drug/biological intervention type with no disqualifying evidence found,rule_classification,medium,True,Symptomatic,Cannabinoid type 2 receptor agonist; reduces microglial‐mediated inflammation,,nih_reference,tier2_6_resolver,low,NIH and existing (official-pipeline/known-compound/ct.gov) evidence disagree: target_pathways: NIH=['Symptomatic'] vs existing=['Inflammation'],ct.gov structured modality='Small Molecule'; known-compound target='Inflammation'; NIH agent='NTRX‐07' CADRO='Neurotransmitter receptors',True,DTT,Small Molecule,Neurotransmitter receptors,Small Molecule,nih_reference,False
NanoLithium® NP03,Phase 2,Disease-Targeted Small Molecule,Other,Completed,1,72.0,Medesis Pharma SA,False,no_match,medium,True,0,1,Therapeutic Drug,investigational therapeutic candidate; drug/biological intervention type with no disqualifying evidence found,rule_classification,medium,True,,,,structured_ct_gov_evidence,tier2_6_resolver,medium,existing evidence only (structured_ct_gov_evidence); no NIH match found,ct.gov structured modality='Small Molecule',False,,,,Small Molecule,inferred_default,True
Nefiracetam,Phase 2,Disease-Targeted Small Molecule,Other,Completed,1,50.0,National Institute of Neurological Disorders and Stroke (NINDS),False,no_match,medium,True,0,1,Therapeutic Drug,investigational therapeutic candidate; drug/biological intervention type with no disqualifying evidence found,rule_classification,medium,True,,,,structured_ct_gov_evidence,tier2_6_resolver,medium,existing evidence only (structured_ct_gov_evidence); no NIH match found,ct.gov structured modality='Small Molecule',False,,,,Small Molecule,inferred_default,True
NeuroEPO,Phase 2,Disease-Targeted Small Molecule,Other,Recruiting,1,90.0,University of Saskatchewan,False,no_match,medium,True,0,1,Therapeutic Drug,investigational therapeutic candidate; drug/biological intervention type with no disqualifying evidence found,rule_classification,medium,True,,,,structured_ct_gov_evidence,tier2_6_resolver,medium,existing evidence only (structured_ct_gov_evidence); no NIH match found,ct.gov structured modality='Small Molecule',False,,,,Small Molecule,inferred_default,True
NewGam 10% IVIG,Phase 2,Disease-Targeted Small Molecule,Other,Completed,1,52.0,Sutter Health,False,no_match,medium,True,0,1,Therapeutic Drug,investigational therapeutic candidate; drug/biological intervention type with no disqualifying evidence found,rule_classification,medium,True,,,,structured_ct_gov_evidence,tier2_6_resolver,medium,existing evidence only (structured_ct_gov_evidence); no NIH match found,ct.gov structured modality='Small Molecule',False,,,,Small Molecule,inferred_default,True
Niacin,Phase 2,Cognition Enhancer,Symptomatic,Recruiting,1,30.0,Indiana University,False,no_match,medium,True,0,1,Therapeutic Drug,investigational therapeutic candidate; drug/biological intervention type with no disqualifying evidence found,rule_classification,medium,True,Symptomatic,,,structured_ct_gov_evidence,tier2_6_resolver,medium,existing evidence only (structured_ct_gov_evidence); no NIH match found,ct.gov structured modality='Small Molecule'; ct.gov structured target(s)=['Symptomatic'],False,,,,Small Molecule,inferred_from_target_pathway,True
Nicotinamide,Phase 2,Disease-Targeted Small Molecule,Metabolism,Completed,2,50.0,"University of California, Irvine",False,no_match,medium,True,0,2,Therapeutic Drug,investigational therapeutic candidate; drug/biological intervention type with no disqualifying evidence found,rule_classification,medium,True,Metabolism,,,structured_ct_gov_evidence,tier2_6_resolver,medium,existing evidence only (structured_ct_gov_evidence); no NIH match found,ct.gov structured modality='Small Molecule'; known-compound target='Metabolism',False,,,,Small Molecule,inferred_default,True
Nicotinamide Riboside (NR),Phase 2,Disease-Targeted Small Molecule,Metabolism,Recruiting,1,270.0,Haukeland University Hospital,False,no_match,medium,True,0,1,Non-Drug Intervention,dietary supplement / nutraceutical — excluded from the default therapeutic view unless curated as a genuine investigational program (data/reference/intervention_scope_overrides.csv),rule_type,medium,False,Metabolism,,,structured_ct_gov_evidence,tier2_6_resolver,medium,existing evidence only (structured_ct_gov_evidence); no NIH match found,ct.gov structured modality='Dietary Supplement'; known-compound target='Metabolism',False,,,,Dietary Supplement,inferred_default,True
Nicotine Patch,Phase 2,Disease-Targeted Small Molecule,Other,Completed,1,348.0,University of Southern California,False,no_match,medium,True,0,1,Therapeutic Drug,investigational therapeutic candidate; drug/biological intervention type with no disqualifying evidence found,rule_classification,medium,True,,,,structured_ct_gov_evidence,tier2_6_resolver,medium,existing evidence only (structured_ct_gov_evidence); no NIH match found,ct.gov structured modality='Small Molecule',False,,,,Small Molecule,inferred_default,True
Nilotinib (s) Once a Day by Mouth,Phase 2,Disease-Targeted Small Molecule,Neuroprotection,Completed,1,37.0,Georgetown University,False,no_match,medium,True,0,1,Therapeutic Drug,investigational therapeutic candidate; drug/biological intervention type with no disqualifying evidence found,rule_classification,medium,True,Neuroprotection,,,structured_ct_gov_evidence,tier2_6_resolver,medium,existing evidence only (structured_ct_gov_evidence); no NIH match found,ct.gov structured modality='Small Molecule'; known-compound target='Neuroprotection',False,,,,Small Molecule,inferred_default,True
Novasoy,Phase 2,Disease-Targeted Small Molecule,Other,Completed,1,72.0,"University of Wisconsin, Madison",False,no_match,medium,True,0,1,Therapeutic Drug,investigational therapeutic candidate; drug/biological intervention type with no disqualifying evidence found,rule_classification,medium,True,,,,structured_ct_gov_evidence,tier2_6_resolver,medium,existing evidence only (structured_ct_gov_evidence); no NIH match found,ct.gov structured modality='Small Molecule',False,,,,Small Molecule,inferred_default,True
Nutriceutical formulation,Phase 2,Disease-Targeted Small Molecule,Other,Completed,1,135.0,"University of Massachusetts, Worcester",False,no_match,medium,True,0,1,Non-Drug Intervention,dietary supplement / nutraceutical — excluded from the default therapeutic view unless curated as a genuine investigational program (data/reference/intervention_scope_overrides.csv),rule_type,medium,False,,,,structured_ct_gov_evidence,tier2_6_resolver,medium,existing evidence only (structured_ct_gov_evidence); no NIH match found,ct.gov structured modality='Dietary Supplement',False,,,,Dietary Supplement,inferred_default,True
Nutritional Supplement,Phase 2,Disease-Targeted Small Molecule,Metabolism,Completed,1,40.0,National Institute on Aging (NIA),False,no_match,medium,True,0,1,Therapeutic Drug,investigational therapeutic candidate; drug/biological intervention type with no disqualifying evidence found,rule_classification,medium,True,Metabolism,,,structured_ct_gov_evidence,tier2_6_resolver,medium,existing evidence only (structured_ct_gov_evidence); no NIH match found,ct.gov structured modality='Small Molecule'; ct.gov structured target(s)=['Metabolism'],False,,,,Small Molecule,inferred_default,True
ONO-2020,Phase 2,Cognition Enhancer,Neuropsychiatric,Recruiting,2,240.0,"Ono Pharmaceutical Co., Ltd.",False,no_match,medium,True,0,2,Therapeutic Drug,investigational therapeutic candidate; drug/biological intervention type with no disqualifying evidence found,rule_classification,medium,True,Neuropsychiatric,Epigenetic regulator modulating immune function and inflammation,,nih_reference,tier2_6_resolver,medium,NIH reference evidence (agrees with existing evidence),ct.gov structured modality='Small Molecule'; ct.gov structured target(s)=['Neuropsychiatric']; NIH agent='ONO‐2020' CADRO='Epigenetic regulators',False,STT,Cognition Enhancer,Epigenetic regulators,Small Molecule,nih_reference,False
ONO-2506PO,Phase 2,Disease-Targeted Small Molecule,Other,Completed,1,647.0,Ono Pharma USA Inc,False,no_match,medium,True,0,1,Therapeutic Drug,investigational therapeutic candidate; drug/biological intervention type with no disqualifying evidence found,rule_classification,medium,True,,,,structured_ct_gov_evidence,tier2_6_resolver,medium,existing evidence only (structured_ct_gov_evidence); no NIH match found,ct.gov structured modality='Small Molecule',False,,,,Small Molecule,inferred_default,True
ORM-12741,Phase 2,Neuropsychiatric Symptom Tx,Neuropsychiatric,Completed,2,308.0,"Orion Corporation, Orion Pharma",False,no_match,medium,True,0,2,Therapeutic Drug,investigational therapeutic candidate; drug/biological intervention type with no disqualifying evidence found,rule_classification,medium,True,Neuropsychiatric,,,structured_ct_gov_evidence,tier2_6_resolver,medium,existing evidence only (structured_ct_gov_evidence); no NIH match found,ct.gov structured modality='Small Molecule'; ct.gov structured target(s)=['Neuropsychiatric'],False,,,,Small Molecule,inferred_from_target_pathway,True
Obicetrapib,Phase 2,Disease-Targeted Small Molecule,Other,Completed,1,13.0,NewAmsterdam Pharma,False,no_match,medium,True,0,1,Therapeutic Drug,investigational therapeutic candidate; drug/biological intervention type with no disqualifying evidence found,rule_classification,medium,True,,,,structured_ct_gov_evidence,tier2_6_resolver,medium,existing evidence only (structured_ct_gov_evidence); no NIH match found,ct.gov structured modality='Small Molecule',False,,,,Small Molecule,inferred_default,True
Omega 3 PUFA,Phase 2,Disease-Targeted Small Molecule,Other,Unknown,1,102.0,Oregon Health and Science University,False,no_match,medium,True,0,1,Therapeutic Drug,investigational therapeutic candidate; drug/biological intervention type with no disqualifying evidence found,rule_classification,medium,True,,,,structured_ct_gov_evidence,tier2_6_resolver,medium,existing evidence only (structured_ct_gov_evidence); no NIH match found,ct.gov structured modality='Small Molecule',False,,,,Small Molecule,inferred_default,True
PBT2,Phase 2,Disease-Targeted Small Molecule,Amyloid,Completed,1,80.0,Prana Biotechnology Limited,False,no_match,medium,True,0,1,Therapeutic Drug,investigational therapeutic candidate; drug/biological intervention type with no disqualifying evidence found,rule_classification,medium,True,Amyloid,,,structured_ct_gov_evidence,tier2_6_resolver,medium,existing evidence only (structured_ct_gov_evidence); no NIH match found,ct.gov structured modality='Small Molecule'; known-compound target='Amyloid',False,,,,Small Molecule,inferred_default,True
PF-04360365,Phase 2,Disease-Targeted Biologic,Amyloid,Completed,7,198.0,Pfizer,False,no_match,medium,True,0,7,Therapeutic Drug,investigational therapeutic candidate; drug/biological intervention type with no disqualifying evidence found,rule_classification,medium,True,Amyloid,,,structured_ct_gov_evidence,tier2_6_resolver,medium,existing evidence only (structured_ct_gov_evidence); no NIH match found,ct.gov structured modality='Biologic'; known-compound target='Amyloid',False,,,,Biologic,inferred_from_modality,True
PF-04447943,Phase 2,Disease-Targeted Small Molecule,Neuroprotection,Completed,3,191.0,Pfizer,False,no_match,medium,True,0,3,Therapeutic Drug,investigational therapeutic candidate; drug/biological intervention type with no disqualifying evidence found,rule_classification,medium,True,Neuroprotection,,,structured_ct_gov_evidence,tier2_6_resolver,medium,existing evidence only (structured_ct_gov_evidence); no NIH match found,ct.gov structured modality='Small Molecule'; known-compound target='Neuroprotection',False,,,,Small Molecule,inferred_default,True
PF-04494700,Phase 2,Disease-Targeted Small Molecule,Amyloid,Completed,1,402.0,Pfizer,False,no_match,medium,True,0,1,Therapeutic Drug,investigational therapeutic candidate; drug/biological intervention type with no disqualifying evidence found,rule_classification,medium,True,Amyloid,,,structured_ct_gov_evidence,tier2_6_resolver,medium,existing evidence only (structured_ct_gov_evidence); no NIH match found,ct.gov structured modality='Small Molecule'; known-compound target='Amyloid',False,,,,Small Molecule,inferred_default,True
PF-05212377 (SAM-760),Phase 2,Cognition Enhancer,Symptomatic,Discontinued,1,186.0,Pfizer,False,no_match,medium,True,0,1,Therapeutic Drug,investigational therapeutic candidate; drug/biological intervention type with no disqualifying evidence found,rule_classification,medium,True,Symptomatic,,,structured_ct_gov_evidence,tier2_6_resolver,medium,existing evidence only (structured_ct_gov_evidence); no NIH match found,ct.gov structured modality='Small Molecule'; known-compound target='Symptomatic',False,,,,Small Molecule,inferred_from_target_pathway,True
PMPBB3,Phase 2,Disease-Targeted Small Molecule,Amyloid,Unknown,1,220.0,Chang Gung Memorial Hospital,False,no_match,medium,True,0,1,Therapeutic Drug,investigational therapeutic candidate; drug/biological intervention type with no disqualifying evidence found,rule_classification,medium,True,Amyloid; Tau,,,structured_ct_gov_evidence,tier2_6_resolver,medium,existing evidence only (structured_ct_gov_evidence); no NIH match found,"ct.gov structured modality='Small Molecule'; ct.gov structured target(s)=['Amyloid', 'Tau']",False,,,,Small Molecule,inferred_default,True
PPI-1019 (APAN),Phase 2,Disease-Targeted Small Molecule,Other,Completed,2,125.0,PRAECIS Pharmaceuticals Inc.,False,no_match,medium,True,0,2,Therapeutic Drug,investigational therapeutic candidate; drug/biological intervention type with no disqualifying evidence found,rule_classification,medium,True,,,,structured_ct_gov_evidence,tier2_6_resolver,medium,existing evidence only (structured_ct_gov_evidence); no NIH match found,ct.gov structured modality='Small Molecule',False,,,,Small Molecule,inferred_default,True
PQ912,Phase 2,Disease-Targeted Small Molecule,Amyloid,Completed,3,259.0,Vivoryon Therapeutics N.V.,False,no_match,medium,True,0,3,Therapeutic Drug,investigational therapeutic candidate; drug/biological intervention type with no disqualifying evidence found,rule_classification,medium,True,Amyloid,,,structured_ct_gov_evidence,tier2_6_resolver,medium,existing evidence only (structured_ct_gov_evidence); no NIH match found,ct.gov structured modality='Small Molecule'; known-compound target='Amyloid',False,,,,Small Molecule,inferred_default,True
PRI-002,Phase 2,Disease-Targeted Small Molecule,Other,Completed,1,304.0,PRInnovation GmbH,False,no_match,medium,True,0,1,Therapeutic Drug,investigational therapeutic candidate; drug/biological intervention type with no disqualifying evidence found,rule_classification,medium,True,,,,structured_ct_gov_evidence,tier2_6_resolver,medium,existing evidence only (structured_ct_gov_evidence); no NIH match found,ct.gov structured modality='Small Molecule',False,,,,Small Molecule,inferred_default,True
PRX-03140,Phase 2,Disease-Targeted Small Molecule,Other,Completed,3,420.0,"Epix Pharmaceuticals, Inc.",False,no_match,medium,True,0,3,Therapeutic Drug,investigational therapeutic candidate; drug/biological intervention type with no disqualifying evidence found,rule_classification,medium,True,,,,structured_ct_gov_evidence,tier2_6_resolver,medium,existing evidence only (structured_ct_gov_evidence); no NIH match found,ct.gov structured modality='Small Molecule',False,,,,Small Molecule,inferred_default,True
PTI-125,Phase 2,Disease-Targeted Small Molecule,Other,Completed,1,13.0,Pain Therapeutics,False,no_match,medium,True,0,1,Therapeutic Drug,investigational therapeutic candidate; drug/biological intervention type with no disqualifying evidence found,rule_classification,medium,True,,,,structured_ct_gov_evidence,tier2_6_resolver,medium,existing evidence only (structured_ct_gov_evidence); no NIH match found,ct.gov structured modality='Small Molecule',False,,,,Small Molecule,inferred_default,True
PXT00864,Phase 2,Disease-Targeted Small Molecule,Other,Completed,2,47.0,Pharnext S.C.A.,False,no_match,medium,True,0,2,Therapeutic Drug,investigational therapeutic candidate; drug/biological intervention type with no disqualifying evidence found,rule_classification,medium,True,,,,structured_ct_gov_evidence,tier2_6_resolver,medium,existing evidence only (structured_ct_gov_evidence); no NIH match found,ct.gov structured modality='Small Molecule',False,,,,Small Molecule,inferred_default,True
PYM50028,Phase 2,Disease-Targeted Small Molecule,Other,Completed,1,250.0,Phytopharm,False,no_match,medium,True,0,1,Therapeutic Drug,investigational therapeutic candidate; drug/biological intervention type with no disqualifying evidence found,rule_classification,medium,True,,,,structured_ct_gov_evidence,tier2_6_resolver,medium,existing evidence only (structured_ct_gov_evidence); no NIH match found,ct.gov structured modality='Small Molecule',False,,,,Small Molecule,inferred_default,True
Panax Ginseng,Phase 2,Disease-Targeted Small Molecule,Other,Completed,1,,Seoul National University Hospital,False,no_match,medium,True,0,1,Therapeutic Drug,investigational therapeutic candidate; drug/biological intervention type with no disqualifying evidence found,rule_classification,medium,True,,,,structured_ct_gov_evidence,tier2_6_resolver,medium,existing evidence only (structured_ct_gov_evidence); no NIH match found,ct.gov structured modality='Small Molecule',False,,,,Small Molecule,inferred_default,True
Patient Education,Phase 2,Neuropsychiatric Symptom Tx,Neuropsychiatric,Recruiting,1,144.0,University of Virginia,False,no_match,medium,True,0,1,Therapeutic Drug,investigational therapeutic candidate; drug/biological intervention type with no disqualifying evidence found,rule_classification,medium,True,Neuropsychiatric,,,structured_ct_gov_evidence,tier2_6_resolver,medium,existing evidence only (structured_ct_gov_evidence); no NIH match found,ct.gov structured modality='Other'; ct.gov structured target(s)=['Neuropsychiatric'],False,,,,Other,inferred_from_target_pathway,True
Pepinemab,Phase 2,Disease-Targeted Biologic,Metabolism,Completed,1,50.0,Vaccinex Inc.,False,no_match,medium,True,0,1,Therapeutic Drug,investigational therapeutic candidate; drug/biological intervention type with no disqualifying evidence found,rule_classification,medium,True,Metabolism,,,structured_ct_gov_evidence,tier2_6_resolver,medium,existing evidence only (structured_ct_gov_evidence); no NIH match found,ct.gov structured modality='Biologic'; ct.gov structured target(s)=['Metabolism'],False,,,,Biologic,inferred_from_modality,True
Pimavanserin tartrate,Phase 2,Neuropsychiatric Symptom Tx,Neuropsychiatric,Completed,1,181.0,ACADIA Pharmaceuticals Inc.,False,no_match,medium,True,0,1,Therapeutic Drug,investigational therapeutic candidate; drug/biological intervention type with no disqualifying evidence found,rule_classification,medium,True,Neuropsychiatric,,,structured_ct_gov_evidence,tier2_6_resolver,medium,existing evidence only (structured_ct_gov_evidence); no NIH match found,ct.gov structured modality='Small Molecule'; known-compound target='Neuropsychiatric',False,,,,Small Molecule,inferred_from_target_pathway,True
Polyamine,Phase 2,Disease-Targeted Small Molecule,Other,Completed,1,100.0,"Charite University, Berlin, Germany",False,no_match,medium,True,0,1,Non-Drug Intervention,dietary supplement / nutraceutical — excluded from the default therapeutic view unless curated as a genuine investigational program (data/reference/intervention_scope_overrides.csv),rule_type,medium,False,,,,structured_ct_gov_evidence,tier2_6_resolver,medium,existing evidence only (structured_ct_gov_evidence); no NIH match found,ct.gov structured modality='Dietary Supplement',False,,,,Dietary Supplement,inferred_default,True
Posiphen,Phase 2,Disease-Targeted Small Molecule,Neuroprotection,Completed,2,75.0,Annovis Bio Inc.,False,no_match,medium,True,0,2,Therapeutic Drug,investigational therapeutic candidate; drug/biological intervention type with no disqualifying evidence found,rule_classification,medium,True,Neuroprotection,,,structured_ct_gov_evidence,tier2_6_resolver,medium,existing evidence only (structured_ct_gov_evidence); no NIH match found,ct.gov structured modality='Small Molecule'; known-compound target='Neuroprotection',False,,,,Small Molecule,inferred_default,True
Prazosin,Phase 2,Neuropsychiatric Symptom Tx,Neuropsychiatric,Completed,1,35.0,Alzheimer's Disease Cooperative Study (ADCS),False,no_match,medium,True,0,1,Therapeutic Drug,investigational therapeutic candidate; drug/biological intervention type with no disqualifying evidence found,rule_classification,medium,True,Neuropsychiatric,,,structured_ct_gov_evidence,tier2_6_resolver,medium,existing evidence only (structured_ct_gov_evidence); no NIH match found,ct.gov structured modality='Small Molecule'; ct.gov structured target(s)=['Neuropsychiatric'],False,,,,Small Molecule,inferred_from_target_pathway,True
PrimeC,Phase 2,Disease-Targeted Small Molecule,Other,Discontinued,1,8.0,NeuroSense Therapeutics Ltd.,False,no_match,medium,True,0,1,Therapeutic Drug,investigational therapeutic candidate; drug/biological intervention type with no disqualifying evidence found,rule_classification,medium,True,,,,structured_ct_gov_evidence,tier2_6_resolver,medium,existing evidence only (structured_ct_gov_evidence); no NIH match found,ct.gov structured modality='Small Molecule',False,,,,Small Molecule,inferred_default,True
PrimePro™/ PrimeMSK™,Phase 2,Disease-Targeted Biologic,Other,Recruiting,1,5000.0,Thomas Advanced Medical LLC,False,no_match,medium,True,0,1,Therapeutic Drug,investigational therapeutic candidate; drug/biological intervention type with no disqualifying evidence found,rule_classification,medium,True,,,,structured_ct_gov_evidence,tier2_6_resolver,medium,existing evidence only (structured_ct_gov_evidence); no NIH match found,ct.gov structured modality='Biologic',False,,,,Biologic,inferred_from_modality,True
Probiotic,Phase 2,Disease-Targeted Small Molecule,Other,Recruiting,1,40.0,"University of Wisconsin, Madison",False,no_match,medium,True,0,1,Therapeutic Drug,investigational therapeutic candidate; drug/biological intervention type with no disqualifying evidence found,rule_classification,medium,True,,,,structured_ct_gov_evidence,tier2_6_resolver,medium,existing evidence only (structured_ct_gov_evidence); no NIH match found,ct.gov structured modality='Small Molecule',False,,,,Small Molecule,inferred_default,True
Probucol,Phase 2,Disease-Targeted Small Molecule,Other,Completed,1,23.0,Douglas Mental Health University Institute,False,no_match,medium,True,0,1,Therapeutic Drug,investigational therapeutic candidate; drug/biological intervention type with no disqualifying evidence found,rule_classification,medium,True,,,,structured_ct_gov_evidence,tier2_6_resolver,medium,existing evidence only (structured_ct_gov_evidence); no NIH match found,ct.gov structured modality='Small Molecule',False,,,,Small Molecule,inferred_default,True
Progenitor Stem Cell Culture,Phase 2,Disease-Targeted Biologic,Other,Discontinued,1,0.0,Department of Medical Services Ministry of Public Health of Thailand,False,no_match,medium,True,0,1,Therapeutic Drug,investigational therapeutic candidate; drug/biological intervention type with no disqualifying evidence found,rule_classification,medium,True,,,,structured_ct_gov_evidence,tier2_6_resolver,medium,existing evidence only (structured_ct_gov_evidence); no NIH match found,ct.gov structured modality='Cell/Gene Therapy',False,,,,Cell/Gene Therapy,inferred_from_modality,True
Proleukin,Phase 2,Disease-Targeted Small Molecule,Other,Active,1,40.0,Centre Hospitalier St Anne,False,no_match,medium,True,0,1,Therapeutic Drug,investigational therapeutic candidate; drug/biological intervention type with no disqualifying evidence found,rule_classification,medium,True,,,,structured_ct_gov_evidence,tier2_6_resolver,medium,existing evidence only (structured_ct_gov_evidence); no NIH match found,ct.gov structured modality='Small Molecule',False,,,,Small Molecule,inferred_default,True
Psilocybin,Phase 2,Neuropsychiatric Symptom Tx,Neuropsychiatric,Recruiting,2,200.0,Johns Hopkins University; National Institute on Aging (NIA),False,no_match,medium,True,0,2,Therapeutic Drug,investigational therapeutic candidate; drug/biological intervention type with no disqualifying evidence found,rule_classification,medium,True,Neuropsychiatric,Serotonin 2A receptor (5‐HT2A) agonist,,nih_reference,tier2_6_resolver,medium,NIH reference evidence (agrees with existing evidence),ct.gov structured modality='Small Molecule'; ct.gov structured target(s)=['Neuropsychiatric']; NIH agent='Psilocybin' CADRO='Neurotransmitter receptors',False,STT,Neuropsychiatric,Neurotransmitter receptors,Small Molecule,nih_reference,False
R-pramipexole,Phase 2,Disease-Targeted Small Molecule,Other,Completed,1,20.0,Virginia Commonwealth University,False,no_match,medium,True,0,1,Therapeutic Drug,investigational therapeutic candidate; drug/biological intervention type with no disqualifying evidence found,rule_classification,medium,True,,,,structured_ct_gov_evidence,tier2_6_resolver,medium,existing evidence only (structured_ct_gov_evidence); no NIH match found,ct.gov structured modality='Small Molecule',False,,,,Small Molecule,inferred_default,True
RB-ADSC,Phase 2,Disease-Targeted Biologic,Other,Recruiting,3,115.0,"Regeneration Biomedical, Inc.",False,no_match,medium,True,0,3,Therapeutic Drug,investigational therapeutic candidate; drug/biological intervention type with no disqualifying evidence found,rule_classification,medium,True,,,,structured_ct_gov_evidence,tier2_6_resolver,medium,existing evidence only (structured_ct_gov_evidence); no NIH match found,ct.gov structured modality='Biologic',False,,,,Biologic,inferred_from_modality,True
RO4602522,Phase 2,Disease-Targeted Small Molecule,Other,Completed,2,542.0,Hoffmann-La Roche,False,no_match,medium,True,0,2,Therapeutic Drug,investigational therapeutic candidate; drug/biological intervention type with no disqualifying evidence found,rule_classification,medium,True,,,,structured_ct_gov_evidence,tier2_6_resolver,medium,existing evidence only (structured_ct_gov_evidence); no NIH match found,ct.gov structured modality='Small Molecule',False,,,,Small Molecule,inferred_default,True
RO5313534,Phase 2,Disease-Targeted Small Molecule,Other,Completed,1,389.0,Hoffmann-La Roche,False,no_match,medium,True,0,1,Therapeutic Drug,investigational therapeutic candidate; drug/biological intervention type with no disqualifying evidence found,rule_classification,medium,True,,,,structured_ct_gov_evidence,tier2_6_resolver,medium,existing evidence only (structured_ct_gov_evidence); no NIH match found,ct.gov structured modality='Small Molecule',False,,,,Small Molecule,inferred_default,True
RO7126209,Phase 2,Disease-Targeted Small Molecule,Other,Active,2,241.0,Hoffmann-La Roche,False,no_match,medium,True,0,2,Therapeutic Drug,investigational therapeutic candidate; drug/biological intervention type with no disqualifying evidence found,rule_classification,medium,True,,,,structured_ct_gov_evidence,tier2_6_resolver,medium,existing evidence only (structured_ct_gov_evidence); no NIH match found,ct.gov structured modality='Small Molecule',False,,,,Small Molecule,inferred_default,True
RO7269162,Phase 2,Disease-Targeted Small Molecule,Amyloid,Active,1,256.0,Hoffmann-La Roche,False,no_match,medium,True,0,1,Therapeutic Drug,investigational therapeutic candidate; drug/biological intervention type with no disqualifying evidence found,rule_classification,medium,True,Amyloid,Gamma‐secretase modulator to reduce Aß production,,nih_reference,tier2_6_resolver,medium,NIH reference evidence (agrees with existing evidence),ct.gov structured modality='Small Molecule'; NIH agent='RO7269162' CADRO='Amyloid‐beta',False,DTT,Small Molecule,Amyloid‐beta,Small Molecule,nih_reference,False
RP902,Phase 2,Disease-Targeted Small Molecule,Other,Recruiting,1,360.0,"Risen (Suzhou) Pharma Tech Co., Ltd.",False,no_match,medium,True,0,1,Therapeutic Drug,investigational therapeutic candidate; drug/biological intervention type with no disqualifying evidence found,rule_classification,medium,True,,,,structured_ct_gov_evidence,tier2_6_resolver,medium,existing evidence only (structured_ct_gov_evidence); no NIH match found,ct.gov structured modality='Small Molecule',False,,,,Small Molecule,inferred_default,True
RPh201,Phase 2,Disease-Targeted Small Molecule,Other,Completed,1,83.0,Regenera Pharma Ltd,False,no_match,medium,True,0,1,Therapeutic Drug,investigational therapeutic candidate; drug/biological intervention type with no disqualifying evidence found,rule_classification,medium,True,,,,structured_ct_gov_evidence,tier2_6_resolver,medium,existing evidence only (structured_ct_gov_evidence); no NIH match found,ct.gov structured modality='Small Molecule',False,,,,Small Molecule,inferred_default,True
"RPh201, botanical drug product",Phase 2,Disease-Targeted Small Molecule,Other,Completed,1,39.0,Regenera Pharma Ltd,False,no_match,medium,True,0,1,Therapeutic Drug,investigational therapeutic candidate; drug/biological intervention type with no disqualifying evidence found,rule_classification,medium,True,,,,structured_ct_gov_evidence,tier2_6_resolver,medium,existing evidence only (structured_ct_gov_evidence); no NIH match found,ct.gov structured modality='Small Molecule',False,,,,Small Molecule,inferred_default,True
Ramelteon,Phase 2,Disease-Targeted Small Molecule,Other,Completed,1,74.0,Takeda,False,no_match,medium,True,0,1,Therapeutic Drug,investigational therapeutic candidate; drug/biological intervention type with no disqualifying evidence found,rule_classification,medium,True,,,,structured_ct_gov_evidence,tier2_6_resolver,medium,existing evidence only (structured_ct_gov_evidence); no NIH match found,ct.gov structured modality='Small Molecule',False,,,,Small Molecule,inferred_default,True
Rapamycin,Phase 2,Disease-Targeted Small Molecule,Other,Active,1,40.0,The University of Texas Health Science Center at San Antonio,False,no_match,medium,True,0,1,Therapeutic Drug,investigational therapeutic candidate; drug/biological intervention type with no disqualifying evidence found,rule_classification,medium,True,,,,structured_ct_gov_evidence,tier2_6_resolver,medium,existing evidence only (structured_ct_gov_evidence); no NIH match found,ct.gov structured modality='Small Molecule',False,,,,Small Molecule,inferred_default,True
Rasagiline,Phase 2,Cognition Enhancer,Symptomatic,Completed,2,376.0,"Teva Branded Pharmaceutical Products R&D, Inc.; The Cleveland Clinic",False,no_match,medium,True,0,2,Therapeutic Drug,investigational therapeutic candidate; drug/biological intervention type with no disqualifying evidence found,rule_classification,medium,True,Symptomatic,,,structured_ct_gov_evidence,tier2_6_resolver,medium,existing evidence only (structured_ct_gov_evidence); no NIH match found,ct.gov structured modality='Small Molecule'; known-compound target='Symptomatic',False,,,,Small Molecule,inferred_from_target_pathway,True
Regular Insulin,Phase 2,Disease-Targeted Small Molecule,Metabolism,Completed,1,173.0,University of Washington,False,no_match,medium,True,0,1,Therapeutic Drug,investigational therapeutic candidate; drug/biological intervention type with no disqualifying evidence found,rule_classification,medium,True,Metabolism,,,structured_ct_gov_evidence,tier2_6_resolver,medium,existing evidence only (structured_ct_gov_evidence); no NIH match found,ct.gov structured modality='Small Molecule'; ct.gov structured target(s)=['Metabolism'],False,,,,Small Molecule,inferred_default,True
Resveratrol,Phase 2,Disease-Targeted Small Molecule,Other,Completed,1,119.0,Alzheimer's Disease Cooperative Study (ADCS),False,no_match,medium,True,0,1,Therapeutic Drug,investigational therapeutic candidate; drug/biological intervention type with no disqualifying evidence found,rule_classification,medium,True,,,,structured_ct_gov_evidence,tier2_6_resolver,medium,existing evidence only (structured_ct_gov_evidence); no NIH match found,ct.gov structured modality='Small Molecule',False,,,,Small Molecule,inferred_default,True
"Resveratrol, Quercetin, and Curcumin (RQC)",Phase 2,Disease-Targeted Small Molecule,Neuroprotection,Recruiting,1,200.0,Zaparackas and Knepper LTD,False,no_match,medium,True,0,1,Therapeutic Drug,investigational therapeutic candidate; drug/biological intervention type with no disqualifying evidence found,rule_classification,medium,True,Neuroprotection,,,structured_ct_gov_evidence,tier2_6_resolver,medium,existing evidence only (structured_ct_gov_evidence); no NIH match found,ct.gov structured modality='Small Molecule'; known-compound target='Neuroprotection',False,,,,Small Molecule,inferred_default,True
Revusiran (ALN-TTRSC),Phase 2,Disease-Targeted Small Molecule,Amyloid,Completed,1,25.0,Alnylam Pharmaceuticals,False,no_match,medium,True,0,1,Therapeutic Drug,investigational therapeutic candidate; drug/biological intervention type with no disqualifying evidence found,rule_classification,medium,True,Amyloid,,,structured_ct_gov_evidence,tier2_6_resolver,medium,existing evidence only (structured_ct_gov_evidence); no NIH match found,ct.gov structured modality='Small Molecule'; ct.gov structured target(s)=['Amyloid'],False,,,,Small Molecule,inferred_default,True
Rifaximin 550 milligrams (MG),Phase 2,Disease-Targeted Small Molecule,Other,Completed,1,10.0,Duke University,False,no_match,medium,True,0,1,Therapeutic Drug,investigational therapeutic candidate; drug/biological intervention type with no disqualifying evidence found,rule_classification,medium,True,,,,structured_ct_gov_evidence,tier2_6_resolver,medium,existing evidence only (structured_ct_gov_evidence); no NIH match found,ct.gov structured modality='Small Molecule',False,,,,Small Molecule,inferred_default,True
Rifaximin SSD,Phase 2,Disease-Targeted Small Molecule,Other,Recruiting,1,20.0,Jasmohan Bajaj,False,no_match,medium,True,0,1,Therapeutic Drug,investigational therapeutic candidate; drug/biological intervention type with no disqualifying evidence found,rule_classification,medium,True,,,,structured_ct_gov_evidence,tier2_6_resolver,medium,existing evidence only (structured_ct_gov_evidence); no NIH match found,ct.gov structured modality='Small Molecule',False,,,,Small Molecule,inferred_default,True
Riluzole,Phase 2,Disease-Targeted Small Molecule,Other,Completed,1,50.0,Icahn School of Medicine at Mount Sinai,False,no_match,medium,True,0,1,Therapeutic Drug,investigational therapeutic candidate; drug/biological intervention type with no disqualifying evidence found,rule_classification,medium,True,,,,structured_ct_gov_evidence,tier2_6_resolver,medium,existing evidence only (structured_ct_gov_evidence); no NIH match found,ct.gov structured modality='Small Molecule',False,,,,Small Molecule,inferred_default,True
Rotigotine patch,Phase 2,Disease-Targeted Small Molecule,Other,Completed,1,94.0,I.R.C.C.S. Fondazione Santa Lucia,False,no_match,medium,True,0,1,Therapeutic Drug,investigational therapeutic candidate; drug/biological intervention type with no disqualifying evidence found,rule_classification,medium,True,,,,structured_ct_gov_evidence,tier2_6_resolver,medium,existing evidence only (structured_ct_gov_evidence); no NIH match found,ct.gov structured modality='Small Molecule',False,,,,Small Molecule,inferred_default,True
S-equol,Phase 2,Disease-Targeted Small Molecule,Other,Active,2,369.0,"Akira Sekikawa; Russell Swerdlow, MD",False,no_match,medium,True,0,2,Therapeutic Drug,investigational therapeutic candidate; drug/biological intervention type with no disqualifying evidence found,rule_classification,medium,True,,,,structured_ct_gov_evidence,tier2_6_resolver,medium,existing evidence only (structured_ct_gov_evidence); no NIH match found,ct.gov structured modality='Small Molecule',False,,,,Small Molecule,inferred_default,True
S47445,Phase 2,Neuropsychiatric Symptom Tx,Neuropsychiatric,Completed,1,500.0,Institut de Recherches Internationales Servier,False,no_match,medium,True,0,1,Therapeutic Drug,investigational therapeutic candidate; drug/biological intervention type with no disqualifying evidence found,rule_classification,medium,True,Neuropsychiatric,,,structured_ct_gov_evidence,tier2_6_resolver,medium,existing evidence only (structured_ct_gov_evidence); no NIH match found,ct.gov structured modality='Small Molecule'; ct.gov structured target(s)=['Neuropsychiatric'],False,,,,Small Molecule,inferred_from_target_pathway,True
SAGE-718,Phase 2,Disease-Targeted Small Molecule,Other,Completed,2,174.0,"Supernus Pharmaceuticals, Inc.",False,no_match,medium,True,0,2,Therapeutic Drug,investigational therapeutic candidate; drug/biological intervention type with no disqualifying evidence found,rule_classification,medium,True,,,,structured_ct_gov_evidence,tier2_6_resolver,medium,existing evidence only (structured_ct_gov_evidence); no NIH match found,ct.gov structured modality='Small Molecule',False,,,,Small Molecule,inferred_default,True
SAM-531,Phase 2,Cognition Enhancer,Symptomatic,Completed,10,526.0,Pfizer; Wyeth is now a wholly owned subsidiary of Pfizer,False,no_match,medium,True,0,10,Therapeutic Drug,investigational therapeutic candidate; drug/biological intervention type with no disqualifying evidence found,rule_classification,medium,True,Symptomatic,,,structured_ct_gov_evidence,tier2_6_resolver,medium,existing evidence only (structured_ct_gov_evidence); no NIH match found,ct.gov structured modality='Small Molecule'; known-compound target='Symptomatic',False,,,,Small Molecule,inferred_from_target_pathway,True
SAR110894,Phase 2,Disease-Targeted Small Molecule,Other,Completed,1,291.0,Sanofi,False,no_match,medium,True,0,1,Therapeutic Drug,investigational therapeutic candidate; drug/biological intervention type with no disqualifying evidence found,rule_classification,medium,True,,,,structured_ct_gov_evidence,tier2_6_resolver,medium,existing evidence only (structured_ct_gov_evidence); no NIH match found,ct.gov structured modality='Small Molecule',False,,,,Small Molecule,inferred_default,True
SAR448851,Phase 2,Disease-Targeted Small Molecule,Other,Recruiting,1,160.0,Sanofi,False,no_match,medium,True,0,1,Therapeutic Drug,investigational therapeutic candidate; drug/biological intervention type with no disqualifying evidence found,rule_classification,medium,True,,,,structured_ct_gov_evidence,tier2_6_resolver,medium,existing evidence only (structured_ct_gov_evidence); no NIH match found,ct.gov structured modality='Small Molecule',False,,,,Small Molecule,inferred_default,True
SB-742457,Phase 2,Cognition Enhancer,Symptomatic,Completed,5,682.0,GlaxoSmithKline,False,no_match,medium,True,0,5,Therapeutic Drug,investigational therapeutic candidate; drug/biological intervention type with no disqualifying evidence found,rule_classification,medium,True,Symptomatic,,,structured_ct_gov_evidence,tier2_6_resolver,medium,existing evidence only (structured_ct_gov_evidence); no NIH match found,ct.gov structured modality='Small Molecule'; known-compound target='Symptomatic',False,,,,Small Molecule,inferred_from_target_pathway,True
SCI -110,Phase 2,Neuropsychiatric Symptom Tx,Neuropsychiatric,Unknown,1,20.0,The Israeli Medical Center for Alzheimer's,False,no_match,medium,True,0,1,Therapeutic Drug,investigational therapeutic candidate; drug/biological intervention type with no disqualifying evidence found,rule_classification,medium,True,Neuropsychiatric,,,structured_ct_gov_evidence,tier2_6_resolver,medium,existing evidence only (structured_ct_gov_evidence); no NIH match found,ct.gov structured modality='Small Molecule'; ct.gov structured target(s)=['Neuropsychiatric'],False,,,,Small Molecule,inferred_from_target_pathway,True
SGS742,Phase 2,Disease-Targeted Small Molecule,Other,Completed,1,280.0,Saegis Pharmaceuticals,False,no_match,medium,True,0,1,Therapeutic Drug,investigational therapeutic candidate; drug/biological intervention type with no disqualifying evidence found,rule_classification,medium,True,,,,structured_ct_gov_evidence,tier2_6_resolver,medium,existing evidence only (structured_ct_gov_evidence); no NIH match found,ct.gov structured modality='Small Molecule',False,,,,Small Molecule,inferred_default,True
SHR-1707,Phase 2,Disease-Targeted Biologic,Amyloid,Discontinued,5,63.0,"Atridia Pty Ltd.; Shanghai Hengrui Pharmaceutical Co., Ltd.",False,no_match,medium,True,0,5,Therapeutic Drug,investigational therapeutic candidate; drug/biological intervention type with no disqualifying evidence found,rule_classification,medium,True,Amyloid,Anti‐amyloid monoclonal antibody,,nih_reference,tier2_6_resolver,high,NIH reference evidence (agrees with existing evidence),known-compound modality='Biologic'; known-compound target='Amyloid'; NIH agent='SHR‐1707' CADRO='Amyloid‐beta',False,DTT,Biologic,Amyloid‐beta,Biologic,nih_reference,False
SNK01,Phase 2,Disease-Targeted Biologic,Other,Recruiting,3,36.0,"NKGen Biotech, Inc.",False,no_match,medium,True,0,3,Therapeutic Drug,investigational therapeutic candidate; drug/biological intervention type with no disqualifying evidence found,rule_classification,medium,True,,,,structured_ct_gov_evidence,tier2_6_resolver,medium,existing evidence only (structured_ct_gov_evidence); no NIH match found,ct.gov structured modality='Biologic',False,,,,Biologic,inferred_from_modality,True
SPG302,Phase 2,Disease-Targeted Small Molecule,Neuroprotection,Active,2,24.0,Spinogenix,False,no_match,medium,True,0,2,Therapeutic Drug,investigational therapeutic candidate; drug/biological intervention type with no disqualifying evidence found,rule_classification,medium,True,Neuroprotection,Targets fascin to stimulate neurons to rebuild dendritic spines,,nih_reference,tier2_6_resolver,low,NIH and existing (official-pipeline/known-compound/ct.gov) evidence disagree: target_pathways: NIH=['Neuroprotection'] vs existing=['Tau'],ct.gov structured modality='Small Molecule'; known-compound target='Tau'; NIH agent='SPG302' CADRO='Synaptic plasticity/neuroprotection',True,DTT,Small Molecule,Synaptic plasticity/neuroprotection,Small Molecule,nih_reference,False
SR57667B,Phase 2,Disease-Targeted Small Molecule,Other,Completed,2,500.0,Sanofi,False,no_match,medium,True,0,2,Therapeutic Drug,investigational therapeutic candidate; drug/biological intervention type with no disqualifying evidence found,rule_classification,medium,True,,,,structured_ct_gov_evidence,tier2_6_resolver,medium,existing evidence only (structured_ct_gov_evidence); no NIH match found,ct.gov structured modality='Small Molecule',False,,,,Small Molecule,inferred_default,True
SRA-333,Phase 2,Disease-Targeted Small Molecule,Other,Completed,1,16.0,Wyeth is now a wholly owned subsidiary of Pfizer,False,no_match,medium,True,0,1,Therapeutic Drug,investigational therapeutic candidate; drug/biological intervention type with no disqualifying evidence found,rule_classification,medium,True,,,,structured_ct_gov_evidence,tier2_6_resolver,medium,existing evidence only (structured_ct_gov_evidence); no NIH match found,ct.gov structured modality='Small Molecule',False,,,,Small Molecule,inferred_default,True
SSR180711C,Phase 2,Disease-Targeted Small Molecule,Other,Discontinued,1,1.0,Sanofi,False,no_match,medium,True,0,1,Therapeutic Drug,investigational therapeutic candidate; drug/biological intervention type with no disqualifying evidence found,rule_classification,medium,True,,,,structured_ct_gov_evidence,tier2_6_resolver,medium,existing evidence only (structured_ct_gov_evidence); no NIH match found,ct.gov structured modality='Small Molecule',False,,,,Small Molecule,inferred_default,True
ST101,Phase 2,Disease-Targeted Small Molecule,Neuroprotection,Completed,2,210.0,"Sonexa Therapeutics, Inc.",False,no_match,medium,True,0,2,Therapeutic Drug,investigational therapeutic candidate; drug/biological intervention type with no disqualifying evidence found,rule_classification,medium,True,Neuroprotection,,,structured_ct_gov_evidence,tier2_6_resolver,medium,existing evidence only (structured_ct_gov_evidence); no NIH match found,ct.gov structured modality='Small Molecule'; known-compound target='Neuroprotection',False,,,,Small Molecule,inferred_default,True
STA-1,Phase 2,Disease-Targeted Small Molecule,Other,Unknown,1,136.0,"Sinphar Pharmaceutical Co., Ltd",False,no_match,medium,True,0,1,Therapeutic Drug,investigational therapeutic candidate; drug/biological intervention type with no disqualifying evidence found,rule_classification,medium,True,,,,structured_ct_gov_evidence,tier2_6_resolver,medium,existing evidence only (structured_ct_gov_evidence); no NIH match found,ct.gov structured modality='Small Molecule',False,,,,Small Molecule,inferred_default,True
SUVN-502,Phase 2,Disease-Targeted Small Molecule,Other,Completed,1,564.0,Suven Life Sciences Limited,False,no_match,medium,True,0,1,Therapeutic Drug,investigational therapeutic candidate; drug/biological intervention type with no disqualifying evidence found,rule_classification,medium,True,,,,structured_ct_gov_evidence,tier2_6_resolver,medium,existing evidence only (structured_ct_gov_evidence); no NIH match found,ct.gov structured modality='Small Molecule',False,,,,Small Molecule,inferred_default,True
Sagramostim,Phase 2,Disease-Targeted Small Molecule,Other,Completed,1,44.0,"University of Colorado, Denver",False,no_match,medium,True,0,1,Therapeutic Drug,investigational therapeutic candidate; drug/biological intervention type with no disqualifying evidence found,rule_classification,medium,True,,,,structured_ct_gov_evidence,tier2_6_resolver,medium,existing evidence only (structured_ct_gov_evidence); no NIH match found,ct.gov structured modality='Small Molecule',False,,,,Small Molecule,inferred_default,True
Sargramostim,Phase 2,Disease-Targeted Biologic,Inflammation,Recruiting,1,42.0,"University of Colorado, Denver",False,no_match,medium,True,0,1,Therapeutic Drug,investigational therapeutic candidate; drug/biological intervention type with no disqualifying evidence found,rule_classification,medium,True,Inflammation,Granulocyte macrophage colony stimulating factor that shifts microglia toward a phagocytic phenotype to remove amyloid protein,,nih_reference,tier2_6_resolver,high,NIH reference evidence (agrees with existing evidence),known-compound modality='Biologic'; known-compound target='Inflammation'; NIH agent='Sargramostim' CADRO='Inflammation',False,DTT,Biologic,Inflammation,Biologic,nih_reference,False
Sargramostim GZ402664,Phase 2,Disease-Targeted Biologic,Inflammation,Discontinued,1,0.0,Sanofi,False,no_match,medium,True,0,1,Therapeutic Drug,investigational therapeutic candidate; drug/biological intervention type with no disqualifying evidence found,rule_classification,medium,True,Inflammation,,,known_compound_exact_match,tier2_6_resolver,high,existing evidence only (known_compound_exact_match); no NIH match found,known-compound modality='Biologic'; known-compound target='Inflammation',False,,,,Biologic,inferred_from_modality,True
Seltorexant,Phase 2,Disease-Targeted Small Molecule,Other,Completed,1,88.0,"Janssen Research & Development, LLC",False,no_match,medium,True,0,1,Therapeutic Drug,investigational therapeutic candidate; drug/biological intervention type with no disqualifying evidence found,rule_classification,medium,True,,,,structured_ct_gov_evidence,tier2_6_resolver,medium,existing evidence only (structured_ct_gov_evidence); no NIH match found,ct.gov structured modality='Small Molecule',False,,,,Small Molecule,inferred_default,True
Semaglutide (Rybelsus®),Phase 2,Disease-Targeted Small Molecule,Metabolism,Recruiting,1,60.0,Imperial College London,False,no_match,medium,True,0,1,Therapeutic Drug,investigational therapeutic candidate; drug/biological intervention type with no disqualifying evidence found,rule_classification,medium,True,Metabolism,,,structured_ct_gov_evidence,tier2_6_resolver,medium,existing evidence only (structured_ct_gov_evidence); no NIH match found,ct.gov structured modality='Small Molecule'; known-compound target='Metabolism',False,,,,Small Molecule,inferred_default,True
Semaglutide Plus IL-2,Phase 2,Disease-Targeted Small Molecule,Metabolism,Recruiting,1,30.0,The Methodist Hospital Research Institute,False,no_match,medium,True,0,1,Therapeutic Drug,investigational therapeutic candidate; drug/biological intervention type with no disqualifying evidence found,rule_classification,medium,True,Metabolism,,,structured_ct_gov_evidence,tier2_6_resolver,medium,existing evidence only (structured_ct_gov_evidence); no NIH match found,ct.gov structured modality='Small Molecule'; known-compound target='Metabolism',False,,,,Small Molecule,inferred_default,True
Semorinemab,Phase 2,Disease-Targeted Biologic,Tau,Completed,2,457.0,"Genentech, Inc.",False,no_match,medium,True,0,2,Therapeutic Drug,investigational therapeutic candidate; drug/biological intervention type with no disqualifying evidence found,rule_classification,medium,True,Tau,,,known_compound_exact_match,tier2_6_resolver,high,existing evidence only (known_compound_exact_match); no NIH match found,known-compound modality='Biologic'; known-compound target='Tau',False,,,,Biologic,inferred_from_modality,True
Senicapoc,Phase 2,Disease-Targeted Small Molecule,Inflammation,Recruiting,1,55.0,"University of California, Davis",False,no_match,medium,True,0,1,Therapeutic Drug,investigational therapeutic candidate; drug/biological intervention type with no disqualifying evidence found,rule_classification,medium,True,Inflammation,Calcium‐activated potassium channel blocker to inhibit activation of microglial and decrease proinflammatory cytokine release,,nih_reference,tier2_6_resolver,medium,NIH reference evidence (agrees with existing evidence),ct.gov structured modality='Small Molecule'; NIH agent='Senicapoc' CADRO='Inflammation',False,DTT,Small Molecule,Inflammation,Small Molecule,nih_reference,False
Siponimod,Phase 2,Disease-Targeted Small Molecule,Inflammation,Recruiting,1,105.0,"St. Joseph's Hospital and Medical Center, Phoenix",False,no_match,medium,True,0,1,Therapeutic Drug,investigational therapeutic candidate; drug/biological intervention type with no disqualifying evidence found,rule_classification,medium,True,Inflammation,Immunomodulation; Sphingosine ‐1‐phosphate receptor modulator to decrease microglial activation and proinflammatory cytokine release,,nih_reference,tier2_6_resolver,medium,NIH reference evidence (agrees with existing evidence),ct.gov structured modality='Small Molecule'; NIH agent='Siponimod' CADRO='Inflammation',False,DTT,Small Molecule,Inflammation,Small Molecule,nih_reference,False
Sirolimus,Phase 2,Disease-Targeted Small Molecule,Other,Completed,1,14.0,Karolinska Institutet,False,no_match,medium,True,0,1,Therapeutic Drug,investigational therapeutic candidate; drug/biological intervention type with no disqualifying evidence found,rule_classification,medium,True,,Enhances cerebral blood flow; mammalian target of rapamycin (mTOR) inhibitor with immunosuppressive effects,,nih_reference,tier2_6_resolver,high,NIH reference evidence (agrees with existing evidence),ct.gov structured modality='Small Molecule'; NIH agent='Sirolimus' CADRO='Vasculature',False,DTT,Small Molecule,Vasculature,Small Molecule,nih_reference,False
Sodium Pentaborate Pentahydrate,Phase 2,Disease-Targeted Small Molecule,Other,Recruiting,1,30.0,Tabriz University of Medical Sciences,False,no_match,medium,True,0,1,Therapeutic Drug,investigational therapeutic candidate; drug/biological intervention type with no disqualifying evidence found,rule_classification,medium,True,,"Affects dysregulated genes of multiple biological processes, including inflammation, cell stress, cell growth, cell proliferation, and apoptosis.",,nih_reference,tier2_6_resolver,high,NIH reference evidence (agrees with existing evidence),ct.gov structured modality='Small Molecule'; NIH agent='Sodium pentaborate pentahydrate' CADRO='Multi‐target',False,DTT,Small Molecule,Multi‐target,Small Molecule,nih_reference,False
T-817MA,Phase 2,Disease-Targeted Small Molecule,Neuroprotection,Completed,2,373.0,"FUJIFILM Toyama Chemical Co., Ltd.",False,no_match,medium,True,0,2,Therapeutic Drug,investigational therapeutic candidate; drug/biological intervention type with no disqualifying evidence found,rule_classification,medium,True,Neuroprotection,,,structured_ct_gov_evidence,tier2_6_resolver,medium,existing evidence only (structured_ct_gov_evidence); no NIH match found,ct.gov structured modality='Small Molecule'; known-compound target='Neuroprotection',False,,,,Small Molecule,inferred_default,True
T2:C100,Phase 2,Disease-Targeted Small Molecule,Other,Active,1,120.0,University of Southern California,False,no_match,medium,True,0,1,Therapeutic Drug,investigational therapeutic candidate; drug/biological intervention type with no disqualifying evidence found,rule_classification,medium,True,,,,structured_ct_gov_evidence,tier2_6_resolver,medium,existing evidence only (structured_ct_gov_evidence); no NIH match found,ct.gov structured modality='Small Molecule',False,,,,Small Molecule,inferred_default,True
TB006,Phase 2,Disease-Targeted Small Molecule,Amyloid,Completed,3,154.0,"TrueBinding, Inc.",False,no_match,medium,True,0,3,Therapeutic Drug,investigational therapeutic candidate; drug/biological intervention type with no disqualifying evidence found,rule_classification,medium,True,Amyloid,,,structured_ct_gov_evidence,tier2_6_resolver,medium,existing evidence only (structured_ct_gov_evidence); no NIH match found,ct.gov structured modality='Small Molecule'; known-compound target='Amyloid',False,,,,Small Molecule,inferred_default,True
TEP,Phase 2,Disease-Targeted Small Molecule,Amyloid,Completed,1,20.0,Immungenetics AG,False,no_match,medium,True,0,1,Therapeutic Drug,investigational therapeutic candidate; drug/biological intervention type with no disqualifying evidence found,rule_classification,medium,True,Amyloid,,,structured_ct_gov_evidence,tier2_6_resolver,medium,existing evidence only (structured_ct_gov_evidence); no NIH match found,ct.gov structured modality='Small Molecule'; ct.gov structured target(s)=['Amyloid'],False,,,,Small Molecule,inferred_default,True
TH9507 human growth hormone releasing hormone (GHRH),Phase 2,Disease-Targeted Small Molecule,Other,Completed,1,151.0,University of Washington,False,no_match,medium,True,0,1,Therapeutic Drug,investigational therapeutic candidate; drug/biological intervention type with no disqualifying evidence found,rule_classification,medium,True,,,,structured_ct_gov_evidence,tier2_6_resolver,medium,existing evidence only (structured_ct_gov_evidence); no NIH match found,ct.gov structured modality='Small Molecule',False,,,,Small Molecule,inferred_default,True
THC-free CBD Oil,Phase 2,Neuropsychiatric Symptom Tx,Neuropsychiatric,Recruiting,1,40.0,Eastern Virginia Medical School,False,no_match,medium,True,0,1,Therapeutic Drug,investigational therapeutic candidate; drug/biological intervention type with no disqualifying evidence found,rule_classification,medium,True,Neuropsychiatric,,,structured_ct_gov_evidence,tier2_6_resolver,medium,existing evidence only (structured_ct_gov_evidence); no NIH match found,ct.gov structured modality='Small Molecule'; ct.gov structured target(s)=['Neuropsychiatric'],False,,,,Small Molecule,inferred_from_target_pathway,True
TML-6,Phase 2,Disease-Targeted Small Molecule,Other,Recruiting,1,210.0,"Merry Life Biomedical Co., Ltd.",False,no_match,medium,True,0,1,Therapeutic Drug,investigational therapeutic candidate; drug/biological intervention type with no disqualifying evidence found,rule_classification,medium,True,,,,structured_ct_gov_evidence,tier2_6_resolver,medium,existing evidence only (structured_ct_gov_evidence); no NIH match found,ct.gov structured modality='Small Molecule',False,,,,Small Molecule,inferred_default,True
TRx0014,Phase 2,Disease-Targeted Small Molecule,Tau,Completed,2,323.0,TauRx Therapeutics Ltd,False,no_match,medium,True,0,2,Therapeutic Drug,investigational therapeutic candidate; drug/biological intervention type with no disqualifying evidence found,rule_classification,medium,True,Tau,,,structured_ct_gov_evidence,tier2_6_resolver,medium,existing evidence only (structured_ct_gov_evidence); no NIH match found,ct.gov structured modality='Small Molecule'; known-compound target='Tau',False,,,,Small Molecule,inferred_default,True
TW001,Phase 2,Disease-Targeted Small Molecule,Other,Completed,1,61.0,Treeway B.V.,False,no_match,medium,True,0,1,Therapeutic Drug,investigational therapeutic candidate; drug/biological intervention type with no disqualifying evidence found,rule_classification,medium,True,,,,structured_ct_gov_evidence,tier2_6_resolver,medium,existing evidence only (structured_ct_gov_evidence); no NIH match found,ct.gov structured modality='Small Molecule',False,,,,Small Molecule,inferred_default,True
Tacrolimus,Phase 2,Disease-Targeted Small Molecule,Other,Discontinued,1,0.0,Massachusetts General Hospital,False,no_match,medium,True,0,1,Therapeutic Drug,investigational therapeutic candidate; drug/biological intervention type with no disqualifying evidence found,rule_classification,medium,True,,,,structured_ct_gov_evidence,tier2_6_resolver,medium,existing evidence only (structured_ct_gov_evidence); no NIH match found,ct.gov structured modality='Small Molecule',False,,,,Small Molecule,inferred_default,True
Tamibarotene,Phase 2,Disease-Targeted Small Molecule,Other,Unknown,1,50.0,Osaka City University,False,no_match,medium,True,0,1,Therapeutic Drug,investigational therapeutic candidate; drug/biological intervention type with no disqualifying evidence found,rule_classification,medium,True,,,,structured_ct_gov_evidence,tier2_6_resolver,medium,existing evidence only (structured_ct_gov_evidence); no NIH match found,ct.gov structured modality='Small Molecule',False,,,,Small Molecule,inferred_default,True
Tauroursodeoxycholic Acid and Doxycycline,Phase 2,Disease-Targeted Small Molecule,Amyloid,Completed,1,40.0,Brigham and Women's Hospital,False,no_match,medium,True,0,1,Therapeutic Drug,investigational therapeutic candidate; drug/biological intervention type with no disqualifying evidence found,rule_classification,medium,True,Amyloid; Tau,,,structured_ct_gov_evidence,tier2_6_resolver,medium,existing evidence only (structured_ct_gov_evidence); no NIH match found,"ct.gov structured modality='Small Molecule'; ct.gov structured target(s)=['Amyloid', 'Tau']",False,,,,Small Molecule,inferred_default,True
Tilavonemab,Phase 2,Disease-Targeted Biologic,Tau,Discontinued,1,364.0,AbbVie,False,no_match,medium,True,0,1,Therapeutic Drug,investigational therapeutic candidate; drug/biological intervention type with no disqualifying evidence found,rule_classification,medium,True,Tau,,,known_compound_exact_match,tier2_6_resolver,high,existing evidence only (known_compound_exact_match); no NIH match found,known-compound modality='Biologic'; known-compound target='Tau',False,,,,Biologic,inferred_from_modality,True
UB-311,Phase 2,Disease-Targeted Biologic,Amyloid,Completed,3,43.0,United Biomedical; United Neuroscience Ltd.,False,no_match,medium,True,0,3,Therapeutic Drug,investigational therapeutic candidate; drug/biological intervention type with no disqualifying evidence found,rule_classification,medium,True,Amyloid,,,structured_ct_gov_evidence,tier2_6_resolver,medium,existing evidence only (structured_ct_gov_evidence); no NIH match found,ct.gov structured modality='Biologic'; known-compound target='Amyloid',False,,,,Biologic,inferred_from_modality,True
UCB-J,Phase 2,Disease-Targeted Small Molecule,Other,Completed,1,100.0,"University of Wisconsin, Madison",False,no_match,medium,True,0,1,Therapeutic Drug,investigational therapeutic candidate; drug/biological intervention type with no disqualifying evidence found,rule_classification,medium,True,,,,structured_ct_gov_evidence,tier2_6_resolver,medium,existing evidence only (structured_ct_gov_evidence); no NIH match found,ct.gov structured modality='Small Molecule',False,,,,Small Molecule,inferred_default,True
UCMSCs,Phase 2,Disease-Targeted Biologic,Other,Unknown,1,16.0,South China Research Center for Stem Cell and Regenerative Medicine,False,no_match,medium,True,0,1,Therapeutic Drug,investigational therapeutic candidate; drug/biological intervention type with no disqualifying evidence found,rule_classification,medium,True,,,,structured_ct_gov_evidence,tier2_6_resolver,medium,existing evidence only (structured_ct_gov_evidence); no NIH match found,ct.gov structured modality='Biologic',False,,,,Biologic,inferred_from_modality,True
VGH-AD1,Phase 2,Disease-Targeted Small Molecule,Other,Unknown,1,28.0,"Taipei Veterans General Hospital, Taiwan",False,no_match,medium,True,0,1,Therapeutic Drug,investigational therapeutic candidate; drug/biological intervention type with no disqualifying evidence found,rule_classification,medium,True,,,,structured_ct_gov_evidence,tier2_6_resolver,medium,existing evidence only (structured_ct_gov_evidence); no NIH match found,ct.gov structured modality='Small Molecule',False,,,,Small Molecule,inferred_default,True
VHB937,Phase 2,Disease-Targeted Biologic,Inflammation,Recruiting,1,407.0,Novartis Pharmaceuticals,False,no_match,medium,True,0,1,Therapeutic Drug,investigational therapeutic candidate; drug/biological intervention type with no disqualifying evidence found,rule_classification,medium,True,Inflammation,TREM2 antibody agonist that increases phagocytic activity of microglia,,nih_reference,tier2_6_resolver,medium,NIH reference evidence (agrees with existing evidence),ct.gov structured modality='Biologic'; NIH agent='VHB937' CADRO='Inflammation',False,DTT,Biologic,Inflammation,Biologic,nih_reference,False
VI-1121,Phase 2,Disease-Targeted Small Molecule,Other,Completed,1,61.0,VIVUS LLC,False,no_match,medium,True,0,1,Therapeutic Drug,investigational therapeutic candidate; drug/biological intervention type with no disqualifying evidence found,rule_classification,medium,True,,,,structured_ct_gov_evidence,tier2_6_resolver,medium,existing evidence only (structured_ct_gov_evidence); no NIH match found,ct.gov structured modality='Small Molecule',False,,,,Small Molecule,inferred_default,True
VX-745,Phase 2,Disease-Targeted Small Molecule,Amyloid,Completed,3,34.0,"EIP Pharma Inc; University Hospital, Toulouse",False,no_match,medium,True,0,3,Therapeutic Drug,investigational therapeutic candidate; drug/biological intervention type with no disqualifying evidence found,rule_classification,medium,True,Amyloid; Inflammation,,,structured_ct_gov_evidence,tier2_6_resolver,medium,existing evidence only (structured_ct_gov_evidence); no NIH match found,"ct.gov structured modality='Small Molecule'; ct.gov structured target(s)=['Amyloid', 'Inflammation']",False,,,,Small Molecule,inferred_default,True
VY7523,Phase 2,Disease-Targeted Biologic,Tau,Active,1,52.0,Voyager Therapeutics,False,no_match,medium,True,0,1,Therapeutic Drug,investigational therapeutic candidate; drug/biological intervention type with no disqualifying evidence found,rule_classification,medium,True,Tau,Recombinant humanized immunoglobulin gamma 4 (IgG4) monoclonal antibody targeting human pathological tau,,nih_reference,tier2_6_resolver,low,NIH and existing (official-pipeline/known-compound/ct.gov) evidence disagree: modality: NIH='Biologic' vs existing='Small Molecule',ct.gov structured modality='Small Molecule'; NIH agent='VY7523' CADRO='Tau',True,DTT,Biologic,Tau,Biologic,nih_reference,False
Valaciclovir,Phase 2,Disease-Targeted Small Molecule,Other,Completed,1,33.0,Hugo Lovheim,False,no_match,medium,True,0,1,Therapeutic Drug,investigational therapeutic candidate; drug/biological intervention type with no disqualifying evidence found,rule_classification,medium,True,,,,structured_ct_gov_evidence,tier2_6_resolver,medium,existing evidence only (structured_ct_gov_evidence); no NIH match found,ct.gov structured modality='Small Molecule',False,,,,Small Molecule,inferred_default,True
Valacyclovir,Phase 2,Disease-Targeted Small Molecule,Other,Completed,1,120.0,Columbia University,False,no_match,medium,True,0,1,Therapeutic Drug,investigational therapeutic candidate; drug/biological intervention type with no disqualifying evidence found,rule_classification,medium,True,,,,structured_ct_gov_evidence,tier2_6_resolver,medium,existing evidence only (structured_ct_gov_evidence); no NIH match found,ct.gov structured modality='Small Molecule',False,,,,Small Molecule,inferred_default,True
Varenicline,Phase 2,Disease-Targeted Small Molecule,Other,Completed,1,66.0,Pfizer,False,no_match,medium,True,0,1,Therapeutic Drug,investigational therapeutic candidate; drug/biological intervention type with no disqualifying evidence found,rule_classification,medium,True,,,,structured_ct_gov_evidence,tier2_6_resolver,medium,existing evidence only (structured_ct_gov_evidence); no NIH match found,ct.gov structured modality='Small Molecule',False,,,,Small Molecule,inferred_default,True
Wei Li Bai,Phase 2,Disease-Targeted Small Molecule,Other,Discontinued,1,105.0,Capital Medical University,False,no_match,medium,True,0,1,Therapeutic Drug,investigational therapeutic candidate; drug/biological intervention type with no disqualifying evidence found,rule_classification,medium,True,,,,structured_ct_gov_evidence,tier2_6_resolver,medium,existing evidence only (structured_ct_gov_evidence); no NIH match found,ct.gov structured modality='Small Molecule',False,,,,Small Molecule,inferred_default,True
XBD173,Phase 2,Disease-Targeted Small Molecule,Other,Recruiting,1,51.0,Imperial College London,False,no_match,medium,True,0,1,Therapeutic Drug,investigational therapeutic candidate; drug/biological intervention type with no disqualifying evidence found,rule_classification,medium,True,,,,structured_ct_gov_evidence,tier2_6_resolver,medium,existing evidence only (structured_ct_gov_evidence); no NIH match found,ct.gov structured modality='Small Molecule',False,,,,Small Molecule,inferred_default,True
XPro1595,Phase 2,Disease-Targeted Biologic,Inflammation,Completed,4,207.0,"Inmune Bio, Inc.",False,no_match,medium,True,0,4,Therapeutic Drug,investigational therapeutic candidate; drug/biological intervention type with no disqualifying evidence found,rule_classification,medium,True,Inflammation,TNF neutralizer to reduce interaction with TNF receptors that activate a pro‐inflammatory cascade,,nih_reference,tier2_6_resolver,high,NIH reference evidence (agrees with existing evidence),known-compound modality='Biologic'; known-compound target='Inflammation'; NIH agent='XPro1595' CADRO='Inflammation',False,DTT,Biologic,Inflammation,Biologic,nih_reference,False
Zagotenemab,Phase 2,Disease-Targeted Biologic,Tau,Completed,1,360.0,Eli Lilly and Company,False,no_match,medium,True,0,1,Therapeutic Drug,investigational therapeutic candidate; drug/biological intervention type with no disqualifying evidence found,rule_classification,medium,True,Tau,,,known_compound_exact_match,tier2_6_resolver,high,existing evidence only (known_compound_exact_match); no NIH match found,known-compound modality='Biologic'; known-compound target='Tau',False,,,,Biologic,inferred_from_modality,True
[123I]-IBVM,Phase 2,Disease-Targeted Small Molecule,Other,Completed,1,26.0,Institute for Neurodegenerative Disorders,False,no_match,medium,True,0,1,Therapeutic Drug,investigational therapeutic candidate; drug/biological intervention type with no disqualifying evidence found,rule_classification,medium,True,,,,structured_ct_gov_evidence,tier2_6_resolver,medium,existing evidence only (structured_ct_gov_evidence); no NIH match found,ct.gov structured modality='Small Molecule',False,,,,Small Molecule,inferred_default,True
[18F]MC225,Phase 2,Disease-Targeted Small Molecule,Other,Unknown,1,30.0,University Medical Center Groningen,False,no_match,medium,True,0,1,Therapeutic Drug,investigational therapeutic candidate; drug/biological intervention type with no disqualifying evidence found,rule_classification,medium,True,,,,structured_ct_gov_evidence,tier2_6_resolver,medium,existing evidence only (structured_ct_gov_evidence); no NIH match found,ct.gov structured modality='Small Molecule',False,,,,Small Molecule,inferred_default,True
[C-11]PBR28,Phase 2,Disease-Targeted Small Molecule,Inflammation,Recruiting,1,250.0,Brigham and Women's Hospital,False,no_match,medium,True,0,1,Therapeutic Drug,investigational therapeutic candidate; drug/biological intervention type with no disqualifying evidence found,rule_classification,medium,True,Inflammation,,,structured_ct_gov_evidence,tier2_6_resolver,medium,existing evidence only (structured_ct_gov_evidence); no NIH match found,ct.gov structured modality='Small Molecule'; known-compound target='Inflammation',False,,,,Small Molecule,inferred_default,True
active: AFFITOPE AD02,Phase 2,Disease-Targeted Biologic,Amyloid,Completed,1,335.0,Affiris AG,False,no_match,medium,True,0,1,Therapeutic Drug,investigational therapeutic candidate; drug/biological intervention type with no disqualifying evidence found,rule_classification,medium,True,Amyloid,,,structured_ct_gov_evidence,tier2_6_resolver,medium,existing evidence only (structured_ct_gov_evidence); no NIH match found,ct.gov structured modality='Biologic'; known-compound target='Amyloid',False,,,,Biologic,inferred_from_modality,True
adMSC,Phase 2,Disease-Targeted Biologic,Other,Recruiting,1,12.0,Paul E Schulz,False,no_match,medium,True,0,1,Therapeutic Drug,investigational therapeutic candidate; drug/biological intervention type with no disqualifying evidence found,rule_classification,medium,True,,,,structured_ct_gov_evidence,tier2_6_resolver,medium,existing evidence only (structured_ct_gov_evidence); no NIH match found,ct.gov structured modality='Biologic',False,,,,Biologic,inferred_from_modality,True
dimethyl fumarate,Phase 2,Disease-Targeted Small Molecule,Inflammation,Recruiting,1,30.0,Medical University of Lodz,False,no_match,medium,True,0,1,Therapeutic Drug,investigational therapeutic candidate; drug/biological intervention type with no disqualifying evidence found,rule_classification,medium,True,Inflammation,"Activates Nrf2 with reduction of NF‐kB signaling, inhibits NLRP3 inflammasome activation, reduces microglial activation and cytokine production",,nih_reference,tier2_6_resolver,medium,NIH reference evidence (agrees with existing evidence),ct.gov structured modality='Small Molecule'; NIH agent='Dimethyl fumarate' CADRO='Inflammation',False,DTT,Small Molecule,Inflammation,Small Molecule,nih_reference,False
hMSC,Phase 2,Disease-Targeted Biologic,Other,Recruiting,1,8.0,Bernard (Barry) Baumel,False,no_match,medium,True,0,1,Therapeutic Drug,investigational therapeutic candidate; drug/biological intervention type with no disqualifying evidence found,rule_classification,medium,True,,,,structured_ct_gov_evidence,tier2_6_resolver,medium,existing evidence only (structured_ct_gov_evidence); no NIH match found,ct.gov structured modality='Biologic',False,,,,Biologic,inferred_from_modality,True
human Mesenchymal Stem Cells,Phase 2,Disease-Targeted Biologic,Other,Recruiting,1,10.0,Bernard (Barry) Baumel,False,no_match,medium,True,0,1,Therapeutic Drug,investigational therapeutic candidate; drug/biological intervention type with no disqualifying evidence found,rule_classification,medium,True,,,,structured_ct_gov_evidence,tier2_6_resolver,medium,existing evidence only (structured_ct_gov_evidence); no NIH match found,ct.gov structured modality='Cell/Gene Therapy',False,,,,Cell/Gene Therapy,inferred_from_modality,True
ladostigil hemitartrate,Phase 2,Disease-Targeted Small Molecule,Other,Completed,2,210.0,Avraham Pharmaceuticals Ltd,False,no_match,medium,True,0,2,Therapeutic Drug,investigational therapeutic candidate; drug/biological intervention type with no disqualifying evidence found,rule_classification,medium,True,,,,structured_ct_gov_evidence,tier2_6_resolver,medium,existing evidence only (structured_ct_gov_evidence); no NIH match found,ct.gov structured modality='Small Molecule',False,,,,Small Molecule,inferred_default,True
lecozotan SR,Phase 2,Cognition Enhancer,Symptomatic,Completed,4,229.0,Wyeth is now a wholly owned subsidiary of Pfizer,False,no_match,medium,True,0,4,Therapeutic Drug,investigational therapeutic candidate; drug/biological intervention type with no disqualifying evidence found,rule_classification,medium,True,Symptomatic,,,structured_ct_gov_evidence,tier2_6_resolver,medium,existing evidence only (structured_ct_gov_evidence); no NIH match found,ct.gov structured modality='Small Molecule'; known-compound target='Symptomatic',False,,,,Small Molecule,inferred_from_target_pathway,True
lutein/zeaxanthin,Phase 2,Disease-Targeted Small Molecule,Other,Discontinued,1,3.0,Oregon Health and Science University,False,no_match,medium,True,0,1,Non-Drug Intervention,dietary supplement / nutraceutical — excluded from the default therapeutic view unless curated as a genuine investigational program (data/reference/intervention_scope_overrides.csv),rule_type,medium,False,,,,structured_ct_gov_evidence,tier2_6_resolver,medium,existing evidence only (structured_ct_gov_evidence); no NIH match found,ct.gov structured modality='Dietary Supplement',False,,,,Dietary Supplement,inferred_default,True
masitinib (AB1010),Phase 2,Disease-Targeted Small Molecule,Other,Completed,1,34.0,AB Science,False,no_match,medium,True,0,1,Therapeutic Drug,investigational therapeutic candidate; drug/biological intervention type with no disqualifying evidence found,rule_classification,medium,True,,,,structured_ct_gov_evidence,tier2_6_resolver,medium,existing evidence only (structured_ct_gov_evidence); no NIH match found,ct.gov structured modality='Small Molecule',False,,,,Small Molecule,inferred_default,True
natural product combination-1 (NPC1),Phase 2,Disease-Targeted Small Molecule,Other,Recruiting,1,40.0,Massachusetts General Hospital,False,no_match,medium,True,0,1,Needs Review,combination product — components must be inspected individually before treating the whole phrase as one canonical drug name,rule_type,low,True,,,,structured_ct_gov_evidence,tier2_6_resolver,medium,existing evidence only (structured_ct_gov_evidence); no NIH match found,ct.gov structured modality='Other',False,,,,Other,inferred_default,True
neflamapimod,Phase 2,Disease-Targeted Small Molecule,Other,Completed,1,161.0,EIP Pharma Inc,False,no_match,medium,True,0,1,Therapeutic Drug,investigational therapeutic candidate; drug/biological intervention type with no disqualifying evidence found,rule_classification,medium,True,,,,structured_ct_gov_evidence,tier2_6_resolver,medium,existing evidence only (structured_ct_gov_evidence); no NIH match found,ct.gov structured modality='Small Molecule',False,,,,Small Molecule,inferred_default,True
neuropsychologic assessment,Phase 2,Disease-Targeted Small Molecule,Other,Completed,1,54.0,"University Hospital, Tours",False,no_match,medium,True,0,1,Therapeutic Drug,investigational therapeutic candidate; drug/biological intervention type with no disqualifying evidence found,rule_classification,medium,True,,,,structured_ct_gov_evidence,tier2_6_resolver,medium,existing evidence only (structured_ct_gov_evidence); no NIH match found,ct.gov structured modality='Other',False,,,,Other,inferred_default,True
octagam 10%,Phase 2,Disease-Targeted Biologic,Amyloid,Completed,2,58.0,Octapharma; Sutter Health,False,no_match,medium,True,0,2,Therapeutic Drug,investigational therapeutic candidate; drug/biological intervention type with no disqualifying evidence found,rule_classification,medium,True,Amyloid,,,structured_ct_gov_evidence,tier2_6_resolver,medium,existing evidence only (structured_ct_gov_evidence); no NIH match found,ct.gov structured modality='Biologic'; ct.gov structured target(s)=['Amyloid'],False,,,,Biologic,inferred_from_modality,True
sabirnetug,Phase 2,Disease-Targeted Biologic,Amyloid,Active,1,542.0,Acumen Pharmaceuticals,False,no_match,medium,True,0,1,Therapeutic Drug,investigational therapeutic candidate; drug/biological intervention type with no disqualifying evidence found,rule_classification,medium,True,Amyloid,Monoclonal antibody targeting soluble Aβ,,nih_reference,tier2_6_resolver,low,NIH and existing (official-pipeline/known-compound/ct.gov) evidence disagree: modality: NIH='Biologic' vs existing='Small Molecule',ct.gov structured modality='Small Molecule'; NIH agent='Sabirnetug' CADRO='Amyloid‐beta',True,DTT,Biologic,Amyloid‐beta,Biologic,nih_reference,False
smart soup,Phase 2,Disease-Targeted Small Molecule,Other,Unknown,1,180.0,Peking Union Medical College Hospital,False,no_match,medium,True,0,1,Therapeutic Drug,investigational therapeutic candidate; drug/biological intervention type with no disqualifying evidence found,rule_classification,medium,True,,,,structured_ct_gov_evidence,tier2_6_resolver,medium,existing evidence only (structured_ct_gov_evidence); no NIH match found,ct.gov structured modality='Small Molecule',False,,,,Small Molecule,inferred_default,True
tadalafil,Phase 2,Cognition Enhancer,Symptomatic,Recruiting,1,244.0,Imperial College London,False,no_match,medium,True,0,1,Therapeutic Drug,investigational therapeutic candidate; drug/biological intervention type with no disqualifying evidence found,rule_classification,medium,True,Symptomatic,Phosphodiesterase 5 (PDE5) inhibitor; elevates cyclic guanosine monophosphate (GMP) to improve neuroplasticity,,nih_reference,tier2_6_resolver,low,NIH and existing (official-pipeline/known-compound/ct.gov) evidence disagree: target_pathways: NIH=['Symptomatic'] vs existing=['Neuroprotection'],ct.gov structured modality='Small Molecule'; known-compound target='Neuroprotection'; NIH agent='Tadalafil' CADRO='Neurotransmitter receptors',True,STT,Cognition Enhancer,Neurotransmitter receptors,Small Molecule,nih_reference,False
"tetanus toxoid, reduced diphtheria toxoid and acellular pertussis vaccine",Phase 2,Disease-Targeted Biologic,Other,Unknown,1,50.0,"Mindful Diagnostics and Therapeutics, LLC",False,no_match,medium,True,0,1,Therapeutic Drug,investigational therapeutic candidate; drug/biological intervention type with no disqualifying evidence found,rule_classification,medium,True,,,,structured_ct_gov_evidence,tier2_6_resolver,medium,existing evidence only (structured_ct_gov_evidence); no NIH match found,ct.gov structured modality='Biologic',False,,,,Biologic,inferred_from_modality,True
tideglusib,Phase 2,Disease-Targeted Small Molecule,Tau,Completed,1,306.0,Noscira SA,False,no_match,medium,True,0,1,Therapeutic Drug,investigational therapeutic candidate; drug/biological intervention type with no disqualifying evidence found,rule_classification,medium,True,Tau,,,structured_ct_gov_evidence,tier2_6_resolver,medium,existing evidence only (structured_ct_gov_evidence); no NIH match found,ct.gov structured modality='Small Molecule'; known-compound target='Tau',False,,,,Small Molecule,inferred_default,True
troriluzole,Phase 2,Disease-Targeted Small Molecule,Other,Completed,1,350.0,"Biohaven Pharmaceuticals, Inc.",False,no_match,medium,True,0,1,Therapeutic Drug,investigational therapeutic candidate; drug/biological intervention type with no disqualifying evidence found,rule_classification,medium,True,,,,structured_ct_gov_evidence,tier2_6_resolver,medium,existing evidence only (structured_ct_gov_evidence); no NIH match found,ct.gov structured modality='Small Molecule',False,,,,Small Molecule,inferred_default,True
11C-JNJ-63779586,Phase 1,Disease-Targeted Small Molecule,Other,Completed,1,11.0,"Janssen Research & Development, LLC",False,no_match,medium,True,0,1,Therapeutic Drug,investigational therapeutic candidate; drug/biological intervention type with no disqualifying evidence found,rule_classification,medium,True,,,,structured_ct_gov_evidence,tier2_6_resolver,medium,existing evidence only (structured_ct_gov_evidence); no NIH match found,ct.gov structured modality='Small Molecule',False,,,,Small Molecule,inferred_default,True
123-I MNI-187 and Imaging Procedures,Phase 1,Disease-Targeted Small Molecule,Tau,Completed,1,30.0,Institute for Neurodegenerative Disorders,False,no_match,medium,True,0,1,Therapeutic Drug,investigational therapeutic candidate; drug/biological intervention type with no disqualifying evidence found,rule_classification,medium,True,Tau,,,structured_ct_gov_evidence,tier2_6_resolver,medium,existing evidence only (structured_ct_gov_evidence); no NIH match found,ct.gov structured modality='Small Molecule'; known-compound target='Tau',False,,,,Small Molecule,inferred_default,True
123-I MNI-340,Phase 1,Disease-Targeted Small Molecule,Amyloid,Discontinued,1,12.0,Institute for Neurodegenerative Disorders,False,no_match,medium,True,0,1,Therapeutic Drug,investigational therapeutic candidate; drug/biological intervention type with no disqualifying evidence found,rule_classification,medium,True,Amyloid,,,structured_ct_gov_evidence,tier2_6_resolver,medium,existing evidence only (structured_ct_gov_evidence); no NIH match found,ct.gov structured modality='Small Molecule'; ct.gov structured target(s)=['Amyloid'],False,,,,Small Molecule,inferred_default,True
18F-JSS20-183A PET,Phase 1,Disease-Targeted Small Molecule,Metabolism,Recruiting,1,90.0,University of Pennsylvania,False,no_match,medium,True,0,1,Therapeutic Drug,investigational therapeutic candidate; drug/biological intervention type with no disqualifying evidence found,rule_classification,medium,True,Metabolism,,,structured_ct_gov_evidence,tier2_6_resolver,medium,existing evidence only (structured_ct_gov_evidence); no NIH match found,ct.gov structured modality='Small Molecule'; ct.gov structured target(s)=['Metabolism'],False,,,,Small Molecule,inferred_default,True
18F-PF974,Phase 1,Disease-Targeted Small Molecule,Neuroprotection,Recruiting,1,90.0,National Institute of Mental Health (NIMH),False,no_match,medium,True,0,1,Therapeutic Drug,investigational therapeutic candidate; drug/biological intervention type with no disqualifying evidence found,rule_classification,medium,True,Neuroprotection,,,structured_ct_gov_evidence,tier2_6_resolver,medium,existing evidence only (structured_ct_gov_evidence); no NIH match found,ct.gov structured modality='Small Molecule'; ct.gov structured target(s)=['Neuroprotection'],False,,,,Small Molecule,inferred_default,True
300 mg [C14] CT1812,Phase 1,Disease-Targeted Small Molecule,Amyloid,Completed,1,8.0,Cognition Therapeutics,False,no_match,medium,True,0,1,Therapeutic Drug,investigational therapeutic candidate; drug/biological intervention type with no disqualifying evidence found,rule_classification,medium,True,Amyloid,,,structured_ct_gov_evidence,tier2_6_resolver,medium,existing evidence only (structured_ct_gov_evidence); no NIH match found,ct.gov structured modality='Small Molecule'; known-compound target='Amyloid',False,,,,Small Molecule,inferred_default,True
8M2D,Phase 1,Disease-Targeted Small Molecule,Other,Recruiting,1,54.0,Cenna Biosciences Inc.,False,no_match,medium,True,0,1,Therapeutic Drug,investigational therapeutic candidate; drug/biological intervention type with no disqualifying evidence found,rule_classification,medium,True,,,,structured_ct_gov_evidence,tier2_6_resolver,medium,existing evidence only (structured_ct_gov_evidence); no NIH match found,ct.gov structured modality='Small Molecule',False,,,,Small Molecule,inferred_default,True
AAB-003 (PF-05236812),Phase 1,Disease-Targeted Small Molecule,Amyloid,Completed,2,88.0,Pfizer,False,no_match,medium,True,0,2,Therapeutic Drug,investigational therapeutic candidate; drug/biological intervention type with no disqualifying evidence found,rule_classification,medium,True,Amyloid,,,structured_ct_gov_evidence,tier2_6_resolver,medium,existing evidence only (structured_ct_gov_evidence); no NIH match found,ct.gov structured modality='Small Molecule'; known-compound target='Amyloid',False,,,,Small Molecule,inferred_default,True
AAV-hTERT,Phase 1,Disease-Targeted Small Molecule,Other,Unknown,1,5.0,Libella Gene Therapeutics,False,no_match,medium,True,0,1,Therapeutic Drug,investigational therapeutic candidate; drug/biological intervention type with no disqualifying evidence found,rule_classification,medium,True,,,,structured_ct_gov_evidence,tier2_6_resolver,medium,existing evidence only (structured_ct_gov_evidence); no NIH match found,ct.gov structured modality='Small Molecule',False,,,,Small Molecule,inferred_default,True
ABT-354,Phase 1,Cognition Enhancer,Symptomatic,Completed,1,20.0,AbbVie,False,no_match,medium,True,0,1,Therapeutic Drug,investigational therapeutic candidate; drug/biological intervention type with no disqualifying evidence found,rule_classification,medium,True,Symptomatic,,,structured_ct_gov_evidence,tier2_6_resolver,medium,existing evidence only (structured_ct_gov_evidence); no NIH match found,ct.gov structured modality='Small Molecule'; ct.gov structured target(s)=['Symptomatic'],False,,,,Small Molecule,inferred_from_target_pathway,True
ABT-957,Phase 1,Cognition Enhancer,Symptomatic,Discontinued,2,19.0,AbbVie,False,no_match,medium,True,0,2,Therapeutic Drug,investigational therapeutic candidate; drug/biological intervention type with no disqualifying evidence found,rule_classification,medium,True,Symptomatic,,,structured_ct_gov_evidence,tier2_6_resolver,medium,existing evidence only (structured_ct_gov_evidence); no NIH match found,ct.gov structured modality='Small Molecule'; ct.gov structured target(s)=['Symptomatic'],False,,,,Small Molecule,inferred_from_target_pathway,True
AC-1202,Phase 1,Disease-Targeted Small Molecule,Metabolism,Discontinued,1,71.0,Cerecin,False,no_match,medium,True,0,1,Therapeutic Drug,investigational therapeutic candidate; drug/biological intervention type with no disqualifying evidence found,rule_classification,medium,True,Metabolism,,,structured_ct_gov_evidence,tier2_6_resolver,medium,existing evidence only (structured_ct_gov_evidence); no NIH match found,ct.gov structured modality='Small Molecule'; known-compound target='Metabolism',False,,,,Small Molecule,inferred_default,True
AC-OLE-01-VA,Phase 1,Disease-Targeted Small Molecule,Other,Completed,2,45.0,Cerecin,False,no_match,medium,True,0,2,Therapeutic Drug,investigational therapeutic candidate; drug/biological intervention type with no disqualifying evidence found,rule_classification,medium,True,,,,structured_ct_gov_evidence,tier2_6_resolver,medium,existing evidence only (structured_ct_gov_evidence); no NIH match found,ct.gov structured modality='Small Molecule',False,,,,Small Molecule,inferred_default,True
ACD856,Phase 1,Disease-Targeted Small Molecule,Other,Completed,3,56.0,AlzeCure Pharma,False,no_match,medium,True,0,3,Therapeutic Drug,investigational therapeutic candidate; drug/biological intervention type with no disqualifying evidence found,rule_classification,medium,True,,,,structured_ct_gov_evidence,tier2_6_resolver,medium,existing evidence only (structured_ct_gov_evidence); no NIH match found,ct.gov structured modality='Small Molecule',False,,,,Small Molecule,inferred_default,True
ACU193,Phase 1,Disease-Targeted Small Molecule,Other,Completed,1,65.0,Acumen Pharmaceuticals,False,no_match,medium,True,0,1,Therapeutic Drug,investigational therapeutic candidate; drug/biological intervention type with no disqualifying evidence found,rule_classification,medium,True,,,,structured_ct_gov_evidence,tier2_6_resolver,medium,existing evidence only (structured_ct_gov_evidence); no NIH match found,ct.gov structured modality='Small Molecule',False,,,,Small Molecule,inferred_default,True
AD16,Phase 1,Disease-Targeted Small Molecule,Other,Completed,2,70.0,South China Center For Innovative Pharmaceuticals,False,no_match,medium,True,0,2,Therapeutic Drug,investigational therapeutic candidate; drug/biological intervention type with no disqualifying evidence found,rule_classification,medium,True,,,,structured_ct_gov_evidence,tier2_6_resolver,medium,existing evidence only (structured_ct_gov_evidence); no NIH match found,ct.gov structured modality='Small Molecule',False,,,,Small Molecule,inferred_default,True
ADAS-Cog evaluation,Phase 1,Disease-Targeted Small Molecule,Inflammation,Completed,1,24.0,"University Hospital, Tours",False,no_match,medium,True,0,1,Therapeutic Drug,investigational therapeutic candidate; drug/biological intervention type with no disqualifying evidence found,rule_classification,medium,True,Inflammation,,,structured_ct_gov_evidence,tier2_6_resolver,medium,existing evidence only (structured_ct_gov_evidence); no NIH match found,ct.gov structured modality='Other'; ct.gov structured target(s)=['Inflammation'],False,,,,Other,inferred_default,True
AGN-242071,Phase 1,Disease-Targeted Small Molecule,Other,Discontinued,1,0.0,Allergan,False,no_match,medium,True,0,1,Therapeutic Drug,investigational therapeutic candidate; drug/biological intervention type with no disqualifying evidence found,rule_classification,medium,True,,,,structured_ct_gov_evidence,tier2_6_resolver,medium,existing evidence only (structured_ct_gov_evidence); no NIH match found,ct.gov structured modality='Small Molecule',False,,,,Small Molecule,inferred_default,True
AL003,Phase 1,Disease-Targeted Biologic,Inflammation,Completed,1,54.0,Alector Inc.,False,no_match,medium,True,0,1,Therapeutic Drug,investigational therapeutic candidate; drug/biological intervention type with no disqualifying evidence found,rule_classification,medium,True,Inflammation,,,known_compound_exact_match,tier2_6_resolver,high,existing evidence only (known_compound_exact_match); no NIH match found,known-compound modality='Biologic'; known-compound target='Inflammation',False,,,,Biologic,inferred_from_modality,True
ALIA-1758,Phase 1,Disease-Targeted Small Molecule,Other,Completed,1,53.0,AbbVie,False,no_match,medium,True,0,1,Therapeutic Drug,investigational therapeutic candidate; drug/biological intervention type with no disqualifying evidence found,rule_classification,medium,True,,,,structured_ct_gov_evidence,tier2_6_resolver,medium,existing evidence only (structured_ct_gov_evidence); no NIH match found,ct.gov structured modality='Small Molecule',False,,,,Small Molecule,inferred_default,True
ALN-5288,Phase 1,Disease-Targeted Biologic,Tau,Recruiting,1,50.0,Alnylam Pharmaceuticals,False,no_match,medium,True,0,1,Therapeutic Drug,investigational therapeutic candidate; drug/biological intervention type with no disqualifying evidence found,rule_classification,medium,True,Tau,RNAi therapeutic targeting microtubule‐associated protein tau (MAPT),,nih_reference,tier2_6_resolver,low,NIH and existing (official-pipeline/known-compound/ct.gov) evidence disagree: modality: NIH='Biologic' vs existing='Small Molecule',ct.gov structured modality='Small Molecule'; NIH agent='ALN‐5288' CADRO='Tau',True,DTT,Biologic,Tau,Biologic,nih_reference,False
ALN-APP,Phase 1,Disease-Targeted Small Molecule,Other,Recruiting,1,60.0,Alnylam Pharmaceuticals,False,no_match,medium,True,0,1,Therapeutic Drug,investigational therapeutic candidate; drug/biological intervention type with no disqualifying evidence found,rule_classification,medium,True,,,,structured_ct_gov_evidence,tier2_6_resolver,medium,existing evidence only (structured_ct_gov_evidence); no NIH match found,ct.gov structured modality='Small Molecule',False,,,,Small Molecule,inferred_default,True
ALZ-101,Phase 1,Disease-Targeted Biologic,Other,Completed,1,33.0,Alzinova AB,False,no_match,medium,True,0,1,Therapeutic Drug,investigational therapeutic candidate; drug/biological intervention type with no disqualifying evidence found,rule_classification,medium,True,,,,structured_ct_gov_evidence,tier2_6_resolver,medium,existing evidence only (structured_ct_gov_evidence); no NIH match found,ct.gov structured modality='Biologic',False,,,,Biologic,inferred_from_modality,True
ALZT-OP1 (cromolyn and ibuprofen) ALZT-OP1a (cromolyn) and ALZT-OP1b (ibuprofen),Phase 1,Disease-Targeted Small Molecule,Other,Completed,1,56.0,"AZTherapies, Inc.",False,no_match,medium,True,0,1,Therapeutic Drug,investigational therapeutic candidate; drug/biological intervention type with no disqualifying evidence found,rule_classification,medium,True,,,,structured_ct_gov_evidence,tier2_6_resolver,medium,existing evidence only (structured_ct_gov_evidence); no NIH match found,ct.gov structured modality='Small Molecule',False,,,,Small Molecule,inferred_default,True
APNmAb005,Phase 1,Disease-Targeted Biologic,Other,Unknown,1,40.0,"APRINOIA Therapeutics, LLC",False,no_match,medium,True,0,1,Therapeutic Drug,investigational therapeutic candidate; drug/biological intervention type with no disqualifying evidence found,rule_classification,medium,True,,,,structured_ct_gov_evidence,tier2_6_resolver,medium,existing evidence only (structured_ct_gov_evidence); no NIH match found,ct.gov structured modality='Biologic',False,,,,Biologic,inferred_from_modality,True
AS-S603,Phase 1,Disease-Targeted Small Molecule,Other,Recruiting,1,88.0,Amyloid Solution Inc,False,no_match,medium,True,0,1,Therapeutic Drug,investigational therapeutic candidate; drug/biological intervention type with no disqualifying evidence found,rule_classification,medium,True,,Targets and dissolves Aβ and tau aggregates,,nih_reference,tier2_6_resolver,high,NIH reference evidence (agrees with existing evidence),ct.gov structured modality='Small Molecule'; NIH agent='AS‐S603' CADRO='Proteostasis/proteinopathies',False,DTT,Small Molecule,Proteostasis/proteinopathies,Small Molecule,nih_reference,False
ASP0777,Phase 1,Disease-Targeted Small Molecule,Other,Completed,1,60.0,Astellas Pharma Inc,False,no_match,medium,True,0,1,Therapeutic Drug,investigational therapeutic candidate; drug/biological intervention type with no disqualifying evidence found,rule_classification,medium,True,,,,structured_ct_gov_evidence,tier2_6_resolver,medium,existing evidence only (structured_ct_gov_evidence); no NIH match found,ct.gov structured modality='Small Molecule',False,,,,Small Molecule,inferred_default,True
AV-1959D,Phase 1,Disease-Targeted Biologic,Amyloid,Active,1,48.0,Institute for Molecular Medicine,False,no_match,medium,True,0,1,Therapeutic Drug,investigational therapeutic candidate; drug/biological intervention type with no disqualifying evidence found,rule_classification,medium,True,Amyloid,Anti‐amyloid vaccine,,nih_reference,tier2_6_resolver,high,NIH reference evidence (agrees with existing evidence),ct.gov structured modality='Biologic'; ct.gov structured target(s)=['Amyloid']; NIH agent='AV‐1959D' CADRO='Amyloid‐beta',False,DTT,Biologic,Amyloid‐beta,Biologic,nih_reference,False
AV-1959R (Abeta vaccine),Phase 1,Disease-Targeted Biologic,Amyloid,Completed,1,16.0,"Nuravax, Inc.",False,no_match,medium,True,0,1,Therapeutic Drug,investigational therapeutic candidate; drug/biological intervention type with no disqualifying evidence found,rule_classification,medium,True,Amyloid,,,structured_ct_gov_evidence,tier2_6_resolver,medium,existing evidence only (structured_ct_gov_evidence); no NIH match found,ct.gov structured modality='Biologic'; ct.gov structured target(s)=['Amyloid'],False,,,,Biologic,inferred_from_modality,True
AZD0328,Phase 1,Disease-Targeted Small Molecule,Other,Completed,1,112.0,AstraZeneca,False,no_match,medium,True,0,1,Therapeutic Drug,investigational therapeutic candidate; drug/biological intervention type with no disqualifying evidence found,rule_classification,medium,True,,,,structured_ct_gov_evidence,tier2_6_resolver,medium,existing evidence only (structured_ct_gov_evidence); no NIH match found,ct.gov structured modality='Small Molecule',False,,,,Small Molecule,inferred_default,True
AZD3293,Phase 1,Disease-Targeted Small Molecule,Amyloid,Completed,3,52.0,AstraZeneca,False,no_match,medium,True,0,3,Therapeutic Drug,investigational therapeutic candidate; drug/biological intervention type with no disqualifying evidence found,rule_classification,medium,True,Amyloid,,,structured_ct_gov_evidence,tier2_6_resolver,medium,existing evidence only (structured_ct_gov_evidence); no NIH match found,ct.gov structured modality='Small Molecule'; known-compound target='Amyloid',False,,,,Small Molecule,inferred_default,True
AZD3839,Phase 1,Disease-Targeted Small Molecule,Other,Completed,1,72.0,AstraZeneca,False,no_match,medium,True,0,1,Therapeutic Drug,investigational therapeutic candidate; drug/biological intervention type with no disqualifying evidence found,rule_classification,medium,True,,,,structured_ct_gov_evidence,tier2_6_resolver,medium,existing evidence only (structured_ct_gov_evidence); no NIH match found,ct.gov structured modality='Small Molecule',False,,,,Small Molecule,inferred_default,True
Acupuncture,Phase 1,Disease-Targeted Small Molecule,Other,Completed,1,30.0,Chengdu University of Traditional Chinese Medicine,False,no_match,medium,True,0,1,Therapeutic Drug,investigational therapeutic candidate; drug/biological intervention type with no disqualifying evidence found,rule_classification,medium,True,,,,structured_ct_gov_evidence,tier2_6_resolver,medium,existing evidence only (structured_ct_gov_evidence); no NIH match found,ct.gov structured modality='Other',False,,,,Other,inferred_default,True
"Aducanumab (recombinant, fully human anti-Aβ IgG1 mAb)",Phase 1,Disease-Targeted Biologic,Amyloid,Discontinued,1,197.0,Biogen,False,no_match,medium,True,0,1,Therapeutic Drug,investigational therapeutic candidate; drug/biological intervention type with no disqualifying evidence found,rule_classification,medium,True,Amyloid,,,known_compound_exact_match,tier2_6_resolver,high,existing evidence only (known_compound_exact_match); no NIH match found,known-compound modality='Biologic'; known-compound target='Amyloid',False,,,,Biologic,inferred_from_modality,True
Aftobetin-HCl,Phase 1,Disease-Targeted Small Molecule,Other,Unknown,1,105.0,"Cognoptix, Inc.",False,no_match,medium,True,0,1,Therapeutic Drug,investigational therapeutic candidate; drug/biological intervention type with no disqualifying evidence found,rule_classification,medium,True,,,,structured_ct_gov_evidence,tier2_6_resolver,medium,existing evidence only (structured_ct_gov_evidence); no NIH match found,ct.gov structured modality='Small Molecule',False,,,,Small Molecule,inferred_default,True
Aldesleukin,Phase 1,Disease-Targeted Biologic,Inflammation,Completed,1,8.0,The Methodist Hospital Research Institute,False,no_match,medium,True,0,1,Therapeutic Drug,investigational therapeutic candidate; drug/biological intervention type with no disqualifying evidence found,rule_classification,medium,True,Inflammation,Binds with IL‐2 receptor to activate intermediates and reduce cytokine production,,nih_reference,tier2_6_resolver,low,NIH and existing (official-pipeline/known-compound/ct.gov) evidence disagree: modality: NIH='Biologic' vs existing='Small Molecule',ct.gov structured modality='Small Molecule'; NIH agent='Aldesleukin' CADRO='Inflammation',True,DTT,Biologic,Inflammation,Biologic,nih_reference,False
Alianza Latina,Phase 1,Disease-Targeted Small Molecule,Other,Completed,1,243.0,University of Kansas Medical Center,False,no_match,medium,True,0,1,Needs Review,combination product — components must be inspected individually before treating the whole phrase as one canonical drug name,rule_type,low,True,,,,structured_ct_gov_evidence,tier2_6_resolver,medium,existing evidence only (structured_ct_gov_evidence); no NIH match found,ct.gov structured modality='Other',False,,,,Other,inferred_default,True
Allopregnanolone (intravenous ),Phase 1,Disease-Targeted Small Molecule,Neuroprotection,Completed,1,24.0,University of Southern California,False,no_match,medium,True,0,1,Therapeutic Drug,investigational therapeutic candidate; drug/biological intervention type with no disqualifying evidence found,rule_classification,medium,True,Neuroprotection,,,structured_ct_gov_evidence,tier2_6_resolver,medium,existing evidence only (structured_ct_gov_evidence); no NIH match found,ct.gov structured modality='Small Molecule'; known-compound target='Neuroprotection',False,,,,Small Molecule,inferred_default,True
Alzheimer Disease (AD),Phase 1,Disease-Targeted Biologic,Other,Recruiting,1,48.0,Keymed Biosciences Co.Ltd,False,no_match,medium,True,0,1,Therapeutic Drug,investigational therapeutic candidate; drug/biological intervention type with no disqualifying evidence found,rule_classification,medium,True,,,,structured_ct_gov_evidence,tier2_6_resolver,medium,existing evidence only (structured_ct_gov_evidence); no NIH match found,ct.gov structured modality='Biologic',False,,,,Biologic,inferred_from_modality,True
Amniotic and Umbilical Cord Tissue Procedure,Phase 1,Disease-Targeted Biologic,Other,Recruiting,1,5000.0,R3 Stem Cell,False,no_match,medium,True,0,1,Therapeutic Drug,investigational therapeutic candidate; drug/biological intervention type with no disqualifying evidence found,rule_classification,medium,True,,,,structured_ct_gov_evidence,tier2_6_resolver,medium,existing evidence only (structured_ct_gov_evidence); no NIH match found,ct.gov structured modality='Biologic',False,,,,Biologic,inferred_from_modality,True
Approximately 100 million cells allogeneic hMSC,Phase 1,Disease-Targeted Biologic,Other,Completed,1,6.0,Bernard (Barry) Baumel,False,no_match,medium,True,0,1,Therapeutic Drug,investigational therapeutic candidate; drug/biological intervention type with no disqualifying evidence found,rule_classification,medium,True,,,,structured_ct_gov_evidence,tier2_6_resolver,medium,existing evidence only (structured_ct_gov_evidence); no NIH match found,ct.gov structured modality='Biologic',False,,,,Biologic,inferred_from_modality,True
BAY1006578,Phase 1,Disease-Targeted Small Molecule,Other,Completed,1,24.0,Lantheus Biosciences Ltd.,False,no_match,medium,True,0,1,Therapeutic Drug,investigational therapeutic candidate; drug/biological intervention type with no disqualifying evidence found,rule_classification,medium,True,,,,structured_ct_gov_evidence,tier2_6_resolver,medium,existing evidence only (structured_ct_gov_evidence); no NIH match found,ct.gov structured modality='Small Molecule',False,,,,Small Molecule,inferred_default,True
BCG vaccine,Phase 1,Disease-Targeted Biologic,Inflammation,Recruiting,1,60.0,Tamir Ben-Hur,False,no_match,medium,True,0,1,Therapeutic Drug,investigational therapeutic candidate; drug/biological intervention type with no disqualifying evidence found,rule_classification,medium,True,Inflammation,Immunomodulation by enhancing systemic immunity,,nih_reference,tier2_6_resolver,medium,NIH reference evidence (agrees with existing evidence),ct.gov structured modality='Biologic'; NIH agent='BCG vaccine' CADRO='Inflammation',False,DTT,Biologic,Inflammation,Biologic,nih_reference,False
BIIB076,Phase 1,Disease-Targeted Small Molecule,Other,Completed,1,46.0,Biogen,False,no_match,medium,True,0,1,Therapeutic Drug,investigational therapeutic candidate; drug/biological intervention type with no disqualifying evidence found,rule_classification,medium,True,,,,structured_ct_gov_evidence,tier2_6_resolver,medium,existing evidence only (structured_ct_gov_evidence); no NIH match found,ct.gov structured modality='Small Molecule',False,,,,Small Molecule,inferred_default,True
BMS-241027,Phase 1,Disease-Targeted Small Molecule,Other,Completed,1,40.0,Bristol-Myers Squibb,False,no_match,medium,True,0,1,Therapeutic Drug,investigational therapeutic candidate; drug/biological intervention type with no disqualifying evidence found,rule_classification,medium,True,,,,structured_ct_gov_evidence,tier2_6_resolver,medium,existing evidence only (structured_ct_gov_evidence); no NIH match found,ct.gov structured modality='Small Molecule',False,,,,Small Molecule,inferred_default,True
BMS-708163 (Gamma-Secretase Inhibitor),Phase 1,Disease-Targeted Small Molecule,Amyloid,Completed,1,116.0,Bristol-Myers Squibb,False,no_match,medium,True,0,1,Therapeutic Drug,investigational therapeutic candidate; drug/biological intervention type with no disqualifying evidence found,rule_classification,medium,True,Amyloid,,,structured_ct_gov_evidence,tier2_6_resolver,medium,existing evidence only (structured_ct_gov_evidence); no NIH match found,ct.gov structured modality='Small Molecule'; known-compound target='Amyloid',False,,,,Small Molecule,inferred_default,True
BMS-984923,Phase 1,Disease-Targeted Small Molecule,Amyloid,Completed,3,51.0,Allyx Therapeutics; Yale University,False,no_match,medium,True,0,3,Therapeutic Drug,investigational therapeutic candidate; drug/biological intervention type with no disqualifying evidence found,rule_classification,medium,True,Amyloid,,,structured_ct_gov_evidence,tier2_6_resolver,medium,existing evidence only (structured_ct_gov_evidence); no NIH match found,ct.gov structured modality='Small Molecule'; known-compound target='Amyloid',False,,,,Small Molecule,inferred_default,True
BMS-9894923,Phase 1,Disease-Targeted Small Molecule,Other,Unknown,1,18.0,Allyx Therapeutics,False,no_match,medium,True,0,1,Therapeutic Drug,investigational therapeutic candidate; drug/biological intervention type with no disqualifying evidence found,rule_classification,medium,True,,,,structured_ct_gov_evidence,tier2_6_resolver,medium,existing evidence only (structured_ct_gov_evidence); no NIH match found,ct.gov structured modality='Small Molecule',False,,,,Small Molecule,inferred_default,True
BNC,Phase 1,Disease-Targeted Small Molecule,Other,Completed,1,75.0,National Institute on Aging (NIA),False,no_match,medium,True,0,1,Therapeutic Drug,investigational therapeutic candidate; drug/biological intervention type with no disqualifying evidence found,rule_classification,medium,True,,,,structured_ct_gov_evidence,tier2_6_resolver,medium,existing evidence only (structured_ct_gov_evidence); no NIH match found,ct.gov structured modality='Small Molecule',False,,,,Small Molecule,inferred_default,True
BR4002,Phase 1,Disease-Targeted Small Molecule,Other,Completed,1,18.0,"Boryung Pharmaceutical Co., Ltd",False,no_match,medium,True,0,1,Therapeutic Drug,investigational therapeutic candidate; drug/biological intervention type with no disqualifying evidence found,rule_classification,medium,True,,,,structured_ct_gov_evidence,tier2_6_resolver,medium,existing evidence only (structured_ct_gov_evidence); no NIH match found,ct.gov structured modality='Small Molecule',False,,,,Small Molecule,inferred_default,True
Begacestat,Phase 1,Disease-Targeted Small Molecule,Amyloid,Completed,1,47.0,Wyeth is now a wholly owned subsidiary of Pfizer,False,no_match,medium,True,0,1,Therapeutic Drug,investigational therapeutic candidate; drug/biological intervention type with no disqualifying evidence found,rule_classification,medium,True,Amyloid,,,structured_ct_gov_evidence,tier2_6_resolver,medium,existing evidence only (structured_ct_gov_evidence); no NIH match found,ct.gov structured modality='Small Molecule'; known-compound target='Amyloid',False,,,,Small Molecule,inferred_default,True
BnH-015B,Phase 1,Cognition Enhancer,Symptomatic,Recruiting,1,92.0,BnH Research,False,no_match,medium,True,0,1,Therapeutic Drug,investigational therapeutic candidate; drug/biological intervention type with no disqualifying evidence found,rule_classification,medium,True,Symptomatic,Modulates GluN2B binding of NMDA receptors; regulates BDNF/TRKβ and microglial‐mediated IL‐33‐OPN signaling,,nih_reference,tier2_6_resolver,medium,NIH reference evidence (agrees with existing evidence),ct.gov structured modality='Small Molecule'; NIH agent='BnH‐015B' CADRO='Neurotransmitter receptors',False,STT,Cognition Enhancer,Neurotransmitter receptors,Small Molecule,nih_reference,False
C: MK-3134,Phase 1,Disease-Targeted Small Molecule,Other,Completed,1,31.0,Merck Sharp & Dohme LLC,False,no_match,medium,True,0,1,Therapeutic Drug,investigational therapeutic candidate; drug/biological intervention type with no disqualifying evidence found,rule_classification,medium,True,,,,structured_ct_gov_evidence,tier2_6_resolver,medium,existing evidence only (structured_ct_gov_evidence); no NIH match found,ct.gov structured modality='Small Molecule',False,,,,Small Molecule,inferred_default,True
CERE-110: Adeno-Associated Virus Delivery of NGF,Phase 1,Disease-Targeted Biologic,Other,Completed,1,10.0,Sangamo Therapeutics,False,no_match,medium,True,0,1,Needs Review,GENETIC intervention type with no clear evidence of gene therapy vs. genetic testing/genotyping,rule_type,low,True,,,,structured_ct_gov_evidence,tier2_6_resolver,medium,existing evidence only (structured_ct_gov_evidence); no NIH match found,ct.gov structured modality='Cell/Gene Therapy',False,,,,Cell/Gene Therapy,inferred_from_modality,True
CHF5074,Phase 1,Disease-Targeted Small Molecule,Amyloid,Completed,1,48.0,CERESPIR,False,no_match,medium,True,0,1,Therapeutic Drug,investigational therapeutic candidate; drug/biological intervention type with no disqualifying evidence found,rule_classification,medium,True,Amyloid,,,structured_ct_gov_evidence,tier2_6_resolver,medium,existing evidence only (structured_ct_gov_evidence); no NIH match found,ct.gov structured modality='Small Molecule'; known-compound target='Amyloid',False,,,,Small Molecule,inferred_default,True
CM383,Phase 1,Disease-Targeted Biologic,Amyloid,Unknown,1,56.0,Keymed Biosciences Co.Ltd,False,no_match,medium,True,0,1,Therapeutic Drug,investigational therapeutic candidate; drug/biological intervention type with no disqualifying evidence found,rule_classification,medium,True,Amyloid,Anti‐amyloid monoclonal antibody,,nih_reference,tier2_6_resolver,medium,NIH reference evidence (agrees with existing evidence),ct.gov structured modality='Biologic'; NIH agent='CM383' CADRO='Amyloid‐beta',False,DTT,Biologic,Amyloid‐beta,Biologic,nih_reference,False
CMS121,Phase 1,Disease-Targeted Small Molecule,Other,Completed,1,99.0,"Virogenics, Inc.",False,no_match,medium,True,0,1,Therapeutic Drug,investigational therapeutic candidate; drug/biological intervention type with no disqualifying evidence found,rule_classification,medium,True,,,,structured_ct_gov_evidence,tier2_6_resolver,medium,existing evidence only (structured_ct_gov_evidence); no NIH match found,ct.gov structured modality='Small Molecule',False,,,,Small Molecule,inferred_default,True
CS6253 for,Phase 1,Disease-Targeted Small Molecule,Other,Completed,1,66.0,"Artery Therapeutics, Inc.",False,no_match,medium,True,0,1,Therapeutic Drug,investigational therapeutic candidate; drug/biological intervention type with no disqualifying evidence found,rule_classification,medium,True,,,,structured_ct_gov_evidence,tier2_6_resolver,medium,existing evidence only (structured_ct_gov_evidence); no NIH match found,ct.gov structured modality='Small Molecule',False,,,,Small Molecule,inferred_default,True
CTS21166 (ZPQ-21166),Phase 1,Disease-Targeted Small Molecule,Other,Completed,1,56.0,CoMentis,False,no_match,medium,True,0,1,Therapeutic Drug,investigational therapeutic candidate; drug/biological intervention type with no disqualifying evidence found,rule_classification,medium,True,,,,structured_ct_gov_evidence,tier2_6_resolver,medium,existing evidence only (structured_ct_gov_evidence); no NIH match found,ct.gov structured modality='Small Molecule',False,,,,Small Molecule,inferred_default,True
Centella asiatica product,Phase 1,Disease-Targeted Small Molecule,Other,Recruiting,1,48.0,Oregon Health and Science University,False,no_match,medium,True,0,1,Therapeutic Drug,investigational therapeutic candidate; drug/biological intervention type with no disqualifying evidence found,rule_classification,medium,True,,,,structured_ct_gov_evidence,tier2_6_resolver,medium,existing evidence only (structured_ct_gov_evidence); no NIH match found,ct.gov structured modality='Small Molecule',False,,,,Small Molecule,inferred_default,True
Choline,Phase 1,Disease-Targeted Small Molecule,Metabolism,Completed,1,15.0,Paul E Schulz,False,no_match,medium,True,0,1,Therapeutic Drug,investigational therapeutic candidate; drug/biological intervention type with no disqualifying evidence found,rule_classification,medium,True,Metabolism,Stabilizes lipid metabolism and restores cell function by increasing phosphatidylcholine activity,,nih_reference,tier2_6_resolver,medium,NIH reference evidence (agrees with existing evidence),ct.gov structured modality='Small Molecule'; NIH agent='Choline' CADRO='Metabolism and bioenergetics',False,DTT,Small Molecule,Metabolism and bioenergetics,Small Molecule,nih_reference,False
Cholinergic antagonist,Phase 1,Disease-Targeted Small Molecule,Other,Completed,1,98.0,University of Vermont,False,no_match,medium,True,0,1,Therapeutic Drug,investigational therapeutic candidate; drug/biological intervention type with no disqualifying evidence found,rule_classification,medium,True,,,,structured_ct_gov_evidence,tier2_6_resolver,medium,existing evidence only (structured_ct_gov_evidence); no NIH match found,ct.gov structured modality='Small Molecule',False,,,,Small Molecule,inferred_default,True
Contraloid,Phase 1,Disease-Targeted Small Molecule,Other,Completed,2,40.0,Prof. Dr. Dieter Willbold,False,no_match,medium,True,0,2,Therapeutic Drug,investigational therapeutic candidate; drug/biological intervention type with no disqualifying evidence found,rule_classification,medium,True,,,,structured_ct_gov_evidence,tier2_6_resolver,medium,existing evidence only (structured_ct_gov_evidence); no NIH match found,ct.gov structured modality='Small Molecule',False,,,,Small Molecule,inferred_default,True
Contraloid acetate,Phase 1,Disease-Targeted Small Molecule,Amyloid,Completed,1,19.0,"Charite University, Berlin, Germany",False,no_match,medium,True,0,1,Therapeutic Drug,investigational therapeutic candidate; drug/biological intervention type with no disqualifying evidence found,rule_classification,medium,True,Amyloid,Aggregation inhibitor,,nih_reference,tier2_6_resolver,medium,NIH reference evidence (agrees with existing evidence),ct.gov structured modality='Small Molecule'; NIH agent='Contraloid acetate' CADRO='Amyloid‐beta',False,DTT,Small Molecule,Amyloid‐beta,Small Molecule,nih_reference,False
CpG1018,Phase 1,Disease-Targeted Biologic,Inflammation,Recruiting,1,18.0,NYU Langone Health,False,no_match,medium,True,0,1,Therapeutic Drug,investigational therapeutic candidate; drug/biological intervention type with no disqualifying evidence found,rule_classification,medium,True,Inflammation,Toll‐like receptor agonist that increases phagocytosis by microglia,,nih_reference,tier2_6_resolver,low,NIH and existing (official-pipeline/known-compound/ct.gov) evidence disagree: modality: NIH='Biologic' vs existing='Small Molecule',ct.gov structured modality='Small Molecule'; NIH agent='CpG1018' CADRO='Inflammation',True,DTT,Biologic,Inflammation,Biologic,nih_reference,False
Cyclophosphamate,Phase 1,Disease-Targeted Small Molecule,Inflammation,Completed,1,60.0,National Institute of Mental Health (NIMH),False,no_match,medium,True,0,1,Therapeutic Drug,investigational therapeutic candidate; drug/biological intervention type with no disqualifying evidence found,rule_classification,medium,True,Inflammation,,,structured_ct_gov_evidence,tier2_6_resolver,medium,existing evidence only (structured_ct_gov_evidence); no NIH match found,ct.gov structured modality='Small Molecule'; ct.gov structured target(s)=['Inflammation'],False,,,,Small Molecule,inferred_default,True
D797,Phase 1,Disease-Targeted Small Molecule,Other,Completed,1,60.0,Chong Kun Dang Pharmaceutical,False,no_match,medium,True,0,1,Therapeutic Drug,investigational therapeutic candidate; drug/biological intervention type with no disqualifying evidence found,rule_classification,medium,True,,,,structured_ct_gov_evidence,tier2_6_resolver,medium,existing evidence only (structured_ct_gov_evidence); no NIH match found,ct.gov structured modality='Small Molecule',False,,,,Small Molecule,inferred_default,True
DKF-310,Phase 1,Disease-Targeted Small Molecule,Other,Completed,1,44.0,"Dongkook Pharmaceutical Co., Ltd.",False,no_match,medium,True,0,1,Therapeutic Drug,investigational therapeutic candidate; drug/biological intervention type with no disqualifying evidence found,rule_classification,medium,True,,,,structured_ct_gov_evidence,tier2_6_resolver,medium,existing evidence only (structured_ct_gov_evidence); no NIH match found,ct.gov structured modality='Small Molecule',False,,,,Small Molecule,inferred_default,True
DNL628,Phase 1,Disease-Targeted Small Molecule,Other,Recruiting,1,68.0,Denali Therapeutics Inc.,False,no_match,medium,True,0,1,Therapeutic Drug,investigational therapeutic candidate; drug/biological intervention type with no disqualifying evidence found,rule_classification,medium,True,,,,structured_ct_gov_evidence,tier2_6_resolver,medium,existing evidence only (structured_ct_gov_evidence); no NIH match found,ct.gov structured modality='Small Molecule',False,,,,Small Molecule,inferred_default,True
DNL747,Phase 1,Disease-Targeted Small Molecule,Other,Completed,1,16.0,Denali Therapeutics Inc.,False,no_match,medium,True,0,1,Therapeutic Drug,investigational therapeutic candidate; drug/biological intervention type with no disqualifying evidence found,rule_classification,medium,True,,,,structured_ct_gov_evidence,tier2_6_resolver,medium,existing evidence only (structured_ct_gov_evidence); no NIH match found,ct.gov structured modality='Small Molecule',False,,,,Small Molecule,inferred_default,True
DSPE-DOTA-Gd Liposomal,Phase 1,Disease-Targeted Small Molecule,Other,Discontinued,1,16.0,"Alzeca Biosciences, Inc.",False,no_match,medium,True,0,1,Therapeutic Drug,investigational therapeutic candidate; drug/biological intervention type with no disqualifying evidence found,rule_classification,medium,True,,,,structured_ct_gov_evidence,tier2_6_resolver,medium,existing evidence only (structured_ct_gov_evidence); no NIH match found,ct.gov structured modality='Small Molecule',False,,,,Small Molecule,inferred_default,True
Dabigatran,Phase 1,Disease-Targeted Small Molecule,Other,Discontinued,1,0.0,University of Rhode Island,False,no_match,medium,True,0,1,Therapeutic Drug,investigational therapeutic candidate; drug/biological intervention type with no disqualifying evidence found,rule_classification,medium,True,,,,structured_ct_gov_evidence,tier2_6_resolver,medium,existing evidence only (structured_ct_gov_evidence); no NIH match found,ct.gov structured modality='Small Molecule',False,,,,Small Molecule,inferred_default,True
Dexmedetomidine,Phase 1,Neuropsychiatric Symptom Tx,Neuropsychiatric,Discontinued,1,0.0,Neurological Associates of West Los Angeles,False,no_match,medium,True,0,1,Therapeutic Drug,investigational therapeutic candidate; drug/biological intervention type with no disqualifying evidence found,rule_classification,medium,True,Neuropsychiatric,Selective α2‐adrenergic receptor agonist to enhance noradrenergic function,,nih_reference,tier2_6_resolver,medium,NIH reference evidence (agrees with existing evidence),ct.gov structured modality='Small Molecule'; NIH agent='Dexmedetomidine' CADRO='Neurotransmitter receptors',False,STT,Neuropsychiatric,Neurotransmitter receptors,Small Molecule,nih_reference,False
Dimebon + Dextromethorphan,Phase 1,Disease-Targeted Small Molecule,Neuroprotection,Completed,1,14.0,Pfizer,False,no_match,medium,True,0,1,Therapeutic Drug,investigational therapeutic candidate; drug/biological intervention type with no disqualifying evidence found,rule_classification,medium,True,Neuroprotection,,,structured_ct_gov_evidence,tier2_6_resolver,medium,existing evidence only (structured_ct_gov_evidence); no NIH match found,ct.gov structured modality='Small Molecule'; known-compound target='Neuroprotection',False,,,,Small Molecule,inferred_default,True
"Diprivan (propofol), Astra-Zeneca",Phase 1,Neuropsychiatric Symptom Tx,Neuropsychiatric,Recruiting,1,100.0,Nyree Penn,False,no_match,medium,True,0,1,Therapeutic Drug,investigational therapeutic candidate; drug/biological intervention type with no disqualifying evidence found,rule_classification,medium,True,Neuropsychiatric,,,structured_ct_gov_evidence,tier2_6_resolver,medium,existing evidence only (structured_ct_gov_evidence); no NIH match found,ct.gov structured modality='Small Molecule'; ct.gov structured target(s)=['Neuropsychiatric'],False,,,,Small Molecule,inferred_from_target_pathway,True
Donepezil Dihydroxynaphthalate for,Phase 1,Cognition Enhancer,Symptomatic,Unknown,1,64.0,"Shanghai Synergy Pharmaceutical Sciences Co., Ltd.",False,no_match,medium,True,0,1,Therapeutic Drug,investigational therapeutic candidate; drug/biological intervention type with no disqualifying evidence found,rule_classification,medium,True,Symptomatic,,,structured_ct_gov_evidence,tier2_6_resolver,medium,existing evidence only (structured_ct_gov_evidence); no NIH match found,ct.gov structured modality='Small Molecule'; known-compound target='Symptomatic',False,,,,Small Molecule,inferred_from_target_pathway,True
Donepezil TDS,Phase 1,Cognition Enhancer,Symptomatic,Completed,2,66.0,"Corium, Inc.",False,no_match,medium,True,0,2,Therapeutic Drug,investigational therapeutic candidate; drug/biological intervention type with no disqualifying evidence found,rule_classification,medium,True,Symptomatic,,,structured_ct_gov_evidence,tier2_6_resolver,medium,existing evidence only (structured_ct_gov_evidence); no NIH match found,ct.gov structured modality='Small Molecule'; known-compound target='Symptomatic',False,,,,Small Molecule,inferred_from_target_pathway,True
Donepezil patch,Phase 1,Cognition Enhancer,Symptomatic,Completed,1,36.0,Icure Pharmaceutical Inc.,False,no_match,medium,True,0,1,Therapeutic Drug,investigational therapeutic candidate; drug/biological intervention type with no disqualifying evidence found,rule_classification,medium,True,Symptomatic,,,structured_ct_gov_evidence,tier2_6_resolver,medium,existing evidence only (structured_ct_gov_evidence); no NIH match found,ct.gov structured modality='Small Molecule'; known-compound target='Symptomatic',False,,,,Small Molecule,inferred_from_target_pathway,True
E2212,Phase 1,Disease-Targeted Small Molecule,Other,Completed,1,60.0,Eisai Inc.,False,no_match,medium,True,0,1,Therapeutic Drug,investigational therapeutic candidate; drug/biological intervention type with no disqualifying evidence found,rule_classification,medium,True,,,,structured_ct_gov_evidence,tier2_6_resolver,medium,existing evidence only (structured_ct_gov_evidence); no NIH match found,ct.gov structured modality='Small Molecule',False,,,,Small Molecule,inferred_default,True
Elpipodect,Phase 1,Neuropsychiatric Symptom Tx,Neuropsychiatric,Completed,1,29.0,Merck Sharp & Dohme LLC,False,no_match,medium,True,0,1,Therapeutic Drug,investigational therapeutic candidate; drug/biological intervention type with no disqualifying evidence found,rule_classification,medium,True,Neuropsychiatric,,,structured_ct_gov_evidence,tier2_6_resolver,medium,existing evidence only (structured_ct_gov_evidence); no NIH match found,ct.gov structured modality='Small Molecule'; ct.gov structured target(s)=['Neuropsychiatric'],False,,,,Small Molecule,inferred_from_target_pathway,True
Emraclidine,Phase 1,Disease-Targeted Small Molecule,Other,Completed,1,17.0,AbbVie,False,no_match,medium,True,0,1,Therapeutic Drug,investigational therapeutic candidate; drug/biological intervention type with no disqualifying evidence found,rule_classification,medium,True,,,,structured_ct_gov_evidence,tier2_6_resolver,medium,existing evidence only (structured_ct_gov_evidence); no NIH match found,ct.gov structured modality='Small Molecule',False,,,,Small Molecule,inferred_default,True
Emtriva,Phase 1,Disease-Targeted Small Molecule,Other,Recruiting,1,35.0,Butler Hospital,False,no_match,medium,True,0,1,Therapeutic Drug,investigational therapeutic candidate; drug/biological intervention type with no disqualifying evidence found,rule_classification,medium,True,,,,structured_ct_gov_evidence,tier2_6_resolver,medium,existing evidence only (structured_ct_gov_evidence); no NIH match found,ct.gov structured modality='Small Molecule',False,,,,Small Molecule,inferred_default,True
F-18,Phase 1,Disease-Targeted Small Molecule,Tau,Completed,1,36.0,Chang Gung Memorial Hospital,False,no_match,medium,True,0,1,Therapeutic Drug,investigational therapeutic candidate; drug/biological intervention type with no disqualifying evidence found,rule_classification,medium,True,Tau,,,structured_ct_gov_evidence,tier2_6_resolver,medium,existing evidence only (structured_ct_gov_evidence); no NIH match found,ct.gov structured modality='Small Molecule'; ct.gov structured target(s)=['Tau'],False,,,,Small Molecule,inferred_default,True
F-18 FEDAA1106 (BAY85-8101),Phase 1,Disease-Targeted Small Molecule,Inflammation,Completed,1,25.0,Bayer,False,no_match,medium,True,0,1,Therapeutic Drug,investigational therapeutic candidate; drug/biological intervention type with no disqualifying evidence found,rule_classification,medium,True,Inflammation,,,structured_ct_gov_evidence,tier2_6_resolver,medium,existing evidence only (structured_ct_gov_evidence); no NIH match found,ct.gov structured modality='Small Molecule'; known-compound target='Inflammation',False,,,,Small Molecule,inferred_default,True
F18-3F4AP,Phase 1,Disease-Targeted Small Molecule,Other,Unknown,1,8.0,Massachusetts General Hospital,False,no_match,medium,True,0,1,Therapeutic Drug,investigational therapeutic candidate; drug/biological intervention type with no disqualifying evidence found,rule_classification,medium,True,,,,structured_ct_gov_evidence,tier2_6_resolver,medium,existing evidence only (structured_ct_gov_evidence); no NIH match found,ct.gov structured modality='Small Molecule',False,,,,Small Molecule,inferred_default,True
Fecal Microbiota Transplant,Phase 1,Disease-Targeted Biologic,Other,Discontinued,1,5.0,"University of Wisconsin, Madison",False,no_match,medium,True,0,1,Therapeutic Drug,investigational therapeutic candidate; drug/biological intervention type with no disqualifying evidence found,rule_classification,medium,True,,,,structured_ct_gov_evidence,tier2_6_resolver,medium,existing evidence only (structured_ct_gov_evidence); no NIH match found,ct.gov structured modality='Biologic',False,,,,Biologic,inferred_from_modality,True
Fluoroethylnormemantine (FENM),Phase 1,Cognition Enhancer,Symptomatic,Discontinued,1,0.0,ReST Therapeutics,False,no_match,medium,True,0,1,Therapeutic Drug,investigational therapeutic candidate; drug/biological intervention type with no disqualifying evidence found,rule_classification,medium,True,Symptomatic,,,structured_ct_gov_evidence,tier2_6_resolver,medium,existing evidence only (structured_ct_gov_evidence); no NIH match found,ct.gov structured modality='Small Molecule'; known-compound target='Symptomatic',False,,,,Small Molecule,inferred_from_target_pathway,True
GB-5001,Phase 1,Disease-Targeted Small Molecule,Other,Completed,1,48.0,"G2GBio, Inc.",False,no_match,medium,True,0,1,Therapeutic Drug,investigational therapeutic candidate; drug/biological intervention type with no disqualifying evidence found,rule_classification,medium,True,,,,structured_ct_gov_evidence,tier2_6_resolver,medium,existing evidence only (structured_ct_gov_evidence); no NIH match found,ct.gov structured modality='Small Molecule',False,,,,Small Molecule,inferred_default,True
GC021109,Phase 1,Disease-Targeted Small Molecule,Other,Completed,1,39.0,"GliaCure, Inc.",False,no_match,medium,True,0,1,Therapeutic Drug,investigational therapeutic candidate; drug/biological intervention type with no disqualifying evidence found,rule_classification,medium,True,,,,structured_ct_gov_evidence,tier2_6_resolver,medium,existing evidence only (structured_ct_gov_evidence); no NIH match found,ct.gov structured modality='Small Molecule',False,,,,Small Molecule,inferred_default,True
GSI 136,Phase 1,Disease-Targeted Small Molecule,Other,Completed,2,80.0,Wyeth is now a wholly owned subsidiary of Pfizer,False,no_match,medium,True,0,2,Therapeutic Drug,investigational therapeutic candidate; drug/biological intervention type with no disqualifying evidence found,rule_classification,medium,True,,,,structured_ct_gov_evidence,tier2_6_resolver,medium,existing evidence only (structured_ct_gov_evidence); no NIH match found,ct.gov structured modality='Small Molecule',False,,,,Small Molecule,inferred_default,True
GSI-953,Phase 1,Disease-Targeted Small Molecule,Amyloid,Completed,3,96.0,Wyeth is now a wholly owned subsidiary of Pfizer,False,no_match,medium,True,0,3,Therapeutic Drug,investigational therapeutic candidate; drug/biological intervention type with no disqualifying evidence found,rule_classification,medium,True,Amyloid,,,structured_ct_gov_evidence,tier2_6_resolver,medium,existing evidence only (structured_ct_gov_evidence); no NIH match found,ct.gov structured modality='Small Molecule'; known-compound target='Amyloid',False,,,,Small Molecule,inferred_default,True
GSK1034702,Phase 1,Disease-Targeted Small Molecule,Other,Completed,1,4.0,GlaxoSmithKline,False,no_match,medium,True,0,1,Therapeutic Drug,investigational therapeutic candidate; drug/biological intervention type with no disqualifying evidence found,rule_classification,medium,True,,,,structured_ct_gov_evidence,tier2_6_resolver,medium,existing evidence only (structured_ct_gov_evidence); no NIH match found,ct.gov structured modality='Small Molecule',False,,,,Small Molecule,inferred_default,True
GSK2647544,Phase 1,Disease-Targeted Small Molecule,Inflammation,Completed,2,27.0,GlaxoSmithKline,False,no_match,medium,True,0,2,Therapeutic Drug,investigational therapeutic candidate; drug/biological intervention type with no disqualifying evidence found,rule_classification,medium,True,Inflammation,,,structured_ct_gov_evidence,tier2_6_resolver,medium,existing evidence only (structured_ct_gov_evidence); no NIH match found,ct.gov structured modality='Small Molecule'; known-compound target='Inflammation',False,,,,Small Molecule,inferred_default,True
GSK2981710,Phase 1,Disease-Targeted Small Molecule,Other,Completed,1,116.0,GlaxoSmithKline,False,no_match,medium,True,0,1,Therapeutic Drug,investigational therapeutic candidate; drug/biological intervention type with no disqualifying evidence found,rule_classification,medium,True,,,,structured_ct_gov_evidence,tier2_6_resolver,medium,existing evidence only (structured_ct_gov_evidence); no NIH match found,ct.gov structured modality='Small Molecule',False,,,,Small Molecule,inferred_default,True
GSK933776,Phase 1,Disease-Targeted Biologic,Amyloid,Completed,2,50.0,GlaxoSmithKline,False,no_match,medium,True,0,2,Therapeutic Drug,investigational therapeutic candidate; drug/biological intervention type with no disqualifying evidence found,rule_classification,medium,True,Amyloid,,,structured_ct_gov_evidence,tier2_6_resolver,medium,existing evidence only (structured_ct_gov_evidence); no NIH match found,ct.gov structured modality='Biologic'; ct.gov structured target(s)=['Amyloid'],False,,,,Biologic,inferred_from_modality,True
GSM-779690T,Phase 1,Disease-Targeted Small Molecule,Other,Recruiting,1,72.0,Acta Pharmaceuticals,False,no_match,medium,True,0,1,Therapeutic Drug,investigational therapeutic candidate; drug/biological intervention type with no disqualifying evidence found,rule_classification,medium,True,,,,structured_ct_gov_evidence,tier2_6_resolver,medium,existing evidence only (structured_ct_gov_evidence); no NIH match found,ct.gov structured modality='Small Molecule',False,,,,Small Molecule,inferred_default,True
Galantamine and Donepezil,Phase 1,Cognition Enhancer,Symptomatic,Completed,1,15.0,"University Hospital, Clermont-Ferrand",False,no_match,medium,True,0,1,Therapeutic Drug,investigational therapeutic candidate; drug/biological intervention type with no disqualifying evidence found,rule_classification,medium,True,Symptomatic,,,structured_ct_gov_evidence,tier2_6_resolver,medium,existing evidence only (structured_ct_gov_evidence); no NIH match found,ct.gov structured modality='Small Molecule'; known-compound target='Symptomatic',False,,,,Small Molecule,inferred_from_target_pathway,True
Galcanezumab,Phase 1,Disease-Targeted Biologic,Other,Recruiting,1,10.0,"Xuanwu Hospital, Beijing",False,no_match,medium,True,0,1,Therapeutic Drug,investigational therapeutic candidate; drug/biological intervention type with no disqualifying evidence found,rule_classification,medium,True,,,,structured_ct_gov_evidence,tier2_6_resolver,medium,existing evidence only (structured_ct_gov_evidence); no NIH match found,ct.gov structured modality='Biologic',False,,,,Biologic,inferred_from_modality,True
Gemfibrozil,Phase 1,Disease-Targeted Small Molecule,Other,Completed,1,72.0,"Gregory Jicha, 323-5550",False,no_match,medium,True,0,1,Therapeutic Drug,investigational therapeutic candidate; drug/biological intervention type with no disqualifying evidence found,rule_classification,medium,True,,,,structured_ct_gov_evidence,tier2_6_resolver,medium,existing evidence only (structured_ct_gov_evidence); no NIH match found,ct.gov structured modality='Small Molecule',False,,,,Small Molecule,inferred_default,True
HPP854,Phase 1,Disease-Targeted Small Molecule,Other,Discontinued,1,7.0,"High Point Pharmaceuticals, LLC.",False,no_match,medium,True,0,1,Therapeutic Drug,investigational therapeutic candidate; drug/biological intervention type with no disqualifying evidence found,rule_classification,medium,True,,,,structured_ct_gov_evidence,tier2_6_resolver,medium,existing evidence only (structured_ct_gov_evidence); no NIH match found,ct.gov structured modality='Small Molecule',False,,,,Small Molecule,inferred_default,True
HTL0009936,Phase 1,Cognition Enhancer,Symptomatic,Completed,2,108.0,Nxera Pharma UK Limited,False,no_match,medium,True,0,2,Therapeutic Drug,investigational therapeutic candidate; drug/biological intervention type with no disqualifying evidence found,rule_classification,medium,True,Symptomatic,,,structured_ct_gov_evidence,tier2_6_resolver,medium,existing evidence only (structured_ct_gov_evidence); no NIH match found,ct.gov structured modality='Small Molecule'; known-compound target='Symptomatic',False,,,,Small Molecule,inferred_from_target_pathway,True
HTL0018318,Phase 1,Disease-Targeted Small Molecule,Other,Completed,1,60.0,Nxera Pharma UK Limited,False,no_match,medium,True,0,1,Therapeutic Drug,investigational therapeutic candidate; drug/biological intervention type with no disqualifying evidence found,rule_classification,medium,True,,,,structured_ct_gov_evidence,tier2_6_resolver,medium,existing evidence only (structured_ct_gov_evidence); no NIH match found,ct.gov structured modality='Small Molecule',False,,,,Small Molecule,inferred_default,True
Human Nerve Growth Factor,Phase 1,Disease-Targeted Biologic,Other,Completed,1,8.0,The Shiley Family Trust,False,no_match,medium,True,0,1,Needs Review,GENETIC intervention type with no clear evidence of gene therapy vs. genetic testing/genotyping,rule_type,low,True,,,,structured_ct_gov_evidence,tier2_6_resolver,medium,existing evidence only (structured_ct_gov_evidence); no NIH match found,ct.gov structured modality='Cell/Gene Therapy',False,,,,Cell/Gene Therapy,inferred_from_modality,True
Human Umbilical Cord Blood Derived-Mesenchymal Stem Cells,Phase 1,Disease-Targeted Biologic,Other,Completed,1,9.0,Medipost Co Ltd.,False,no_match,medium,True,0,1,Therapeutic Drug,investigational therapeutic candidate; drug/biological intervention type with no disqualifying evidence found,rule_classification,medium,True,,,,structured_ct_gov_evidence,tier2_6_resolver,medium,existing evidence only (structured_ct_gov_evidence); no NIH match found,ct.gov structured modality='Cell/Gene Therapy',False,,,,Cell/Gene Therapy,inferred_from_modality,True
I123MNI388/I123MNI390,Phase 1,Disease-Targeted Small Molecule,Other,Discontinued,1,2.0,Institute for Neurodegenerative Disorders,False,no_match,medium,True,0,1,Therapeutic Drug,investigational therapeutic candidate; drug/biological intervention type with no disqualifying evidence found,rule_classification,medium,True,,,,structured_ct_gov_evidence,tier2_6_resolver,medium,existing evidence only (structured_ct_gov_evidence); no NIH match found,ct.gov structured modality='Small Molecule',False,,,,Small Molecule,inferred_default,True
IBC-Ab002,Phase 1,Disease-Targeted Biologic,Other,Completed,1,40.0,Immunobrain Checkpoint,False,no_match,medium,True,0,1,Therapeutic Drug,investigational therapeutic candidate; drug/biological intervention type with no disqualifying evidence found,rule_classification,medium,True,,,,structured_ct_gov_evidence,tier2_6_resolver,medium,existing evidence only (structured_ct_gov_evidence); no NIH match found,ct.gov structured modality='Biologic',False,,,,Biologic,inferred_from_modality,True
IGC AD1,Phase 1,Neuropsychiatric Symptom Tx,Neuropsychiatric,Completed,1,12.0,"IGC Pharma, LLC",False,no_match,medium,True,0,1,Therapeutic Drug,investigational therapeutic candidate; drug/biological intervention type with no disqualifying evidence found,rule_classification,medium,True,Neuropsychiatric,Tetrahydrocannabinol binds to the CB1 receptor,,nih_reference,tier2_6_resolver,medium,NIH reference evidence (agrees with existing evidence),ct.gov structured modality='Small Molecule'; NIH agent='IGC‐AD1' CADRO='Neurotransmitter receptors',False,STT,Neuropsychiatric,Neurotransmitter receptors,Small Molecule,nih_reference,False
ION269,Phase 1,Disease-Targeted Biologic,Amyloid,Discontinued,1,1.0,"Ionis Pharmaceuticals, Inc.",False,no_match,medium,True,0,1,Therapeutic Drug,investigational therapeutic candidate; drug/biological intervention type with no disqualifying evidence found,rule_classification,medium,True,Amyloid,Antisense oligonucleotide directed at amyloid precursor protein,,nih_reference,tier2_6_resolver,low,NIH and existing (official-pipeline/known-compound/ct.gov) evidence disagree: modality: NIH='Biologic' vs existing='Small Molecule',ct.gov structured modality='Small Molecule'; NIH agent='ION269' CADRO='Amyloid‐beta',True,DTT,Biologic,Amyloid‐beta,Biologic,nih_reference,False
IONIS MAPTRx,Phase 1,Disease-Targeted Small Molecule,Tau,Completed,1,46.0,"Ionis Pharmaceuticals, Inc.",False,no_match,medium,True,0,1,Therapeutic Drug,investigational therapeutic candidate; drug/biological intervention type with no disqualifying evidence found,rule_classification,medium,True,Tau,,,structured_ct_gov_evidence,tier2_6_resolver,medium,existing evidence only (structured_ct_gov_evidence); no NIH match found,ct.gov structured modality='Small Molecule'; ct.gov structured target(s)=['Tau'],False,,,,Small Molecule,inferred_default,True
Ibuprofen,Phase 1,Disease-Targeted Small Molecule,Inflammation,Unknown,1,40.0,National Institute on Aging (NIA),False,no_match,medium,True,0,1,Therapeutic Drug,investigational therapeutic candidate; drug/biological intervention type with no disqualifying evidence found,rule_classification,medium,True,Inflammation,,,structured_ct_gov_evidence,tier2_6_resolver,medium,existing evidence only (structured_ct_gov_evidence); no NIH match found,ct.gov structured modality='Small Molecule'; ct.gov structured target(s)=['Inflammation'],False,,,,Small Molecule,inferred_default,True
Idalopirdine (Lu AE58054),Phase 1,Disease-Targeted Small Molecule,Other,Completed,1,16.0,H. Lundbeck A/S,False,no_match,medium,True,0,1,Therapeutic Drug,investigational therapeutic candidate; drug/biological intervention type with no disqualifying evidence found,rule_classification,medium,True,,,,structured_ct_gov_evidence,tier2_6_resolver,medium,existing evidence only (structured_ct_gov_evidence); no NIH match found,ct.gov structured modality='Small Molecule',False,,,,Small Molecule,inferred_default,True
Idazoxan,Phase 1,Disease-Targeted Small Molecule,Other,Discontinued,1,2.0,Imperial College London,False,no_match,medium,True,0,1,Therapeutic Drug,investigational therapeutic candidate; drug/biological intervention type with no disqualifying evidence found,rule_classification,medium,True,,,,structured_ct_gov_evidence,tier2_6_resolver,medium,existing evidence only (structured_ct_gov_evidence); no NIH match found,ct.gov structured modality='Small Molecule',False,,,,Small Molecule,inferred_default,True
Intravenous infusion of mononuclear cells from umbilical cord blood,Phase 1,Disease-Targeted Biologic,Other,Recruiting,1,30.0,Anhui Provincial Hospital,False,no_match,medium,True,0,1,Therapeutic Drug,investigational therapeutic candidate; drug/biological intervention type with no disqualifying evidence found,rule_classification,medium,True,,,,structured_ct_gov_evidence,tier2_6_resolver,medium,existing evidence only (structured_ct_gov_evidence); no NIH match found,ct.gov structured modality='Cell/Gene Therapy',False,,,,Cell/Gene Therapy,inferred_from_modality,True
J147,Phase 1,Disease-Targeted Small Molecule,Other,Completed,1,64.0,"Abrexa Pharmaceuticals, Inc.",False,no_match,medium,True,0,1,Therapeutic Drug,investigational therapeutic candidate; drug/biological intervention type with no disqualifying evidence found,rule_classification,medium,True,,,,structured_ct_gov_evidence,tier2_6_resolver,medium,existing evidence only (structured_ct_gov_evidence); no NIH match found,ct.gov structured modality='Small Molecule',False,,,,Small Molecule,inferred_default,True
J4,Phase 1,Disease-Targeted Small Molecule,Neuroprotection,Recruiting,1,76.0,"Academia Sinica, Taiwan",False,no_match,medium,True,0,1,Therapeutic Drug,investigational therapeutic candidate; drug/biological intervention type with no disqualifying evidence found,rule_classification,medium,True,Neuroprotection,Regulates neuronal excitability by modulating synaptic transmission,,nih_reference,tier2_6_resolver,medium,NIH reference evidence (agrees with existing evidence),ct.gov structured modality='Small Molecule'; NIH agent='J4' CADRO='Synaptic plasticity/neuroprotection',False,DTT,Small Molecule,Synaptic plasticity/neuroprotection,Small Molecule,nih_reference,False
JNJ-39393406,Phase 1,Cognition Enhancer,Symptomatic,Discontinued,1,47.0,"Janssen Pharmaceutica N.V., Belgium",False,no_match,medium,True,0,1,Therapeutic Drug,investigational therapeutic candidate; drug/biological intervention type with no disqualifying evidence found,rule_classification,medium,True,Symptomatic,,,structured_ct_gov_evidence,tier2_6_resolver,medium,existing evidence only (structured_ct_gov_evidence); no NIH match found,ct.gov structured modality='Small Molecule'; known-compound target='Symptomatic',False,,,,Small Molecule,inferred_from_target_pathway,True
JNJ-40346527,Phase 1,Disease-Targeted Small Molecule,Inflammation,Discontinued,1,2.0,University of Oxford,False,no_match,medium,True,0,1,Therapeutic Drug,investigational therapeutic candidate; drug/biological intervention type with no disqualifying evidence found,rule_classification,medium,True,Inflammation,,,structured_ct_gov_evidence,tier2_6_resolver,medium,existing evidence only (structured_ct_gov_evidence); no NIH match found,ct.gov structured modality='Small Molecule'; ct.gov structured target(s)=['Inflammation'],False,,,,Small Molecule,inferred_default,True
KHK6640,Phase 1,Disease-Targeted Small Molecule,Amyloid,Completed,3,57.0,"Kyowa Kirin Co., Ltd.",False,no_match,medium,True,0,3,Therapeutic Drug,investigational therapeutic candidate; drug/biological intervention type with no disqualifying evidence found,rule_classification,medium,True,Amyloid,,,structured_ct_gov_evidence,tier2_6_resolver,medium,existing evidence only (structured_ct_gov_evidence); no NIH match found,ct.gov structured modality='Small Molecule'; known-compound target='Amyloid',False,,,,Small Molecule,inferred_default,True
LNK-754,Phase 1,Disease-Targeted Small Molecule,Other,Completed,1,110.0,Link Medicine Corporation,False,no_match,medium,True,0,1,Therapeutic Drug,investigational therapeutic candidate; drug/biological intervention type with no disqualifying evidence found,rule_classification,medium,True,,,,structured_ct_gov_evidence,tier2_6_resolver,medium,existing evidence only (structured_ct_gov_evidence); no NIH match found,ct.gov structured modality='Small Molecule',False,,,,Small Molecule,inferred_default,True
LPS,Phase 1,Disease-Targeted Small Molecule,Inflammation,Completed,1,18.0,Yale University,False,no_match,medium,True,0,1,Therapeutic Drug,investigational therapeutic candidate; drug/biological intervention type with no disqualifying evidence found,rule_classification,medium,True,Inflammation,,,structured_ct_gov_evidence,tier2_6_resolver,medium,existing evidence only (structured_ct_gov_evidence); no NIH match found,ct.gov structured modality='Small Molecule'; ct.gov structured target(s)=['Inflammation'],False,,,,Small Molecule,inferred_default,True
LY03017,Phase 1,Neuropsychiatric Symptom Tx,Neuropsychiatric,Recruiting,3,60.0,Luye Pharma Group Ltd.,False,no_match,medium,True,0,3,Therapeutic Drug,investigational therapeutic candidate; drug/biological intervention type with no disqualifying evidence found,rule_classification,medium,True,Neuropsychiatric,5‐HT2A receptor inverse agonist and 5‐HT2C receptor antagonist,,nih_reference,tier2_6_resolver,medium,NIH reference evidence (agrees with existing evidence),ct.gov structured modality='Small Molecule'; NIH agent='LY03017' CADRO='Neurotransmitter receptors',False,STT,Neuropsychiatric,Neurotransmitter receptors,Small Molecule,nih_reference,False
LY03020,Phase 1,Disease-Targeted Small Molecule,Other,Recruiting,3,66.0,Luye Pharma Group Ltd.,False,no_match,medium,True,0,3,Therapeutic Drug,investigational therapeutic candidate; drug/biological intervention type with no disqualifying evidence found,rule_classification,medium,True,,,,structured_ct_gov_evidence,tier2_6_resolver,medium,existing evidence only (structured_ct_gov_evidence); no NIH match found,ct.gov structured modality='Small Molecule',False,,,,Small Molecule,inferred_default,True
LY2811376,Phase 1,Disease-Targeted Small Molecule,Other,Completed,1,61.0,Eli Lilly and Company,False,no_match,medium,True,0,1,Therapeutic Drug,investigational therapeutic candidate; drug/biological intervention type with no disqualifying evidence found,rule_classification,medium,True,,,,structured_ct_gov_evidence,tier2_6_resolver,medium,existing evidence only (structured_ct_gov_evidence); no NIH match found,ct.gov structured modality='Small Molecule',False,,,,Small Molecule,inferred_default,True
LY3303560 - IV,Phase 1,Disease-Targeted Biologic,Tau,Completed,1,22.0,Eli Lilly and Company,False,no_match,medium,True,0,1,Therapeutic Drug,investigational therapeutic candidate; drug/biological intervention type with no disqualifying evidence found,rule_classification,medium,True,Tau,,,known_compound_exact_match,tier2_6_resolver,high,existing evidence only (known_compound_exact_match); no NIH match found,known-compound modality='Biologic'; known-compound target='Tau',False,,,,Biologic,inferred_from_modality,True
LY3372993,Phase 1,Disease-Targeted Small Molecule,Other,Completed,2,139.0,Eli Lilly and Company,False,no_match,medium,True,0,2,Therapeutic Drug,investigational therapeutic candidate; drug/biological intervention type with no disqualifying evidence found,rule_classification,medium,True,,,,structured_ct_gov_evidence,tier2_6_resolver,medium,existing evidence only (structured_ct_gov_evidence); no NIH match found,ct.gov structured modality='Small Molecule',False,,,,Small Molecule,inferred_default,True
LY3439539,Phase 1,Disease-Targeted Small Molecule,Other,Recruiting,1,30.0,Eli Lilly and Company,False,no_match,medium,True,0,1,Therapeutic Drug,investigational therapeutic candidate; drug/biological intervention type with no disqualifying evidence found,rule_classification,medium,True,,,,structured_ct_gov_evidence,tier2_6_resolver,medium,existing evidence only (structured_ct_gov_evidence); no NIH match found,ct.gov structured modality='Small Molecule',False,,,,Small Molecule,inferred_default,True
LY3954068,Phase 1,Disease-Targeted Biologic,Other,Recruiting,1,48.0,Eli Lilly and Company,False,no_match,medium,True,0,1,Therapeutic Drug,investigational therapeutic candidate; drug/biological intervention type with no disqualifying evidence found,rule_classification,medium,True,,Undisclosed,,nih_reference,tier2_6_resolver,low,NIH and existing (official-pipeline/known-compound/ct.gov) evidence disagree: modality: NIH='Biologic' vs existing='Small Molecule',ct.gov structured modality='Small Molecule'; NIH agent='LY3954068' CADRO='Undisclosed',True,DTT,Biologic,Undisclosed,Biologic,nih_reference,False
LY4006895,Phase 1,Disease-Targeted Biologic,Other,Recruiting,1,128.0,Eli Lilly and Company,False,no_match,medium,True,0,1,Therapeutic Drug,investigational therapeutic candidate; drug/biological intervention type with no disqualifying evidence found,rule_classification,medium,True,,Undisclosed,,nih_reference,tier2_6_resolver,low,NIH and existing (official-pipeline/known-compound/ct.gov) evidence disagree: modality: NIH='Biologic' vs existing='Small Molecule',ct.gov structured modality='Small Molecule'; NIH agent='LY4006895' CADRO='Undisclosed',True,DTT,Biologic,Undisclosed,Biologic,nih_reference,False
LYN-057,Phase 1,Disease-Targeted Small Molecule,Other,Completed,1,8.0,Lyndra Inc.,False,no_match,medium,True,0,1,Therapeutic Drug,investigational therapeutic candidate; drug/biological intervention type with no disqualifying evidence found,rule_classification,medium,True,,,,structured_ct_gov_evidence,tier2_6_resolver,medium,existing evidence only (structured_ct_gov_evidence); no NIH match found,ct.gov structured modality='Small Molecule',False,,,,Small Molecule,inferred_default,True
Lecozotan,Phase 1,Cognition Enhancer,Symptomatic,Completed,1,,Wyeth is now a wholly owned subsidiary of Pfizer,False,no_match,medium,True,0,1,Therapeutic Drug,investigational therapeutic candidate; drug/biological intervention type with no disqualifying evidence found,rule_classification,medium,True,Symptomatic,,,structured_ct_gov_evidence,tier2_6_resolver,medium,existing evidence only (structured_ct_gov_evidence); no NIH match found,ct.gov structured modality='Small Molecule'; known-compound target='Symptomatic',False,,,,Small Molecule,inferred_from_target_pathway,True
Leucettinib-21,Phase 1,Disease-Targeted Small Molecule,Tau,Completed,1,152.0,Perha Pharmaceuticals,False,no_match,medium,True,0,1,Therapeutic Drug,investigational therapeutic candidate; drug/biological intervention type with no disqualifying evidence found,rule_classification,medium,True,Tau,Antagonizes activity of the protein (DYRK1A protein kinase) derived from the DYRK1A gene to decrease tau hyperphosphorylation,,nih_reference,tier2_6_resolver,medium,NIH reference evidence (agrees with existing evidence),ct.gov structured modality='Small Molecule'; NIH agent='Leucettinib‐21' CADRO='Tau',False,DTT,Small Molecule,Tau,Small Molecule,nih_reference,False
Longeveron Mesenchymal Stem Cells,Phase 1,Disease-Targeted Biologic,Other,Completed,1,33.0,Longeveron Inc.,False,no_match,medium,True,0,1,Therapeutic Drug,investigational therapeutic candidate; drug/biological intervention type with no disqualifying evidence found,rule_classification,medium,True,,,,structured_ct_gov_evidence,tier2_6_resolver,medium,existing evidence only (structured_ct_gov_evidence); no NIH match found,ct.gov structured modality='Cell/Gene Therapy',False,,,,Cell/Gene Therapy,inferred_from_modality,True
Lu AF20513,Phase 1,Disease-Targeted Small Molecule,Amyloid,Discontinued,2,18.0,H. Lundbeck A/S,False,no_match,medium,True,0,2,Therapeutic Drug,investigational therapeutic candidate; drug/biological intervention type with no disqualifying evidence found,rule_classification,medium,True,Amyloid,,,structured_ct_gov_evidence,tier2_6_resolver,medium,existing evidence only (structured_ct_gov_evidence); no NIH match found,ct.gov structured modality='Small Molecule'; known-compound target='Amyloid',False,,,,Small Molecule,inferred_default,True
Lu AF87908,Phase 1,Disease-Targeted Small Molecule,Other,Completed,1,86.0,H. Lundbeck A/S,False,no_match,medium,True,0,1,Therapeutic Drug,investigational therapeutic candidate; drug/biological intervention type with no disqualifying evidence found,rule_classification,medium,True,,,,structured_ct_gov_evidence,tier2_6_resolver,medium,existing evidence only (structured_ct_gov_evidence); no NIH match found,ct.gov structured modality='Small Molecule',False,,,,Small Molecule,inferred_default,True
MK-0249,Phase 1,Disease-Targeted Small Molecule,Other,Discontinued,1,4.0,Merck Sharp & Dohme LLC,False,no_match,medium,True,0,1,Therapeutic Drug,investigational therapeutic candidate; drug/biological intervention type with no disqualifying evidence found,rule_classification,medium,True,,,,structured_ct_gov_evidence,tier2_6_resolver,medium,existing evidence only (structured_ct_gov_evidence); no NIH match found,ct.gov structured modality='Small Molecule',False,,,,Small Molecule,inferred_default,True
MK-1708,Phase 1,Disease-Targeted Small Molecule,Other,Completed,1,12.0,Merck Sharp & Dohme LLC,False,no_match,medium,True,0,1,Therapeutic Drug,investigational therapeutic candidate; drug/biological intervention type with no disqualifying evidence found,rule_classification,medium,True,,,,structured_ct_gov_evidence,tier2_6_resolver,medium,existing evidence only (structured_ct_gov_evidence); no NIH match found,ct.gov structured modality='Small Molecule',False,,,,Small Molecule,inferred_default,True
MK-4334,Phase 1,Disease-Targeted Small Molecule,Other,Discontinued,1,0.0,Merck Sharp & Dohme LLC,False,no_match,medium,True,0,1,Therapeutic Drug,investigational therapeutic candidate; drug/biological intervention type with no disqualifying evidence found,rule_classification,medium,True,,,,structured_ct_gov_evidence,tier2_6_resolver,medium,existing evidence only (structured_ct_gov_evidence); no NIH match found,ct.gov structured modality='Small Molecule',False,,,,Small Molecule,inferred_default,True
MK-8931,Phase 1,Disease-Targeted Small Molecule,Amyloid,Completed,3,32.0,Merck Sharp & Dohme LLC,False,no_match,medium,True,0,3,Therapeutic Drug,investigational therapeutic candidate; drug/biological intervention type with no disqualifying evidence found,rule_classification,medium,True,Amyloid,,,structured_ct_gov_evidence,tier2_6_resolver,medium,existing evidence only (structured_ct_gov_evidence); no NIH match found,ct.gov structured modality='Small Molecule'; known-compound target='Amyloid',False,,,,Small Molecule,inferred_default,True
MNI-513-01,Phase 1,Disease-Targeted Small Molecule,Other,Discontinued,1,6.0,Institute for Neurodegenerative Disorders,False,no_match,medium,True,0,1,Therapeutic Drug,investigational therapeutic candidate; drug/biological intervention type with no disqualifying evidence found,rule_classification,medium,True,,,,structured_ct_gov_evidence,tier2_6_resolver,medium,existing evidence only (structured_ct_gov_evidence); no NIH match found,ct.gov structured modality='Small Molecule',False,,,,Small Molecule,inferred_default,True
N-hydroxy-N'-phenyl-octanediamide (Vorinostat),Phase 1,Disease-Targeted Small Molecule,Other,Discontinued,1,9.0,German Center for Neurodegenerative Diseases (DZNE),False,no_match,medium,True,0,1,Therapeutic Drug,investigational therapeutic candidate; drug/biological intervention type with no disqualifying evidence found,rule_classification,medium,True,,,,structured_ct_gov_evidence,tier2_6_resolver,medium,existing evidence only (structured_ct_gov_evidence); no NIH match found,ct.gov structured modality='Small Molecule',False,,,,Small Molecule,inferred_default,True
NDX-1017,Phase 1,Disease-Targeted Small Molecule,Other,Completed,1,88.0,LeonaBio,False,no_match,medium,True,0,1,Therapeutic Drug,investigational therapeutic candidate; drug/biological intervention type with no disqualifying evidence found,rule_classification,medium,True,,,,structured_ct_gov_evidence,tier2_6_resolver,medium,existing evidence only (structured_ct_gov_evidence); no NIH match found,ct.gov structured modality='Small Molecule',False,,,,Small Molecule,inferred_default,True
NGP 555,Phase 1,Disease-Targeted Small Molecule,Amyloid,Completed,2,40.0,NeuroGenetic Pharmaceuticals Inc,False,no_match,medium,True,0,2,Therapeutic Drug,investigational therapeutic candidate; drug/biological intervention type with no disqualifying evidence found,rule_classification,medium,True,Amyloid,,,structured_ct_gov_evidence,tier2_6_resolver,medium,existing evidence only (structured_ct_gov_evidence); no NIH match found,ct.gov structured modality='Small Molecule'; known-compound target='Amyloid',False,,,,Small Molecule,inferred_default,True
NIO752,Phase 1,Disease-Targeted Biologic,Tau,Recruiting,2,38.0,"Novartis Pharmaceuticals; University College, London",False,no_match,medium,True,0,2,Therapeutic Drug,investigational therapeutic candidate; drug/biological intervention type with no disqualifying evidence found,rule_classification,medium,True,Tau,Anti‐tau antisense oligonucleotide,,nih_reference,tier2_6_resolver,low,NIH and existing (official-pipeline/known-compound/ct.gov) evidence disagree: modality: NIH='Biologic' vs existing='Small Molecule',ct.gov structured modality='Small Molecule'; known-compound target='Tau'; NIH agent='NIO752' CADRO='Tau',True,DTT,Biologic,Tau,Biologic,nih_reference,False
NMRA-323511,Phase 1,Neuropsychiatric Symptom Tx,Neuropsychiatric,Completed,1,87.0,"Neumora Therapeutics, Inc.",False,no_match,medium,True,0,1,Therapeutic Drug,investigational therapeutic candidate; drug/biological intervention type with no disqualifying evidence found,rule_classification,medium,True,Neuropsychiatric,,,structured_ct_gov_evidence,tier2_6_resolver,medium,existing evidence only (structured_ct_gov_evidence); no NIH match found,ct.gov structured modality='Small Molecule'; ct.gov structured target(s)=['Neuropsychiatric'],False,,,,Small Molecule,inferred_from_target_pathway,True
NNI-362,Phase 1,Disease-Targeted Small Molecule,Other,Completed,1,56.0,"Neuronascent, Inc.",False,no_match,medium,True,0,1,Therapeutic Drug,investigational therapeutic candidate; drug/biological intervention type with no disqualifying evidence found,rule_classification,medium,True,,,,structured_ct_gov_evidence,tier2_6_resolver,medium,existing evidence only (structured_ct_gov_evidence); no NIH match found,ct.gov structured modality='Small Molecule',False,,,,Small Molecule,inferred_default,True
NP001,Phase 1,Disease-Targeted Small Molecule,Inflammation,Discontinued,1,4.0,Beau Nakamoto,False,no_match,medium,True,0,1,Therapeutic Drug,investigational therapeutic candidate; drug/biological intervention type with no disqualifying evidence found,rule_classification,medium,True,Inflammation,,,structured_ct_gov_evidence,tier2_6_resolver,medium,existing evidence only (structured_ct_gov_evidence); no NIH match found,ct.gov structured modality='Small Molecule'; ct.gov structured target(s)=['Inflammation'],False,,,,Small Molecule,inferred_default,True
NPT088,Phase 1,Disease-Targeted Small Molecule,Other,Completed,1,83.0,"Proclara Biosciences, Inc.",False,no_match,medium,True,0,1,Therapeutic Drug,investigational therapeutic candidate; drug/biological intervention type with no disqualifying evidence found,rule_classification,medium,True,,,,structured_ct_gov_evidence,tier2_6_resolver,medium,existing evidence only (structured_ct_gov_evidence); no NIH match found,ct.gov structured modality='Small Molecule',False,,,,Small Molecule,inferred_default,True
NSA-789,Phase 1,Disease-Targeted Small Molecule,Other,Completed,1,24.0,Wyeth is now a wholly owned subsidiary of Pfizer,False,no_match,medium,True,0,1,Therapeutic Drug,investigational therapeutic candidate; drug/biological intervention type with no disqualifying evidence found,rule_classification,medium,True,,,,structured_ct_gov_evidence,tier2_6_resolver,medium,existing evidence only (structured_ct_gov_evidence); no NIH match found,ct.gov structured modality='Small Molecule',False,,,,Small Molecule,inferred_default,True
NX210c,Phase 1,Disease-Targeted Small Molecule,Other,Completed,1,29.0,Axoltis Pharma,False,no_match,medium,True,0,1,Therapeutic Drug,investigational therapeutic candidate; drug/biological intervention type with no disqualifying evidence found,rule_classification,medium,True,,,,structured_ct_gov_evidence,tier2_6_resolver,medium,existing evidence only (structured_ct_gov_evidence); no NIH match found,ct.gov structured modality='Small Molecule',False,,,,Small Molecule,inferred_default,True
Nerve Growth Factor,Phase 1,Disease-Targeted Small Molecule,Other,Unknown,1,6.0,NsGene A/S,False,no_match,medium,True,0,1,Therapeutic Drug,investigational therapeutic candidate; drug/biological intervention type with no disqualifying evidence found,rule_classification,medium,True,,,,structured_ct_gov_evidence,tier2_6_resolver,medium,existing evidence only (structured_ct_gov_evidence); no NIH match found,ct.gov structured modality='Small Molecule',False,,,,Small Molecule,inferred_default,True
Neural Stem Cell-Derived Exosomes,Phase 1,Disease-Targeted Biologic,Other,Recruiting,1,9.0,Shanghai Mental Health Center,False,no_match,medium,True,0,1,Therapeutic Drug,investigational therapeutic candidate; drug/biological intervention type with no disqualifying evidence found,rule_classification,medium,True,,,,structured_ct_gov_evidence,tier2_6_resolver,medium,existing evidence only (structured_ct_gov_evidence); no NIH match found,ct.gov structured modality='Cell/Gene Therapy',False,,,,Cell/Gene Therapy,inferred_from_modality,True
Nicotinamide riboside,Phase 1,Disease-Targeted Small Molecule,Metabolism,Completed,1,21.0,Mclean Hospital,False,no_match,medium,True,0,1,Therapeutic Drug,investigational therapeutic candidate; drug/biological intervention type with no disqualifying evidence found,rule_classification,medium,True,Metabolism,Mitochondrial function enhancer and antioxidant,,nih_reference,tier2_6_resolver,high,NIH reference evidence (agrees with existing evidence),ct.gov structured modality='Small Molecule'; known-compound target='Metabolism'; NIH agent='Nicotinamide riboside' CADRO='Metabolism and bioenergetics',False,DTT,Small Molecule,Metabolism and bioenergetics,Small Molecule,nih_reference,False
NirsCure with Lecanemab,Phase 1,Disease-Targeted Biologic,Amyloid,Recruiting,1,20.0,"Xuanwu Hospital, Beijing",False,no_match,medium,True,0,1,Therapeutic Drug,investigational therapeutic candidate; drug/biological intervention type with no disqualifying evidence found,rule_classification,medium,True,Amyloid,,,known_compound_exact_match,tier2_6_resolver,high,existing evidence only (known_compound_exact_match); no NIH match found,known-compound modality='Biologic'; known-compound target='Amyloid',False,,,,Biologic,inferred_from_modality,True
OLX-07010 Active,Phase 1,Disease-Targeted Small Molecule,Other,Active,1,76.0,"Oligomerix, Inc",False,no_match,medium,True,0,1,Therapeutic Drug,investigational therapeutic candidate; drug/biological intervention type with no disqualifying evidence found,rule_classification,medium,True,,,,structured_ct_gov_evidence,tier2_6_resolver,medium,existing evidence only (structured_ct_gov_evidence); no NIH match found,ct.gov structured modality='Small Molecule',False,,,,Small Molecule,inferred_default,True
PAZ-417,Phase 1,Disease-Targeted Small Molecule,Other,Completed,2,56.0,Wyeth is now a wholly owned subsidiary of Pfizer,False,no_match,medium,True,0,2,Therapeutic Drug,investigational therapeutic candidate; drug/biological intervention type with no disqualifying evidence found,rule_classification,medium,True,,,,structured_ct_gov_evidence,tier2_6_resolver,medium,existing evidence only (structured_ct_gov_evidence); no NIH match found,ct.gov structured modality='Small Molecule',False,,,,Small Molecule,inferred_default,True
PF-03654746,Phase 1,Disease-Targeted Small Molecule,Other,Discontinued,1,9.0,Pfizer,False,no_match,medium,True,0,1,Therapeutic Drug,investigational therapeutic candidate; drug/biological intervention type with no disqualifying evidence found,rule_classification,medium,True,,,,structured_ct_gov_evidence,tier2_6_resolver,medium,existing evidence only (structured_ct_gov_evidence); no NIH match found,ct.gov structured modality='Small Molecule',False,,,,Small Molecule,inferred_default,True
PF-05212377,Phase 1,Cognition Enhancer,Symptomatic,Completed,1,4.0,Pfizer,False,no_match,medium,True,0,1,Therapeutic Drug,investigational therapeutic candidate; drug/biological intervention type with no disqualifying evidence found,rule_classification,medium,True,Symptomatic,,,structured_ct_gov_evidence,tier2_6_resolver,medium,existing evidence only (structured_ct_gov_evidence); no NIH match found,ct.gov structured modality='Small Molecule'; known-compound target='Symptomatic',False,,,,Small Molecule,inferred_from_target_pathway,True
PMN310,Phase 1,Disease-Targeted Biologic,Amyloid,Active,1,144.0,"ProMis Neurosciences, Inc",False,no_match,medium,True,0,1,Therapeutic Drug,investigational therapeutic candidate; drug/biological intervention type with no disqualifying evidence found,rule_classification,medium,True,Amyloid,Humanized immunoglobulin monoclonal antibody directed at oligomeric amyloid species,,nih_reference,tier2_6_resolver,low,NIH and existing (official-pipeline/known-compound/ct.gov) evidence disagree: modality: NIH='Biologic' vs existing='Small Molecule',ct.gov structured modality='Small Molecule'; NIH agent='PMN310' CADRO='Amyloid‐beta',True,DTT,Biologic,Amyloid‐beta,Biologic,nih_reference,False
Phenserine,Phase 1,Disease-Targeted Small Molecule,Other,Completed,1,16.0,Helse Stavanger HF,False,no_match,medium,True,0,1,Therapeutic Drug,investigational therapeutic candidate; drug/biological intervention type with no disqualifying evidence found,rule_classification,medium,True,,Translational regulation of APP to decrease Aβ and cell death; cholinesterase inhibitor,,nih_reference,tier2_6_resolver,high,NIH reference evidence (agrees with existing evidence),ct.gov structured modality='Small Molecule'; NIH agent='Phenserine' CADRO='Cell death',False,DTT,Small Molecule,Cell death,Small Molecule,nih_reference,False
Plasma exchenge,Phase 1,Disease-Targeted Biologic,Other,Unknown,1,10.0,Oslo University Hospital,False,no_match,medium,True,0,1,Therapeutic Drug,investigational therapeutic candidate; drug/biological intervention type with no disqualifying evidence found,rule_classification,medium,True,,,,structured_ct_gov_evidence,tier2_6_resolver,medium,existing evidence only (structured_ct_gov_evidence); no NIH match found,ct.gov structured modality='Biologic',False,,,,Biologic,inferred_from_modality,True
Posiphen® tartrate,Phase 1,Disease-Targeted Small Molecule,Neuroprotection,Discontinued,1,5.0,Annovis Bio Inc.,False,no_match,medium,True,0,1,Therapeutic Drug,investigational therapeutic candidate; drug/biological intervention type with no disqualifying evidence found,rule_classification,medium,True,Neuroprotection,,,structured_ct_gov_evidence,tier2_6_resolver,medium,existing evidence only (structured_ct_gov_evidence); no NIH match found,ct.gov structured modality='Small Molecule'; known-compound target='Neuroprotection',False,,,,Small Molecule,inferred_default,True
Pramlintide challenge test,Phase 1,Disease-Targeted Small Molecule,Other,Active,1,57.0,Boston University,False,no_match,medium,True,0,1,Therapeutic Drug,investigational therapeutic candidate; drug/biological intervention type with no disqualifying evidence found,rule_classification,medium,True,,,,structured_ct_gov_evidence,tier2_6_resolver,medium,existing evidence only (structured_ct_gov_evidence); no NIH match found,ct.gov structured modality='Small Molecule',False,,,,Small Molecule,inferred_default,True
Preprocessed thawed donor FMT,Phase 1,Disease-Targeted Biologic,Other,Recruiting,1,10.0,University Hospital of North Norway,False,no_match,medium,True,0,1,Therapeutic Drug,investigational therapeutic candidate; drug/biological intervention type with no disqualifying evidence found,rule_classification,medium,True,,,,structured_ct_gov_evidence,tier2_6_resolver,medium,existing evidence only (structured_ct_gov_evidence); no NIH match found,ct.gov structured modality='Biologic',False,,,,Biologic,inferred_from_modality,True
Probiotic Blend,Phase 1,Disease-Targeted Small Molecule,Other,Recruiting,1,40.0,University of Nicosia,False,no_match,medium,True,0,1,Therapeutic Drug,investigational therapeutic candidate; drug/biological intervention type with no disqualifying evidence found,rule_classification,medium,True,,,,structured_ct_gov_evidence,tier2_6_resolver,medium,existing evidence only (structured_ct_gov_evidence); no NIH match found,ct.gov structured modality='Small Molecule',False,,,,Small Molecule,inferred_default,True
Protollin,Phase 1,Disease-Targeted Small Molecule,Other,Completed,1,16.0,Brigham and Women's Hospital,False,no_match,medium,True,0,1,Therapeutic Drug,investigational therapeutic candidate; drug/biological intervention type with no disqualifying evidence found,rule_classification,medium,True,,,,structured_ct_gov_evidence,tier2_6_resolver,medium,existing evidence only (structured_ct_gov_evidence); no NIH match found,ct.gov structured modality='Small Molecule',False,,,,Small Molecule,inferred_default,True
QLH2405,Phase 1,Disease-Targeted Small Molecule,Other,Recruiting,1,68.0,"Qilu Pharmaceutical Co., Ltd.",False,no_match,medium,True,0,1,Therapeutic Drug,investigational therapeutic candidate; drug/biological intervention type with no disqualifying evidence found,rule_classification,medium,True,,,,structured_ct_gov_evidence,tier2_6_resolver,medium,existing evidence only (structured_ct_gov_evidence); no NIH match found,ct.gov structured modality='Small Molecule',False,,,,Small Molecule,inferred_default,True
REM0046127,Phase 1,Disease-Targeted Small Molecule,Other,Completed,1,77.0,reMYND,False,no_match,medium,True,0,1,Therapeutic Drug,investigational therapeutic candidate; drug/biological intervention type with no disqualifying evidence found,rule_classification,medium,True,,,,structured_ct_gov_evidence,tier2_6_resolver,medium,existing evidence only (structured_ct_gov_evidence); no NIH match found,ct.gov structured modality='Small Molecule',False,,,,Small Molecule,inferred_default,True
RGN1016,Phase 1,Disease-Targeted Small Molecule,Other,Unknown,1,80.0,National Taiwan University Hospital,False,no_match,medium,True,0,1,Therapeutic Drug,investigational therapeutic candidate; drug/biological intervention type with no disqualifying evidence found,rule_classification,medium,True,,,,structured_ct_gov_evidence,tier2_6_resolver,medium,existing evidence only (structured_ct_gov_evidence); no NIH match found,ct.gov structured modality='Small Molecule',False,,,,Small Molecule,inferred_default,True
RO7105705,Phase 1,Disease-Targeted Biologic,Tau,Completed,1,74.0,"Genentech, Inc.",False,no_match,medium,True,0,1,Therapeutic Drug,investigational therapeutic candidate; drug/biological intervention type with no disqualifying evidence found,rule_classification,medium,True,Tau,,,known_compound_exact_match,tier2_6_resolver,high,existing evidence only (known_compound_exact_match); no NIH match found,known-compound modality='Biologic'; known-compound target='Tau',False,,,,Biologic,inferred_from_modality,True
RO7812653,Phase 1,Disease-Targeted Biologic,Other,Recruiting,1,50.0,Hoffmann-La Roche,False,no_match,medium,True,0,1,Therapeutic Drug,investigational therapeutic candidate; drug/biological intervention type with no disqualifying evidence found,rule_classification,medium,True,,ASO to selectively reduce apolipoprotein E mRNA in the brain,,nih_reference,tier2_6_resolver,low,NIH and existing (official-pipeline/known-compound/ct.gov) evidence disagree: modality: NIH='Biologic' vs existing='Small Molecule',"ct.gov structured modality='Small Molecule'; NIH agent='RO7812653' CADRO='APOE, lipids, and lipoprotein receptors'",True,DTT,Biologic,"APOE, lipids, and lipoprotein receptors",Biologic,nih_reference,False
RSG,Phase 1,Disease-Targeted Small Molecule,Other,Completed,1,50.0,GlaxoSmithKline,False,no_match,medium,True,0,1,Therapeutic Drug,investigational therapeutic candidate; drug/biological intervention type with no disqualifying evidence found,rule_classification,medium,True,,,,structured_ct_gov_evidence,tier2_6_resolver,medium,existing evidence only (structured_ct_gov_evidence); no NIH match found,ct.gov structured modality='Small Molecule',False,,,,Small Molecule,inferred_default,True
Radiopharmaceuticals,Phase 1,Disease-Targeted Small Molecule,Tau,Completed,1,18.0,"University of California, Berkeley",False,no_match,medium,True,0,1,Therapeutic Drug,investigational therapeutic candidate; drug/biological intervention type with no disqualifying evidence found,rule_classification,medium,True,Tau,,,structured_ct_gov_evidence,tier2_6_resolver,medium,existing evidence only (structured_ct_gov_evidence); no NIH match found,ct.gov structured modality='Small Molecule'; ct.gov structured target(s)=['Tau'],False,,,,Small Molecule,inferred_default,True
Rapamune,Phase 1,Disease-Targeted Small Molecule,Other,Completed,1,10.0,The University of Texas Health Science Center at San Antonio,False,no_match,medium,True,0,1,Therapeutic Drug,investigational therapeutic candidate; drug/biological intervention type with no disqualifying evidence found,rule_classification,medium,True,,,,structured_ct_gov_evidence,tier2_6_resolver,medium,existing evidence only (structured_ct_gov_evidence); no NIH match found,ct.gov structured modality='Small Molecule',False,,,,Small Molecule,inferred_default,True
Recognized pharmacological treatments for AD.,Phase 1,Disease-Targeted Small Molecule,Other,Recruiting,1,98.0,Chinese PLA General Hospital,False,no_match,medium,True,0,1,Therapeutic Drug,investigational therapeutic candidate; drug/biological intervention type with no disqualifying evidence found,rule_classification,medium,True,,,,structured_ct_gov_evidence,tier2_6_resolver,medium,existing evidence only (structured_ct_gov_evidence); no NIH match found,ct.gov structured modality='Small Molecule',False,,,,Small Molecule,inferred_default,True
Recombinant Human Serum Albumin,Phase 1,Disease-Targeted Biologic,Other,Completed,1,30.0,Protgen Ltd,False,no_match,medium,True,0,1,Therapeutic Drug,investigational therapeutic candidate; drug/biological intervention type with no disqualifying evidence found,rule_classification,medium,True,,Delivers antioxidant properties of albumin,,nih_reference,tier2_6_resolver,low,NIH and existing (official-pipeline/known-compound/ct.gov) evidence disagree: modality: NIH='Biologic' vs existing='Small Molecule',ct.gov structured modality='Small Molecule'; NIH agent='Recombinant human serum albumin' CADRO='Oxidative stress',True,DTT,Biologic,Oxidative stress,Biologic,nih_reference,False
Retinal fundus photography,Phase 1,Disease-Targeted Small Molecule,Other,Completed,1,80.0,Mayo Clinic,False,no_match,medium,True,0,1,Diagnostic Agent,intervention type is DIAGNOSTIC_TEST,rule_type,medium,True,,,,structured_ct_gov_evidence,tier2_6_resolver,medium,existing evidence only (structured_ct_gov_evidence); no NIH match found,ct.gov structured modality='Other',False,,,,Other,inferred_default,True
SAM-315,Phase 1,Disease-Targeted Small Molecule,Other,Completed,3,56.0,Wyeth is now a wholly owned subsidiary of Pfizer,False,no_match,medium,True,0,3,Therapeutic Drug,investigational therapeutic candidate; drug/biological intervention type with no disqualifying evidence found,rule_classification,medium,True,,,,structured_ct_gov_evidence,tier2_6_resolver,medium,existing evidence only (structured_ct_gov_evidence); no NIH match found,ct.gov structured modality='Small Molecule',False,,,,Small Molecule,inferred_default,True
SAM-531 and gemfibrozil,Phase 1,Cognition Enhancer,Symptomatic,Completed,1,17.0,Wyeth is now a wholly owned subsidiary of Pfizer,False,no_match,medium,True,0,1,Therapeutic Drug,investigational therapeutic candidate; drug/biological intervention type with no disqualifying evidence found,rule_classification,medium,True,Symptomatic,,,structured_ct_gov_evidence,tier2_6_resolver,medium,existing evidence only (structured_ct_gov_evidence); no NIH match found,ct.gov structured modality='Small Molecule'; known-compound target='Symptomatic',False,,,,Small Molecule,inferred_from_target_pathway,True
SAR228810,Phase 1,Disease-Targeted Small Molecule,Amyloid,Completed,1,48.0,Sanofi,False,no_match,medium,True,0,1,Therapeutic Drug,investigational therapeutic candidate; drug/biological intervention type with no disqualifying evidence found,rule_classification,medium,True,Amyloid,,,structured_ct_gov_evidence,tier2_6_resolver,medium,existing evidence only (structured_ct_gov_evidence); no NIH match found,ct.gov structured modality='Small Molecule'; known-compound target='Amyloid',False,,,,Small Molecule,inferred_default,True
SNP318 (A),Phase 1,Disease-Targeted Small Molecule,Other,Completed,1,76.0,SciNeuro,False,no_match,medium,True,0,1,Therapeutic Drug,investigational therapeutic candidate; drug/biological intervention type with no disqualifying evidence found,rule_classification,medium,True,,,,structured_ct_gov_evidence,tier2_6_resolver,medium,existing evidence only (structured_ct_gov_evidence); no NIH match found,ct.gov structured modality='Small Molecule',False,,,,Small Molecule,inferred_default,True
SRA-444,Phase 1,Disease-Targeted Small Molecule,Other,Completed,2,64.0,Wyeth is now a wholly owned subsidiary of Pfizer,False,no_match,medium,True,0,2,Therapeutic Drug,investigational therapeutic candidate; drug/biological intervention type with no disqualifying evidence found,rule_classification,medium,True,,,,structured_ct_gov_evidence,tier2_6_resolver,medium,existing evidence only (structured_ct_gov_evidence); no NIH match found,ct.gov structured modality='Small Molecule',False,,,,Small Molecule,inferred_default,True
Salsalate,Phase 1,Disease-Targeted Small Molecule,Other,Completed,1,40.0,Adam Boxer,False,no_match,medium,True,0,1,Therapeutic Drug,investigational therapeutic candidate; drug/biological intervention type with no disqualifying evidence found,rule_classification,medium,True,,,,structured_ct_gov_evidence,tier2_6_resolver,medium,existing evidence only (structured_ct_gov_evidence); no NIH match found,ct.gov structured modality='Small Molecule',False,,,,Small Molecule,inferred_default,True
Salvia officinalis (sage),Phase 1,Disease-Targeted Small Molecule,Other,Completed,1,111.0,Oregon Health and Science University,False,no_match,medium,True,0,1,Therapeutic Drug,investigational therapeutic candidate; drug/biological intervention type with no disqualifying evidence found,rule_classification,medium,True,,,,structured_ct_gov_evidence,tier2_6_resolver,medium,existing evidence only (structured_ct_gov_evidence); no NIH match found,ct.gov structured modality='Small Molecule',False,,,,Small Molecule,inferred_default,True
Stem Cell Therapy - Experimental,Phase 1,Disease-Targeted Biologic,Other,Recruiting,1,600.0,"Noah Tech, Corp.",False,no_match,medium,True,0,1,Therapeutic Drug,investigational therapeutic candidate; drug/biological intervention type with no disqualifying evidence found,rule_classification,medium,True,,,,structured_ct_gov_evidence,tier2_6_resolver,medium,existing evidence only (structured_ct_gov_evidence); no NIH match found,ct.gov structured modality='Cell/Gene Therapy',False,,,,Cell/Gene Therapy,inferred_from_modality,True
Sustiva Pill,Phase 1,Disease-Targeted Small Molecule,Other,Completed,1,5.0,Case Western Reserve University,False,no_match,medium,True,0,1,Therapeutic Drug,investigational therapeutic candidate; drug/biological intervention type with no disqualifying evidence found,rule_classification,medium,True,,,,structured_ct_gov_evidence,tier2_6_resolver,medium,existing evidence only (structured_ct_gov_evidence); no NIH match found,ct.gov structured modality='Small Molecule',False,,,,Small Molecule,inferred_default,True
TAK-071,Phase 1,Disease-Targeted Small Molecule,Other,Discontinued,1,179.0,Takeda,False,no_match,medium,True,0,1,Therapeutic Drug,investigational therapeutic candidate; drug/biological intervention type with no disqualifying evidence found,rule_classification,medium,True,,,,structured_ct_gov_evidence,tier2_6_resolver,medium,existing evidence only (structured_ct_gov_evidence); no NIH match found,ct.gov structured modality='Small Molecule',False,,,,Small Molecule,inferred_default,True
TC-5619,Phase 1,Disease-Targeted Small Molecule,Other,Completed,1,38.0,Targacept Inc.,False,no_match,medium,True,0,1,Therapeutic Drug,investigational therapeutic candidate; drug/biological intervention type with no disqualifying evidence found,rule_classification,medium,True,,,,structured_ct_gov_evidence,tier2_6_resolver,medium,existing evidence only (structured_ct_gov_evidence); no NIH match found,ct.gov structured modality='Small Molecule',False,,,,Small Molecule,inferred_default,True
THN 201,Phase 1,Disease-Targeted Small Molecule,Other,Completed,1,152.0,Theranexus,False,no_match,medium,True,0,1,Therapeutic Drug,investigational therapeutic candidate; drug/biological intervention type with no disqualifying evidence found,rule_classification,medium,True,,,,structured_ct_gov_evidence,tier2_6_resolver,medium,existing evidence only (structured_ct_gov_evidence); no NIH match found,ct.gov structured modality='Small Molecule',False,,,,Small Molecule,inferred_default,True
THN391,Phase 1,Disease-Targeted Biologic,Inflammation,Active,1,19.0,"Therini Bio, Inc.",False,no_match,medium,True,0,1,Therapeutic Drug,investigational therapeutic candidate; drug/biological intervention type with no disqualifying evidence found,rule_classification,medium,True,Inflammation,Anti‐fibrin antibody blocks binding of fibrin to reduce activation of microglia,,nih_reference,tier2_6_resolver,low,NIH and existing (official-pipeline/known-compound/ct.gov) evidence disagree: modality: NIH='Biologic' vs existing='Small Molecule',ct.gov structured modality='Small Molecule'; NIH agent='THN391' CADRO='Inflammation',True,DTT,Biologic,Inflammation,Biologic,nih_reference,False
TML-6 Granules,Phase 1,Disease-Targeted Small Molecule,Other,Completed,1,72.0,"Merry Life Biomedical Co., Ltd.",False,no_match,medium,True,0,1,Therapeutic Drug,investigational therapeutic candidate; drug/biological intervention type with no disqualifying evidence found,rule_classification,medium,True,,,,structured_ct_gov_evidence,tier2_6_resolver,medium,existing evidence only (structured_ct_gov_evidence); no NIH match found,ct.gov structured modality='Small Molecule',False,,,,Small Molecule,inferred_default,True
TPI-287,Phase 1,Disease-Targeted Small Molecule,Other,Completed,1,29.0,"University of California, San Francisco",False,no_match,medium,True,0,1,Therapeutic Drug,investigational therapeutic candidate; drug/biological intervention type with no disqualifying evidence found,rule_classification,medium,True,,,,structured_ct_gov_evidence,tier2_6_resolver,medium,existing evidence only (structured_ct_gov_evidence); no NIH match found,ct.gov structured modality='Small Molecule',False,,,,Small Molecule,inferred_default,True
TRx0037,Phase 1,Disease-Targeted Small Molecule,Tau,Completed,2,31.0,TauRx Therapeutics Ltd,False,no_match,medium,True,0,2,Therapeutic Drug,investigational therapeutic candidate; drug/biological intervention type with no disqualifying evidence found,rule_classification,medium,True,Tau,,,structured_ct_gov_evidence,tier2_6_resolver,medium,existing evidence only (structured_ct_gov_evidence); no NIH match found,ct.gov structured modality='Small Molecule'; known-compound target='Tau',False,,,,Small Molecule,inferred_default,True
TTP4000,Phase 1,Disease-Targeted Small Molecule,Other,Completed,1,8.0,vTv Therapeutics,False,no_match,medium,True,0,1,Therapeutic Drug,investigational therapeutic candidate; drug/biological intervention type with no disqualifying evidence found,rule_classification,medium,True,,,,structured_ct_gov_evidence,tier2_6_resolver,medium,existing evidence only (structured_ct_gov_evidence); no NIH match found,ct.gov structured modality='Small Molecule',False,,,,Small Molecule,inferred_default,True
Trehalose,Phase 1,Disease-Targeted Small Molecule,Other,Unknown,1,20.0,Mashhad University of Medical Sciences,False,no_match,medium,True,0,1,Therapeutic Drug,investigational therapeutic candidate; drug/biological intervention type with no disqualifying evidence found,rule_classification,medium,True,,,,structured_ct_gov_evidence,tier2_6_resolver,medium,existing evidence only (structured_ct_gov_evidence); no NIH match found,ct.gov structured modality='Small Molecule',False,,,,Small Molecule,inferred_default,True
V950,Phase 1,Disease-Targeted Biologic,Other,Completed,1,86.0,Merck Sharp & Dohme LLC,False,no_match,medium,True,0,1,Therapeutic Drug,investigational therapeutic candidate; drug/biological intervention type with no disqualifying evidence found,rule_classification,medium,True,,,,structured_ct_gov_evidence,tier2_6_resolver,medium,existing evidence only (structured_ct_gov_evidence); no NIH match found,ct.gov structured modality='Biologic',False,,,,Biologic,inferred_from_modality,True
VG-3927,Phase 1,Disease-Targeted Small Molecule,Other,Completed,1,115.0,"Vigil Neuroscience, Inc.",False,no_match,medium,True,0,1,Therapeutic Drug,investigational therapeutic candidate; drug/biological intervention type with no disqualifying evidence found,rule_classification,medium,True,,,,structured_ct_gov_evidence,tier2_6_resolver,medium,existing evidence only (structured_ct_gov_evidence); no NIH match found,ct.gov structured modality='Small Molecule',False,,,,Small Molecule,inferred_default,True
VT301,Phase 1,Disease-Targeted Biologic,Other,Unknown,1,12.0,VTBIO Co. LTD,False,no_match,medium,True,0,1,Therapeutic Drug,investigational therapeutic candidate; drug/biological intervention type with no disqualifying evidence found,rule_classification,medium,True,,,,structured_ct_gov_evidence,tier2_6_resolver,medium,existing evidence only (structured_ct_gov_evidence); no NIH match found,ct.gov structured modality='Biologic',False,,,,Biologic,inferred_from_modality,True
Valproic Acid,Phase 1,Disease-Targeted Small Molecule,Other,Completed,1,14.0,"Gregory Jicha, 323-5550",False,no_match,medium,True,0,1,Therapeutic Drug,investigational therapeutic candidate; drug/biological intervention type with no disqualifying evidence found,rule_classification,medium,True,,,,structured_ct_gov_evidence,tier2_6_resolver,medium,existing evidence only (structured_ct_gov_evidence); no NIH match found,ct.gov structured modality='Small Molecule',False,,,,Small Molecule,inferred_default,True
[ 18F]3F4AP,Phase 1,Disease-Targeted Small Molecule,Other,Recruiting,1,105.0,Yale University,False,no_match,medium,True,0,1,Therapeutic Drug,investigational therapeutic candidate; drug/biological intervention type with no disqualifying evidence found,rule_classification,medium,True,,,,structured_ct_gov_evidence,tier2_6_resolver,medium,existing evidence only (structured_ct_gov_evidence); no NIH match found,ct.gov structured modality='Small Molecule',False,,,,Small Molecule,inferred_default,True
[11C]-UCB-J,Phase 1,Disease-Targeted Small Molecule,Other,Completed,1,19.0,"Alkermes, Inc.",False,no_match,medium,True,0,1,Therapeutic Drug,investigational therapeutic candidate; drug/biological intervention type with no disqualifying evidence found,rule_classification,medium,True,,,,structured_ct_gov_evidence,tier2_6_resolver,medium,existing evidence only (structured_ct_gov_evidence); no NIH match found,ct.gov structured modality='Other',False,,,,Other,inferred_default,True
[11C]MK-6884,Phase 1,Disease-Targeted Small Molecule,Other,Completed,1,20.0,Merck Sharp & Dohme LLC,False,no_match,medium,True,0,1,Therapeutic Drug,investigational therapeutic candidate; drug/biological intervention type with no disqualifying evidence found,rule_classification,medium,True,,,,structured_ct_gov_evidence,tier2_6_resolver,medium,existing evidence only (structured_ct_gov_evidence); no NIH match found,ct.gov structured modality='Small Molecule',False,,,,Small Molecule,inferred_default,True
[11C]MPC6827,Phase 1,Disease-Targeted Small Molecule,Other,Completed,1,17.0,Columbia University,False,no_match,medium,True,0,1,Therapeutic Drug,investigational therapeutic candidate; drug/biological intervention type with no disqualifying evidence found,rule_classification,medium,True,,,,structured_ct_gov_evidence,tier2_6_resolver,medium,existing evidence only (structured_ct_gov_evidence); no NIH match found,ct.gov structured modality='Small Molecule',False,,,,Small Molecule,inferred_default,True
[11C]MeS-IMPY,Phase 1,Disease-Targeted Small Molecule,Amyloid,Completed,1,30.0,National Institute of Mental Health (NIMH),False,no_match,medium,True,0,1,Therapeutic Drug,investigational therapeutic candidate; drug/biological intervention type with no disqualifying evidence found,rule_classification,medium,True,Amyloid,,,structured_ct_gov_evidence,tier2_6_resolver,medium,existing evidence only (structured_ct_gov_evidence); no NIH match found,ct.gov structured modality='Small Molecule'; ct.gov structured target(s)=['Amyloid'],False,,,,Small Molecule,inferred_default,True
[123I] AV 39,Phase 1,Disease-Targeted Small Molecule,Other,Completed,1,30.0,Molecular NeuroImaging,False,no_match,medium,True,0,1,Therapeutic Drug,investigational therapeutic candidate; drug/biological intervention type with no disqualifying evidence found,rule_classification,medium,True,,,,structured_ct_gov_evidence,tier2_6_resolver,medium,existing evidence only (structured_ct_gov_evidence); no NIH match found,ct.gov structured modality='Small Molecule',False,,,,Small Molecule,inferred_default,True
[123I] AV-151,Phase 1,Disease-Targeted Small Molecule,Amyloid,Completed,1,20.0,Institute for Neurodegenerative Disorders,False,no_match,medium,True,0,1,Therapeutic Drug,investigational therapeutic candidate; drug/biological intervention type with no disqualifying evidence found,rule_classification,medium,True,Amyloid,,,structured_ct_gov_evidence,tier2_6_resolver,medium,existing evidence only (structured_ct_gov_evidence); no NIH match found,ct.gov structured modality='Small Molecule'; ct.gov structured target(s)=['Amyloid'],False,,,,Small Molecule,inferred_default,True
[123I] MNI-308,Phase 1,Disease-Targeted Small Molecule,Amyloid,Discontinued,1,2.0,Molecular NeuroImaging,False,no_match,medium,True,0,1,Therapeutic Drug,investigational therapeutic candidate; drug/biological intervention type with no disqualifying evidence found,rule_classification,medium,True,Amyloid,,,structured_ct_gov_evidence,tier2_6_resolver,medium,existing evidence only (structured_ct_gov_evidence); no NIH match found,ct.gov structured modality='Small Molecule'; ct.gov structured target(s)=['Amyloid'],False,,,,Small Molecule,inferred_default,True
[123I]AV94,Phase 1,Disease-Targeted Small Molecule,Other,Discontinued,1,3.0,Institute for Neurodegenerative Disorders,False,no_match,medium,True,0,1,Therapeutic Drug,investigational therapeutic candidate; drug/biological intervention type with no disqualifying evidence found,rule_classification,medium,True,,,,structured_ct_gov_evidence,tier2_6_resolver,medium,existing evidence only (structured_ct_gov_evidence); no NIH match found,ct.gov structured modality='Small Molecule',False,,,,Small Molecule,inferred_default,True
[123I]CLINDE,Phase 1,Disease-Targeted Small Molecule,Inflammation,Discontinued,1,46.0,Institute for Neurodegenerative Disorders,False,no_match,medium,True,0,1,Therapeutic Drug,investigational therapeutic candidate; drug/biological intervention type with no disqualifying evidence found,rule_classification,medium,True,Inflammation,,,structured_ct_gov_evidence,tier2_6_resolver,medium,existing evidence only (structured_ct_gov_evidence); no NIH match found,ct.gov structured modality='Small Molecule'; ct.gov structured target(s)=['Inflammation'],False,,,,Small Molecule,inferred_default,True
[18F] CFPyPB,Phase 1,Disease-Targeted Small Molecule,Other,Completed,1,4.0,Institute for Neurodegenerative Disorders,False,no_match,medium,True,0,1,Therapeutic Drug,investigational therapeutic candidate; drug/biological intervention type with no disqualifying evidence found,rule_classification,medium,True,,,,structured_ct_gov_evidence,tier2_6_resolver,medium,existing evidence only (structured_ct_gov_evidence); no NIH match found,ct.gov structured modality='Small Molecule',False,,,,Small Molecule,inferred_default,True
[18F] MNI-558,Phase 1,Disease-Targeted Small Molecule,Other,Completed,1,10.0,Institute for Neurodegenerative Disorders,False,no_match,medium,True,0,1,Therapeutic Drug,investigational therapeutic candidate; drug/biological intervention type with no disqualifying evidence found,rule_classification,medium,True,,,,structured_ct_gov_evidence,tier2_6_resolver,medium,existing evidence only (structured_ct_gov_evidence); no NIH match found,ct.gov structured modality='Small Molecule',False,,,,Small Molecule,inferred_default,True
[18F] MNI-946,Phase 1,Disease-Targeted Small Molecule,Tau,Completed,1,10.0,Invicro,False,no_match,medium,True,0,1,Therapeutic Drug,investigational therapeutic candidate; drug/biological intervention type with no disqualifying evidence found,rule_classification,medium,True,Tau,,,structured_ct_gov_evidence,tier2_6_resolver,medium,existing evidence only (structured_ct_gov_evidence); no NIH match found,ct.gov structured modality='Small Molecule'; ct.gov structured target(s)=['Tau'],False,,,,Small Molecule,inferred_default,True
[18F] PBR06,Phase 1,Disease-Targeted Small Molecule,Inflammation,Discontinued,1,12.0,Institute for Neurodegenerative Disorders,False,no_match,medium,True,0,1,Therapeutic Drug,investigational therapeutic candidate; drug/biological intervention type with no disqualifying evidence found,rule_classification,medium,True,Inflammation,,,structured_ct_gov_evidence,tier2_6_resolver,medium,existing evidence only (structured_ct_gov_evidence); no NIH match found,ct.gov structured modality='Small Molecule'; ct.gov structured target(s)=['Inflammation'],False,,,,Small Molecule,inferred_default,True
[18F] PBR111,Phase 1,Disease-Targeted Small Molecule,Inflammation,Completed,1,11.0,Institute for Neurodegenerative Disorders,False,no_match,medium,True,0,1,Therapeutic Drug,investigational therapeutic candidate; drug/biological intervention type with no disqualifying evidence found,rule_classification,medium,True,Inflammation,,,structured_ct_gov_evidence,tier2_6_resolver,medium,existing evidence only (structured_ct_gov_evidence); no NIH match found,ct.gov structured modality='Small Molecule'; ct.gov structured target(s)=['Inflammation'],False,,,,Small Molecule,inferred_default,True
[18F]-FEPPA,Phase 1,Disease-Targeted Small Molecule,Inflammation,Completed,1,3.0,Institute for Neurodegenerative Disorders,False,no_match,medium,True,0,1,Therapeutic Drug,investigational therapeutic candidate; drug/biological intervention type with no disqualifying evidence found,rule_classification,medium,True,Inflammation,,,structured_ct_gov_evidence,tier2_6_resolver,medium,existing evidence only (structured_ct_gov_evidence); no NIH match found,ct.gov structured modality='Small Molecule'; ct.gov structured target(s)=['Inflammation'],False,,,,Small Molecule,inferred_default,True
[18F]-FMH3,Phase 1,Disease-Targeted Small Molecule,Other,Completed,1,5.0,Institute for Neurodegenerative Disorders,False,no_match,medium,True,0,1,Therapeutic Drug,investigational therapeutic candidate; drug/biological intervention type with no disqualifying evidence found,rule_classification,medium,True,,,,structured_ct_gov_evidence,tier2_6_resolver,medium,existing evidence only (structured_ct_gov_evidence); no NIH match found,ct.gov structured modality='Small Molecule',False,,,,Small Molecule,inferred_default,True
[18F]ACI-19626,Phase 1,Disease-Targeted Small Molecule,Other,Recruiting,1,45.0,AC Immune SA,False,no_match,medium,True,0,1,Therapeutic Drug,investigational therapeutic candidate; drug/biological intervention type with no disqualifying evidence found,rule_classification,medium,True,,,,structured_ct_gov_evidence,tier2_6_resolver,medium,existing evidence only (structured_ct_gov_evidence); no NIH match found,ct.gov structured modality='Other',False,,,,Other,inferred_default,True
[18F]FPEB,Phase 1,Neuropsychiatric Symptom Tx,Neuropsychiatric,Completed,1,48.0,Institute for Neurodegenerative Disorders,False,no_match,medium,True,0,1,Therapeutic Drug,investigational therapeutic candidate; drug/biological intervention type with no disqualifying evidence found,rule_classification,medium,True,Neuropsychiatric,,,structured_ct_gov_evidence,tier2_6_resolver,medium,existing evidence only (structured_ct_gov_evidence); no NIH match found,ct.gov structured modality='Small Molecule'; ct.gov structured target(s)=['Neuropsychiatric'],False,,,,Small Molecule,inferred_from_target_pathway,True
[18F]MK-3328,Phase 1,Disease-Targeted Small Molecule,Amyloid,Completed,2,20.0,Merck Sharp & Dohme LLC,False,no_match,medium,True,0,2,Therapeutic Drug,investigational therapeutic candidate; drug/biological intervention type with no disqualifying evidence found,rule_classification,medium,True,Amyloid,,,structured_ct_gov_evidence,tier2_6_resolver,medium,existing evidence only (structured_ct_gov_evidence); no NIH match found,ct.gov structured modality='Small Molecule'; ct.gov structured target(s)=['Amyloid'],False,,,,Small Molecule,inferred_default,True
[18F]MNI-1020,Phase 1,Disease-Targeted Small Molecule,Tau,Completed,1,15.0,"Janssen Research & Development, LLC",False,no_match,medium,True,0,1,Therapeutic Drug,investigational therapeutic candidate; drug/biological intervention type with no disqualifying evidence found,rule_classification,medium,True,Tau,,,structured_ct_gov_evidence,tier2_6_resolver,medium,existing evidence only (structured_ct_gov_evidence); no NIH match found,ct.gov structured modality='Small Molecule'; ct.gov structured target(s)=['Tau'],False,,,,Small Molecule,inferred_default,True
[18F]MNI-1126,Phase 1,Disease-Targeted Small Molecule,Other,Completed,1,12.0,Invicro,False,no_match,medium,True,0,1,Therapeutic Drug,investigational therapeutic candidate; drug/biological intervention type with no disqualifying evidence found,rule_classification,medium,True,,,,structured_ct_gov_evidence,tier2_6_resolver,medium,existing evidence only (structured_ct_gov_evidence); no NIH match found,ct.gov structured modality='Small Molecule',False,,,,Small Molecule,inferred_default,True
[18F]MNI-815 (MNI-815),Phase 1,Disease-Targeted Small Molecule,Tau,Completed,1,7.0,Molecular NeuroImaging,False,no_match,medium,True,0,1,Therapeutic Drug,investigational therapeutic candidate; drug/biological intervention type with no disqualifying evidence found,rule_classification,medium,True,Tau,,,structured_ct_gov_evidence,tier2_6_resolver,medium,existing evidence only (structured_ct_gov_evidence); no NIH match found,ct.gov structured modality='Small Molecule'; ct.gov structured target(s)=['Tau'],False,,,,Small Molecule,inferred_default,True
[18F]MNI-952,Phase 1,Disease-Targeted Small Molecule,Tau,Completed,1,6.0,Molecular NeuroImaging,False,no_match,medium,True,0,1,Therapeutic Drug,investigational therapeutic candidate; drug/biological intervention type with no disqualifying evidence found,rule_classification,medium,True,Tau,,,structured_ct_gov_evidence,tier2_6_resolver,medium,existing evidence only (structured_ct_gov_evidence); no NIH match found,ct.gov structured modality='Small Molecule'; ct.gov structured target(s)=['Tau'],False,,,,Small Molecule,inferred_default,True
[18F]MNI-958,Phase 1,Disease-Targeted Small Molecule,Other,Completed,1,16.0,Invicro,False,no_match,medium,True,0,1,Therapeutic Drug,investigational therapeutic candidate; drug/biological intervention type with no disqualifying evidence found,rule_classification,medium,True,,,,structured_ct_gov_evidence,tier2_6_resolver,medium,existing evidence only (structured_ct_gov_evidence); no NIH match found,ct.gov structured modality='Small Molecule',False,,,,Small Molecule,inferred_default,True
[18F]P16-129,Phase 1,Disease-Targeted Small Molecule,Other,Completed,1,14.0,"Five Eleven Pharma, Inc.",False,no_match,medium,True,0,1,Therapeutic Drug,investigational therapeutic candidate; drug/biological intervention type with no disqualifying evidence found,rule_classification,medium,True,,,,structured_ct_gov_evidence,tier2_6_resolver,medium,existing evidence only (structured_ct_gov_evidence); no NIH match found,ct.gov structured modality='Small Molecule',False,,,,Small Molecule,inferred_default,True
[18F]RO-948,Phase 1,Disease-Targeted Small Molecule,Tau,Active,1,38.0,Washington University School of Medicine,False,no_match,medium,True,0,1,Therapeutic Drug,investigational therapeutic candidate; drug/biological intervention type with no disqualifying evidence found,rule_classification,medium,True,Tau,,,structured_ct_gov_evidence,tier2_6_resolver,medium,existing evidence only (structured_ct_gov_evidence); no NIH match found,ct.gov structured modality='Small Molecule'; ct.gov structured target(s)=['Tau'],False,,,,Small Molecule,inferred_default,True
[F-18]W372,Phase 1,Disease-Targeted Small Molecule,Other,Completed,1,24.0,Siemens Molecular Imaging,False,no_match,medium,True,0,1,Therapeutic Drug,investigational therapeutic candidate; drug/biological intervention type with no disqualifying evidence found,rule_classification,medium,True,,,,structured_ct_gov_evidence,tier2_6_resolver,medium,existing evidence only (structured_ct_gov_evidence); no NIH match found,ct.gov structured modality='Small Molecule',False,,,,Small Molecule,inferred_default,True
anle138b,Phase 1,Disease-Targeted Small Molecule,Other,Completed,2,70.0,MODAG GmbH,False,no_match,medium,True,0,2,Therapeutic Drug,investigational therapeutic candidate; drug/biological intervention type with no disqualifying evidence found,rule_classification,medium,True,,,,structured_ct_gov_evidence,tier2_6_resolver,medium,existing evidence only (structured_ct_gov_evidence); no NIH match found,ct.gov structured modality='Small Molecule',False,,,,Small Molecule,inferred_default,True
anti-Abeta,Phase 1,Disease-Targeted Small Molecule,Amyloid,Completed,1,56.0,"Genentech, Inc.",False,no_match,medium,True,0,1,Therapeutic Drug,investigational therapeutic candidate; drug/biological intervention type with no disqualifying evidence found,rule_classification,medium,True,Amyloid,,,structured_ct_gov_evidence,tier2_6_resolver,medium,existing evidence only (structured_ct_gov_evidence); no NIH match found,ct.gov structured modality='Small Molecule'; ct.gov structured target(s)=['Amyloid'],False,,,,Small Molecule,inferred_default,True
empagliflozin (Jardiance),Phase 1,Disease-Targeted Small Molecule,Metabolism,Completed,1,21.0,National Institute on Aging (NIA),False,no_match,medium,True,0,1,Therapeutic Drug,investigational therapeutic candidate; drug/biological intervention type with no disqualifying evidence found,rule_classification,medium,True,Metabolism,,,structured_ct_gov_evidence,tier2_6_resolver,medium,existing evidence only (structured_ct_gov_evidence); no NIH match found,ct.gov structured modality='Small Molecule'; ct.gov structured target(s)=['Metabolism'],False,,,,Small Molecule,inferred_default,True
etanercept and repeated contrast ultrasound,Phase 1,Disease-Targeted Biologic,Inflammation,Recruiting,1,5.0,Fondation Ophtalmologique Adolphe de Rothschild,False,no_match,medium,True,0,1,Therapeutic Drug,"combination product name contains a recognized investigational/known compound — therapeutic component preserved, but the combined name still needs a human check",rule_keyword,medium,True,Inflammation,,,known_compound_exact_match,tier2_6_resolver,high,existing evidence only (known_compound_exact_match); no NIH match found,known-compound modality='Biologic'; known-compound target='Inflammation',False,,,,Biologic,inferred_from_modality,True
etanercept given by perispinal administration,Phase 1,Disease-Targeted Biologic,Inflammation,Completed,2,30.0,"Tobinick, Edward Lewis, M.D.",False,no_match,medium,True,0,2,Therapeutic Drug,investigational therapeutic candidate; drug/biological intervention type with no disqualifying evidence found,rule_classification,medium,True,Inflammation,,,known_compound_exact_match,tier2_6_resolver,high,existing evidence only (known_compound_exact_match); no NIH match found,known-compound modality='Biologic'; known-compound target='Inflammation',False,,,,Biologic,inferred_from_modality,True
"grape seed polyphenolic extract, resveratrol",Phase 1,Disease-Targeted Small Molecule,Metabolism,Completed,1,14.0,Johns Hopkins University,False,no_match,medium,True,0,1,Therapeutic Drug,investigational therapeutic candidate; drug/biological intervention type with no disqualifying evidence found,rule_classification,medium,True,Metabolism,,,structured_ct_gov_evidence,tier2_6_resolver,medium,existing evidence only (structured_ct_gov_evidence); no NIH match found,ct.gov structured modality='Small Molecule'; ct.gov structured target(s)=['Metabolism'],False,,,,Small Molecule,inferred_default,True
hUC-MSC-sEV-001 nasal drops,Phase 1,Disease-Targeted Small Molecule,Other,Recruiting,1,120.0,"Xuanwu Hospital, Beijing",False,no_match,medium,True,0,1,Therapeutic Drug,investigational therapeutic candidate; drug/biological intervention type with no disqualifying evidence found,rule_classification,medium,True,,,,structured_ct_gov_evidence,tier2_6_resolver,medium,existing evidence only (structured_ct_gov_evidence); no NIH match found,ct.gov structured modality='Small Molecule',False,,,,Small Molecule,inferred_default,True
high CBD/low THC sublingual,Phase 1,Disease-Targeted Small Molecule,Other,Active,1,12.0,Mclean Hospital,False,no_match,medium,True,0,1,Therapeutic Drug,investigational therapeutic candidate; drug/biological intervention type with no disqualifying evidence found,rule_classification,medium,True,,,,structured_ct_gov_evidence,tier2_6_resolver,medium,existing evidence only (structured_ct_gov_evidence); no NIH match found,ct.gov structured modality='Small Molecule',False,,,,Small Molecule,inferred_default,True
lorazepam,Phase 1,Disease-Targeted Small Molecule,Other,Completed,1,57.0,Mayo Clinic,False,no_match,medium,True,0,1,Therapeutic Drug,investigational therapeutic candidate; drug/biological intervention type with no disqualifying evidence found,rule_classification,medium,True,,,,structured_ct_gov_evidence,tier2_6_resolver,medium,existing evidence only (structured_ct_gov_evidence); no NIH match found,ct.gov structured modality='Small Molecule',False,,,,Small Molecule,inferred_default,True
radioligand [11C]AZD2184,Phase 1,Disease-Targeted Small Molecule,Amyloid,Completed,1,26.0,AstraZeneca,False,no_match,medium,True,0,1,Therapeutic Drug,investigational therapeutic candidate; drug/biological intervention type with no disqualifying evidence found,rule_classification,medium,True,Amyloid,,,structured_ct_gov_evidence,tier2_6_resolver,medium,existing evidence only (structured_ct_gov_evidence); no NIH match found,ct.gov structured modality='Small Molecule'; ct.gov structured target(s)=['Amyloid'],False,,,,Small Molecule,inferred_default,True
saracatinib,Phase 1,Disease-Targeted Small Molecule,Other,Completed,1,24.0,Stephen M. Strittmatter,False,no_match,medium,True,0,1,Therapeutic Drug,investigational therapeutic candidate; drug/biological intervention type with no disqualifying evidence found,rule_classification,medium,True,,,,structured_ct_gov_evidence,tier2_6_resolver,medium,existing evidence only (structured_ct_gov_evidence); no NIH match found,ct.gov structured modality='Small Molecule',False,,,,Small Molecule,inferred_default,True
