raw_intervention_name,normalized_name,nct_ids,clinicaltrials_intervention_type,previous_drug_type,new_pipeline_scope,scope_reason,scope_method,scope_confidence,dashboard_eligible,manual_review_required
Sargramostim GZ402664,sargramostim gz402664,NCT02667496,DRUG,investigational_therapeutic_unverified,Therapeutic Drug,investigational therapeutic candidate; drug/biological intervention type with no disqualifying evidence found,rule_classification,medium,True,True
Placebo,placebo,NCT00010803; NCT00040443; NCT00056329; NCT00066157; NCT00071721; NCT00086138; NCT00095719; NCT00160147; NCT00191009; NCT00205179; NCT00235716; NCT00239746; NCT00244322; NCT00322153; NCT00325728; NCT00329082; NCT00334568; NCT00368459; NCT00377715; NCT00409175; NCT00411580; NCT00423085; NCT00438568; NCT00440050; NCT00455000; NCT00470418; NCT00486044; NCT00515333; NCT00555204; NCT00566397; NCT00581867; NCT00582855; NCT00594568; NCT00602680; NCT00606164; NCT00607308; NCT00620191; NCT00621647; NCT00630851; NCT00663026; NCT00663936; NCT00667810; NCT00672945; NCT00675090; NCT00675623; NCT00676143; NCT00679627; NCT00684710; NCT00687141; NCT00689559; NCT00689637; NCT00692510; NCT00693004; NCT00708552; NCT00710684; NCT00715858; NCT00719394; NCT00722046; NCT00726115; NCT00736775; NCT00739037; NCT00744978; NCT00751907; NCT00762411; NCT00765115; NCT00810147; NCT00812565; NCT00814346; NCT00814801; NCT00829816; NCT00838084; NCT00838110; NCT00842673; NCT00842816; NCT00843518; NCT00857649; NCT00880412; NCT00884507; NCT00890890; NCT00895895; NCT00898807; NCT00904683; NCT00905372; NCT00930059; NCT00939822; NCT00940589; NCT00945672; NCT00948259; NCT00948909; NCT00951834; NCT00954252; NCT00954590; NCT00959803; NCT00975481; NCT00976118; NCT00979316; NCT00982202; NCT00988598; NCT01005862; NCT01009255; NCT01013610; NCT01018875; NCT01019421; NCT01028911; NCT01039701; NCT01044758; NCT01047254; NCT01055392; NCT01057030; NCT01058941; NCT01066481; NCT01073228; NCT01075763; NCT01078168; NCT01079819; NCT01117181; NCT01120002; NCT01125631; NCT01125683; NCT01127633; NCT01133405; NCT01137526; NCT01137799; NCT01142258; NCT01172145; NCT01203384; NCT01221259; NCT01224106; NCT01227252; NCT01254448; NCT01255046; NCT01282619; NCT01294540; NCT01303744; NCT01343966; NCT01350362; NCT01374438; NCT01397578; NCT01404169; NCT01406145; NCT01428362; NCT01428453; NCT01429623; NCT01438060; NCT01453569; NCT01467726; NCT01482013; NCT01482845; NCT01487395; NCT01496170; NCT01504854; NCT01513967; NCT01522404; NCT01527916; NCT01548430; NCT01549834; NCT01561430; NCT01569516; NCT01584440; NCT01608217; NCT01617577; NCT01626391; NCT01656525; NCT01661673; NCT01677572; NCT01677754; NCT01689233; NCT01689246; NCT01702467; NCT01702480; NCT01703117; NCT01715350; NCT01723670; NCT01729598; NCT01735630; NCT01741194; NCT01764243; NCT01767311; NCT01767909; NCT01780974; NCT01782742; NCT01795339; NCT01807026; NCT01827982; NCT01843075; NCT01852110; NCT01860625; NCT01864655; NCT01872598; NCT01887535; NCT01900665; NCT01908010; NCT01928420; NCT01953705; NCT01955161; NCT01966666; NCT01969123; NCT01969136; NCT01978548; NCT01994889; NCT01998841; NCT02006641; NCT02006654; NCT02008357; NCT02017340; NCT02033941; NCT02035553; NCT02035982; NCT02040987; NCT02045056; NCT02051608; NCT02061878; NCT02064920; NCT02078310; NCT02079909; NCT02080364; NCT02094729; NCT02103673; NCT02129348; NCT02142777; NCT02167256; NCT02178124; NCT02180269; NCT02221947; NCT02240693; NCT02245737; NCT02249351; NCT02249403; NCT02260674; NCT02279511; NCT02284906; NCT02288000; NCT02293915; NCT02322021; NCT02337907; NCT02346201; NCT02351882; NCT02353598; NCT02359552; NCT02360657; NCT02361424; NCT02377713; NCT02406027; NCT02434718; NCT02442765; NCT02442778; NCT02462161; NCT02471196; NCT02471833; NCT02477800; NCT02484547; NCT02503501; NCT02551809; NCT02569398; NCT02570997; NCT02576639; NCT02579252; NCT02580305; NCT02585934; NCT02615002; NCT02624778; NCT02626572; NCT02632786; NCT02646982; NCT02648672; NCT02667496; NCT02670083; NCT02695004; NCT02702817; NCT02750306; NCT02760602; NCT02783573; NCT02788513; NCT02791191; NCT02792257; NCT02817906; NCT02820155; NCT02820896; NCT02840279; NCT02844699; NCT02907567; NCT02910102; NCT02925650; NCT02956486; NCT03008161; NCT03038035; NCT03044249; NCT03055741; NCT03056729; NCT03075241; NCT03093519; NCT03108846; NCT03113812; NCT03114657; NCT03116126; NCT03179501; NCT03226522; NCT03277573; NCT03282916; NCT03289143; NCT03298672; NCT03316898; NCT03325556; NCT03352557; NCT03367403; NCT03375697; NCT03393520; NCT03418688; NCT03435861; NCT03443973; NCT03444870; NCT03456349; NCT03493282; NCT03507790; NCT03518073; NCT03522129; NCT03531710; NCT03533257; NCT03613844; NCT03620981; NCT03625622; NCT03639987; NCT03649724; NCT03698695; NCT03720548; NCT03757325; NCT03817684; NCT03828747; NCT03838185; NCT03867253; NCT03887455; NCT03935568; NCT03971123; NCT03977584; NCT03980730; NCT04023994; NCT04032626; NCT04074837; NCT04149860; NCT04187547; NCT04191486; NCT04208152; NCT04308304; NCT04311515; NCT04381468; NCT04388254; NCT04408755; NCT04418024; NCT04436081; NCT04437511; NCT04451408; NCT04464564; NCT04468659; NCT04482413; NCT04488419; NCT04491006; NCT04498650; NCT04500847; NCT04520412; NCT04524351; NCT04570085; NCT04592874; NCT04601038; NCT04619420; NCT04629547; NCT04639050; NCT04669028; NCT04672135; NCT04685265; NCT04711486; NCT04730635; NCT04745104; NCT04749563; NCT04759365; NCT04780399; NCT04797715; NCT04798989; NCT04842552; NCT04931459; NCT04939792; NCT04947553; NCT04973189; NCT04994483; NCT05006599; NCT05026177; NCT05026866; NCT05040321; NCT05063539; NCT05063851; NCT05074498; NCT05077501; NCT05077631; NCT05143528; NCT05194163; NCT05227118; NCT05231785; NCT05256134; NCT05267535; NCT05282550; NCT05291234; NCT05307692; NCT05310071; NCT05318040; NCT05318976; NCT05321498; NCT05323812; NCT05344989; NCT05397639; NCT05413655; NCT05423522; NCT05463731; NCT05466422; NCT05468073; NCT05478031; NCT05508789; NCT05511363; NCT05525780; NCT05531526; NCT05531656; NCT05538507; NCT05557409; NCT05564169; NCT05591027; NCT05602727; NCT05606341; NCT05607615; NCT05644262; NCT05644977; NCT05686044; NCT05728736; NCT05738486; NCT05741060; NCT05804383; NCT05809908; NCT05811442; NCT05827653; NCT05834296; NCT05858515; NCT05891496; NCT05965414; NCT05986721; NCT06052163; NCT06096090; NCT06114745; NCT06125951; NCT06126224; NCT06159673; NCT06182085; NCT06185543; NCT06194552; NCT06223360; NCT06274528; NCT06285240; NCT06297590; NCT06335173; NCT06343636; NCT06362707; NCT06402838; NCT06427668; NCT06534723; NCT06538116; NCT06540833; NCT06544616; NCT06546995; NCT06556966; NCT06562114; NCT06585787; NCT06602258; NCT06639282; NCT06651567; NCT06653153; NCT06657768; NCT06677203; NCT06702124; NCT06709014; NCT06718686; NCT06721156; NCT06750432; NCT06786676; NCT06803823; NCT06808984; NCT06814730; NCT06840054; NCT06870058; NCT06881836; NCT06885567; NCT06887192; NCT06938763; NCT07011732; NCT07011745; NCT07027072; NCT07033494; NCT07058688; NCT07107074; NCT07172815; NCT07178678; NCT07191028; NCT07200622; NCT07212062; NCT07213349; NCT07214727; NCT07221344; NCT07230652; NCT07234695; NCT07234942; NCT07251023; NCT07278492; NCT07284472; NCT07328451; NCT07489599; NCT07568041; NCT07571161; NCT07579884; NCT07589595; NCT07591727; NCT07602582; NCT07636811; NCT07651319; NCT07688213; NCT07690228; NCT07717411; NCT07724132; NCT07741526,DRUG,placebo_or_sham,Placebo or Comparator,placebo/sham/vehicle-control arm,rule_classification,high,False,False
Florbetapir F18,florbetapir f18,NCT02667496,DRUG,diagnostic_or_imaging_agent,Diagnostic Agent,matches a curated diagnostic/imaging tracer name,rule_classification,high,False,False
SAR110894,sar110894,NCT01266525,DRUG,investigational_therapeutic_unverified,Therapeutic Drug,investigational therapeutic candidate; drug/biological intervention type with no disqualifying evidence found,rule_classification,medium,True,True
placebo (for SAR110894),placebo for sar110894,NCT01266525,DRUG,placebo_or_sham,Placebo or Comparator,placebo/sham/vehicle-control arm,rule_classification,high,False,False
Donepezil,donepezil,NCT00000173; NCT00006399; NCT00151398; NCT00190021; NCT00348192; NCT00408525; NCT00501111; NCT00519298; NCT00566501; NCT00602680; NCT00693004; NCT00708552; NCT00713765; NCT00766363; NCT00895895; NCT00948909; NCT00959881; NCT01018875; NCT01024660; NCT01042314; NCT01125683; NCT01137526; NCT01255046; NCT01266525; NCT01466088; NCT01487395; NCT01527916; NCT01677754; NCT02051335; NCT02064920; NCT02178124; NCT02305836; NCT02337907; NCT02550665; NCT02580305; NCT02769065; NCT03030105; NCT03055741; NCT03090516; NCT03316898; NCT03698695; NCT04308304; NCT04661280; NCT04730635; NCT05538507; NCT05811000; NCT06041789; NCT06285240,DRUG,comparator_or_background_therapy,Placebo or Comparator,"approved background/comparator therapy, not the trial's studied candidate",rule_classification,medium,False,True
DMB-I (INN: Latrepirdine),dmb i inn latrepirdine,NCT07251023,DRUG,investigational_therapeutic_unverified,Therapeutic Drug,investigational therapeutic candidate; drug/biological intervention type with no disqualifying evidence found,rule_classification,medium,True,True
Memantine Hydrochloride 20 MG,memantine hydrochloride 20 mg,NCT07251023,DRUG,comparator_or_background_therapy,Placebo or Comparator,"approved background/comparator therapy, not the trial's studied candidate",rule_classification,medium,False,False
Aricept,aricept,NCT00031018; NCT01245530; NCT02968719; NCT03259958; NCT03283059,DRUG,comparator_or_background_therapy,Placebo or Comparator,"approved background/comparator therapy, not the trial's studied candidate",rule_classification,medium,False,True
INM-176,inm 176,NCT01245530,DRUG,investigational_therapeutic_unverified,Therapeutic Drug,investigational therapeutic candidate; drug/biological intervention type with no disqualifying evidence found,rule_classification,medium,True,True
CPC-201,cpc 201,NCT02185053; NCT02434666; NCT02860065,DRUG,investigational_therapeutic_unverified,Therapeutic Drug,investigational therapeutic candidate; drug/biological intervention type with no disqualifying evidence found,rule_classification,medium,True,True
Wujia Yizhi granules,wujia yizhi granules,NCT06534723,DRUG,investigational_therapeutic_unverified,Therapeutic Drug,investigational therapeutic candidate; drug/biological intervention type with no disqualifying evidence found,rule_classification,medium,True,True
Human Umbilical Cord Blood Derived-Mesenchymal Stem Cells,human umbilical cord blood derived mesenchymal stem cells,NCT01297218; NCT02054208; NCT03172117,BIOLOGICAL,investigational_therapeutic_unverified,Therapeutic Drug,investigational therapeutic candidate; drug/biological intervention type with no disqualifying evidence found,rule_classification,medium,True,True
memantine ER,memantine er,NCT00322153,DRUG,investigational_therapeutic_unverified,Therapeutic Drug,investigational therapeutic candidate; drug/biological intervention type with no disqualifying evidence found,rule_classification,medium,True,True
Bromocriptine Mesilate,bromocriptine mesilate,NCT04413344,DRUG,investigational_therapeutic_unverified,Therapeutic Drug,investigational therapeutic candidate; drug/biological intervention type with no disqualifying evidence found,rule_classification,medium,True,True
Placebos,placebos,NCT01965756; NCT03069014; NCT03283059; NCT04251182; NCT04413344,DRUG,placebo_or_sham,Placebo or Comparator,placebo/sham/vehicle-control arm,rule_classification,high,False,False
SAR448851,sar448851,NCT07688213,DRUG,investigational_therapeutic_unverified,Therapeutic Drug,investigational therapeutic candidate; drug/biological intervention type with no disqualifying evidence found,rule_classification,medium,True,True
BR4002,br4002,NCT04462029,DRUG,investigational_therapeutic_unverified,Therapeutic Drug,investigational therapeutic candidate; drug/biological intervention type with no disqualifying evidence found,rule_classification,medium,True,True
BR4002-1,br4002 1,NCT04462029,DRUG,uncertain,Needs Review,classify_intervention() could not resolve a confident therapeutic candidate for this intervention,rule_classification,low,False,True
X/T + X-EC,x t x ec,NCT07212062,DRUG,uncertain,Needs Review,classify_intervention() could not resolve a confident therapeutic candidate for this intervention,rule_classification,low,False,True
Lecanemab 10 mg/kg,lecanemab 10 mg kg,NCT01767311; NCT07212062,DRUG,investigational_therapeutic_unverified,Therapeutic Drug,investigational therapeutic candidate; drug/biological intervention type with no disqualifying evidence found,rule_classification,medium,True,True
Trontinemab,trontinemab,NCT07169578; NCT07170150; NCT07717411,DRUG,investigational_therapeutic_unverified,Therapeutic Drug,investigational therapeutic candidate; drug/biological intervention type with no disqualifying evidence found,rule_classification,medium,True,True
Placebo,placebo,NCT00112073; NCT00142805; NCT00265148; NCT00299988; NCT00348140; NCT00479219; NCT00481520; NCT00519298; NCT00718731; NCT00795730; NCT00884533; NCT01068353; NCT01193608; NCT01300728; NCT01320527; NCT01397539; NCT01548287; NCT01600469; NCT01712074; NCT01747213; NCT01850238; NCT02386306; NCT02389413; NCT02414607; NCT02431468; NCT02573740; NCT02833792; NCT02849639; NCT02992132; NCT03031184; NCT03186989; NCT03250741; NCT03402659; NCT03461861; NCT03462121; NCT03548584; NCT03560245; NCT03765762; NCT03801642; NCT03806478; NCT03919162; NCT04121208; NCT04445831; NCT04516057; NCT04538066; NCT04629495; NCT04735536; NCT04795466; NCT04838301; NCT04867616; NCT05233774; NCT05328115; NCT05363293; NCT05551741; NCT05617508; NCT05822362; NCT06014424; NCT06079190; NCT06189963; NCT06268886; NCT06292351; NCT06372821; NCT06406348; NCT06412185; NCT06432166; NCT06570928; NCT06619613; NCT06630390; NCT06797817; NCT06976203; NCT06976216; NCT06995573; NCT07094516; NCT07135245; NCT07158905; NCT07169578; NCT07170150; NCT07205601; NCT07217912; NCT07399171; NCT07413744; NCT07432997; NCT07477431; NCT07612150,OTHER,placebo_or_sham,Placebo or Comparator,placebo/sham/vehicle-control arm,rule_classification,high,False,False
No Intervention,no intervention,NCT04640077; NCT07177352,OTHER,other,Non-Drug Intervention,"non-treatment control arm (e.g. no intervention / untreated / usual care), not a product",rule_classification,high,False,False
HT-4253,ht 4253,NCT07399171,DRUG,investigational_therapeutic_unverified,Therapeutic Drug,investigational therapeutic candidate; drug/biological intervention type with no disqualifying evidence found,rule_classification,medium,True,True
Remternetug,remternetug,NCT06647498; NCT06653153,DRUG,investigational_therapeutic_unverified,Therapeutic Drug,investigational therapeutic candidate; drug/biological intervention type with no disqualifying evidence found,rule_classification,medium,True,True
Matching Placebo (Remternetug),matching placebo remternetug,NCT05552157; NCT06647498,DRUG,placebo_or_sham,Placebo or Comparator,placebo/sham/vehicle-control arm,rule_classification,high,False,False
Gantenerumab,gantenerumab,NCT00531804; NCT01224106; NCT01656525; NCT01760005; NCT02051608; NCT03443973; NCT03444870; NCT04339413; NCT04374253; NCT04592341; NCT04623242; NCT05256134; NCT06424236,DRUG,investigational_therapeutic_unverified,Therapeutic Drug,investigational therapeutic candidate; drug/biological intervention type with no disqualifying evidence found,rule_classification,medium,True,True
Semaglutide,semaglutide,NCT04777409; NCT05891496; NCT06072963,DRUG,investigational_therapeutic_unverified,Therapeutic Drug,investigational therapeutic candidate; drug/biological intervention type with no disqualifying evidence found,rule_classification,medium,True,True
CNP520 50mg,cnp520 50mg,NCT03131453,DRUG,investigational_therapeutic_unverified,Therapeutic Drug,investigational therapeutic candidate; drug/biological intervention type with no disqualifying evidence found,rule_classification,medium,True,True
CNP520 15mg,cnp520 15mg,NCT03131453,DRUG,investigational_therapeutic_unverified,Therapeutic Drug,investigational therapeutic candidate; drug/biological intervention type with no disqualifying evidence found,rule_classification,medium,True,True
Matching placebo,matching placebo,NCT03131453,OTHER,placebo_or_sham,Placebo or Comparator,placebo/sham/vehicle-control arm,rule_classification,high,False,False
Remternetug (SC),remternetug sc,NCT05463731; NCT05552157,DRUG,investigational_therapeutic_unverified,Therapeutic Drug,investigational therapeutic candidate; drug/biological intervention type with no disqualifying evidence found,rule_classification,medium,True,True
E2814,e2814,NCT01760005; NCT04971733; NCT05269394; NCT06602258,DRUG,investigational_therapeutic_unverified,Therapeutic Drug,investigational therapeutic candidate; drug/biological intervention type with no disqualifying evidence found,rule_classification,medium,True,True
Lecanemab,lecanemab,NCT01760005; NCT04468659; NCT05269394; NCT05469009; NCT06384573; NCT06530732; NCT06602258,DRUG,investigational_therapeutic_unverified,Therapeutic Drug,investigational therapeutic candidate; drug/biological intervention type with no disqualifying evidence found,rule_classification,medium,True,True
Matching Placebo (E2814),matching placebo e2814,NCT01760005; NCT05269394,DRUG,placebo_or_sham,Placebo or Comparator,placebo/sham/vehicle-control arm,rule_classification,high,False,False
RO7126209,ro7126209,NCT04023994; NCT04639050,DRUG,investigational_therapeutic_unverified,Therapeutic Drug,investigational therapeutic candidate; drug/biological intervention type with no disqualifying evidence found,rule_classification,medium,True,True
Solanezumab,solanezumab,NCT00749216; NCT01127633; NCT01148498; NCT01760005; NCT01900665; NCT02008357; NCT02614131; NCT02760602; NCT04623242,DRUG,investigational_therapeutic_unverified,Therapeutic Drug,investigational therapeutic candidate; drug/biological intervention type with no disqualifying evidence found,rule_classification,medium,True,True
Matching Placebo (Gantenerumab),matching placebo gantenerumab,NCT01760005; NCT04623242,DRUG,placebo_or_sham,Placebo or Comparator,placebo/sham/vehicle-control arm,rule_classification,high,False,False
Matching Placebo (Solanezumab),matching placebo solanezumab,NCT01760005; NCT04623242,DRUG,placebo_or_sham,Placebo or Comparator,placebo/sham/vehicle-control arm,rule_classification,high,False,False
CAD106 Immunotherapy,cad106 immunotherapy,NCT02565511,BIOLOGICAL,investigational_therapeutic_unverified,Therapeutic Drug,investigational therapeutic candidate; drug/biological intervention type with no disqualifying evidence found,rule_classification,medium,True,True
Placebo to CAD106,placebo to cad106,NCT02565511,OTHER,placebo_or_sham,Placebo or Comparator,placebo/sham/vehicle-control arm,rule_classification,high,False,False
CNP520,cnp520,NCT02565511; NCT02576639,DRUG,investigational_therapeutic_unverified,Therapeutic Drug,investigational therapeutic candidate; drug/biological intervention type with no disqualifying evidence found,rule_classification,medium,True,True
Placebo to CNP520,placebo to cnp520,NCT02565511,OTHER,placebo_or_sham,Placebo or Comparator,placebo/sham/vehicle-control arm,rule_classification,high,False,False
Alum,alum,NCT02565511,OTHER,uncertain,Needs Review,classify_intervention() could not resolve a confident therapeutic candidate for this intervention,rule_classification,low,False,True
123-I MNI-187 Injection and Imaging Procedures,123 i mni 187 injection and imaging procedures,NCT00456417,DRUG,investigational_therapeutic_unverified,Therapeutic Drug,investigational therapeutic candidate; drug/biological intervention type with no disqualifying evidence found,rule_classification,medium,True,True
[123-I] AV-83 Injection and Imaging Procedures,123 i av 83 injection and imaging procedures,NCT00448799,RADIATION,procedure,Diagnostic Agent,RADIATION-type intervention with imaging/scan wording,rule_keyword,medium,False,False
[123I] AV 39,123i av 39,NCT00439010,DRUG,investigational_therapeutic_unverified,Therapeutic Drug,investigational therapeutic candidate; drug/biological intervention type with no disqualifying evidence found,rule_classification,medium,True,True
Huperzine A Controlled-Release Tablets,huperzine a controlled release tablets,NCT07066826,DRUG,investigational_therapeutic_unverified,Therapeutic Drug,investigational therapeutic candidate; drug/biological intervention type with no disqualifying evidence found,rule_classification,medium,True,True
Donepezil hydrochloride tablets,donepezil hydrochloride tablets,NCT07066826,DRUG,comparator_or_background_therapy,Placebo or Comparator,"approved background/comparator therapy, not the trial's studied candidate",rule_classification,medium,False,False
Huperzine A controlled-release tablets placebo; Donepezil hydrochloride tablets placebo,huperzine a controlled release tablets placebo donepezil hydrochloride tablets placebo,NCT07066826,DRUG,placebo_or_sham,Placebo or Comparator,placebo/sham/vehicle-control arm,rule_classification,high,False,False
Intermittent deep brain stimulation of the nucleus basalis of Meynert,intermittent deep brain stimulation of the nucleus basalis of meynert,NCT07218081,DEVICE,device,Non-Drug Intervention,intervention type is DEVICE,rule_type,high,False,False
transcranial pulse stimulation (TPS),transcranial pulse stimulation tps,NCT07143734,DEVICE,device,Non-Drug Intervention,intervention type is DEVICE,rule_type,high,False,False
transcranial pulse stimulation (TPS-Sham),transcranial pulse stimulation tps sham,NCT07143734,DEVICE,placebo_or_sham,Placebo or Comparator,placebo/sham/vehicle-control arm,rule_classification,high,False,False
[F18] T807,f18 t807,NCT01733355,RADIATION,diagnostic_or_imaging_agent,Diagnostic Agent,matches a curated diagnostic/imaging tracer name,rule_classification,high,False,False
[F18] T808,f18 t808,NCT01723488,RADIATION,procedure,Non-Drug Intervention,RADIATION-type intervention with no imaging evidence in its name — confirm manually,rule_type,low,False,True
IL-2 (Aldesleukin),il 2 aldesleukin,NCT07651319,DRUG,uncertain,Needs Review,classify_intervention() could not resolve a confident therapeutic candidate for this intervention,rule_classification,low,False,True
Semaglutide Plus IL-2,semaglutide plus il 2,NCT07651319,DRUG,investigational_therapeutic_unverified,Therapeutic Drug,investigational therapeutic candidate; drug/biological intervention type with no disqualifying evidence found,rule_classification,medium,True,True
Positron emission tomography (PET),positron emission tomography pet,NCT02860065,OTHER,uncertain,Needs Review,classify_intervention() could not resolve a confident therapeutic candidate for this intervention,rule_classification,low,False,True
Low Dose Radiation Therapy,low dose radiation therapy,NCT07693140,RADIATION,procedure,Non-Drug Intervention,RADIATION-type intervention with no imaging evidence in its name — confirm manually,rule_type,low,False,True
buntanetap/posiphen,buntanetap posiphen,NCT05686044; NCT06709014,DRUG,investigational_therapeutic_unverified,Therapeutic Drug,investigational therapeutic candidate; drug/biological intervention type with no disqualifying evidence found,rule_classification,medium,True,True
Allopregnanolone,allopregnanolone,NCT03748303; NCT04838301,DRUG,investigational_therapeutic_unverified,Therapeutic Drug,investigational therapeutic candidate; drug/biological intervention type with no disqualifying evidence found,rule_classification,medium,True,True
Human Mesenchymal Stem Cells and Lactated Riunger's Solution,human mesenchymal stem cells and lactated riunger s solution,NCT02833792,DRUG,investigational_therapeutic_unverified,Therapeutic Drug,investigational therapeutic candidate; drug/biological intervention type with no disqualifying evidence found,rule_classification,medium,True,True
AVP-786,avp 786,NCT02442765; NCT02446132; NCT03393520; NCT04408755; NCT04464564,DRUG,investigational_therapeutic_unverified,Therapeutic Drug,investigational therapeutic candidate; drug/biological intervention type with no disqualifying evidence found,rule_classification,medium,True,True
Donanemab,donanemab,NCT03367403; NCT04437511; NCT04640077; NCT05026866; NCT05108922; NCT05508789; NCT05738486; NCT06996730; NCT07167966; NCT07571161; NCT07589595; NCT07602582,DRUG,investigational_therapeutic_unverified,Therapeutic Drug,investigational therapeutic candidate; drug/biological intervention type with no disqualifying evidence found,rule_classification,medium,True,True
RG6289,rg6289,NCT06996730,DRUG,investigational_therapeutic_unverified,Therapeutic Drug,investigational therapeutic candidate; drug/biological intervention type with no disqualifying evidence found,rule_classification,medium,True,True
Donanemab placebo,donanemab placebo,NCT06996730,DRUG,placebo_or_sham,Placebo or Comparator,placebo/sham/vehicle-control arm,rule_classification,high,False,False
RG6289 placebo,rg6289 placebo,NCT06996730,DRUG,placebo_or_sham,Placebo or Comparator,placebo/sham/vehicle-control arm,rule_classification,high,False,False
Brexpiprazole,brexpiprazole,NCT03548584; NCT03594123; NCT03620981; NCT03724942,DRUG,investigational_therapeutic_unverified,Therapeutic Drug,investigational therapeutic candidate; drug/biological intervention type with no disqualifying evidence found,rule_classification,medium,True,True
ITI-1284,iti 1284,NCT06540833; NCT06651567,DRUG,investigational_therapeutic_unverified,Therapeutic Drug,investigational therapeutic candidate; drug/biological intervention type with no disqualifying evidence found,rule_classification,medium,True,True
2 mg/day,2 mg day,NCT02168920,DRUG,uncertain,Needs Review,classify_intervention() could not resolve a confident therapeutic candidate for this intervention,rule_classification,low,False,True
3 mg/day,3 mg day,NCT02168920,DRUG,uncertain,Needs Review,classify_intervention() could not resolve a confident therapeutic candidate for this intervention,rule_classification,low,False,True
6 mg/day,6 mg day,NCT02168920,DRUG,uncertain,Needs Review,classify_intervention() could not resolve a confident therapeutic candidate for this intervention,rule_classification,low,False,True
Placebo (0 mg/day),placebo 0 mg day,NCT02168920,DRUG,placebo_or_sham,Placebo or Comparator,placebo/sham/vehicle-control arm,rule_classification,high,False,False
AVP-786-18,avp 786 18,NCT02442778,DRUG,uncertain,Needs Review,classify_intervention() could not resolve a confident therapeutic candidate for this intervention,rule_classification,low,False,True
AVP-786-28,avp 786 28,NCT02442778,DRUG,uncertain,Needs Review,classify_intervention() could not resolve a confident therapeutic candidate for this intervention,rule_classification,low,False,True
AVP-786-42.63,avp 786 42 63,NCT02442778,DRUG,uncertain,Needs Review,classify_intervention() could not resolve a confident therapeutic candidate for this intervention,rule_classification,low,False,True
18F-THK-5351,18f thk 5351,NCT02656498; NCT02884492; NCT03024944; NCT03112096,DRUG,diagnostic_or_imaging_agent,Diagnostic Agent,matches a curated diagnostic/imaging tracer name,rule_classification,high,False,False
intermittent theta burst stimulation (iTBS),intermittent theta burst stimulation itbs,NCT07279740,DEVICE,device,Non-Drug Intervention,intervention type is DEVICE,rule_type,high,False,False
Methylphenidate (MPH),methylphenidate mph,NCT07279740,DRUG,investigational_therapeutic_unverified,Therapeutic Drug,investigational therapeutic candidate; drug/biological intervention type with no disqualifying evidence found,rule_classification,medium,True,True
GSK4527226,gsk4527226,NCT06079190; NCT07105709,DRUG,investigational_therapeutic_unverified,Therapeutic Drug,investigational therapeutic candidate; drug/biological intervention type with no disqualifying evidence found,rule_classification,medium,True,True
ABBV-1758,abbv 1758,NCT07599670,DRUG,investigational_therapeutic_unverified,Therapeutic Drug,investigational therapeutic candidate; drug/biological intervention type with no disqualifying evidence found,rule_classification,medium,True,True
Placebo for ABBV-1758,placebo for abbv 1758,NCT07599670,DRUG,placebo_or_sham,Placebo or Comparator,placebo/sham/vehicle-control arm,rule_classification,high,False,False
VHB937,vhb937,NCT07094516,BIOLOGICAL,investigational_therapeutic_unverified,Therapeutic Drug,investigational therapeutic candidate; drug/biological intervention type with no disqualifying evidence found,rule_classification,medium,True,True
50561 high dose,50561 high dose,NCT05811442,DRUG,uncertain,Needs Review,classify_intervention() could not resolve a confident therapeutic candidate for this intervention,rule_classification,low,False,True
50561 low dose,50561 low dose,NCT05811442,DRUG,uncertain,Needs Review,classify_intervention() could not resolve a confident therapeutic candidate for this intervention,rule_classification,low,False,True
BMS-984923,bms 984923,NCT04805983; NCT05804383; NCT05817643,DRUG,investigational_therapeutic_unverified,Therapeutic Drug,investigational therapeutic candidate; drug/biological intervention type with no disqualifying evidence found,rule_classification,medium,True,True
SHR-1707,shr 1707,NCT04745104; NCT04973189; NCT05681819; NCT06199037,DRUG,investigational_therapeutic_unverified,Therapeutic Drug,investigational therapeutic candidate; drug/biological intervention type with no disqualifying evidence found,rule_classification,medium,True,True
SHR-1707 placebo,shr 1707 placebo,NCT05681819; NCT06199037,DRUG,placebo_or_sham,Placebo or Comparator,placebo/sham/vehicle-control arm,rule_classification,high,False,False
Deep cervical lymphatic-venous anastomosis,deep cervical lymphatic venous anastomosis,NCT07060391,PROCEDURE,procedure,Non-Drug Intervention,clinical procedure or imaging exam,rule_type,high,False,False
Donepezil drug treatment,donepezil drug treatment,NCT07060391,DRUG,investigational_therapeutic_unverified,Therapeutic Drug,investigational therapeutic candidate; drug/biological intervention type with no disqualifying evidence found,rule_classification,medium,True,True
MK-1942,mk 1942,NCT04308304; NCT05602727,DRUG,investigational_therapeutic_unverified,Therapeutic Drug,investigational therapeutic candidate; drug/biological intervention type with no disqualifying evidence found,rule_classification,medium,True,True
KarXT,karxt,NCT05511363; NCT05980949; NCT06126224; NCT06585787; NCT06937229; NCT06947941; NCT06976203; NCT06976216,DRUG,investigational_therapeutic_unverified,Therapeutic Drug,investigational therapeutic candidate; drug/biological intervention type with no disqualifying evidence found,rule_classification,medium,True,True
KarX-EC,karx ec,NCT06937229; NCT06947941; NCT06976203; NCT06976216,DRUG,uncertain,Needs Review,classify_intervention() could not resolve a confident therapeutic candidate for this intervention,rule_classification,low,False,True
IBC-Ab002,ibc ab002,NCT05551741,BIOLOGICAL,investigational_therapeutic_unverified,Therapeutic Drug,investigational therapeutic candidate; drug/biological intervention type with no disqualifying evidence found,rule_classification,medium,True,True
Xanomeline/Trospium Chloride Capsule,xanomeline trospium chloride capsule,NCT07011732; NCT07011745,DRUG,investigational_therapeutic_unverified,Therapeutic Drug,investigational therapeutic candidate; drug/biological intervention type with no disqualifying evidence found,rule_classification,medium,True,True
Xanomeline Enteric Capsule,xanomeline enteric capsule,NCT07011732; NCT07011745,DRUG,investigational_therapeutic_unverified,Therapeutic Drug,investigational therapeutic candidate; drug/biological intervention type with no disqualifying evidence found,rule_classification,medium,True,True
T3D-959,t3d 959,NCT02560753; NCT06964230,DRUG,investigational_therapeutic_unverified,Therapeutic Drug,investigational therapeutic candidate; drug/biological intervention type with no disqualifying evidence found,rule_classification,medium,True,True
Placebo Comparator,placebo comparator,NCT06964230,OTHER,placebo_or_sham,Placebo or Comparator,placebo/sham/vehicle-control arm,rule_classification,high,False,False
ALN-5288,aln 5288,NCT07214727,DRUG,investigational_therapeutic_unverified,Therapeutic Drug,investigational therapeutic candidate; drug/biological intervention type with no disqualifying evidence found,rule_classification,medium,True,True
TB006,tb006,NCT04920786; NCT05074498; NCT05476783,DRUG,investigational_therapeutic_unverified,Therapeutic Drug,investigational therapeutic candidate; drug/biological intervention type with no disqualifying evidence found,rule_classification,medium,True,True
18F-92,18f 92,NCT04926272,DRUG,investigational_therapeutic_unverified,Therapeutic Drug,investigational therapeutic candidate; drug/biological intervention type with no disqualifying evidence found,rule_classification,medium,True,True
Deep Cervical lymphatlc-Venous Anastomosis Surgery,deep cervical lymphatlc venous anastomosis surgery,NCT06530732,PROCEDURE,procedure,Non-Drug Intervention,clinical procedure or imaging exam,rule_type,high,False,False
Benfotiamine,benfotiamine,NCT02292238,DRUG,investigational_therapeutic_unverified,Therapeutic Drug,investigational therapeutic candidate; drug/biological intervention type with no disqualifying evidence found,rule_classification,medium,True,True
DMB-I (Dimebon),dmb i dimebon,NCT06292351,DRUG,investigational_therapeutic_unverified,Therapeutic Drug,investigational therapeutic candidate; drug/biological intervention type with no disqualifying evidence found,rule_classification,medium,True,True
Remternetug (IV),remternetug iv,NCT05463731,DRUG,investigational_therapeutic_unverified,Therapeutic Drug,investigational therapeutic candidate; drug/biological intervention type with no disqualifying evidence found,rule_classification,medium,True,True
RO7812653,ro7812653,NCT07234942,DRUG,investigational_therapeutic_unverified,Therapeutic Drug,investigational therapeutic candidate; drug/biological intervention type with no disqualifying evidence found,rule_classification,medium,True,True
Riluzole,riluzole,NCT01703117,DRUG,investigational_therapeutic_unverified,Therapeutic Drug,investigational therapeutic candidate; drug/biological intervention type with no disqualifying evidence found,rule_classification,medium,True,True
F-18-AV45,f 18 av45,NCT04174287,DRUG,diagnostic_or_imaging_agent,Diagnostic Agent,matches a curated diagnostic/imaging tracer name,rule_classification,high,False,False
BIIB092,biib092,NCT03352557,DRUG,investigational_therapeutic_unverified,Therapeutic Drug,investigational therapeutic candidate; drug/biological intervention type with no disqualifying evidence found,rule_classification,medium,True,True
MK-1167,mk 1167,NCT06285240; NCT06721156,DRUG,investigational_therapeutic_unverified,Therapeutic Drug,investigational therapeutic candidate; drug/biological intervention type with no disqualifying evidence found,rule_classification,medium,True,True
MemorEM,memorem,NCT04271163,DEVICE,device,Non-Drug Intervention,intervention type is DEVICE,rule_type,high,False,False
AL002,al002,NCT04592874; NCT05744401,DRUG,investigational_therapeutic_unverified,Therapeutic Drug,investigational therapeutic candidate; drug/biological intervention type with no disqualifying evidence found,rule_classification,medium,True,True
Rifaximin 550 milligrams (MG),rifaximin 550 milligrams mg,NCT03856359,DRUG,investigational_therapeutic_unverified,Therapeutic Drug,investigational therapeutic candidate; drug/biological intervention type with no disqualifying evidence found,rule_classification,medium,True,True
Resveratrol,resveratrol,NCT01504854,DRUG,investigational_therapeutic_unverified,Therapeutic Drug,investigational therapeutic candidate; drug/biological intervention type with no disqualifying evidence found,rule_classification,medium,True,True
Bepranemab,bepranemab,NCT04867616,BIOLOGICAL,investigational_therapeutic_unverified,Therapeutic Drug,investigational therapeutic candidate; drug/biological intervention type with no disqualifying evidence found,rule_classification,medium,True,True
Piromelatine 20 mg,piromelatine 20 mg,NCT05267535,DRUG,investigational_therapeutic_unverified,Therapeutic Drug,investigational therapeutic candidate; drug/biological intervention type with no disqualifying evidence found,rule_classification,medium,True,True
Tilavonemab,tilavonemab,NCT03712787,DRUG,investigational_therapeutic_unverified,Therapeutic Drug,investigational therapeutic candidate; drug/biological intervention type with no disqualifying evidence found,rule_classification,medium,True,True
SPG302,spg302,NCT06427668; NCT06833281,DRUG,investigational_therapeutic_unverified,Therapeutic Drug,investigational therapeutic candidate; drug/biological intervention type with no disqualifying evidence found,rule_classification,medium,True,True
simufilam,simufilam,NCT04994483; NCT05026177; NCT05352763; NCT05575076,DRUG,sponsor_developed_therapeutic,Therapeutic Drug,confirmed or unsourced official sponsor-pipeline match,rule_classification,medium,True,False
SLS-005 - Once Weekly,sls 005 once weekly,NCT05332678,DRUG,uncertain,Needs Review,classify_intervention() could not resolve a confident therapeutic candidate for this intervention,rule_classification,low,False,True
SLS-005 - Twice Weekly,sls 005 twice weekly,NCT05332678,DRUG,uncertain,Needs Review,classify_intervention() could not resolve a confident therapeutic candidate for this intervention,rule_classification,low,False,True
Azeliragon 5mg,azeliragon 5mg,NCT02916056,DRUG,investigational_therapeutic_unverified,Therapeutic Drug,investigational therapeutic candidate; drug/biological intervention type with no disqualifying evidence found,rule_classification,medium,True,True
Semorinemab,semorinemab,NCT03289143; NCT03828747,DRUG,investigational_therapeutic_unverified,Therapeutic Drug,investigational therapeutic candidate; drug/biological intervention type with no disqualifying evidence found,rule_classification,medium,True,True
[18F]GTP1,18f gtp1,NCT02640092; NCT03289143; NCT03828747; NCT04566003; NCT05464368,DRUG,diagnostic_or_imaging_agent,Diagnostic Agent,matches a curated diagnostic/imaging tracer name,rule_classification,high,False,False
Piromelatine,piromelatine,NCT02615002,DRUG,investigational_therapeutic_unverified,Therapeutic Drug,investigational therapeutic candidate; drug/biological intervention type with no disqualifying evidence found,rule_classification,medium,True,True
Contraloid,contraloid,NCT03944460; NCT03955380,DRUG,investigational_therapeutic_unverified,Therapeutic Drug,investigational therapeutic candidate; drug/biological intervention type with no disqualifying evidence found,rule_classification,medium,True,True
Placebo of AD-35 60mg /AD-35 30mg,placebo of ad 35 60mg ad 35 30mg,NCT03790982,DRUG,placebo_or_sham,Placebo or Comparator,placebo/sham/vehicle-control arm,rule_classification,high,False,False
Placebo of AD-35 60mg /AD-35 60mg,placebo of ad 35 60mg ad 35 60mg,NCT03790982,DRUG,placebo_or_sham,Placebo or Comparator,placebo/sham/vehicle-control arm,rule_classification,high,False,False
AD-35 30 mg + Placebo of AD-35 30 mg,ad 35 30 mg placebo of ad 35 30 mg,NCT03790982,DRUG,placebo_or_sham,Placebo or Comparator,placebo/sham/vehicle-control arm,rule_classification,high,False,False
AD-35 60 mg,ad 35 60 mg,NCT03790982,DRUG,investigational_therapeutic_unverified,Therapeutic Drug,investigational therapeutic candidate; drug/biological intervention type with no disqualifying evidence found,rule_classification,medium,True,True
Aducanumab,aducanumab,NCT02434718; NCT02782975; NCT03639987; NCT04241068; NCT05108922; NCT05310071; NCT05469009,DRUG,sponsor_developed_therapeutic,Therapeutic Drug,confirmed or unsourced official sponsor-pipeline match,rule_classification,medium,True,True
active tDCS,active tdcs,NCT02772185,DEVICE,device,Non-Drug Intervention,intervention type is DEVICE,rule_type,high,False,False
sham tDCS,sham tdcs,NCT02772185,DEVICE,placebo_or_sham,Placebo or Comparator,placebo/sham/vehicle-control arm,rule_classification,high,False,False
real CT,real ct,NCT02772185,BEHAVIORAL,behavioral,Non-Drug Intervention,behavioral/non-drug activity,rule_type,high,False,False
placebo CT,placebo ct,NCT02772185,BEHAVIORAL,placebo_or_sham,Placebo or Comparator,placebo/sham/vehicle-control arm,rule_classification,high,False,False
Bexarotene,bexarotene,NCT01782742; NCT02061878,DRUG,investigational_therapeutic_unverified,Therapeutic Drug,investigational therapeutic candidate; drug/biological intervention type with no disqualifying evidence found,rule_classification,medium,True,True
RO7269162,ro7269162,NCT06402838,DRUG,investigational_therapeutic_unverified,Therapeutic Drug,investigational therapeutic candidate; drug/biological intervention type with no disqualifying evidence found,rule_classification,medium,True,True
Psilocybin,psilocybin,NCT04123314; NCT07721467,DRUG,investigational_therapeutic_unverified,Therapeutic Drug,investigational therapeutic candidate; drug/biological intervention type with no disqualifying evidence found,rule_classification,medium,True,True
Cognitive Training,cognitive training,NCT07721467,OTHER,behavioral,Non-Drug Intervention,behavioral/non-drug activity,rule_type,high,False,False
10g Astragalus,10g astragalus,NCT05578443,DRUG,uncertain,Needs Review,classify_intervention() could not resolve a confident therapeutic candidate for this intervention,rule_classification,low,False,True
Routine treatment,routine treatment,NCT05578443; NCT05647473,BEHAVIORAL,behavioral,Non-Drug Intervention,behavioral/non-drug activity,rule_type,high,False,False
20g Astragalus,20g astragalus,NCT05578443,DRUG,uncertain,Needs Review,classify_intervention() could not resolve a confident therapeutic candidate for this intervention,rule_classification,low,False,True
RVT-101 35 mg tablets,rvt 101 35 mg tablets,NCT02586909,DRUG,investigational_therapeutic_unverified,Therapeutic Drug,investigational therapeutic candidate; drug/biological intervention type with no disqualifying evidence found,rule_classification,medium,True,True
Lanabecestat,lanabecestat,NCT02245737; NCT02783573; NCT02972658,DRUG,investigational_therapeutic_unverified,Therapeutic Drug,investigational therapeutic candidate; drug/biological intervention type with no disqualifying evidence found,rule_classification,medium,True,True
Perindopril,perindopril,NCT02085265,DRUG,uncertain,Needs Review,classify_intervention() could not resolve a confident therapeutic candidate for this intervention,rule_classification,low,False,True
Telmisartan,telmisartan,NCT02085265,DRUG,uncertain,Needs Review,classify_intervention() could not resolve a confident therapeutic candidate for this intervention,rule_classification,low,False,True
Hydroxypropyl Beta Cyclodextrin,hydroxypropyl beta cyclodextrin,NCT05607615,DRUG,investigational_therapeutic_unverified,Therapeutic Drug,investigational therapeutic candidate; drug/biological intervention type with no disqualifying evidence found,rule_classification,medium,True,True
Lipoic acid and fish oil concentrate,lipoic acid and fish oil concentrate,NCT01058941,DRUG,investigational_therapeutic_unverified,Therapeutic Drug,investigational therapeutic candidate; drug/biological intervention type with no disqualifying evidence found,rule_classification,medium,True,True
Placebo Capsule(s) Once a Day by Mouth,placebo capsule s once a day by mouth,NCT02947893,DRUG,placebo_or_sham,Placebo or Comparator,placebo/sham/vehicle-control arm,rule_classification,high,False,False
Nilotinib Capsule(s) Once a Day by Mouth,nilotinib capsule s once a day by mouth,NCT02947893,DRUG,investigational_therapeutic_unverified,Therapeutic Drug,investigational therapeutic candidate; drug/biological intervention type with no disqualifying evidence found,rule_classification,medium,True,True
Crenezumab,crenezumab,NCT01723826; NCT01998841; NCT02670083; NCT03114657; NCT03491150; NCT03977584,DRUG,investigational_therapeutic_unverified,Therapeutic Drug,investigational therapeutic candidate; drug/biological intervention type with no disqualifying evidence found,rule_classification,medium,True,True
LY3202626,ly3202626,NCT02323334; NCT02791191; NCT03367403,DRUG,investigational_therapeutic_unverified,Therapeutic Drug,investigational therapeutic candidate; drug/biological intervention type with no disqualifying evidence found,rule_classification,medium,True,True
KHK6640,khk6640,NCT02127476; NCT02377713; NCT03093519,DRUG,investigational_therapeutic_unverified,Therapeutic Drug,investigational therapeutic candidate; drug/biological intervention type with no disqualifying evidence found,rule_classification,medium,True,True
F-18 PMPBB3,f 18 pmpbb3,NCT04169126; NCT04305210,DRUG,investigational_therapeutic_unverified,Therapeutic Drug,investigational therapeutic candidate; drug/biological intervention type with no disqualifying evidence found,rule_classification,medium,True,True
18F-florbetapir,18f florbetapir,NCT03058965; NCT03071224; NCT03080051; NCT04305210,DRUG,diagnostic_or_imaging_agent,Diagnostic Agent,matches a curated diagnostic/imaging tracer name,rule_classification,high,False,False
Dronabinol (Marinol®),dronabinol marinol,NCT02792257,DRUG,investigational_therapeutic_unverified,Therapeutic Drug,investigational therapeutic candidate; drug/biological intervention type with no disqualifying evidence found,rule_classification,medium,True,True
CB-AC-02,cb ac 02,NCT02899091,BIOLOGICAL,investigational_therapeutic_unverified,Therapeutic Drug,investigational therapeutic candidate; drug/biological intervention type with no disqualifying evidence found,rule_classification,medium,True,True
Placebo,placebo,NCT00733863; NCT00795418; NCT01097096; NCT02008513; NCT02600130; NCT02672306; NCT02899091; NCT03461276; NCT04398147; NCT04526990; NCT04642339; NCT04840992; NCT05124561; NCT05642429,BIOLOGICAL,placebo_or_sham,Placebo or Comparator,placebo/sham/vehicle-control arm,rule_classification,high,False,False
Isotretinoin,isotretinoin,NCT01560585,DRUG,investigational_therapeutic_unverified,Therapeutic Drug,investigational therapeutic candidate; drug/biological intervention type with no disqualifying evidence found,rule_classification,medium,True,True
Elenbecestat,elenbecestat,NCT02956486,DRUG,investigational_therapeutic_unverified,Therapeutic Drug,investigational therapeutic candidate; drug/biological intervention type with no disqualifying evidence found,rule_classification,medium,True,True
TRx0237 200 mg/day,trx0237 200 mg day,NCT01689233,DRUG,investigational_therapeutic_unverified,Therapeutic Drug,investigational therapeutic candidate; drug/biological intervention type with no disqualifying evidence found,rule_classification,medium,True,True
T-817MA-H,t 817ma h,NCT02079909,DRUG,investigational_therapeutic_unverified,Therapeutic Drug,investigational therapeutic candidate; drug/biological intervention type with no disqualifying evidence found,rule_classification,medium,True,True
T-817MA-L,t 817ma l,NCT02079909,DRUG,investigational_therapeutic_unverified,Therapeutic Drug,investigational therapeutic candidate; drug/biological intervention type with no disqualifying evidence found,rule_classification,medium,True,True
NanoLithium® NP03,nanolithium np03,NCT05423522,DRUG,investigational_therapeutic_unverified,Therapeutic Drug,investigational therapeutic candidate; drug/biological intervention type with no disqualifying evidence found,rule_classification,medium,True,True
Posiphen,posiphen,NCT02925650; NCT04524351,DRUG,investigational_therapeutic_unverified,Therapeutic Drug,investigational therapeutic candidate; drug/biological intervention type with no disqualifying evidence found,rule_classification,medium,True,True
"JNJ-54861911, 10 milligram (mg)",jnj 54861911 10 milligram mg,NCT02260674,DRUG,investigational_therapeutic_unverified,Therapeutic Drug,investigational therapeutic candidate; drug/biological intervention type with no disqualifying evidence found,rule_classification,medium,True,True
"JNJ-54861911, 50 mg",jnj 54861911 50 mg,NCT01978548; NCT02180269; NCT02260674; NCT02360657,DRUG,investigational_therapeutic_unverified,Therapeutic Drug,investigational therapeutic candidate; drug/biological intervention type with no disqualifying evidence found,rule_classification,medium,True,True
Filgrastim (75mcg/0.3ml),filgrastim 75mcg 0 3ml,NCT03656042,DRUG,investigational_therapeutic_unverified,Therapeutic Drug,investigational therapeutic candidate; drug/biological intervention type with no disqualifying evidence found,rule_classification,medium,True,True
MT-4666,mt 4666,NCT01764243; NCT02327182,DRUG,investigational_therapeutic_unverified,Therapeutic Drug,investigational therapeutic candidate; drug/biological intervention type with no disqualifying evidence found,rule_classification,medium,True,True
S -Equol,s equol,NCT02142777; NCT05741060,DRUG,investigational_therapeutic_unverified,Therapeutic Drug,investigational therapeutic candidate; drug/biological intervention type with no disqualifying evidence found,rule_classification,medium,True,True
Elpipodect,elpipodect,NCT05227118,DRUG,investigational_therapeutic_unverified,Therapeutic Drug,investigational therapeutic candidate; drug/biological intervention type with no disqualifying evidence found,rule_classification,medium,True,True
Coconut Oil Beverage,coconut oil beverage,NCT01883648,DRUG,investigational_therapeutic_unverified,Therapeutic Drug,investigational therapeutic candidate; drug/biological intervention type with no disqualifying evidence found,rule_classification,medium,True,True
Placebo Beverage,placebo beverage,NCT01883648,OTHER,placebo_or_sham,Placebo or Comparator,placebo/sham/vehicle-control arm,rule_classification,high,False,False
TRx0237 150 mg/day,trx0237 150 mg day,NCT01689246,DRUG,investigational_therapeutic_unverified,Therapeutic Drug,investigational therapeutic candidate; drug/biological intervention type with no disqualifying evidence found,rule_classification,medium,True,True
TRx0237 250 mg/day,trx0237 250 mg day,NCT01689246,DRUG,investigational_therapeutic_unverified,Therapeutic Drug,investigational therapeutic candidate; drug/biological intervention type with no disqualifying evidence found,rule_classification,medium,True,True
PM012,pm012,NCT01715350; NCT05811000,DRUG,investigational_therapeutic_unverified,Therapeutic Drug,investigational therapeutic candidate; drug/biological intervention type with no disqualifying evidence found,rule_classification,medium,True,True
Nilvadipine,nilvadipine,NCT02017340,DRUG,investigational_therapeutic_unverified,Therapeutic Drug,investigational therapeutic candidate; drug/biological intervention type with no disqualifying evidence found,rule_classification,medium,True,True
Memantine,memantine,NCT00235716; NCT00255086; NCT00804271; NCT00857233; NCT00857649; NCT01409694; NCT01677754; NCT01876823; NCT02288000; NCT02580305; NCT03316898; NCT05538507; NCT06041789,DRUG,investigational_therapeutic_unverified,Therapeutic Drug,investigational therapeutic candidate; drug/biological intervention type with no disqualifying evidence found,rule_classification,medium,True,True
ALZT-OP1a,alzt op1a,NCT02547818,DRUG,uncertain,Needs Review,classify_intervention() could not resolve a confident therapeutic candidate for this intervention,rule_classification,low,False,True
ALZT-OP1b,alzt op1b,NCT02547818,DRUG,uncertain,Needs Review,classify_intervention() could not resolve a confident therapeutic candidate for this intervention,rule_classification,low,False,True
Placebo ALZT-OP1a,placebo alzt op1a,NCT02547818,OTHER,placebo_or_sham,Placebo or Comparator,placebo/sham/vehicle-control arm,rule_classification,high,False,False
Placebo ALZT-OP1b,placebo alzt op1b,NCT02547818,OTHER,placebo_or_sham,Placebo or Comparator,placebo/sham/vehicle-control arm,rule_classification,high,False,False
Liposuction under local anesthesia,liposuction under local anesthesia,NCT02912169,PROCEDURE,procedure,Non-Drug Intervention,clinical procedure or imaging exam,rule_type,high,False,False
Infusion of AD-SVF via IV and Intranasal,infusion of ad svf via iv and intranasal,NCT02912169,BIOLOGICAL,investigational_therapeutic_unverified,Therapeutic Drug,investigational therapeutic candidate; drug/biological intervention type with no disqualifying evidence found,rule_classification,medium,True,True
HF0220,hf0220,NCT00357357,DRUG,investigational_therapeutic_unverified,Therapeutic Drug,investigational therapeutic candidate; drug/biological intervention type with no disqualifying evidence found,rule_classification,medium,True,True
ADENOSINE TRIPHOSPHATE,adenosine triphosphate,NCT02279511,DRUG,investigational_therapeutic_unverified,Therapeutic Drug,investigational therapeutic candidate; drug/biological intervention type with no disqualifying evidence found,rule_classification,medium,True,True
250mg rilapladib,250mg rilapladib,NCT01428453,DRUG,investigational_therapeutic_unverified,Therapeutic Drug,investigational therapeutic candidate; drug/biological intervention type with no disqualifying evidence found,rule_classification,medium,True,True
Idalopirdine,idalopirdine,NCT01955161; NCT02006641; NCT02006654; NCT03307993,DRUG,investigational_therapeutic_unverified,Therapeutic Drug,investigational therapeutic candidate; drug/biological intervention type with no disqualifying evidence found,rule_classification,medium,True,True
Lumbar Puncture (optional),lumbar puncture optional,NCT02831283; NCT02884492; NCT03373604,PROCEDURE,procedure,Non-Drug Intervention,clinical procedure or imaging exam,rule_type,high,False,False
11C-PBR28,11c pbr28,NCT02831283; NCT04274998,DRUG,investigational_therapeutic_unverified,Therapeutic Drug,investigational therapeutic candidate; drug/biological intervention type with no disqualifying evidence found,rule_classification,medium,True,True
18F-Florbetaben,18f florbetaben,NCT02831283; NCT03706261; NCT04396873; NCT04576793; NCT04840979; NCT07169630,DRUG,diagnostic_or_imaging_agent,Diagnostic Agent,matches a curated diagnostic/imaging tracer name,rule_classification,high,False,False
LY2886721,ly2886721,NCT01133405; NCT01227252; NCT01561430; NCT01807026,DRUG,investigational_therapeutic_unverified,Therapeutic Drug,investigational therapeutic candidate; drug/biological intervention type with no disqualifying evidence found,rule_classification,medium,True,True
BAN2401 2.5 mg/kg,ban2401 2 5 mg kg,NCT02094729,DRUG,sponsor_developed_therapeutic,Therapeutic Drug,confirmed or unsourced official sponsor-pipeline match,rule_classification,medium,True,False
BAN2401 5 mg/kg,ban2401 5 mg kg,NCT02094729,DRUG,sponsor_developed_therapeutic,Therapeutic Drug,confirmed or unsourced official sponsor-pipeline match,rule_classification,medium,True,False
BAN2401 10 mg/kg,ban2401 10 mg kg,NCT02094729,DRUG,sponsor_developed_therapeutic,Therapeutic Drug,confirmed or unsourced official sponsor-pipeline match,rule_classification,medium,True,False
ABBV-8E12,abbv 8e12,NCT02880956,DRUG,investigational_therapeutic_unverified,Therapeutic Drug,investigational therapeutic candidate; drug/biological intervention type with no disqualifying evidence found,rule_classification,medium,True,True
placebo for ABBV-8E12,placebo for abbv 8e12,NCT02880956,DRUG,placebo_or_sham,Placebo or Comparator,placebo/sham/vehicle-control arm,rule_classification,high,False,False
Interferon beta-1a,interferon beta 1a,NCT01075763,DRUG,investigational_therapeutic_unverified,Therapeutic Drug,investigational therapeutic candidate; drug/biological intervention type with no disqualifying evidence found,rule_classification,medium,True,True
GSK933776,gsk933776,NCT01424436,BIOLOGICAL,investigational_therapeutic_unverified,Therapeutic Drug,investigational therapeutic candidate; drug/biological intervention type with no disqualifying evidence found,rule_classification,medium,True,True
Meganatural-Az Grapeseed Extract,meganatural az grapeseed extract,NCT02033941,DRUG,investigational_therapeutic_unverified,Therapeutic Drug,investigational therapeutic candidate; drug/biological intervention type with no disqualifying evidence found,rule_classification,medium,True,True
RVT-101,rvt 101,NCT02585934,DRUG,investigational_therapeutic_unverified,Therapeutic Drug,investigational therapeutic candidate; drug/biological intervention type with no disqualifying evidence found,rule_classification,medium,True,True
Octohydroaminoacridine Succinate Tablets,octohydroaminoacridine succinate tablets,NCT01569516,DRUG,investigational_therapeutic_unverified,Therapeutic Drug,investigational therapeutic candidate; drug/biological intervention type with no disqualifying evidence found,rule_classification,medium,True,True
ALZ-101,alz 101,NCT05328115,BIOLOGICAL,investigational_therapeutic_unverified,Therapeutic Drug,investigational therapeutic candidate; drug/biological intervention type with no disqualifying evidence found,rule_classification,medium,True,True
LY450139,ly450139,NCT00594568; NCT00762411; NCT00765115,DRUG,investigational_therapeutic_unverified,Therapeutic Drug,investigational therapeutic candidate; drug/biological intervention type with no disqualifying evidence found,rule_classification,medium,True,True
ABT-957,abt 957,NCT02220738; NCT02573740,DRUG,investigational_therapeutic_unverified,Therapeutic Drug,investigational therapeutic candidate; drug/biological intervention type with no disqualifying evidence found,rule_classification,medium,True,True
Placebo for ABT-957,placebo for abt 957,NCT02220738,OTHER,placebo_or_sham,Placebo or Comparator,placebo/sham/vehicle-control arm,rule_classification,high,False,False
LY451395,ly451395,NCT00051909; NCT00843518,DRUG,investigational_therapeutic_unverified,Therapeutic Drug,investigational therapeutic candidate; drug/biological intervention type with no disqualifying evidence found,rule_classification,medium,True,True
ABT-354,abt 354,NCT01908010,DRUG,investigational_therapeutic_unverified,Therapeutic Drug,investigational therapeutic candidate; drug/biological intervention type with no disqualifying evidence found,rule_classification,medium,True,True
TPI-287 2 mg/m2,tpi 287 2 mg m2,NCT01966666,DRUG,investigational_therapeutic_unverified,Therapeutic Drug,investigational therapeutic candidate; drug/biological intervention type with no disqualifying evidence found,rule_classification,medium,True,True
TPI-287 6.3 mg/m2,tpi 287 6 3 mg m2,NCT01966666,DRUG,investigational_therapeutic_unverified,Therapeutic Drug,investigational therapeutic candidate; drug/biological intervention type with no disqualifying evidence found,rule_classification,medium,True,True
TPI-287 20 mg/m2,tpi 287 20 mg m2,NCT01966666,DRUG,investigational_therapeutic_unverified,Therapeutic Drug,investigational therapeutic candidate; drug/biological intervention type with no disqualifying evidence found,rule_classification,medium,True,True
Etanercept,etanercept,NCT01068353; NCT01716637,BIOLOGICAL,investigational_therapeutic_unverified,Therapeutic Drug,investigational therapeutic candidate; drug/biological intervention type with no disqualifying evidence found,rule_classification,medium,True,True
ANAVEX2-73,anavex2 73,NCT02756858; NCT04314934,DRUG,investigational_therapeutic_unverified,Therapeutic Drug,investigational therapeutic candidate; drug/biological intervention type with no disqualifying evidence found,rule_classification,medium,True,True
RO4602522,ro4602522,NCT01677754; NCT01701089,DRUG,investigational_therapeutic_unverified,Therapeutic Drug,investigational therapeutic candidate; drug/biological intervention type with no disqualifying evidence found,rule_classification,medium,True,True
Rivastigmine,rivastigmine,NCT00000174; NCT00134953; NCT00766363; NCT01183806; NCT01677754,DRUG,comparator_or_background_therapy,Placebo or Comparator,"approved background/comparator therapy, not the trial's studied candidate",rule_classification,medium,False,True
Galantamine,galantamine,NCT00000172; NCT00301574; NCT00304629; NCT00309725; NCT00679627; NCT01039194; NCT01677754,DRUG,comparator_or_background_therapy,Placebo or Comparator,"approved background/comparator therapy, not the trial's studied candidate",rule_classification,medium,False,True
LY3303560 - IV,ly3303560 iv,NCT02754830; NCT03019536,DRUG,investigational_therapeutic_unverified,Therapeutic Drug,investigational therapeutic candidate; drug/biological intervention type with no disqualifying evidence found,rule_classification,medium,True,True
Saline Solution - IV,saline solution iv,NCT02754830,DRUG,uncertain,Needs Review,classify_intervention() could not resolve a confident therapeutic candidate for this intervention,rule_classification,low,False,True
LY3303560 - SC,ly3303560 sc,NCT02754830,DRUG,investigational_therapeutic_unverified,Therapeutic Drug,investigational therapeutic candidate; drug/biological intervention type with no disqualifying evidence found,rule_classification,medium,True,True
TC-5619,tc 5619,NCT01254448,DRUG,investigational_therapeutic_unverified,Therapeutic Drug,investigational therapeutic candidate; drug/biological intervention type with no disqualifying evidence found,rule_classification,medium,True,True
Liraglutide,liraglutide,NCT01843075,DRUG,investigational_therapeutic_unverified,Therapeutic Drug,investigational therapeutic candidate; drug/biological intervention type with no disqualifying evidence found,rule_classification,medium,True,True
Azeliragon,azeliragon,NCT02080364; NCT03980730,DRUG,investigational_therapeutic_unverified,Therapeutic Drug,investigational therapeutic candidate; drug/biological intervention type with no disqualifying evidence found,rule_classification,medium,True,True
Cognitive Training,cognitive training,NCT00611312; NCT03848312,BEHAVIORAL,behavioral,Non-Drug Intervention,behavioral/non-drug activity,rule_type,high,False,False
galantamine ER,galantamine er,NCT00082602,DRUG,investigational_therapeutic_unverified,Therapeutic Drug,investigational therapeutic candidate; drug/biological intervention type with no disqualifying evidence found,rule_classification,medium,True,True
AZD3480,azd3480,NCT00501111; NCT00689559; NCT00689637; NCT00692510; NCT00713765; NCT00777361; NCT01466088,DRUG,investigational_therapeutic_unverified,Therapeutic Drug,investigational therapeutic candidate; drug/biological intervention type with no disqualifying evidence found,rule_classification,medium,True,True
SUVN-502,suvn 502,NCT02580305,DRUG,investigational_therapeutic_unverified,Therapeutic Drug,investigational therapeutic candidate; drug/biological intervention type with no disqualifying evidence found,rule_classification,medium,True,True
PPI-1019 (APAN),ppi 1019 apan,NCT00100282; NCT00100334,DRUG,investigational_therapeutic_unverified,Therapeutic Drug,investigational therapeutic candidate; drug/biological intervention type with no disqualifying evidence found,rule_classification,medium,True,True
Positron Emission Tomography,positron emission tomography,NCT00205621,DEVICE,device,Non-Drug Intervention,intervention type is DEVICE,rule_type,high,False,False
Bryostatin 1,bryostatin 1,NCT02221947; NCT02431468; NCT04538066,DRUG,investigational_therapeutic_unverified,Therapeutic Drug,investigational therapeutic candidate; drug/biological intervention type with no disqualifying evidence found,rule_classification,medium,True,True
T-817MA,t 817ma,NCT00663936; NCT04191486,DRUG,investigational_therapeutic_unverified,Therapeutic Drug,investigational therapeutic candidate; drug/biological intervention type with no disqualifying evidence found,rule_classification,medium,True,True
CT1812,ct1812,NCT02570997; NCT02907567; NCT03507790; NCT03522129; NCT04735536; NCT05248672; NCT05531656,DRUG,investigational_therapeutic_unverified,Therapeutic Drug,investigational therapeutic candidate; drug/biological intervention type with no disqualifying evidence found,rule_classification,medium,True,True
Standard intervention protocol,standard intervention protocol,NCT00646269,BEHAVIORAL,behavioral,Non-Drug Intervention,behavioral/non-drug activity,rule_type,high,False,False
Standard intervention protocol + Cognitive training therapy,standard intervention protocol cognitive training therapy,NCT00646269,BEHAVIORAL,behavioral,Non-Drug Intervention,behavioral/non-drug activity,rule_type,high,False,False
Standard intervention protocol + Reminiscence therapy,standard intervention protocol reminiscence therapy,NCT00646269,BEHAVIORAL,behavioral,Non-Drug Intervention,behavioral/non-drug activity,rule_type,high,False,False
"Standard intervention protocol + ""Made-to-measure"" program",standard intervention protocol made to measure program,NCT00646269,BEHAVIORAL,behavioral,Non-Drug Intervention,behavioral/non-drug activity,rule_type,high,False,False
R-pramipexole,r pramipexole,NCT01388478,DRUG,investigational_therapeutic_unverified,Therapeutic Drug,investigational therapeutic candidate; drug/biological intervention type with no disqualifying evidence found,rule_classification,medium,True,True
Lecanemab 2.5 mg/kg,lecanemab 2 5 mg kg,NCT01767311,DRUG,sponsor_developed_therapeutic,Therapeutic Drug,confirmed or unsourced official sponsor-pipeline match,rule_classification,medium,True,False
Lecanemab 5.0 mg/kg,lecanemab 5 0 mg kg,NCT01767311,DRUG,sponsor_developed_therapeutic,Therapeutic Drug,confirmed or unsourced official sponsor-pipeline match,rule_classification,medium,True,False
PF-04360365 1 mg/kg,pf 04360365 1 mg kg,NCT00722046; NCT00733642,BIOLOGICAL,investigational_therapeutic_unverified,Therapeutic Drug,investigational therapeutic candidate; drug/biological intervention type with no disqualifying evidence found,rule_classification,medium,True,True
PF-04360365 3 mg/kg,pf 04360365 3 mg kg,NCT00722046; NCT00733642,BIOLOGICAL,investigational_therapeutic_unverified,Therapeutic Drug,investigational therapeutic candidate; drug/biological intervention type with no disqualifying evidence found,rule_classification,medium,True,True
PF-04360365 5 mg/kg,pf 04360365 5 mg kg,NCT00733642,BIOLOGICAL,investigational_therapeutic_unverified,Therapeutic Drug,investigational therapeutic candidate; drug/biological intervention type with no disqualifying evidence found,rule_classification,medium,True,True
PF-04360365 10 mg/kg,pf 04360365 10 mg kg,NCT00733642; NCT00945672,BIOLOGICAL,investigational_therapeutic_unverified,Therapeutic Drug,investigational therapeutic candidate; drug/biological intervention type with no disqualifying evidence found,rule_classification,medium,True,True
MRI,mri,NCT00757939; NCT01325259; NCT03860857,OTHER,procedure,Non-Drug Intervention,clinical procedure or imaging exam,rule_type,high,False,False
FDG-PET,fdg pet,NCT00757939,OTHER,diagnostic_or_imaging_agent,Diagnostic Agent,matches a curated diagnostic/imaging tracer name,rule_classification,high,False,False
Cyclophosphamate,cyclophosphamate,NCT00013650,DRUG,investigational_therapeutic_unverified,Therapeutic Drug,investigational therapeutic candidate; drug/biological intervention type with no disqualifying evidence found,rule_classification,medium,True,True
SB-742457,sb 742457,NCT00224497; NCT00348192; NCT00551772; NCT00708552,DRUG,investigational_therapeutic_unverified,Therapeutic Drug,investigational therapeutic candidate; drug/biological intervention type with no disqualifying evidence found,rule_classification,medium,True,True
Sagramostim,sagramostim,NCT01409915,DRUG,investigational_therapeutic_unverified,Therapeutic Drug,investigational therapeutic candidate; drug/biological intervention type with no disqualifying evidence found,rule_classification,medium,True,True
Saline -- placebo comparator,saline placebo comparator,NCT01409915; NCT04902703,DRUG,placebo_or_sham,Placebo or Comparator,placebo/sham/vehicle-control arm,rule_classification,high,False,False
TRx0237,trx0237,NCT01626391,DRUG,investigational_therapeutic_unverified,Therapeutic Drug,investigational therapeutic candidate; drug/biological intervention type with no disqualifying evidence found,rule_classification,medium,True,True
G-CSF; filgrastim,g csf filgrastim,NCT01617577,DRUG,investigational_therapeutic_unverified,Therapeutic Drug,investigational therapeutic candidate; drug/biological intervention type with no disqualifying evidence found,rule_classification,medium,True,True
Lu AF20513,lu af20513,NCT03668405; NCT03819699,DRUG,investigational_therapeutic_unverified,Therapeutic Drug,investigational therapeutic candidate; drug/biological intervention type with no disqualifying evidence found,rule_classification,medium,True,True
ASP0777,asp0777,NCT01406145,DRUG,investigational_therapeutic_unverified,Therapeutic Drug,investigational therapeutic candidate; drug/biological intervention type with no disqualifying evidence found,rule_classification,medium,True,True
PF-04360365,pf 04360365,NCT00455000; NCT00607308; NCT01005862,BIOLOGICAL,investigational_therapeutic_unverified,Therapeutic Drug,investigational therapeutic candidate; drug/biological intervention type with no disqualifying evidence found,rule_classification,medium,True,True
Zydena (Udenafil) 50mg + Donepezil 5mg or 10mg,zydena udenafil 50mg donepezil 5mg or 10mg,NCT01940952,DRUG,uncertain,Needs Review,classify_intervention() could not resolve a confident therapeutic candidate for this intervention,rule_classification,low,False,True
Placebo + Donepezil 5mg or 10mg,placebo donepezil 5mg or 10mg,NCT01940952,DRUG,placebo_or_sham,Placebo or Comparator,placebo/sham/vehicle-control arm,rule_classification,high,False,False
Zydena (Udenafil) 100mg + Donepezil 5mg or 10mg,zydena udenafil 100mg donepezil 5mg or 10mg,NCT01940952,DRUG,uncertain,Needs Review,classify_intervention() could not resolve a confident therapeutic candidate for this intervention,rule_classification,low,False,True
UCMSCs,ucmscs,NCT02672306,BIOLOGICAL,investigational_therapeutic_unverified,Therapeutic Drug,investigational therapeutic candidate; drug/biological intervention type with no disqualifying evidence found,rule_classification,medium,True,True
ABvac40,abvac40,NCT03113812,DRUG,investigational_therapeutic_unverified,Therapeutic Drug,investigational therapeutic candidate; drug/biological intervention type with no disqualifying evidence found,rule_classification,medium,True,True
PF-04360365 7.5 mg/kg,pf 04360365 7 5 mg kg,NCT00945672,BIOLOGICAL,investigational_therapeutic_unverified,Therapeutic Drug,investigational therapeutic candidate; drug/biological intervention type with no disqualifying evidence found,rule_classification,medium,True,True
lutein/zeaxanthin,lutein zeaxanthin,NCT00596024,DIETARY_SUPPLEMENT,investigational_therapeutic_unverified,Non-Drug Intervention,dietary supplement / nutraceutical — excluded from the default therapeutic view unless curated as a genuine investigational program (data/reference/intervention_scope_overrides.csv),rule_type,medium,False,False
placebo,placebo,NCT00596024; NCT00678431; NCT00743743; NCT01669876; NCT01811381; NCT03094546; NCT03531684; NCT03691519,DIETARY_SUPPLEMENT,placebo_or_sham,Placebo or Comparator,placebo/sham/vehicle-control arm,rule_classification,high,False,False
F-18 THK-5351,f 18 thk 5351,NCT02686216; NCT03430869,DRUG,diagnostic_or_imaging_agent,Diagnostic Agent,matches a curated diagnostic/imaging tracer name,rule_classification,high,False,False
ORM-12741,orm 12741,NCT01324518; NCT02471196,DRUG,investigational_therapeutic_unverified,Therapeutic Drug,investigational therapeutic candidate; drug/biological intervention type with no disqualifying evidence found,rule_classification,medium,True,True
Longeveron Mesenchymal Stem Cells,longeveron mesenchymal stem cells,NCT02600130,BIOLOGICAL,investigational_therapeutic_unverified,Therapeutic Drug,investigational therapeutic candidate; drug/biological intervention type with no disqualifying evidence found,rule_classification,medium,True,True
PF-04447943,pf 04447943,NCT00930059; NCT00959803; NCT00988598,DRUG,investigational_therapeutic_unverified,Therapeutic Drug,investigational therapeutic candidate; drug/biological intervention type with no disqualifying evidence found,rule_classification,medium,True,True
"Resveratrol with Glucose, and Malate",resveratrol with glucose and malate,NCT00678431,DIETARY_SUPPLEMENT,investigational_therapeutic_unverified,Non-Drug Intervention,dietary supplement / nutraceutical — excluded from the default therapeutic view unless curated as a genuine investigational program (data/reference/intervention_scope_overrides.csv),rule_type,medium,False,False
Rasagiline,rasagiline,NCT00104273; NCT02359552,DRUG,investigational_therapeutic_unverified,Therapeutic Drug,investigational therapeutic candidate; drug/biological intervention type with no disqualifying evidence found,rule_classification,medium,True,True
PQ912 oral,pq912 oral,NCT02389413,DRUG,investigational_therapeutic_unverified,Therapeutic Drug,investigational therapeutic candidate; drug/biological intervention type with no disqualifying evidence found,rule_classification,medium,True,True
Novasoy,novasoy,NCT00205179,DRUG,investigational_therapeutic_unverified,Therapeutic Drug,investigational therapeutic candidate; drug/biological intervention type with no disqualifying evidence found,rule_classification,medium,True,True
saracatinib,saracatinib,NCT01864655,DRUG,investigational_therapeutic_unverified,Therapeutic Drug,investigational therapeutic candidate; drug/biological intervention type with no disqualifying evidence found,rule_classification,medium,True,True
ACC-001 3 μg/ QS-21 50 μg,acc 001 3 g qs 21 50 g,NCT01227564,BIOLOGICAL,investigational_therapeutic_unverified,Therapeutic Drug,investigational therapeutic candidate; drug/biological intervention type with no disqualifying evidence found,rule_classification,medium,True,True
ACC-001 10 μg/ QS-21 50 μg,acc 001 10 g qs 21 50 g,NCT01227564,BIOLOGICAL,investigational_therapeutic_unverified,Therapeutic Drug,investigational therapeutic candidate; drug/biological intervention type with no disqualifying evidence found,rule_classification,medium,True,True
Placebo- Phosphate buffered saline (PBS),placebo phosphate buffered saline pbs,NCT01227564,OTHER,placebo_or_sham,Placebo or Comparator,placebo/sham/vehicle-control arm,rule_classification,high,False,False
Simvastatin,simvastatin,NCT00053599; NCT00486044; NCT00939822; NCT01439555,DRUG,investigational_therapeutic_unverified,Therapeutic Drug,investigational therapeutic candidate; drug/biological intervention type with no disqualifying evidence found,rule_classification,medium,True,True
L-Arginine,l arginine,NCT01439555,DRUG,uncertain,Needs Review,classify_intervention() could not resolve a confident therapeutic candidate for this intervention,rule_classification,low,False,True
Tetrahydrobiopterin,tetrahydrobiopterin,NCT01439555,DRUG,uncertain,Needs Review,classify_intervention() could not resolve a confident therapeutic candidate for this intervention,rule_classification,low,False,True
11C-PIB PET Scan,11c pib pet scan,NCT00811122,RADIATION,diagnostic_or_imaging_agent,Diagnostic Agent,matches a curated diagnostic/imaging tracer name,rule_classification,high,False,False
FDG-PET Scan,fdg pet scan,NCT00811122,RADIATION,diagnostic_or_imaging_agent,Diagnostic Agent,matches a curated diagnostic/imaging tracer name,rule_classification,high,False,False
Dimebon,dimebon,NCT00377715; NCT00675623; NCT00704782; NCT00824590; NCT00825084; NCT00827034; NCT00829374; NCT00829816; NCT00831506; NCT00838110; NCT00939783; NCT00975481; NCT01152216,DRUG,investigational_therapeutic_unverified,Therapeutic Drug,investigational therapeutic candidate; drug/biological intervention type with no disqualifying evidence found,rule_classification,medium,True,True
Insulin Aspart,insulin aspart,NCT00581867; NCT02462161,DRUG,investigational_therapeutic_unverified,Therapeutic Drug,investigational therapeutic candidate; drug/biological intervention type with no disqualifying evidence found,rule_classification,medium,True,True
PF-04360365 8.5 mg/kg,pf 04360365 8 5 mg kg,NCT00722046; NCT01125631,BIOLOGICAL,investigational_therapeutic_unverified,Therapeutic Drug,investigational therapeutic candidate; drug/biological intervention type with no disqualifying evidence found,rule_classification,medium,True,True
SB-742457 15mg,sb 742457 15mg,NCT00710684,DRUG,investigational_therapeutic_unverified,Therapeutic Drug,investigational therapeutic candidate; drug/biological intervention type with no disqualifying evidence found,rule_classification,medium,True,True
SB-742457 35mg,sb 742457 35mg,NCT00710684,DRUG,investigational_therapeutic_unverified,Therapeutic Drug,investigational therapeutic candidate; drug/biological intervention type with no disqualifying evidence found,rule_classification,medium,True,True
donepezil 5-10mg,donepezil 5 10mg,NCT00710684,DRUG,comparator_or_background_therapy,Placebo or Comparator,"approved background/comparator therapy, not the trial's studied candidate",rule_classification,medium,False,False
AADvac1,aadvac1,NCT02031198; NCT06957418; NCT07167966,DRUG,investigational_therapeutic_unverified,Therapeutic Drug,investigational therapeutic candidate; drug/biological intervention type with no disqualifying evidence found,rule_classification,medium,True,True
3APS,3aps,NCT00088673; NCT00217763,DRUG,investigational_therapeutic_unverified,Therapeutic Drug,investigational therapeutic candidate; drug/biological intervention type with no disqualifying evidence found,rule_classification,medium,True,True
Normal saline 2mL,normal saline 2ml,NCT02054208; NCT03172117,OTHER,uncertain,Needs Review,classify_intervention() could not resolve a confident therapeutic candidate for this intervention,rule_classification,low,False,True
Aducanumab (BIIB037),aducanumab biib037,NCT02477800; NCT02484547,DRUG,investigational_therapeutic_unverified,Therapeutic Drug,investigational therapeutic candidate; drug/biological intervention type with no disqualifying evidence found,rule_classification,medium,True,True
Tricaprilin,tricaprilin,NCT00142805; NCT03551769; NCT03971123; NCT04187547; NCT04268953; NCT05809908,DRUG,investigational_therapeutic_unverified,Therapeutic Drug,investigational therapeutic candidate; drug/biological intervention type with no disqualifying evidence found,rule_classification,medium,True,True
VI-1121,vi 1121,NCT01428362,DRUG,investigational_therapeutic_unverified,Therapeutic Drug,investigational therapeutic candidate; drug/biological intervention type with no disqualifying evidence found,rule_classification,medium,True,True
GSK239512,gsk239512,NCT00675090; NCT01009255,DRUG,investigational_therapeutic_unverified,Therapeutic Drug,investigational therapeutic candidate; drug/biological intervention type with no disqualifying evidence found,rule_classification,medium,True,True
BPN14770,bpn14770,NCT02648672; NCT02840279; NCT03030105; NCT03817684,DRUG,investigational_therapeutic_unverified,Therapeutic Drug,investigational therapeutic candidate; drug/biological intervention type with no disqualifying evidence found,rule_classification,medium,True,True
PF-04360365 0.1 mg/kg,pf 04360365 0 1 mg kg,NCT00722046,BIOLOGICAL,investigational_therapeutic_unverified,Therapeutic Drug,investigational therapeutic candidate; drug/biological intervention type with no disqualifying evidence found,rule_classification,medium,True,True
PF-04360365 0.5 mg/kg,pf 04360365 0 5 mg kg,NCT00722046,BIOLOGICAL,investigational_therapeutic_unverified,Therapeutic Drug,investigational therapeutic candidate; drug/biological intervention type with no disqualifying evidence found,rule_classification,medium,True,True
Bapineuzumab,bapineuzumab,NCT00112073; NCT00397891; NCT00663026; NCT00667810; NCT00676143; NCT00916617; NCT00937352,DRUG,investigational_therapeutic_unverified,Therapeutic Drug,investigational therapeutic candidate; drug/biological intervention type with no disqualifying evidence found,rule_classification,medium,True,True
Rosiglitazone,rosiglitazone,NCT00018382; NCT00242593; NCT00265148; NCT00381238; NCT00428090,DRUG,investigational_therapeutic_unverified,Therapeutic Drug,investigational therapeutic candidate; drug/biological intervention type with no disqualifying evidence found,rule_classification,medium,True,True
icosapent ethyl (IPE),icosapent ethyl ipe,NCT02719327,DRUG,investigational_therapeutic_unverified,Therapeutic Drug,investigational therapeutic candidate; drug/biological intervention type with no disqualifying evidence found,rule_classification,medium,True,True
gel cap placebo,gel cap placebo,NCT02719327,OTHER,placebo_or_sham,Placebo or Comparator,placebo/sham/vehicle-control arm,rule_classification,high,False,False
doxycycline,doxycycline,NCT00439166; NCT00715858,DRUG,uncertain,Needs Review,classify_intervention() could not resolve a confident therapeutic candidate for this intervention,rule_classification,low,False,True
rifampin,rifampin,NCT00715858; NCT01002079,DRUG,uncertain,Needs Review,classify_intervention() could not resolve a confident therapeutic candidate for this intervention,rule_classification,low,False,True
MSDC-0160,msdc 0160,NCT01374438,DRUG,investigational_therapeutic_unverified,Therapeutic Drug,investigational therapeutic candidate; drug/biological intervention type with no disqualifying evidence found,rule_classification,medium,True,True
levetiracetam,levetiracetam,NCT02002819; NCT03489044; NCT03875638; NCT04004702,DRUG,investigational_therapeutic_unverified,Therapeutic Drug,investigational therapeutic candidate; drug/biological intervention type with no disqualifying evidence found,rule_classification,medium,True,True
Albumin 5%,albumin 5,NCT01561053,BIOLOGICAL,uncertain,Needs Review,classify_intervention() could not resolve a confident therapeutic candidate for this intervention,rule_classification,low,False,True
Albumin 20%,albumin 20,NCT01561053,BIOLOGICAL,uncertain,Needs Review,classify_intervention() could not resolve a confident therapeutic candidate for this intervention,rule_classification,low,False,True
Immunoglobulin,immunoglobulin,NCT01561053,BIOLOGICAL,uncertain,Needs Review,classify_intervention() could not resolve a confident therapeutic candidate for this intervention,rule_classification,low,False,True
Varenicline,varenicline,NCT00744978,DRUG,investigational_therapeutic_unverified,Therapeutic Drug,investigational therapeutic candidate; drug/biological intervention type with no disqualifying evidence found,rule_classification,medium,True,True
dl-alpha-tocopherol,dl alpha tocopherol,NCT00235716,DRUG,uncertain,Needs Review,classify_intervention() could not resolve a confident therapeutic candidate for this intervention,rule_classification,low,False,True
"Curcum.Luteol.Theaflav.Lip.Acid,FishOil,Quercet.,Resveratr.",curcum luteol theaflav lip acid fishoil quercet resveratr,NCT01716637,DIETARY_SUPPLEMENT,uncertain,Non-Drug Intervention,dietary supplement / nutraceutical — excluded from the default therapeutic view unless curated as a genuine investigational program (data/reference/intervention_scope_overrides.csv),rule_type,medium,False,False
Placebo for ORM-12741,placebo for orm 12741,NCT01324518,DRUG,placebo_or_sham,Placebo or Comparator,placebo/sham/vehicle-control arm,rule_classification,high,False,False
"TMS, H coil",tms h coil,NCT01179373,DEVICE,device,Non-Drug Intervention,intervention type is DEVICE,rule_type,high,False,False
CERE-110: Adeno-Associated Virus Delivery of NGF,cere 110 adeno associated virus delivery of ngf,NCT00087789,GENETIC,investigational_therapeutic_unverified,Needs Review,GENETIC intervention type with no clear evidence of gene therapy vs. genetic testing/genotyping,rule_type,low,False,True
HTL0018318,htl0018318,NCT03456349,DRUG,investigational_therapeutic_unverified,Therapeutic Drug,investigational therapeutic candidate; drug/biological intervention type with no disqualifying evidence found,rule_classification,medium,True,True
Computer-based Cognitive Training,computer based cognitive training,NCT00319891,PROCEDURE,procedure,Non-Drug Intervention,clinical procedure or imaging exam,rule_type,high,False,False
ACC-001 (vanutide cridificar),acc 001 vanutide cridificar,NCT01284387,BIOLOGICAL,investigational_therapeutic_unverified,Therapeutic Drug,investigational therapeutic candidate; drug/biological intervention type with no disqualifying evidence found,rule_classification,medium,True,True
LY2062430,ly2062430,NCT00329082; NCT00904683; NCT00905372,DRUG,investigational_therapeutic_unverified,Therapeutic Drug,investigational therapeutic candidate; drug/biological intervention type with no disqualifying evidence found,rule_classification,medium,True,True
[18F]AV-45 PET amyloid binding imaging,18f av 45 pet amyloid binding imaging,NCT01238458; NCT01871610,DRUG,diagnostic_or_imaging_agent,Diagnostic Agent,matches a curated diagnostic/imaging tracer name,rule_classification,high,False,False
florbetapir F 18,florbetapir f 18,NCT00702143; NCT00855868; NCT00857415; NCT00857506; NCT01447719; NCT01518374; NCT01564706; NCT01565291; NCT01565330; NCT01565343; NCT01565382; NCT02016560; NCT02051764; NCT03019536; NCT04474405,DRUG,diagnostic_or_imaging_agent,Diagnostic Agent,matches a curated diagnostic/imaging tracer name,rule_classification,high,False,False
RO7105705,ro7105705,NCT02820896,DRUG,investigational_therapeutic_unverified,Therapeutic Drug,investigational therapeutic candidate; drug/biological intervention type with no disqualifying evidence found,rule_classification,medium,True,True
Nicotinamide,nicotinamide,NCT00580931; NCT03061474,DRUG,investigational_therapeutic_unverified,Therapeutic Drug,investigational therapeutic candidate; drug/biological intervention type with no disqualifying evidence found,rule_classification,medium,True,True
Enduramide placebo,enduramide placebo,NCT00580931,DRUG,placebo_or_sham,Placebo or Comparator,placebo/sham/vehicle-control arm,rule_classification,high,False,False
[18F]RO6958948,18f ro6958948,NCT02187627; NCT02792179,DRUG,diagnostic_or_imaging_agent,Diagnostic Agent,matches a curated diagnostic/imaging tracer name,rule_classification,high,False,False
ONO-2506PO,ono 2506po,NCT00083421,DRUG,investigational_therapeutic_unverified,Therapeutic Drug,investigational therapeutic candidate; drug/biological intervention type with no disqualifying evidence found,rule_classification,medium,True,True
[11C]-PIB,11c pib,NCT00855868; NCT01826110; NCT02120664; NCT03757910; NCT03958630; NCT06999434,DRUG,diagnostic_or_imaging_agent,Diagnostic Agent,matches a curated diagnostic/imaging tracer name,rule_classification,high,False,False
Matching Placebo,matching placebo,NCT02127476; NCT05469360,DRUG,placebo_or_sham,Placebo or Comparator,placebo/sham/vehicle-control arm,rule_classification,high,False,False
Placebo comparator,placebo comparator,NCT00141661; NCT00829374; NCT01547169; NCT03061474; NCT06582706; NCT06874621,DRUG,placebo_or_sham,Placebo or Comparator,placebo/sham/vehicle-control arm,rule_classification,high,False,False
AZD0530 100mg daily,azd0530 100mg daily,NCT02167256,DRUG,investigational_therapeutic_unverified,Therapeutic Drug,investigational therapeutic candidate; drug/biological intervention type with no disqualifying evidence found,rule_classification,medium,True,True
AZD0530 125mg daily,azd0530 125mg daily,NCT02167256,DRUG,investigational_therapeutic_unverified,Therapeutic Drug,investigational therapeutic candidate; drug/biological intervention type with no disqualifying evidence found,rule_classification,medium,True,True
PF-03654746,pf 03654746,NCT01028911,DRUG,investigational_therapeutic_unverified,Therapeutic Drug,investigational therapeutic candidate; drug/biological intervention type with no disqualifying evidence found,rule_classification,medium,True,True
estrogen,estrogen,NCT00000176; NCT00000177; NCT00006399; NCT00018343,DRUG,investigational_therapeutic_unverified,Therapeutic Drug,investigational therapeutic candidate; drug/biological intervention type with no disqualifying evidence found,rule_classification,medium,True,True
UB-311,ub 311,NCT00965588; NCT02551809; NCT03531710,BIOLOGICAL,investigational_therapeutic_unverified,Therapeutic Drug,investigational therapeutic candidate; drug/biological intervention type with no disqualifying evidence found,rule_classification,medium,True,True
Bilateral chronic electrical stimulation of the hypothalamus/fornix,bilateral chronic electrical stimulation of the hypothalamus fornix,NCT00888056,PROCEDURE,procedure,Non-Drug Intervention,clinical procedure or imaging exam,rule_type,high,False,False
Bryostatin for Injection,bryostatin for injection,NCT00606164,DRUG,investigational_therapeutic_unverified,Therapeutic Drug,investigational therapeutic candidate; drug/biological intervention type with no disqualifying evidence found,rule_classification,medium,True,True
Placebo and ginkgo extract,placebo and ginkgo extract,NCT00164749,DRUG,placebo_or_sham,Placebo or Comparator,placebo/sham/vehicle-control arm,rule_classification,high,False,False
Curcumin and ginkgo extract,curcumin and ginkgo extract,NCT00164749,DRUG,uncertain,Needs Review,classify_intervention() could not resolve a confident therapeutic candidate for this intervention,rule_classification,low,False,True
ST101,st101,NCT00842673; NCT00842816,DRUG,investigational_therapeutic_unverified,Therapeutic Drug,investigational therapeutic candidate; drug/biological intervention type with no disqualifying evidence found,rule_classification,medium,True,True
Rivastigmine transdermal patch,rivastigmine transdermal patch,NCT00099242; NCT00219232; NCT00423085,DRUG,investigational_therapeutic_unverified,Therapeutic Drug,investigational therapeutic candidate; drug/biological intervention type with no disqualifying evidence found,rule_classification,medium,True,True
ELND005 (scyllo-inositol),elnd005 scyllo inositol,NCT00934050,DRUG,investigational_therapeutic_unverified,Therapeutic Drug,investigational therapeutic candidate; drug/biological intervention type with no disqualifying evidence found,rule_classification,medium,True,True
AXS-05 (dextromethorphan-bupropion),axs 05 dextromethorphan bupropion,NCT04947553; NCT06736509,DRUG,investigational_therapeutic_unverified,Therapeutic Drug,investigational therapeutic candidate; drug/biological intervention type with no disqualifying evidence found,rule_classification,medium,True,True
AGN-242071,agn 242071,NCT03316898,DRUG,investigational_therapeutic_unverified,Therapeutic Drug,investigational therapeutic candidate; drug/biological intervention type with no disqualifying evidence found,rule_classification,medium,True,True
masitinib (AB1010),masitinib ab1010,NCT00976118,DRUG,investigational_therapeutic_unverified,Therapeutic Drug,investigational therapeutic candidate; drug/biological intervention type with no disqualifying evidence found,rule_classification,medium,True,True
Neramexane,neramexane,NCT00090116,DRUG,investigational_therapeutic_unverified,Therapeutic Drug,investigational therapeutic candidate; drug/biological intervention type with no disqualifying evidence found,rule_classification,medium,True,True
Folate,folate,NCT00056225,DRUG,uncertain,Needs Review,classify_intervention() could not resolve a confident therapeutic candidate for this intervention,rule_classification,low,False,True
Vitamin B6,vitamin b6,NCT00056225,DRUG,uncertain,Needs Review,classify_intervention() could not resolve a confident therapeutic candidate for this intervention,rule_classification,low,False,True
Vitamin B12,vitamin b12,NCT00056225,DRUG,uncertain,Needs Review,classify_intervention() could not resolve a confident therapeutic candidate for this intervention,rule_classification,low,False,True
MK0952,mk0952,NCT00362024,DRUG,investigational_therapeutic_unverified,Therapeutic Drug,investigational therapeutic candidate; drug/biological intervention type with no disqualifying evidence found,rule_classification,medium,True,True
Comparator: Placebo,comparator placebo,NCT00362024; NCT00766363,DRUG,placebo_or_sham,Placebo or Comparator,placebo/sham/vehicle-control arm,rule_classification,high,False,False
GC021109,gc021109,NCT02386306,DRUG,investigational_therapeutic_unverified,Therapeutic Drug,investigational therapeutic candidate; drug/biological intervention type with no disqualifying evidence found,rule_classification,medium,True,True
GSK933776,gsk933776,NCT00459550,DRUG,investigational_therapeutic_unverified,Therapeutic Drug,investigational therapeutic candidate; drug/biological intervention type with no disqualifying evidence found,rule_classification,medium,True,True
Placebo to match GSK933776,placebo to match gsk933776,NCT00459550,DRUG,placebo_or_sham,Placebo or Comparator,placebo/sham/vehicle-control arm,rule_classification,high,False,False
MPC-7869,mpc 7869,NCT00105547; NCT00322036; NCT00380276,DRUG,investigational_therapeutic_unverified,Therapeutic Drug,investigational therapeutic candidate; drug/biological intervention type with no disqualifying evidence found,rule_classification,medium,True,True
BIIB037,biib037,NCT01397539,DRUG,sponsor_developed_therapeutic,Therapeutic Drug,confirmed or unsourced official sponsor-pipeline match,rule_classification,medium,True,False
Aricept (donepezil SR 23 mg),aricept donepezil sr 23 mg,NCT00478205,DRUG,uncertain,Needs Review,classify_intervention() could not resolve a confident therapeutic candidate for this intervention,rule_classification,low,False,True
Aricept (donepezil IR 10 mg),aricept donepezil ir 10 mg,NCT00478205,DRUG,uncertain,Needs Review,classify_intervention() could not resolve a confident therapeutic candidate for this intervention,rule_classification,low,False,True
1Hz TMS with H2 coil,1hz tms with h2 coil,NCT00753662,DEVICE,device,Non-Drug Intervention,intervention type is DEVICE,rule_type,high,False,False
10Hz TMS with H2 coil to prefrontal and parieto-temporal cortex,10hz tms with h2 coil to prefrontal and parieto temporal cortex,NCT00753662,DEVICE,device,Non-Drug Intervention,intervention type is DEVICE,rule_type,high,False,False
SHAM TMS with H2 coil,sham tms with h2 coil,NCT00753662,DEVICE,placebo_or_sham,Placebo or Comparator,placebo/sham/vehicle-control arm,rule_classification,high,False,False
Rivastigmine Patch,rivastigmine patch,NCT01399125,DRUG,uncertain,Needs Review,classify_intervention() could not resolve a confident therapeutic candidate for this intervention,rule_classification,low,False,True
Rivastigmine Capsules,rivastigmine capsules,NCT01399125,DRUG,uncertain,Needs Review,classify_intervention() could not resolve a confident therapeutic candidate for this intervention,rule_classification,low,False,True
Placebo to Rivastigmine patch,placebo to rivastigmine patch,NCT01399125,DRUG,placebo_or_sham,Placebo or Comparator,placebo/sham/vehicle-control arm,rule_classification,high,False,False
Placebo to Rivastigmine capsules,placebo to rivastigmine capsules,NCT01399125,DRUG,placebo_or_sham,Placebo or Comparator,placebo/sham/vehicle-control arm,rule_classification,high,False,False
TTP4000,ttp4000,NCT01548430,DRUG,investigational_therapeutic_unverified,Therapeutic Drug,investigational therapeutic candidate; drug/biological intervention type with no disqualifying evidence found,rule_classification,medium,True,True
TRx0014,trx0014,NCT00515333; NCT00684944,DRUG,investigational_therapeutic_unverified,Therapeutic Drug,investigational therapeutic candidate; drug/biological intervention type with no disqualifying evidence found,rule_classification,medium,True,True
ABT-089,abt 089,NCT00069849; NCT00555204; NCT00809510,DRUG,investigational_therapeutic_unverified,Therapeutic Drug,investigational therapeutic candidate; drug/biological intervention type with no disqualifying evidence found,rule_classification,medium,True,True
PRX-03140,prx 03140,NCT00384423; NCT00672945; NCT00693004,DRUG,investigational_therapeutic_unverified,Therapeutic Drug,investigational therapeutic candidate; drug/biological intervention type with no disqualifying evidence found,rule_classification,medium,True,True
SAR228810,sar228810,NCT01485302,DRUG,investigational_therapeutic_unverified,Therapeutic Drug,investigational therapeutic candidate; drug/biological intervention type with no disqualifying evidence found,rule_classification,medium,True,True
ABT-126,abt 126,NCT00867399; NCT00948909; NCT01482845; NCT01527916; NCT01549834; NCT01676935; NCT01690195,DRUG,investigational_therapeutic_unverified,Therapeutic Drug,investigational therapeutic candidate; drug/biological intervention type with no disqualifying evidence found,rule_classification,medium,True,True
VX-745,vx 745,NCT02423122; NCT02423200; NCT03435861,DRUG,investigational_therapeutic_unverified,Therapeutic Drug,investigational therapeutic candidate; drug/biological intervention type with no disqualifying evidence found,rule_classification,medium,True,True
Galantamine 16 mg/day,galantamine 16 mg day,NCT00814801,DRUG,uncertain,Needs Review,classify_intervention() could not resolve a confident therapeutic candidate for this intervention,rule_classification,low,False,True
Galantamine 24 mg/day,galantamine 24 mg day,NCT00814801,DRUG,uncertain,Needs Review,classify_intervention() could not resolve a confident therapeutic candidate for this intervention,rule_classification,low,False,True
Lu AE58054,lu ae58054,NCT01019421,DRUG,investigational_therapeutic_unverified,Therapeutic Drug,investigational therapeutic candidate; drug/biological intervention type with no disqualifying evidence found,rule_classification,medium,True,True
ANAVEX2-73 Oral,anavex2 73 oral,NCT02244541,DRUG,investigational_therapeutic_unverified,Therapeutic Drug,investigational therapeutic candidate; drug/biological intervention type with no disqualifying evidence found,rule_classification,medium,True,True
ANAVEX2-73 Intravenous,anavex2 73 intravenous,NCT02244541,DRUG,investigational_therapeutic_unverified,Therapeutic Drug,investigational therapeutic candidate; drug/biological intervention type with no disqualifying evidence found,rule_classification,medium,True,True
MK-7622,mk 7622,NCT01852110,DRUG,investigational_therapeutic_unverified,Therapeutic Drug,investigational therapeutic candidate; drug/biological intervention type with no disqualifying evidence found,rule_classification,medium,True,True
AChEI,achei,NCT01852110,DRUG,uncertain,Needs Review,classify_intervention() could not resolve a confident therapeutic candidate for this intervention,rule_classification,low,False,True
Mifepristone,mifepristone,NCT00105105,DRUG,investigational_therapeutic_unverified,Therapeutic Drug,investigational therapeutic candidate; drug/biological intervention type with no disqualifying evidence found,rule_classification,medium,True,True
Idalopirdine 60 mg,idalopirdine 60 mg,NCT02079246,DRUG,investigational_therapeutic_unverified,Therapeutic Drug,investigational therapeutic candidate; drug/biological intervention type with no disqualifying evidence found,rule_classification,medium,True,True
Thalidomide,thalidomide,NCT01094340,DRUG,investigational_therapeutic_unverified,Therapeutic Drug,investigational therapeutic candidate; drug/biological intervention type with no disqualifying evidence found,rule_classification,medium,True,True
LY450139 dihydrate,ly450139 dihydrate,NCT00244322,DRUG,investigational_therapeutic_unverified,Therapeutic Drug,investigational therapeutic candidate; drug/biological intervention type with no disqualifying evidence found,rule_classification,medium,True,True
SGS742,sgs742,NCT00093951,DRUG,investigational_therapeutic_unverified,Therapeutic Drug,investigational therapeutic candidate; drug/biological intervention type with no disqualifying evidence found,rule_classification,medium,True,True
anti-Abeta,anti abeta,NCT00736775,DRUG,investigational_therapeutic_unverified,Therapeutic Drug,investigational therapeutic candidate; drug/biological intervention type with no disqualifying evidence found,rule_classification,medium,True,True
"Vitamin E, Vitamin C, and Alpha-lipoic Acid",vitamin e vitamin c and alpha lipoic acid,NCT00117403,DRUG,uncertain,Needs Review,classify_intervention() could not resolve a confident therapeutic candidate for this intervention,rule_classification,low,False,True
Coenzyme Q,coenzyme q,NCT00117403,DRUG,uncertain,Needs Review,classify_intervention() could not resolve a confident therapeutic candidate for this intervention,rule_classification,low,False,True
Placebo capsules,placebo capsules,NCT00117403; NCT05081219,DRUG,placebo_or_sham,Placebo or Comparator,placebo/sham/vehicle-control arm,rule_classification,high,False,False
Placebo wafers,placebo wafers,NCT00117403,DRUG,placebo_or_sham,Placebo or Comparator,placebo/sham/vehicle-control arm,rule_classification,high,False,False
Human Umbilical Cord Derived MSC,human umbilical cord derived msc,NCT01547689,BIOLOGICAL,investigational_therapeutic_unverified,Therapeutic Drug,investigational therapeutic candidate; drug/biological intervention type with no disqualifying evidence found,rule_classification,medium,True,True
Intravenous Immunoglobulin,intravenous immunoglobulin,NCT00299988,DRUG,investigational_therapeutic_unverified,Therapeutic Drug,investigational therapeutic candidate; drug/biological intervention type with no disqualifying evidence found,rule_classification,medium,True,True
CAD106,cad106,NCT00411580; NCT00733863; NCT00795418; NCT00956410; NCT01023685; NCT01097096,BIOLOGICAL,investigational_therapeutic_unverified,Therapeutic Drug,investigational therapeutic candidate; drug/biological intervention type with no disqualifying evidence found,rule_classification,medium,True,True
MEM 3454,mem 3454,NCT00454870,DRUG,investigational_therapeutic_unverified,Therapeutic Drug,investigational therapeutic candidate; drug/biological intervention type with no disqualifying evidence found,rule_classification,medium,True,True
Huperzine A,huperzine a,NCT00083590; NCT01282619,DRUG,investigational_therapeutic_unverified,Therapeutic Drug,investigational therapeutic candidate; drug/biological intervention type with no disqualifying evidence found,rule_classification,medium,True,True
CERE-110: Adeno-Associated Virus injection Surgery,cere 110 adeno associated virus injection surgery,NCT00876863,DRUG,investigational_therapeutic_unverified,Therapeutic Drug,investigational therapeutic candidate; drug/biological intervention type with no disqualifying evidence found,rule_classification,medium,True,True
Placebo Surgery,placebo surgery,NCT00876863,PROCEDURE,placebo_or_sham,Placebo or Comparator,placebo/sham/vehicle-control arm,rule_classification,high,False,False
AAB-003 (PF-05236812),aab 003 pf 05236812,NCT01193608; NCT01369225,DRUG,investigational_therapeutic_unverified,Therapeutic Drug,investigational therapeutic candidate; drug/biological intervention type with no disqualifying evidence found,rule_classification,medium,True,True
Tamibarotene,tamibarotene,NCT01120002,DRUG,investigational_therapeutic_unverified,Therapeutic Drug,investigational therapeutic candidate; drug/biological intervention type with no disqualifying evidence found,rule_classification,medium,True,True
MK0249,mk0249,NCT00420420,DRUG,investigational_therapeutic_unverified,Therapeutic Drug,investigational therapeutic candidate; drug/biological intervention type with no disqualifying evidence found,rule_classification,medium,True,True
Comparator: Placebo (unspecified),comparator placebo unspecified,NCT00420420,DRUG,placebo_or_sham,Placebo or Comparator,placebo/sham/vehicle-control arm,rule_classification,high,False,False
ABT-384,abt 384,NCT01137526,DRUG,investigational_therapeutic_unverified,Therapeutic Drug,investigational therapeutic candidate; drug/biological intervention type with no disqualifying evidence found,rule_classification,medium,True,True
Verubecestat (Part I and Part II),verubecestat part i and part ii,NCT01739348,DRUG,investigational_therapeutic_unverified,Therapeutic Drug,investigational therapeutic candidate; drug/biological intervention type with no disqualifying evidence found,rule_classification,medium,True,True
Placebo (Part I),placebo part i,NCT01739348,DRUG,placebo_or_sham,Placebo or Comparator,placebo/sham/vehicle-control arm,rule_classification,high,False,False
Verubecestat (Part II),verubecestat part ii,NCT01739348,DRUG,investigational_therapeutic_unverified,Therapeutic Drug,investigational therapeutic candidate; drug/biological intervention type with no disqualifying evidence found,rule_classification,medium,True,True
ABT-288,abt 288,NCT01018875,DRUG,investigational_therapeutic_unverified,Therapeutic Drug,investigational therapeutic candidate; drug/biological intervention type with no disqualifying evidence found,rule_classification,medium,True,True
AADvac1,aadvac1,NCT01850238; NCT02579252,BIOLOGICAL,investigational_therapeutic_unverified,Therapeutic Drug,investigational therapeutic candidate; drug/biological intervention type with no disqualifying evidence found,rule_classification,medium,True,True
Dimebon tablet for oral administration,dimebon tablet for oral administration,NCT01066546,DRUG,investigational_therapeutic_unverified,Therapeutic Drug,investigational therapeutic candidate; drug/biological intervention type with no disqualifying evidence found,rule_classification,medium,True,True
"Aducanumab (recombinant, fully human anti-Aβ IgG1 mAb)",aducanumab recombinant fully human anti a igg1 mab,NCT01677572,DRUG,investigational_therapeutic_unverified,Therapeutic Drug,investigational therapeutic candidate; drug/biological intervention type with no disqualifying evidence found,rule_classification,medium,True,True
MEM 1003,mem 1003,NCT00257673,DRUG,investigational_therapeutic_unverified,Therapeutic Drug,investigational therapeutic candidate; drug/biological intervention type with no disqualifying evidence found,rule_classification,medium,True,True
Placebo for MEM 1003,placebo for mem 1003,NCT00257673,DRUG,placebo_or_sham,Placebo or Comparator,placebo/sham/vehicle-control arm,rule_classification,high,False,False
S47445 5mg,s47445 5mg,NCT02626572,DRUG,investigational_therapeutic_unverified,Therapeutic Drug,investigational therapeutic candidate; drug/biological intervention type with no disqualifying evidence found,rule_classification,medium,True,True
S47445 15mg,s47445 15mg,NCT02626572,DRUG,investigational_therapeutic_unverified,Therapeutic Drug,investigational therapeutic candidate; drug/biological intervention type with no disqualifying evidence found,rule_classification,medium,True,True
S47445 50mg,s47445 50mg,NCT02626572,DRUG,investigational_therapeutic_unverified,Therapeutic Drug,investigational therapeutic candidate; drug/biological intervention type with no disqualifying evidence found,rule_classification,medium,True,True
Nefiracetam,nefiracetam,NCT00001933,DRUG,investigational_therapeutic_unverified,Therapeutic Drug,investigational therapeutic candidate; drug/biological intervention type with no disqualifying evidence found,rule_classification,medium,True,True
SK-PC-B70M,sk pc b70m,NCT00443417; NCT01249196,DRUG,investigational_therapeutic_unverified,Therapeutic Drug,investigational therapeutic candidate; drug/biological intervention type with no disqualifying evidence found,rule_classification,medium,True,True
etanercept given by perispinal administration,etanercept given by perispinal administration,NCT00203320; NCT00203359,DRUG,investigational_therapeutic_unverified,Therapeutic Drug,investigational therapeutic candidate; drug/biological intervention type with no disqualifying evidence found,rule_classification,medium,True,True
Rivastigmine 5 cm^2 transdermal patch,rivastigmine 5 cm 2 transdermal patch,NCT00428389,DRUG,uncertain,Needs Review,classify_intervention() could not resolve a confident therapeutic candidate for this intervention,rule_classification,low,False,True
Rivastigmine 10 cm^2 transdermal patch,rivastigmine 10 cm 2 transdermal patch,NCT00428389,DRUG,uncertain,Needs Review,classify_intervention() could not resolve a confident therapeutic candidate for this intervention,rule_classification,low,False,True
VP4896,vp4896,NCT00231946,DRUG,investigational_therapeutic_unverified,Therapeutic Drug,investigational therapeutic candidate; drug/biological intervention type with no disqualifying evidence found,rule_classification,medium,True,True
MK-8931,mk 8931,NCT01496170; NCT01537757; NCT02910739,DRUG,investigational_therapeutic_unverified,Therapeutic Drug,investigational therapeutic candidate; drug/biological intervention type with no disqualifying evidence found,rule_classification,medium,True,True
PET scan using florbetapir,pet scan using florbetapir,NCT01459016,OTHER,diagnostic_or_imaging_agent,Diagnostic Agent,matches a curated diagnostic/imaging tracer name,rule_classification,high,False,False
MRI Scan,mri scan,NCT01459016,OTHER,procedure,Non-Drug Intervention,clinical procedure or imaging exam,rule_type,high,False,False
BMS-241027,bms 241027,NCT01492374,DRUG,investigational_therapeutic_unverified,Therapeutic Drug,investigational therapeutic candidate; drug/biological intervention type with no disqualifying evidence found,rule_classification,medium,True,True
Placebo matching BMS-241027,placebo matching bms 241027,NCT01492374,DRUG,placebo_or_sham,Placebo or Comparator,placebo/sham/vehicle-control arm,rule_classification,high,False,False
MABT5102A,mabt5102a,NCT01343966; NCT01397578,DRUG,investigational_therapeutic_unverified,Therapeutic Drug,investigational therapeutic candidate; drug/biological intervention type with no disqualifying evidence found,rule_classification,medium,True,True
Experimental Bapineuzumab,experimental bapineuzumab,NCT01254773,DRUG,investigational_therapeutic_unverified,Therapeutic Drug,investigational therapeutic candidate; drug/biological intervention type with no disqualifying evidence found,rule_classification,medium,True,True
EHT 0202 etazolate,eht 0202 etazolate,NCT00880412,DRUG,investigational_therapeutic_unverified,Therapeutic Drug,investigational therapeutic candidate; drug/biological intervention type with no disqualifying evidence found,rule_classification,medium,True,True
PF-05212377 (SAM-760),pf 05212377 sam 760,NCT01712074,DRUG,investigational_therapeutic_unverified,Therapeutic Drug,investigational therapeutic candidate; drug/biological intervention type with no disqualifying evidence found,rule_classification,medium,True,True
E2609,e2609,NCT01294540; NCT01600859; NCT01716897; NCT02322021; NCT02859207,DRUG,investigational_therapeutic_unverified,Therapeutic Drug,investigational therapeutic candidate; drug/biological intervention type with no disqualifying evidence found,rule_classification,medium,True,True
Placebo for E2609,placebo for e2609,NCT01600859,DRUG,placebo_or_sham,Placebo or Comparator,placebo/sham/vehicle-control arm,rule_classification,high,False,False
Bapineuzumab 0.5 mg/kg,bapineuzumab 0 5 mg kg,NCT00574132; NCT00575055; NCT00996918; NCT00998764,DRUG,investigational_therapeutic_unverified,Therapeutic Drug,investigational therapeutic candidate; drug/biological intervention type with no disqualifying evidence found,rule_classification,medium,True,True
Placebo Control,placebo control,NCT00568776; NCT00574132; NCT00575055,DRUG,placebo_or_sham,Placebo or Comparator,placebo/sham/vehicle-control arm,rule_classification,high,False,False
Bapineuzumab 1.0 m/kg,bapineuzumab 1 0 m kg,NCT00574132; NCT00575055; NCT00996918,DRUG,investigational_therapeutic_unverified,Therapeutic Drug,investigational therapeutic candidate; drug/biological intervention type with no disqualifying evidence found,rule_classification,medium,True,True
Rosiglitazone Extended Release 2mg,rosiglitazone extended release 2mg,NCT00348140,DRUG,investigational_therapeutic_unverified,Therapeutic Drug,investigational therapeutic candidate; drug/biological intervention type with no disqualifying evidence found,rule_classification,medium,True,True
Rosiglitazone Extended Release 8mg,rosiglitazone extended release 8mg,NCT00348140,DRUG,investigational_therapeutic_unverified,Therapeutic Drug,investigational therapeutic candidate; drug/biological intervention type with no disqualifying evidence found,rule_classification,medium,True,True
SRA-333,sra 333,NCT00151333,DRUG,investigational_therapeutic_unverified,Therapeutic Drug,investigational therapeutic candidate; drug/biological intervention type with no disqualifying evidence found,rule_classification,medium,True,True
DHA (Docosahexaenoic Acid),dha docosahexaenoic acid,NCT00440050,DRUG,investigational_therapeutic_unverified,Therapeutic Drug,investigational therapeutic candidate; drug/biological intervention type with no disqualifying evidence found,rule_classification,medium,True,True
Group 1 ELND005,group 1 elnd005,NCT01766336,DRUG,investigational_therapeutic_unverified,Therapeutic Drug,investigational therapeutic candidate; drug/biological intervention type with no disqualifying evidence found,rule_classification,medium,True,True
Group 2 ELND005,group 2 elnd005,NCT01766336,DRUG,investigational_therapeutic_unverified,Therapeutic Drug,investigational therapeutic candidate; drug/biological intervention type with no disqualifying evidence found,rule_classification,medium,True,True
ACC-001,acc 001,NCT00479557; NCT00498602; NCT00752232; NCT00959192; NCT01238991,BIOLOGICAL,investigational_therapeutic_unverified,Therapeutic Drug,investigational therapeutic candidate; drug/biological intervention type with no disqualifying evidence found,rule_classification,medium,True,True
QS-21,qs 21,NCT00752232; NCT00959192,OTHER,investigational_therapeutic_unverified,Therapeutic Drug,investigational therapeutic candidate; drug/biological intervention type with no disqualifying evidence found,rule_classification,medium,True,True
[123I]MNI-672 SPECT,123i mni 672 spect,NCT01859767,DRUG,procedure,Non-Drug Intervention,clinical procedure or imaging exam,rule_type,high,False,False
Curcumin C3 Complex,curcumin c3 complex,NCT00099710,DIETARY_SUPPLEMENT,investigational_therapeutic_unverified,Non-Drug Intervention,dietary supplement / nutraceutical — excluded from the default therapeutic view unless curated as a genuine investigational program (data/reference/intervention_scope_overrides.csv),rule_type,medium,False,False
PYM50028,pym50028,NCT00130429,DRUG,investigational_therapeutic_unverified,Therapeutic Drug,investigational therapeutic candidate; drug/biological intervention type with no disqualifying evidence found,rule_classification,medium,True,True
Avagacestat,avagacestat,NCT00890890,DRUG,investigational_therapeutic_unverified,Therapeutic Drug,investigational therapeutic candidate; drug/biological intervention type with no disqualifying evidence found,rule_classification,medium,True,True
semagacestat,semagacestat,NCT01035138,DRUG,investigational_therapeutic_unverified,Therapeutic Drug,investigational therapeutic candidate; drug/biological intervention type with no disqualifying evidence found,rule_classification,medium,True,True
MK-1708,mk 1708,NCT06586606,DRUG,investigational_therapeutic_unverified,Therapeutic Drug,investigational therapeutic candidate; drug/biological intervention type with no disqualifying evidence found,rule_classification,medium,True,True
Itraconazole,itraconazole,NCT02130661; NCT02323334; NCT06586606,DRUG,uncertain,Needs Review,classify_intervention() could not resolve a confident therapeutic candidate for this intervention,rule_classification,low,False,True
ELND005,elnd005,NCT00568776; NCT01735630,DRUG,investigational_therapeutic_unverified,Therapeutic Drug,investigational therapeutic candidate; drug/biological intervention type with no disqualifying evidence found,rule_classification,medium,True,True
SSR180711C,ssr180711c,NCT00602680,DRUG,investigational_therapeutic_unverified,Therapeutic Drug,investigational therapeutic candidate; drug/biological intervention type with no disqualifying evidence found,rule_classification,medium,True,True
MK0677,mk0677,NCT00074529,DRUG,investigational_therapeutic_unverified,Therapeutic Drug,investigational therapeutic candidate; drug/biological intervention type with no disqualifying evidence found,rule_classification,medium,True,True
PBT2,pbt2,NCT00471211,DRUG,investigational_therapeutic_unverified,Therapeutic Drug,investigational therapeutic candidate; drug/biological intervention type with no disqualifying evidence found,rule_classification,medium,True,True
Tramiprosate (3APS),tramiprosate 3aps,NCT00314912,DRUG,investigational_therapeutic_unverified,Therapeutic Drug,investigational therapeutic candidate; drug/biological intervention type with no disqualifying evidence found,rule_classification,medium,True,True
I123MNI388/I123MNI390,i123mni388 i123mni390,NCT00886951,DRUG,investigational_therapeutic_unverified,Therapeutic Drug,investigational therapeutic candidate; drug/biological intervention type with no disqualifying evidence found,rule_classification,medium,True,True
Rosiglitazone (Extended Release),rosiglitazone extended release,NCT00688207,DRUG,investigational_therapeutic_unverified,Therapeutic Drug,investigational therapeutic candidate; drug/biological intervention type with no disqualifying evidence found,rule_classification,medium,True,True
octagam 10%,octagam 10,NCT00812565; NCT03319810,BIOLOGICAL,investigational_therapeutic_unverified,Therapeutic Drug,investigational therapeutic candidate; drug/biological intervention type with no disqualifying evidence found,rule_classification,medium,True,True
active: AFFITOPE AD02,active affitope ad02,NCT01117818,BIOLOGICAL,investigational_therapeutic_unverified,Therapeutic Drug,investigational therapeutic candidate; drug/biological intervention type with no disqualifying evidence found,rule_classification,medium,True,True
control: Placebo,control placebo,NCT01117818,BIOLOGICAL,placebo_or_sham,Placebo or Comparator,placebo/sham/vehicle-control arm,rule_classification,high,False,False
I-123-MNI-168,i 123 mni 168,NCT00870519,DRUG,uncertain,Needs Review,classify_intervention() could not resolve a confident therapeutic candidate for this intervention,rule_classification,low,False,True
123-I MNI-168,123 i mni 168,NCT00870519,DRUG,uncertain,Needs Review,classify_intervention() could not resolve a confident therapeutic candidate for this intervention,rule_classification,low,False,True
RO5313534,ro5313534,NCT00884507,DRUG,investigational_therapeutic_unverified,Therapeutic Drug,investigational therapeutic candidate; drug/biological intervention type with no disqualifying evidence found,rule_classification,medium,True,True
F-18 FDG,f 18 fdg,NCT01609335,DRUG,diagnostic_or_imaging_agent,Diagnostic Agent,matches a curated diagnostic/imaging tracer name,rule_classification,high,False,False
C-11 PiB,c 11 pib,NCT01609335; NCT01723553,DRUG,diagnostic_or_imaging_agent,Diagnostic Agent,matches a curated diagnostic/imaging tracer name,rule_classification,high,False,False
Tau2,tau2,NCT06957418,DRUG,uncertain,Needs Review,classify_intervention() could not resolve a confident therapeutic candidate for this intervention,rule_classification,low,False,True
BMS-708163,bms 708163,NCT00726726; NCT00810147; NCT00860275; NCT00901498; NCT00979316; NCT01002079; NCT01039194; NCT01042314; NCT01057030; NCT01079819,DRUG,investigational_therapeutic_unverified,Therapeutic Drug,investigational therapeutic candidate; drug/biological intervention type with no disqualifying evidence found,rule_classification,medium,True,True
"JNJ-54861911, 10 mg",jnj 54861911 10 mg,NCT01887535; NCT01978548; NCT02360657; NCT02406027,DRUG,investigational_therapeutic_unverified,Therapeutic Drug,investigational therapeutic candidate; drug/biological intervention type with no disqualifying evidence found,rule_classification,medium,True,True
Bapineuzumab (AAB-001),bapineuzumab aab 001,NCT00606476,DRUG,investigational_therapeutic_unverified,Therapeutic Drug,investigational therapeutic candidate; drug/biological intervention type with no disqualifying evidence found,rule_classification,medium,True,True
FK962,fk962,NCT00087724,DRUG,investigational_therapeutic_unverified,Therapeutic Drug,investigational therapeutic candidate; drug/biological intervention type with no disqualifying evidence found,rule_classification,medium,True,True
PF-04494700,pf 04494700,NCT00566397,DRUG,investigational_therapeutic_unverified,Therapeutic Drug,investigational therapeutic candidate; drug/biological intervention type with no disqualifying evidence found,rule_classification,medium,True,True
AFFITOPE AD02,affitope ad02,NCT00633841; NCT01093664; NCT02008513,BIOLOGICAL,investigational_therapeutic_unverified,Therapeutic Drug,investigational therapeutic candidate; drug/biological intervention type with no disqualifying evidence found,rule_classification,medium,True,True
rifampicin,rifampicin,NCT00439166,DRUG,uncertain,Needs Review,classify_intervention() could not resolve a confident therapeutic candidate for this intervention,rule_classification,low,False,True
Placebo matched to doxycycline,placebo matched to doxycycline,NCT00439166,DRUG,placebo_or_sham,Placebo or Comparator,placebo/sham/vehicle-control arm,rule_classification,high,False,False
Placebo matched to Rifampin,placebo matched to rifampin,NCT00439166,DRUG,placebo_or_sham,Placebo or Comparator,placebo/sham/vehicle-control arm,rule_classification,high,False,False
AAB-001,aab 001,NCT00174525,DRUG,investigational_therapeutic_unverified,Therapeutic Drug,investigational therapeutic candidate; drug/biological intervention type with no disqualifying evidence found,rule_classification,medium,True,True
Insulin glulisine,insulin glulisine,NCT01436045; NCT02503501,DRUG,uncertain,Needs Review,classify_intervention() could not resolve a confident therapeutic candidate for this intervention,rule_classification,low,False,True
Saline,saline,NCT01436045; NCT01595646; NCT05068830,DRUG,uncertain,Needs Review,classify_intervention() could not resolve a confident therapeutic candidate for this intervention,rule_classification,low,False,True
Active Comparator,active comparator,NCT01614886,DRUG,uncertain,Needs Review,classify_intervention() could not resolve a confident therapeutic candidate for this intervention,rule_classification,low,False,True
ENA713,ena713,NCT01614886,DRUG,investigational_therapeutic_unverified,Therapeutic Drug,investigational therapeutic candidate; drug/biological intervention type with no disqualifying evidence found,rule_classification,medium,True,True
CS6253 Solution for Injection,cs6253 solution for injection,NCT05965414,DRUG,investigational_therapeutic_unverified,Therapeutic Drug,investigational therapeutic candidate; drug/biological intervention type with no disqualifying evidence found,rule_classification,medium,True,True
AFFITOPE AD01,affitope ad01,NCT00495417,BIOLOGICAL,investigational_therapeutic_unverified,Therapeutic Drug,investigational therapeutic candidate; drug/biological intervention type with no disqualifying evidence found,rule_classification,medium,True,True
AFFITOPE AD01 adjuvanted,affitope ad01 adjuvanted,NCT00495417,BIOLOGICAL,investigational_therapeutic_unverified,Therapeutic Drug,investigational therapeutic candidate; drug/biological intervention type with no disqualifying evidence found,rule_classification,medium,True,True
Rosiglitazone XR (extended release) oral tablets,rosiglitazone xr extended release oral tablets,NCT00334568,DRUG,investigational_therapeutic_unverified,Therapeutic Drug,investigational therapeutic candidate; drug/biological intervention type with no disqualifying evidence found,rule_classification,medium,True,True
AC-3933,ac 3933,NCT00359944,DRUG,investigational_therapeutic_unverified,Therapeutic Drug,investigational therapeutic candidate; drug/biological intervention type with no disqualifying evidence found,rule_classification,medium,True,True
Sugar Pill,sugar pill,NCT00359944,OTHER,uncertain,Needs Review,classify_intervention() could not resolve a confident therapeutic candidate for this intervention,rule_classification,low,False,True
memantine HCl,memantine hcl,NCT00097916; NCT00624026,DRUG,investigational_therapeutic_unverified,Therapeutic Drug,investigational therapeutic candidate; drug/biological intervention type with no disqualifying evidence found,rule_classification,medium,True,True
AD16 5mg、10mg、20mg、30mg、40mg、60mg、80mg,ad16 5mg 10mg 20mg 30mg 40mg 60mg 80mg,NCT05787028,DRUG,investigational_therapeutic_unverified,Therapeutic Drug,investigational therapeutic candidate; drug/biological intervention type with no disqualifying evidence found,rule_classification,medium,True,True
AD16 placebo 5mg、10mg、20mg、30mg、40mg、60mg、80mg,ad16 placebo 5mg 10mg 20mg 30mg 40mg 60mg 80mg,NCT05787028,DRUG,placebo_or_sham,Placebo or Comparator,placebo/sham/vehicle-control arm,rule_classification,high,False,False
AN-1792 also known as AIP-001,an 1792 also known as aip 001,NCT00021723,BIOLOGICAL,investigational_therapeutic_unverified,Therapeutic Drug,investigational therapeutic candidate; drug/biological intervention type with no disqualifying evidence found,rule_classification,medium,True,True
Epigallocatechin-Gallate,epigallocatechin gallate,NCT00951834,DRUG,investigational_therapeutic_unverified,Therapeutic Drug,investigational therapeutic candidate; drug/biological intervention type with no disqualifying evidence found,rule_classification,medium,True,True
caprylic triglyceride,caprylic triglyceride,NCT01211782,DRUG,uncertain,Needs Review,classify_intervention() could not resolve a confident therapeutic candidate for this intervention,rule_classification,low,False,True
long-chain triglyceride,long chain triglyceride,NCT01211782,DRUG,uncertain,Needs Review,classify_intervention() could not resolve a confident therapeutic candidate for this intervention,rule_classification,low,False,True
Placebo to match Aricept,placebo to match aricept,NCT01024660,DRUG,placebo_or_sham,Placebo or Comparator,placebo/sham/vehicle-control arm,rule_classification,high,False,False
radioligand [18F]AZD4694,radioligand 18f azd4694,NCT00838877,DRUG,diagnostic_or_imaging_agent,Diagnostic Agent,matches a curated diagnostic/imaging tracer name,rule_classification,high,False,False
radioligand [11C]AZD2184,radioligand 11c azd2184,NCT00692705; NCT00838877,DRUG,investigational_therapeutic_unverified,Therapeutic Drug,investigational therapeutic candidate; drug/biological intervention type with no disqualifying evidence found,rule_classification,medium,True,True
CTS21166 (ZPQ-21166),cts21166 zpq 21166,NCT00621010,DRUG,investigational_therapeutic_unverified,Therapeutic Drug,investigational therapeutic candidate; drug/biological intervention type with no disqualifying evidence found,rule_classification,medium,True,True
tideglusib,tideglusib,NCT01350362,DRUG,investigational_therapeutic_unverified,Therapeutic Drug,investigational therapeutic candidate; drug/biological intervention type with no disqualifying evidence found,rule_classification,medium,True,True
Flortaucipir F18,flortaucipir f18,NCT01992380; NCT02016560; NCT02051764; NCT02278354; NCT02278367; NCT02336360; NCT02350634; NCT02516046; NCT02795780; NCT03019536; NCT03322462; NCT03467477; NCT03901105; NCT04468347; NCT04474405; NCT06297590,DRUG,diagnostic_or_imaging_agent,Diagnostic Agent,matches a curated diagnostic/imaging tracer name,rule_classification,high,False,False
Brain PET Scan,brain pet scan,NCT01992380; NCT02016560; NCT02051764; NCT02278354; NCT02278367; NCT03322462; NCT03467477; NCT03901105; NCT04468347; NCT04474405,PROCEDURE,procedure,Non-Drug Intervention,clinical procedure or imaging exam,rule_type,high,False,False
Rosiglitazone XR,rosiglitazone xr,NCT00490568; NCT00550420; NCT00733785,DRUG,investigational_therapeutic_unverified,Therapeutic Drug,investigational therapeutic candidate; drug/biological intervention type with no disqualifying evidence found,rule_classification,medium,True,True
bifeprunox,bifeprunox,NCT00160147,DRUG,investigational_therapeutic_unverified,Therapeutic Drug,investigational therapeutic candidate; drug/biological intervention type with no disqualifying evidence found,rule_classification,medium,True,True
BEY2153,bey2153,NCT04476303; NCT06885567,DRUG,investigational_therapeutic_unverified,Therapeutic Drug,investigational therapeutic candidate; drug/biological intervention type with no disqualifying evidence found,rule_classification,medium,True,True
J147,j147,NCT03838185,DRUG,investigational_therapeutic_unverified,Therapeutic Drug,investigational therapeutic candidate; drug/biological intervention type with no disqualifying evidence found,rule_classification,medium,True,True
Valproic Acid,valproic acid,NCT01729598,DRUG,investigational_therapeutic_unverified,Therapeutic Drug,investigational therapeutic candidate; drug/biological intervention type with no disqualifying evidence found,rule_classification,medium,True,True
Alum,alum,NCT01097096,BIOLOGICAL,uncertain,Needs Review,classify_intervention() could not resolve a confident therapeutic candidate for this intervention,rule_classification,low,False,True
MF59,mf59,NCT01097096,BIOLOGICAL,uncertain,Needs Review,classify_intervention() could not resolve a confident therapeutic candidate for this intervention,rule_classification,low,False,True
123-I MNI-340,123 i mni 340,NCT00968097,DRUG,investigational_therapeutic_unverified,Therapeutic Drug,investigational therapeutic candidate; drug/biological intervention type with no disqualifying evidence found,rule_classification,medium,True,True
Albutein 5%,albutein 5,NCT00742417,BIOLOGICAL,uncertain,Needs Review,classify_intervention() could not resolve a confident therapeutic candidate for this intervention,rule_classification,low,False,True
Control,control,NCT00548951; NCT00742417,OTHER,uncertain,Needs Review,classify_intervention() could not resolve a confident therapeutic candidate for this intervention,rule_classification,low,False,True
[18F]MK-3328,18f mk 3328,NCT00954538; NCT01385033,DRUG,investigational_therapeutic_unverified,Therapeutic Drug,investigational therapeutic candidate; drug/biological intervention type with no disqualifying evidence found,rule_classification,medium,True,True
AC-1204,ac 1204,NCT01741194,DRUG,investigational_therapeutic_unverified,Therapeutic Drug,investigational therapeutic candidate; drug/biological intervention type with no disqualifying evidence found,rule_classification,medium,True,True
GSK2647544,gsk2647544,NCT01702467; NCT01978327,DRUG,investigational_therapeutic_unverified,Therapeutic Drug,investigational therapeutic candidate; drug/biological intervention type with no disqualifying evidence found,rule_classification,medium,True,True
CBTi with Application,cbti with application,NCT05015803,COMBINATION_PRODUCT,investigational_therapeutic_unverified,Non-Drug Intervention,"name describes a non-drug (digital/behavioral) supportive activity, not a pharmaceutical",rule_keyword,high,False,False
CBTi,cbti,NCT05015803,BEHAVIORAL,behavioral,Non-Drug Intervention,behavioral/non-drug activity,rule_type,high,False,False
Sleep Hygiene Education,sleep hygiene education,NCT05015803,BEHAVIORAL,behavioral,Non-Drug Intervention,behavioral/non-drug activity,rule_type,high,False,False
PU-AD,pu ad,NCT03371420; NCT03935568; NCT04311515,DRUG,uncertain,Needs Review,classify_intervention() could not resolve a confident therapeutic candidate for this intervention,rule_classification,low,False,True
Rilapladib 25 mg,rilapladib 25 mg,NCT02130661,DRUG,uncertain,Needs Review,classify_intervention() could not resolve a confident therapeutic candidate for this intervention,rule_classification,low,False,True
Rilapladib 250 mg,rilapladib 250 mg,NCT02130661,DRUG,uncertain,Needs Review,classify_intervention() could not resolve a confident therapeutic candidate for this intervention,rule_classification,low,False,True
Velusetrag,velusetrag,NCT01467726,DRUG,uncertain,Needs Review,classify_intervention() could not resolve a confident therapeutic candidate for this intervention,rule_classification,low,False,True
AFFITOPE AD03,affitope ad03,NCT01309763,BIOLOGICAL,investigational_therapeutic_unverified,Therapeutic Drug,investigational therapeutic candidate; drug/biological intervention type with no disqualifying evidence found,rule_classification,medium,True,True
AFFITOPE AD03 + Alum,affitope ad03 alum,NCT01309763,BIOLOGICAL,investigational_therapeutic_unverified,Therapeutic Drug,investigational therapeutic candidate; drug/biological intervention type with no disqualifying evidence found,rule_classification,medium,True,True
Comparator: Placebo 5mg (run in),comparator placebo 5mg run in,NCT00777608,DRUG,placebo_or_sham,Placebo or Comparator,placebo/sham/vehicle-control arm,rule_classification,high,False,False
Donepezil 5 - 10 mg,donepezil 5 10 mg,NCT00777608,DRUG,uncertain,Needs Review,classify_intervention() could not resolve a confident therapeutic candidate for this intervention,rule_classification,low,False,True
Comparator: Placebo 5-10 mg,comparator placebo 5 10 mg,NCT00777608,DRUG,placebo_or_sham,Placebo or Comparator,placebo/sham/vehicle-control arm,rule_classification,high,False,False
Donepezil 10 mg,donepezil 10 mg,NCT00777608,DRUG,uncertain,Needs Review,classify_intervention() could not resolve a confident therapeutic candidate for this intervention,rule_classification,low,False,True
drug-drug interaction,drug drug interaction,NCT01978327,DRUG,uncertain,Needs Review,classify_intervention() could not resolve a confident therapeutic candidate for this intervention,rule_classification,low,False,True
Galantamine and Donepezil,galantamine and donepezil,NCT00750529,DRUG,investigational_therapeutic_unverified,Therapeutic Drug,investigational therapeutic candidate; drug/biological intervention type with no disqualifying evidence found,rule_classification,medium,True,True
Nerve Growth Factor,nerve growth factor,NCT01163825,DRUG,investigational_therapeutic_unverified,Therapeutic Drug,investigational therapeutic candidate; drug/biological intervention type with no disqualifying evidence found,rule_classification,medium,True,True
Donepezil TDS,donepezil tds,NCT03259958; NCT03432195; NCT03438604,DRUG,investigational_therapeutic_unverified,Therapeutic Drug,investigational therapeutic candidate; drug/biological intervention type with no disqualifying evidence found,rule_classification,medium,True,True
GSK2647544 oral,gsk2647544 oral,NCT01924858,DRUG,investigational_therapeutic_unverified,Therapeutic Drug,investigational therapeutic candidate; drug/biological intervention type with no disqualifying evidence found,rule_classification,medium,True,True
[18F]GSK2647544 IV bolus,18f gsk2647544 iv bolus,NCT01924858,DRUG,investigational_therapeutic_unverified,Therapeutic Drug,investigational therapeutic candidate; drug/biological intervention type with no disqualifying evidence found,rule_classification,medium,True,True
caregiver website support,caregiver website support,NCT00416078,BEHAVIORAL,behavioral,Non-Drug Intervention,behavioral/non-drug activity,rule_type,high,False,False
caregiver brief supportive phone calls,caregiver brief supportive phone calls,NCT00416078,BEHAVIORAL,behavioral,Non-Drug Intervention,behavioral/non-drug activity,rule_type,high,False,False
[18F]AZD4694,18f azd4694,NCT00991419,DRUG,diagnostic_or_imaging_agent,Diagnostic Agent,matches a curated diagnostic/imaging tracer name,rule_classification,high,False,False
Aripiprazole,aripiprazole,NCT00036114; NCT00041678; NCT00095719; NCT00689559,DRUG,uncertain,Needs Review,classify_intervention() could not resolve a confident therapeutic candidate for this intervention,rule_classification,low,False,True
AXS-05,axs 05,NCT03226522; NCT04797715; NCT05557409,DRUG,investigational_therapeutic_unverified,Therapeutic Drug,investigational therapeutic candidate; drug/biological intervention type with no disqualifying evidence found,rule_classification,medium,True,True
PET Scan,pet scan,NCT02516046; NCT02795780,PROCEDURE,procedure,Non-Drug Intervention,clinical procedure or imaging exam,rule_type,high,False,False
[F-18]W372,f 18 w372,NCT00954369,DRUG,investigational_therapeutic_unverified,Therapeutic Drug,investigational therapeutic candidate; drug/biological intervention type with no disqualifying evidence found,rule_classification,medium,True,True
HTL0009936 modified release,htl0009936 modified release,NCT02710188,DRUG,investigational_therapeutic_unverified,Therapeutic Drug,investigational therapeutic candidate; drug/biological intervention type with no disqualifying evidence found,rule_classification,medium,True,True
HTL0009936 immediate release,htl0009936 immediate release,NCT02710188,DRUG,investigational_therapeutic_unverified,Therapeutic Drug,investigational therapeutic candidate; drug/biological intervention type with no disqualifying evidence found,rule_classification,medium,True,True
DKF-310,dkf 310,NCT02695004,DRUG,investigational_therapeutic_unverified,Therapeutic Drug,investigational therapeutic candidate; drug/biological intervention type with no disqualifying evidence found,rule_classification,medium,True,True
[11C]MK-6884,11c mk 6884,NCT02621606,DRUG,investigational_therapeutic_unverified,Therapeutic Drug,investigational therapeutic candidate; drug/biological intervention type with no disqualifying evidence found,rule_classification,medium,True,True
HTL0009936,htl0009936,NCT02291783; NCT02546310,DRUG,investigational_therapeutic_unverified,Therapeutic Drug,investigational therapeutic candidate; drug/biological intervention type with no disqualifying evidence found,rule_classification,medium,True,True
HTL0009936 matching placebo,htl0009936 matching placebo,NCT02546310,DRUG,placebo_or_sham,Placebo or Comparator,placebo/sham/vehicle-control arm,rule_classification,high,False,False
NGP 555,ngp 555,NCT02534480; NCT02537938,DRUG,investigational_therapeutic_unverified,Therapeutic Drug,investigational therapeutic candidate; drug/biological intervention type with no disqualifying evidence found,rule_classification,medium,True,True
SRA-444,sra 444,NCT00452504; NCT00499200,DRUG,investigational_therapeutic_unverified,Therapeutic Drug,investigational therapeutic candidate; drug/biological intervention type with no disqualifying evidence found,rule_classification,medium,True,True
Atorvastatin,atorvastatin,NCT00151502; NCT00751907,DRUG,investigational_therapeutic_unverified,Therapeutic Drug,investigational therapeutic candidate; drug/biological intervention type with no disqualifying evidence found,rule_classification,medium,True,True
18F-Flutemetamol,18f flutemetamol,NCT01053312; NCT01092546; NCT01165554; NCT01202994; NCT01265394; NCT01672827; NCT02813070,DRUG,diagnostic_or_imaging_agent,Diagnostic Agent,matches a curated diagnostic/imaging tracer name,rule_classification,high,False,False
HTL0009936 placebo,htl0009936 placebo,NCT02291783,DRUG,placebo_or_sham,Placebo or Comparator,placebo/sham/vehicle-control arm,rule_classification,high,False,False
Florbetapir (18F),florbetapir 18f,NCT01660815; NCT01662882; NCT01890343; NCT02120664; NCT02164643,DRUG,diagnostic_or_imaging_agent,Diagnostic Agent,matches a curated diagnostic/imaging tracer name,rule_classification,high,False,False
AZD3293,azd3293,NCT01795339; NCT02040987; NCT02126514,DRUG,investigational_therapeutic_unverified,Therapeutic Drug,investigational therapeutic candidate; drug/biological intervention type with no disqualifying evidence found,rule_classification,medium,True,True
Moxifloxacin,moxifloxacin,NCT00499642; NCT00884533; NCT00979316; NCT02040987,DRUG,uncertain,Needs Review,classify_intervention() could not resolve a confident therapeutic candidate for this intervention,rule_classification,low,False,True
Active Comparator: A,active comparator a,NCT01230853,DRUG,uncertain,Needs Review,classify_intervention() could not resolve a confident therapeutic candidate for this intervention,rule_classification,low,False,True
Placebo Comparator B,placebo comparator b,NCT01230853,DRUG,placebo_or_sham,Placebo or Comparator,placebo/sham/vehicle-control arm,rule_classification,high,False,False
Active Comparator B,active comparator b,NCT01230853,DRUG,uncertain,Needs Review,classify_intervention() could not resolve a confident therapeutic candidate for this intervention,rule_classification,low,False,True
Placebo Comparator A,placebo comparator a,NCT01230853,DRUG,placebo_or_sham,Placebo or Comparator,placebo/sham/vehicle-control arm,rule_classification,high,False,False
Telmisartan 20mg,telmisartan 20mg,NCT02471833,DRUG,uncertain,Needs Review,classify_intervention() could not resolve a confident therapeutic candidate for this intervention,rule_classification,low,False,True
Telmisartan 40mg,telmisartan 40mg,NCT02471833,DRUG,uncertain,Needs Review,classify_intervention() could not resolve a confident therapeutic candidate for this intervention,rule_classification,low,False,True
CHF 5074 1x,chf 5074 1x,NCT01303744; NCT01421056; NCT01602393; NCT01723670,DRUG,investigational_therapeutic_unverified,Therapeutic Drug,investigational therapeutic candidate; drug/biological intervention type with no disqualifying evidence found,rule_classification,medium,True,True
CHF 5074 2x,chf 5074 2x,NCT01303744; NCT01421056; NCT01602393; NCT01723670,DRUG,investigational_therapeutic_unverified,Therapeutic Drug,investigational therapeutic candidate; drug/biological intervention type with no disqualifying evidence found,rule_classification,medium,True,True
ITI-007,iti 007,NCT02078310; NCT02817906,DRUG,investigational_therapeutic_unverified,Therapeutic Drug,investigational therapeutic candidate; drug/biological intervention type with no disqualifying evidence found,rule_classification,medium,True,True
C11 PiB,c11 pib,NCT01607476,DRUG,diagnostic_or_imaging_agent,Diagnostic Agent,matches a curated diagnostic/imaging tracer name,rule_classification,high,False,False
F18 Flutametamol,f18 flutametamol,NCT01607476,DRUG,investigational_therapeutic_unverified,Therapeutic Drug,investigational therapeutic candidate; drug/biological intervention type with no disqualifying evidence found,rule_classification,medium,True,True
CHF 5074 3x,chf 5074 3x,NCT01303744; NCT01421056; NCT01602393,DRUG,investigational_therapeutic_unverified,Therapeutic Drug,investigational therapeutic candidate; drug/biological intervention type with no disqualifying evidence found,rule_classification,medium,True,True
RSG XR,rsg xr,NCT00468897,DRUG,investigational_therapeutic_unverified,Therapeutic Drug,investigational therapeutic candidate; drug/biological intervention type with no disqualifying evidence found,rule_classification,medium,True,True
BMS-708163 (Gamma-Secretase Inhibitor),bms 708163 gamma secretase inhibitor,NCT01454115,DRUG,investigational_therapeutic_unverified,Therapeutic Drug,investigational therapeutic candidate; drug/biological intervention type with no disqualifying evidence found,rule_classification,medium,True,True
Placebo matching BMS-708163,placebo matching bms 708163,NCT01454115,DRUG,placebo_or_sham,Placebo or Comparator,placebo/sham/vehicle-control arm,rule_classification,high,False,False
Ginkgo biloba dispersible tablets,ginkgo biloba dispersible tablets,NCT03090516,DRUG,investigational_therapeutic_unverified,Therapeutic Drug,investigational therapeutic candidate; drug/biological intervention type with no disqualifying evidence found,rule_classification,medium,True,True
Ginkgo biloba dispersible tablets and Donepezil,ginkgo biloba dispersible tablets and donepezil,NCT03090516,DRUG,uncertain,Needs Review,classify_intervention() could not resolve a confident therapeutic candidate for this intervention,rule_classification,low,False,True
AV-1959R (Abeta vaccine),av 1959r abeta vaccine,NCT06831812,BIOLOGICAL,investigational_therapeutic_unverified,Therapeutic Drug,investigational therapeutic candidate; drug/biological intervention type with no disqualifying evidence found,rule_classification,medium,True,True
GSK2981710,gsk2981710,NCT01702480,DRUG,investigational_therapeutic_unverified,Therapeutic Drug,investigational therapeutic candidate; drug/biological intervention type with no disqualifying evidence found,rule_classification,medium,True,True
CHF 5074,chf 5074,NCT00954252; NCT01258452,DRUG,investigational_therapeutic_unverified,Therapeutic Drug,investigational therapeutic candidate; drug/biological intervention type with no disqualifying evidence found,rule_classification,medium,True,True
CHF 5974,chf 5974,NCT01258452,DRUG,uncertain,Needs Review,classify_intervention() could not resolve a confident therapeutic candidate for this intervention,rule_classification,low,False,True
TRx0037,trx0037,NCT01253122; NCT01253499,DRUG,investigational_therapeutic_unverified,Therapeutic Drug,investigational therapeutic candidate; drug/biological intervention type with no disqualifying evidence found,rule_classification,medium,True,True
E2212,e2212,NCT01221259,DRUG,investigational_therapeutic_unverified,Therapeutic Drug,investigational therapeutic candidate; drug/biological intervention type with no disqualifying evidence found,rule_classification,medium,True,True
CHF5074 1x,chf5074 1x,NCT01203384,DRUG,investigational_therapeutic_unverified,Therapeutic Drug,investigational therapeutic candidate; drug/biological intervention type with no disqualifying evidence found,rule_classification,medium,True,True
CHF5074 2x,chf5074 2x,NCT01203384,DRUG,investigational_therapeutic_unverified,Therapeutic Drug,investigational therapeutic candidate; drug/biological intervention type with no disqualifying evidence found,rule_classification,medium,True,True
CHF5074 3x,chf5074 3x,NCT01203384,DRUG,investigational_therapeutic_unverified,Therapeutic Drug,investigational therapeutic candidate; drug/biological intervention type with no disqualifying evidence found,rule_classification,medium,True,True
Nonexercise control group,nonexercise control group,NCT01129115,BEHAVIORAL,behavioral,Non-Drug Intervention,behavioral/non-drug activity,rule_type,high,False,False
Aerobic Exercise Group 1,aerobic exercise group 1,NCT01129115,BEHAVIORAL,behavioral,Non-Drug Intervention,behavioral/non-drug activity,rule_type,high,False,False
Aerobic Exercise Group 2,aerobic exercise group 2,NCT01129115,BEHAVIORAL,behavioral,Non-Drug Intervention,behavioral/non-drug activity,rule_type,high,False,False
Aerobic Exercise Group 3,aerobic exercise group 3,NCT01129115,BEHAVIORAL,behavioral,Non-Drug Intervention,behavioral/non-drug activity,rule_type,high,False,False
Mirtazapine,mirtazapine,NCT01867775; NCT03031184,DRUG,investigational_therapeutic_unverified,Therapeutic Drug,investigational therapeutic candidate; drug/biological intervention type with no disqualifying evidence found,rule_classification,medium,True,True
Rosi XR,rosi xr,NCT00884533,DRUG,uncertain,Needs Review,classify_intervention() could not resolve a confident therapeutic candidate for this intervention,rule_classification,low,False,True
LY2811376,ly2811376,NCT00838084,DRUG,investigational_therapeutic_unverified,Therapeutic Drug,investigational therapeutic candidate; drug/biological intervention type with no disqualifying evidence found,rule_classification,medium,True,True
Warfarin,warfarin,NCT00689637; NCT00827034,DRUG,uncertain,Needs Review,classify_intervention() could not resolve a confident therapeutic candidate for this intervention,rule_classification,low,False,True
AZD0328,azd0328,NCT00687141,DRUG,investigational_therapeutic_unverified,Therapeutic Drug,investigational therapeutic candidate; drug/biological intervention type with no disqualifying evidence found,rule_classification,medium,True,True
CpG1018,cpg1018,NCT05606341,DRUG,investigational_therapeutic_unverified,Therapeutic Drug,investigational therapeutic candidate; drug/biological intervention type with no disqualifying evidence found,rule_classification,medium,True,True
MLC 901,mlc 901,NCT07191028,DRUG,investigational_therapeutic_unverified,Therapeutic Drug,investigational therapeutic candidate; drug/biological intervention type with no disqualifying evidence found,rule_classification,medium,True,True
Activity matched to interest,activity matched to interest,NCT00388544,BEHAVIORAL,behavioral,Non-Drug Intervention,behavioral/non-drug activity,rule_type,high,False,False
Activity matched to function,activity matched to function,NCT00388544,BEHAVIORAL,behavioral,Non-Drug Intervention,behavioral/non-drug activity,rule_type,high,False,False
Activity matched to both interest and function,activity matched to both interest and function,NCT00388544,BEHAVIORAL,behavioral,Non-Drug Intervention,behavioral/non-drug activity,rule_type,high,False,False
Home Based Intervention,home based intervention,NCT00259480,BEHAVIORAL,behavioral,Non-Drug Intervention,behavioral/non-drug activity,rule_type,high,False,False
Ibuprofen,ibuprofen,NCT00239746,DRUG,investigational_therapeutic_unverified,Therapeutic Drug,investigational therapeutic candidate; drug/biological intervention type with no disqualifying evidence found,rule_classification,medium,True,True
Bupropion,bupropion,NCT03226522,DRUG,uncertain,Needs Review,classify_intervention() could not resolve a confident therapeutic candidate for this intervention,rule_classification,low,False,True
C-11 ER-176,c 11 er 176,NCT04786223,DRUG,uncertain,Needs Review,classify_intervention() could not resolve a confident therapeutic candidate for this intervention,rule_classification,low,False,True
Blood Test,blood test,NCT04786223,DIAGNOSTIC_TEST,uncertain,Exclude,"generic diagnostic/biomarker test description (e.g. Blood Test, CSF Biomarkers) — never a canonical drug name",rule_keyword,high,False,False
Home-Based Behavorial Intervention,home based behavorial intervention,NCT00259467,BEHAVIORAL,behavioral,Non-Drug Intervention,behavioral/non-drug activity,rule_type,high,False,False
SHR-1707 injection,shr 1707 injection,NCT06114745,DRUG,investigational_therapeutic_unverified,Therapeutic Drug,investigational therapeutic candidate; drug/biological intervention type with no disqualifying evidence found,rule_classification,medium,True,True
delta-9-tetrahydrocannabinol (delta-THC),delta 9 tetrahydrocannabinol delta thc,NCT01608217,DRUG,uncertain,Needs Review,classify_intervention() could not resolve a confident therapeutic candidate for this intervention,rule_classification,low,False,True
Acetaminophen,acetaminophen,NCT01608217,DRUG,uncertain,Needs Review,classify_intervention() could not resolve a confident therapeutic candidate for this intervention,rule_classification,low,False,True
MK-2214,mk 2214,NCT05466422; NCT07033494,BIOLOGICAL,investigational_therapeutic_unverified,Therapeutic Drug,investigational therapeutic candidate; drug/biological intervention type with no disqualifying evidence found,rule_classification,medium,True,True
ABBV-552,abbv 552,NCT05686980; NCT05771428,DRUG,investigational_therapeutic_unverified,Therapeutic Drug,investigational therapeutic candidate; drug/biological intervention type with no disqualifying evidence found,rule_classification,medium,True,True
Placebo for ABBV-552,placebo for abbv 552,NCT05771428,DRUG,placebo_or_sham,Placebo or Comparator,placebo/sham/vehicle-control arm,rule_classification,high,False,False
ABBV-916,abbv 916,NCT05291234,DRUG,investigational_therapeutic_unverified,Therapeutic Drug,investigational therapeutic candidate; drug/biological intervention type with no disqualifying evidence found,rule_classification,medium,True,True
GV1001,gv1001,NCT03959553,DRUG,investigational_therapeutic_unverified,Therapeutic Drug,investigational therapeutic candidate; drug/biological intervention type with no disqualifying evidence found,rule_classification,medium,True,True
Normal saline,normal saline,NCT03959553,DRUG,uncertain,Needs Review,classify_intervention() could not resolve a confident therapeutic candidate for this intervention,rule_classification,low,False,True
Recombinant Human Serum Albumin,recombinant human serum albumin,NCT06489015,DRUG,investigational_therapeutic_unverified,Therapeutic Drug,investigational therapeutic candidate; drug/biological intervention type with no disqualifying evidence found,rule_classification,medium,True,True
ACP-204,acp 204,NCT06159673; NCT06194799,DRUG,investigational_therapeutic_unverified,Therapeutic Drug,investigational therapeutic candidate; drug/biological intervention type with no disqualifying evidence found,rule_classification,medium,True,True
NIC5-15,nic5 15,NCT00470418; NCT01928420,DRUG,investigational_therapeutic_unverified,Therapeutic Drug,investigational therapeutic candidate; drug/biological intervention type with no disqualifying evidence found,rule_classification,medium,True,True
Obicetrapib,obicetrapib,NCT05161715,DRUG,investigational_therapeutic_unverified,Therapeutic Drug,investigational therapeutic candidate; drug/biological intervention type with no disqualifying evidence found,rule_classification,medium,True,True
Oxaloacetate (OAA) 1g,oxaloacetate oaa 1g,NCT02593318,DRUG,uncertain,Needs Review,classify_intervention() could not resolve a confident therapeutic candidate for this intervention,rule_classification,low,False,True
Oxaloacetate (OAA) 2g,oxaloacetate oaa 2g,NCT02593318,DRUG,uncertain,Needs Review,classify_intervention() could not resolve a confident therapeutic candidate for this intervention,rule_classification,low,False,True
Lecanemab IV,lecanemab iv,NCT03887455,DRUG,investigational_therapeutic_unverified,Therapeutic Drug,investigational therapeutic candidate; drug/biological intervention type with no disqualifying evidence found,rule_classification,medium,True,True
Lecanemab SC,lecanemab sc,NCT03887455,DRUG,investigational_therapeutic_unverified,Therapeutic Drug,investigational therapeutic candidate; drug/biological intervention type with no disqualifying evidence found,rule_classification,medium,True,True
Supermicrosurgical Lymphaticovenular Anastomosis (LVA),supermicrosurgical lymphaticovenular anastomosis lva,NCT07458620,PROCEDURE,procedure,Non-Drug Intervention,clinical procedure or imaging exam,rule_type,high,False,False
Magnetic Stimulator Magstim Rapid 2,magnetic stimulator magstim rapid 2,NCT01885806,DEVICE,device,Non-Drug Intervention,intervention type is DEVICE,rule_type,high,False,False
Sham Magnetic Stimulator,sham magnetic stimulator,NCT01885806,DEVICE,placebo_or_sham,Placebo or Comparator,placebo/sham/vehicle-control arm,rule_classification,high,False,False
ALZ-801,alz 801,NCT04693520,DRUG,investigational_therapeutic_unverified,Therapeutic Drug,investigational therapeutic candidate; drug/biological intervention type with no disqualifying evidence found,rule_classification,medium,True,True
Modafinil,modafinil,NCT01172145,DRUG,investigational_therapeutic_unverified,Therapeutic Drug,investigational therapeutic candidate; drug/biological intervention type with no disqualifying evidence found,rule_classification,medium,True,True
Home Safety Toolkit,home safety toolkit,NCT00459355,BEHAVIORAL,behavioral,Non-Drug Intervention,behavioral/non-drug activity,rule_type,high,False,False
8M2D,8m2d,NCT07568041,DRUG,investigational_therapeutic_unverified,Therapeutic Drug,investigational therapeutic candidate; drug/biological intervention type with no disqualifying evidence found,rule_classification,medium,True,True
CX516 (Ampalex),cx516 ampalex,NCT00001662,DRUG,investigational_therapeutic_unverified,Therapeutic Drug,investigational therapeutic candidate; drug/biological intervention type with no disqualifying evidence found,rule_classification,medium,True,True
Sertraline (Zoloft),sertraline zoloft,NCT00086138,DRUG,investigational_therapeutic_unverified,Therapeutic Drug,investigational therapeutic candidate; drug/biological intervention type with no disqualifying evidence found,rule_classification,medium,True,True
Experimental: ALZ-801,experimental alz 801,NCT04770220; NCT06304883,DRUG,investigational_therapeutic_unverified,Therapeutic Drug,investigational therapeutic candidate; drug/biological intervention type with no disqualifying evidence found,rule_classification,medium,True,True
high-intensity light therapy,high intensity light therapy,NCT00065689,DEVICE,device,Non-Drug Intervention,intervention type is DEVICE,rule_type,high,False,False
Semagludtide,semagludtide,NCT04777396,DRUG,investigational_therapeutic_unverified,Therapeutic Drug,investigational therapeutic candidate; drug/biological intervention type with no disqualifying evidence found,rule_classification,medium,True,True
Placebo (semaglutide),placebo semaglutide,NCT04777396; NCT04777409,DRUG,placebo_or_sham,Placebo or Comparator,placebo/sham/vehicle-control arm,rule_classification,high,False,False
EVP-6124,evp 6124,NCT01073228; NCT01969123; NCT01969136; NCT02004392; NCT02246075,DRUG,investigational_therapeutic_unverified,Therapeutic Drug,investigational therapeutic candidate; drug/biological intervention type with no disqualifying evidence found,rule_classification,medium,True,True
Allogeneic MSC,allogeneic msc,NCT05233774,DRUG,investigational_therapeutic_unverified,Therapeutic Drug,investigational therapeutic candidate; drug/biological intervention type with no disqualifying evidence found,rule_classification,medium,True,True
SNP318 (A),snp318 a,NCT05792163,DRUG,investigational_therapeutic_unverified,Therapeutic Drug,investigational therapeutic candidate; drug/biological intervention type with no disqualifying evidence found,rule_classification,medium,True,True
Placebo (B),placebo b,NCT05792163,DRUG,placebo_or_sham,Placebo or Comparator,placebo/sham/vehicle-control arm,rule_classification,high,False,False
Transcranial direct current stimulation,transcranial direct current stimulation,NCT01481558,DEVICE,device,Non-Drug Intervention,intervention type is DEVICE,rule_type,high,False,False
Cholinesterase Inhibitor,cholinesterase inhibitor,NCT02035982; NCT02248636,DRUG,investigational_therapeutic_unverified,Therapeutic Drug,investigational therapeutic candidate; drug/biological intervention type with no disqualifying evidence found,rule_classification,medium,True,True
IFN-alpha2A,ifn alpha2a,NCT00031018,DRUG,investigational_therapeutic_unverified,Therapeutic Drug,investigational therapeutic candidate; drug/biological intervention type with no disqualifying evidence found,rule_classification,medium,True,True
[18F]T807,18f t807,NCT02370524,DRUG,diagnostic_or_imaging_agent,Diagnostic Agent,matches a curated diagnostic/imaging tracer name,rule_classification,high,False,False
Donepezil hydrochloride,donepezil hydrochloride,NCT00096473; NCT00165659,DRUG,investigational_therapeutic_unverified,Therapeutic Drug,investigational therapeutic candidate; drug/biological intervention type with no disqualifying evidence found,rule_classification,medium,True,True
IONIS MAPTRx,ionis maptrx,NCT03186989,DRUG,investigational_therapeutic_unverified,Therapeutic Drug,investigational therapeutic candidate; drug/biological intervention type with no disqualifying evidence found,rule_classification,medium,True,True
AV-1980R 20 µg,av 1980r 20 g,NCT07158905,BIOLOGICAL,uncertain,Needs Review,classify_intervention() could not resolve a confident therapeutic candidate for this intervention,rule_classification,low,False,True
AV-1980R 60 µg,av 1980r 60 g,NCT07158905,BIOLOGICAL,uncertain,Needs Review,classify_intervention() could not resolve a confident therapeutic candidate for this intervention,rule_classification,low,False,True
AV-1980R 180 µg,av 1980r 180 g,NCT07158905,BIOLOGICAL,uncertain,Needs Review,classify_intervention() could not resolve a confident therapeutic candidate for this intervention,rule_classification,low,False,True
risperidone,risperidone,NCT00034762; NCT00073658; NCT00249145; NCT00249158; NCT00253123; NCT00287742,DRUG,investigational_therapeutic_unverified,Therapeutic Drug,investigational therapeutic candidate; drug/biological intervention type with no disqualifying evidence found,rule_classification,medium,True,True
Gemfibrozil,gemfibrozil,NCT02045056,DRUG,investigational_therapeutic_unverified,Therapeutic Drug,investigational therapeutic candidate; drug/biological intervention type with no disqualifying evidence found,rule_classification,medium,True,True
citalopram,citalopram,NCT00073658; NCT00898807,DRUG,investigational_therapeutic_unverified,Therapeutic Drug,investigational therapeutic candidate; drug/biological intervention type with no disqualifying evidence found,rule_classification,medium,True,True
MK-0249 7.5 mg,mk 0249 7 5 mg,NCT00874939,DRUG,investigational_therapeutic_unverified,Therapeutic Drug,investigational therapeutic candidate; drug/biological intervention type with no disqualifying evidence found,rule_classification,medium,True,True
MK-0249 25 mg,mk 0249 25 mg,NCT00874939,DRUG,investigational_therapeutic_unverified,Therapeutic Drug,investigational therapeutic candidate; drug/biological intervention type with no disqualifying evidence found,rule_classification,medium,True,True
Donepezil 5mg,donepezil 5mg,NCT00874939,DRUG,comparator_or_background_therapy,Placebo or Comparator,"approved background/comparator therapy, not the trial's studied candidate",rule_classification,medium,False,False
Placebo to MK-0249,placebo to mk 0249,NCT00874939,DRUG,placebo_or_sham,Placebo or Comparator,placebo/sham/vehicle-control arm,rule_classification,high,False,False
Placebo to Donepezil,placebo to donepezil,NCT00874939,DRUG,placebo_or_sham,Placebo or Comparator,placebo/sham/vehicle-control arm,rule_classification,high,False,False
Fisetin,fisetin,NCT07279714,OTHER,investigational_therapeutic_unverified,Therapeutic Drug,investigational therapeutic candidate; drug/biological intervention type with no disqualifying evidence found,rule_classification,medium,True,True
Emtricitabine (FTC),emtricitabine ftc,NCT07210528,DRUG,uncertain,Needs Review,classify_intervention() could not resolve a confident therapeutic candidate for this intervention,rule_classification,low,False,True
Descovy® (TAF/FTC),descovy taf ftc,NCT07210528,DRUG,uncertain,Needs Review,classify_intervention() could not resolve a confident therapeutic candidate for this intervention,rule_classification,low,False,True
Placebo to Match Emtricitabine 200mg/Tenofovir Alafenamide 25 mg.,placebo to match emtricitabine 200mg tenofovir alafenamide 25 mg,NCT07210528,DRUG,placebo_or_sham,Placebo or Comparator,placebo/sham/vehicle-control arm,rule_classification,high,False,False
"Placebo Capsules to Match Emtricitabine Capsules, 200mg.",placebo capsules to match emtricitabine capsules 200mg,NCT07210528,DRUG,placebo_or_sham,Placebo or Comparator,placebo/sham/vehicle-control arm,rule_classification,high,False,False
Placebo Comparator: Placebo,placebo comparator placebo,NCT04770220,DRUG,placebo_or_sham,Placebo or Comparator,placebo/sham/vehicle-control arm,rule_classification,high,False,False
Medication Therapy Management (MTM),medication therapy management mtm,NCT02849639,OTHER,uncertain,Needs Review,classify_intervention() could not resolve a confident therapeutic candidate for this intervention,rule_classification,low,False,True
Scopolamine patch,scopolamine patch,NCT02849639,DRUG,uncertain,Needs Review,classify_intervention() could not resolve a confident therapeutic candidate for this intervention,rule_classification,low,False,True
Lifezig,lifezig,NCT00759863,BEHAVIORAL,behavioral,Non-Drug Intervention,behavioral/non-drug activity,rule_type,high,False,False
Galantamine hydrobromide,galantamine hydrobromide,NCT00216502; NCT00216593; NCT00236431; NCT00236574; NCT00240695; NCT00253188; NCT00253201; NCT00253214; NCT00253227; NCT00261573; NCT00338117,DRUG,investigational_therapeutic_unverified,Therapeutic Drug,investigational therapeutic candidate; drug/biological intervention type with no disqualifying evidence found,rule_classification,medium,True,True
APH-1105,aph 1105,NCT03806478,DRUG,investigational_therapeutic_unverified,Therapeutic Drug,investigational therapeutic candidate; drug/biological intervention type with no disqualifying evidence found,rule_classification,medium,True,True
CKD-355A (D797/Memantine HCl 20mg),ckd 355a d797 memantine hcl 20mg,NCT03802162,DRUG,comparator_or_background_therapy,Placebo or Comparator,"approved background/comparator therapy, not the trial's studied candidate",rule_classification,medium,False,False
CKD-355B (D797/Memantine HCl 20mg),ckd 355b d797 memantine hcl 20mg,NCT03802162,DRUG,comparator_or_background_therapy,Placebo or Comparator,"approved background/comparator therapy, not the trial's studied candidate",rule_classification,medium,False,False
D797,d797,NCT03802162,DRUG,investigational_therapeutic_unverified,Therapeutic Drug,investigational therapeutic candidate; drug/biological intervention type with no disqualifying evidence found,rule_classification,medium,True,True
D324 (Memantine HCl 10mg),d324 memantine hcl 10mg,NCT03802162,DRUG,comparator_or_background_therapy,Placebo or Comparator,"approved background/comparator therapy, not the trial's studied candidate",rule_classification,medium,False,False
AVP-923-20,avp 923 20,NCT01584440,DRUG,uncertain,Needs Review,classify_intervention() could not resolve a confident therapeutic candidate for this intervention,rule_classification,low,False,True
AVP-923-30,avp 923 30,NCT01584440,DRUG,uncertain,Needs Review,classify_intervention() could not resolve a confident therapeutic candidate for this intervention,rule_classification,low,False,True
PQ912,pq912,NCT03919162; NCT04498650,DRUG,investigational_therapeutic_unverified,Therapeutic Drug,investigational therapeutic candidate; drug/biological intervention type with no disqualifying evidence found,rule_classification,medium,True,True
lorazepam,lorazepam,NCT01780519,DRUG,investigational_therapeutic_unverified,Therapeutic Drug,investigational therapeutic candidate; drug/biological intervention type with no disqualifying evidence found,rule_classification,medium,True,True
Pimavanserin tartrate,pimavanserin tartrate,NCT02035553,DRUG,investigational_therapeutic_unverified,Therapeutic Drug,investigational therapeutic candidate; drug/biological intervention type with no disqualifying evidence found,rule_classification,medium,True,True
[18F]NAV4694,18f nav4694,NCT01680588; NCT01812213; NCT01886820,DRUG,diagnostic_or_imaging_agent,Diagnostic Agent,matches a curated diagnostic/imaging tracer name,rule_classification,high,False,False
Plans4Care,plans4care,NCT07115251,BEHAVIORAL,behavioral,Non-Drug Intervention,behavioral/non-drug activity,rule_type,high,False,False
Dimebon IR Tablet,dimebon ir tablet,NCT00988624,DRUG,investigational_therapeutic_unverified,Therapeutic Drug,investigational therapeutic candidate; drug/biological intervention type with no disqualifying evidence found,rule_classification,medium,True,True
Dimebon MR1,dimebon mr1,NCT00988624,DRUG,investigational_therapeutic_unverified,Therapeutic Drug,investigational therapeutic candidate; drug/biological intervention type with no disqualifying evidence found,rule_classification,medium,True,True
Dimebon MR2,dimebon mr2,NCT00988624,DRUG,investigational_therapeutic_unverified,Therapeutic Drug,investigational therapeutic candidate; drug/biological intervention type with no disqualifying evidence found,rule_classification,medium,True,True
Dimebon MR3,dimebon mr3,NCT00988624,DRUG,investigational_therapeutic_unverified,Therapeutic Drug,investigational therapeutic candidate; drug/biological intervention type with no disqualifying evidence found,rule_classification,medium,True,True
Dimebon MR4,dimebon mr4,NCT00988624,DRUG,investigational_therapeutic_unverified,Therapeutic Drug,investigational therapeutic candidate; drug/biological intervention type with no disqualifying evidence found,rule_classification,medium,True,True
CBT-based program for dementia caregivers,cbt based program for dementia caregivers,NCT01378195,BEHAVIORAL,behavioral,Non-Drug Intervention,behavioral/non-drug activity,rule_type,high,False,False
Educational/Resources program,educational resources program,NCT01378195,BEHAVIORAL,behavioral,Non-Drug Intervention,behavioral/non-drug activity,rule_type,high,False,False
TTYP01 tables 60mg,ttyp01 tables 60mg,NCT07252440,DRUG,uncertain,Needs Review,classify_intervention() could not resolve a confident therapeutic candidate for this intervention,rule_classification,low,False,True
TTYP01 tables 90mg,ttyp01 tables 90mg,NCT07252440,DRUG,uncertain,Needs Review,classify_intervention() could not resolve a confident therapeutic candidate for this intervention,rule_classification,low,False,True
TTYP01 tables 0mg,ttyp01 tables 0mg,NCT07252440,DRUG,uncertain,Needs Review,classify_intervention() could not resolve a confident therapeutic candidate for this intervention,rule_classification,low,False,True
ALZN002 (autologous DCs pulsed with E22W mutant peptide).,alzn002 autologous dcs pulsed with e22w mutant peptide,NCT05834296,BIOLOGICAL,investigational_therapeutic_unverified,Therapeutic Drug,investigational therapeutic candidate; drug/biological intervention type with no disqualifying evidence found,rule_classification,medium,True,True
LNK-754,lnk 754,NCT01013610,DRUG,investigational_therapeutic_unverified,Therapeutic Drug,investigational therapeutic candidate; drug/biological intervention type with no disqualifying evidence found,rule_classification,medium,True,True
LHP588,lhp588,NCT06847321,DRUG,investigational_therapeutic_unverified,Therapeutic Drug,investigational therapeutic candidate; drug/biological intervention type with no disqualifying evidence found,rule_classification,medium,True,True
Placebo Drug,placebo drug,NCT06847321,DRUG,placebo_or_sham,Placebo or Comparator,placebo/sham/vehicle-control arm,rule_classification,high,False,False
dimethyl fumarate,dimethyl fumarate,NCT06850597,DRUG,investigational_therapeutic_unverified,Therapeutic Drug,investigational therapeutic candidate; drug/biological intervention type with no disqualifying evidence found,rule_classification,medium,True,True
Methylphenidate,methylphenidate,NCT01117181; NCT02346201,DRUG,uncertain,Needs Review,classify_intervention() could not resolve a confident therapeutic candidate for this intervention,rule_classification,low,False,True
Psychosocial intervention,psychosocial intervention,NCT01117181,OTHER,uncertain,Needs Review,classify_intervention() could not resolve a confident therapeutic candidate for this intervention,rule_classification,low,False,True
[11C]MeS-IMPY,11c mes impy,NCT00407576,DRUG,investigational_therapeutic_unverified,Therapeutic Drug,investigational therapeutic candidate; drug/biological intervention type with no disqualifying evidence found,rule_classification,medium,True,True
Preventing Loss of Independence through Exercise (PLIE),preventing loss of independence through exercise plie,NCT02350127,BEHAVIORAL,behavioral,Non-Drug Intervention,behavioral/non-drug activity,rule_type,high,False,False
Usual Care,usual care,NCT02350127,BEHAVIORAL,other,Non-Drug Intervention,"non-treatment control arm (e.g. no intervention / untreated / usual care), not a product",rule_classification,high,False,False
oculomotor measurements,oculomotor measurements,NCT01577394,OTHER,investigational_therapeutic_unverified,Therapeutic Drug,investigational therapeutic candidate; drug/biological intervention type with no disqualifying evidence found,rule_classification,medium,True,True
NMRA-323511,nmra 323511,NCT06546995,DRUG,investigational_therapeutic_unverified,Therapeutic Drug,investigational therapeutic candidate; drug/biological intervention type with no disqualifying evidence found,rule_classification,medium,True,True
Dimebon IR,dimebon ir,NCT00990613,DRUG,investigational_therapeutic_unverified,Therapeutic Drug,investigational therapeutic candidate; drug/biological intervention type with no disqualifying evidence found,rule_classification,medium,True,True
Dimebon Transdermal,dimebon transdermal,NCT00990613,DRUG,investigational_therapeutic_unverified,Therapeutic Drug,investigational therapeutic candidate; drug/biological intervention type with no disqualifying evidence found,rule_classification,medium,True,True
alprazolam,alprazolam,NCT00975481,DRUG,uncertain,Needs Review,classify_intervention() could not resolve a confident therapeutic candidate for this intervention,rule_classification,low,False,True
Dimebon alone,dimebon alone,NCT00931073,DRUG,investigational_therapeutic_unverified,Therapeutic Drug,investigational therapeutic candidate; drug/biological intervention type with no disqualifying evidence found,rule_classification,medium,True,True
Dimebon + Ketoconazole,dimebon ketoconazole,NCT00931073,DRUG,investigational_therapeutic_unverified,Therapeutic Drug,investigational therapeutic candidate; drug/biological intervention type with no disqualifying evidence found,rule_classification,medium,True,True
Dimebon + Omeprazole,dimebon omeprazole,NCT00931073,DRUG,investigational_therapeutic_unverified,Therapeutic Drug,investigational therapeutic candidate; drug/biological intervention type with no disqualifying evidence found,rule_classification,medium,True,True
"Cocktail mix (Caffeine, Bupropion, Rosiglitazone, Omeprazole, Midazolam, Bilirubin)",cocktail mix caffeine bupropion rosiglitazone omeprazole midazolam bilirubin,NCT00692510,DRUG,investigational_therapeutic_unverified,Therapeutic Drug,investigational therapeutic candidate; drug/biological intervention type with no disqualifying evidence found,rule_classification,medium,True,True
Meditation,meditation,NCT00558402,BEHAVIORAL,behavioral,Non-Drug Intervention,behavioral/non-drug activity,rule_type,high,False,False
Education,education,NCT00558402,BEHAVIORAL,behavioral,Non-Drug Intervention,behavioral/non-drug activity,rule_type,high,False,False
Respite only,respite only,NCT00558402,BEHAVIORAL,behavioral,Non-Drug Intervention,behavioral/non-drug activity,rule_type,high,False,False
Acupuncture,acupuncture,NCT01055561,OTHER,investigational_therapeutic_unverified,Therapeutic Drug,investigational therapeutic candidate; drug/biological intervention type with no disqualifying evidence found,rule_classification,medium,True,True
Leronlimab (700mg),leronlimab 700mg,NCT07553338,DRUG,investigational_therapeutic_unverified,Therapeutic Drug,investigational therapeutic candidate; drug/biological intervention type with no disqualifying evidence found,rule_classification,medium,True,True
Circadin,circadin,NCT00940589,DRUG,investigational_therapeutic_unverified,Therapeutic Drug,investigational therapeutic candidate; drug/biological intervention type with no disqualifying evidence found,rule_classification,medium,True,True
CellREADY® drug product IV dose of 50 millions,cellready drug product iv dose of 50 millions,NCT07367815,DRUG,uncertain,Needs Review,classify_intervention() could not resolve a confident therapeutic candidate for this intervention,rule_classification,low,False,True
CellREADY® drug product IV dose of 100 millions,cellready drug product iv dose of 100 millions,NCT07367815,DRUG,uncertain,Needs Review,classify_intervention() could not resolve a confident therapeutic candidate for this intervention,rule_classification,low,False,True
cerebral RMI,cerebral rmi,NCT07367815,DIAGNOSTIC_TEST,uncertain,Diagnostic Agent,intervention type is DIAGNOSTIC_TEST,rule_type,medium,False,True
PET scan,pet scan,NCT07367815,DIAGNOSTIC_TEST,procedure,Non-Drug Intervention,clinical procedure or imaging exam,rule_type,high,False,False
Ginkgo biloba,ginkgo biloba,NCT00010803,DRUG,investigational_therapeutic_unverified,Therapeutic Drug,investigational therapeutic candidate; drug/biological intervention type with no disqualifying evidence found,rule_classification,medium,True,True
[F-18]PBR06,f 18 pbr06,NCT02649985,DRUG,uncertain,Needs Review,classify_intervention() could not resolve a confident therapeutic candidate for this intervention,rule_classification,low,False,True
[C-11]PBR28,c 11 pbr28,NCT02649985,DRUG,investigational_therapeutic_unverified,Therapeutic Drug,investigational therapeutic candidate; drug/biological intervention type with no disqualifying evidence found,rule_classification,medium,True,True
MP-101,mp 101,NCT03044249,DRUG,investigational_therapeutic_unverified,Therapeutic Drug,investigational therapeutic candidate; drug/biological intervention type with no disqualifying evidence found,rule_classification,medium,True,True
DHP1401,dhp1401,NCT03055741,DRUG,investigational_therapeutic_unverified,Therapeutic Drug,investigational therapeutic candidate; drug/biological intervention type with no disqualifying evidence found,rule_classification,medium,True,True
tributyrin,tributyrin,NCT06797817,DIETARY_SUPPLEMENT,investigational_therapeutic_unverified,Non-Drug Intervention,dietary supplement / nutraceutical — excluded from the default therapeutic view unless curated as a genuine investigational program (data/reference/intervention_scope_overrides.csv),rule_type,medium,False,False
Lithium,lithium,NCT00088387; NCT02129348,DRUG,investigational_therapeutic_unverified,Therapeutic Drug,investigational therapeutic candidate; drug/biological intervention type with no disqualifying evidence found,rule_classification,medium,True,True
Placebo oral tablet,placebo oral tablet,NCT01862640; NCT03234686; NCT03274817; NCT03486938; NCT03489044; NCT03860935; NCT03991988; NCT04079803; NCT04098666; NCT06563895,DRUG,placebo_or_sham,Placebo or Comparator,placebo/sham/vehicle-control arm,rule_classification,high,False,False
extended release metformin,extended release metformin,NCT04098666,DRUG,investigational_therapeutic_unverified,Therapeutic Drug,investigational therapeutic candidate; drug/biological intervention type with no disqualifying evidence found,rule_classification,medium,True,True
BAC,bac,NCT02467413,DRUG,uncertain,Needs Review,classify_intervention() could not resolve a confident therapeutic candidate for this intervention,rule_classification,low,False,True
BAC Matched Vehicle,bac matched vehicle,NCT02467413,OTHER,uncertain,Needs Review,classify_intervention() could not resolve a confident therapeutic candidate for this intervention,rule_classification,low,False,True
Verubecestat 12 mg (Parts 1 and 2),verubecestat 12 mg parts 1 and 2,NCT01953601,DRUG,investigational_therapeutic_unverified,Therapeutic Drug,investigational therapeutic candidate; drug/biological intervention type with no disqualifying evidence found,rule_classification,medium,True,True
Verubecestat 40 mg (Parts 1 and 2),verubecestat 40 mg parts 1 and 2,NCT01953601,DRUG,investigational_therapeutic_unverified,Therapeutic Drug,investigational therapeutic candidate; drug/biological intervention type with no disqualifying evidence found,rule_classification,medium,True,True
Placebo (Part 1),placebo part 1,NCT01953601,OTHER,placebo_or_sham,Placebo or Comparator,placebo/sham/vehicle-control arm,rule_classification,high,False,False
Prazosin,prazosin,NCT03710642,DRUG,investigational_therapeutic_unverified,Therapeutic Drug,investigational therapeutic candidate; drug/biological intervention type with no disqualifying evidence found,rule_classification,medium,True,True
Placebo oral capsule,placebo oral capsule,NCT03605667; NCT03710642; NCT03752463; NCT03790709; NCT03875638,DRUG,placebo_or_sham,Placebo or Comparator,placebo/sham/vehicle-control arm,rule_classification,high,False,False
Formoterol A,formoterol a,NCT02500784,DRUG,investigational_therapeutic_unverified,Therapeutic Drug,investigational therapeutic candidate; drug/biological intervention type with no disqualifying evidence found,rule_classification,medium,True,True
Formoterol B (placebo),formoterol b placebo,NCT02500784,OTHER,placebo_or_sham,Placebo or Comparator,placebo/sham/vehicle-control arm,rule_classification,high,False,False
Daridorexant 50 mg,daridorexant 50 mg,NCT06630390; NCT07213349; NCT07217912,DRUG,investigational_therapeutic_unverified,Therapeutic Drug,investigational therapeutic candidate; drug/biological intervention type with no disqualifying evidence found,rule_classification,medium,True,True
Galcanezumab,galcanezumab,NCT07323927,DRUG,investigational_therapeutic_unverified,Therapeutic Drug,investigational therapeutic candidate; drug/biological intervention type with no disqualifying evidence found,rule_classification,medium,True,True
xaliproden (SR57746A),xaliproden sr57746a,NCT00103649; NCT00104013,DRUG,investigational_therapeutic_unverified,Therapeutic Drug,investigational therapeutic candidate; drug/biological intervention type with no disqualifying evidence found,rule_classification,medium,True,True
Semaglutide (Rybelsus®) combined with other interventions,semaglutide rybelsus combined with other interventions,NCT07135245,DRUG,investigational_therapeutic_unverified,Therapeutic Drug,investigational therapeutic candidate; drug/biological intervention type with no disqualifying evidence found,rule_classification,medium,True,True
Semaglutide (Rybelsus®),semaglutide rybelsus,NCT07135245; NCT07200622,DRUG,investigational_therapeutic_unverified,Therapeutic Drug,investigational therapeutic candidate; drug/biological intervention type with no disqualifying evidence found,rule_classification,medium,True,True
a positon emission tomography (PET) exam,a positon emission tomography pet exam,NCT07007208,DRUG,uncertain,Needs Review,classify_intervention() could not resolve a confident therapeutic candidate for this intervention,rule_classification,low,False,True
MRI Contrast,mri contrast,NCT07007208,OTHER,procedure,Non-Drug Intervention,clinical procedure or imaging exam,rule_type,high,False,False
oculometry assessment,oculometry assessment,NCT07007208,OTHER,uncertain,Needs Review,classify_intervention() could not resolve a confident therapeutic candidate for this intervention,rule_classification,low,False,True
cognitive exams,cognitive exams,NCT07007208,OTHER,uncertain,Needs Review,classify_intervention() could not resolve a confident therapeutic candidate for this intervention,rule_classification,low,False,True
BIIB076,biib076,NCT03056729,DRUG,investigational_therapeutic_unverified,Therapeutic Drug,investigational therapeutic candidate; drug/biological intervention type with no disqualifying evidence found,rule_classification,medium,True,True
ONO-2020,ono 2020,NCT06803823; NCT06881836,DRUG,investigational_therapeutic_unverified,Therapeutic Drug,investigational therapeutic candidate; drug/biological intervention type with no disqualifying evidence found,rule_classification,medium,True,True
NS 2330 (Tesofensine),ns 2330 tesofensine,NCT00153010,DRUG,investigational_therapeutic_unverified,Therapeutic Drug,investigational therapeutic candidate; drug/biological intervention type with no disqualifying evidence found,rule_classification,medium,True,True
Ozanimod,ozanimod,NCT06862960,DRUG,uncertain,Needs Review,classify_intervention() could not resolve a confident therapeutic candidate for this intervention,rule_classification,low,False,True
Conventional medication,conventional medication,NCT06862960,DRUG,uncertain,Needs Review,classify_intervention() could not resolve a confident therapeutic candidate for this intervention,rule_classification,low,False,True
Sodium Pentaborate Pentahydrate,sodium pentaborate pentahydrate,NCT06840054,DRUG,investigational_therapeutic_unverified,Therapeutic Drug,investigational therapeutic candidate; drug/biological intervention type with no disqualifying evidence found,rule_classification,medium,True,True
DUVAX 200 µg,duvax 200 g,NCT07142278,BIOLOGICAL,uncertain,Needs Review,classify_intervention() could not resolve a confident therapeutic candidate for this intervention,rule_classification,low,False,True
DUVAX 400 µg,duvax 400 g,NCT07142278,BIOLOGICAL,uncertain,Needs Review,classify_intervention() could not resolve a confident therapeutic candidate for this intervention,rule_classification,low,False,True
Placebo (Adjuvant only),placebo adjuvant only,NCT07142278,BIOLOGICAL,placebo_or_sham,Placebo or Comparator,placebo/sham/vehicle-control arm,rule_classification,high,False,False
RB-ADSC,rb adsc,NCT05667649; NCT07205601; NCT07373067,BIOLOGICAL,investigational_therapeutic_unverified,Therapeutic Drug,investigational therapeutic candidate; drug/biological intervention type with no disqualifying evidence found,rule_classification,medium,True,True
Placebo (Study Part 1a),placebo study part 1a,NCT05462106,BIOLOGICAL,placebo_or_sham,Placebo or Comparator,placebo/sham/vehicle-control arm,rule_classification,high,False,False
ACI-24.060 at Dose A in Study Part 1a,aci 24 060 at dose a in study part 1a,NCT05462106,BIOLOGICAL,uncertain,Needs Review,classify_intervention() could not resolve a confident therapeutic candidate for this intervention,rule_classification,low,False,True
ACI-24.060 at Dose B in Study Part 1a,aci 24 060 at dose b in study part 1a,NCT05462106,BIOLOGICAL,uncertain,Needs Review,classify_intervention() could not resolve a confident therapeutic candidate for this intervention,rule_classification,low,False,True
ACI-24.060 at Dose C in Study Part 1a,aci 24 060 at dose c in study part 1a,NCT05462106,BIOLOGICAL,uncertain,Needs Review,classify_intervention() could not resolve a confident therapeutic candidate for this intervention,rule_classification,low,False,True
ACI-24.060 with an additional adjuvant at Dose D in Study Part 1b,aci 24 060 with an additional adjuvant at dose d in study part 1b,NCT05462106,BIOLOGICAL,uncertain,Needs Review,classify_intervention() could not resolve a confident therapeutic candidate for this intervention,rule_classification,low,False,True
Placebo (Study Part 2),placebo study part 2,NCT05462106,BIOLOGICAL,placebo_or_sham,Placebo or Comparator,placebo/sham/vehicle-control arm,rule_classification,high,False,False
ACI-24.060 at Dose A in Study Part 2,aci 24 060 at dose a in study part 2,NCT05462106,BIOLOGICAL,uncertain,Needs Review,classify_intervention() could not resolve a confident therapeutic candidate for this intervention,rule_classification,low,False,True
ACI-24.060 at Dose B in Study Part 2,aci 24 060 at dose b in study part 2,NCT05462106,BIOLOGICAL,uncertain,Needs Review,classify_intervention() could not resolve a confident therapeutic candidate for this intervention,rule_classification,low,False,True
ACI-24.060 at Dose C in Study Part 2,aci 24 060 at dose c in study part 2,NCT05462106,BIOLOGICAL,uncertain,Needs Review,classify_intervention() could not resolve a confident therapeutic candidate for this intervention,rule_classification,low,False,True
Placebo (Study Part 1b),placebo study part 1b,NCT05462106,BIOLOGICAL,placebo_or_sham,Placebo or Comparator,placebo/sham/vehicle-control arm,rule_classification,high,False,False
ACI-24.060 with an additional adjuvant at Dose E in Study Part 1b,aci 24 060 with an additional adjuvant at dose e in study part 1b,NCT05462106,BIOLOGICAL,uncertain,Needs Review,classify_intervention() could not resolve a confident therapeutic candidate for this intervention,rule_classification,low,False,True
[18F]Flortaucipir Injection,18f flortaucipir injection,NCT07580703,DRUG,diagnostic_or_imaging_agent,Diagnostic Agent,matches a curated diagnostic/imaging tracer name,rule_classification,high,False,False
Cannabis,cannabis,NCT06570928,OTHER,investigational_therapeutic_unverified,Therapeutic Drug,investigational therapeutic candidate; drug/biological intervention type with no disqualifying evidence found,rule_classification,medium,True,True
Wei Li Bai capsules,wei li bai capsules,NCT05670912,DRUG,investigational_therapeutic_unverified,Therapeutic Drug,investigational therapeutic candidate; drug/biological intervention type with no disqualifying evidence found,rule_classification,medium,True,True
Placebo Comparator of Wei Li Bai capsules,placebo comparator of wei li bai capsules,NCT05670912,DRUG,placebo_or_sham,Placebo or Comparator,placebo/sham/vehicle-control arm,rule_classification,high,False,False
Zolpidem,zolpidem,NCT03075241,DRUG,uncertain,Needs Review,classify_intervention() could not resolve a confident therapeutic candidate for this intervention,rule_classification,low,False,True
Zoplicone,zoplicone,NCT03075241,DRUG,uncertain,Needs Review,classify_intervention() could not resolve a confident therapeutic candidate for this intervention,rule_classification,low,False,True
Sargramostim,sargramostim,NCT04902703,DRUG,investigational_therapeutic_unverified,Therapeutic Drug,investigational therapeutic candidate; drug/biological intervention type with no disqualifying evidence found,rule_classification,medium,True,True
tadalafil,tadalafil,NCT07172815,DRUG,investigational_therapeutic_unverified,Therapeutic Drug,investigational therapeutic candidate; drug/biological intervention type with no disqualifying evidence found,rule_classification,medium,True,True
Deferiprone 600mg delayed release tablets,deferiprone 600mg delayed release tablets,NCT03234686,DRUG,investigational_therapeutic_unverified,Therapeutic Drug,investigational therapeutic candidate; drug/biological intervention type with no disqualifying evidence found,rule_classification,medium,True,True
Far Infrared Radiation (5μm to 20μm wavelength),far infrared radiation 5 m to 20 m wavelength,NCT00599469,RADIATION,procedure,Non-Drug Intervention,RADIATION-type intervention with no imaging evidence in its name — confirm manually,rule_type,low,False,True
pioglitazone,pioglitazone,NCT00982202; NCT01931566; NCT02284906,DRUG,investigational_therapeutic_unverified,Therapeutic Drug,investigational therapeutic candidate; drug/biological intervention type with no disqualifying evidence found,rule_classification,medium,True,True
P-tau217 Test,p tau217 test,NCT07142954,OTHER,investigational_therapeutic_unverified,Therapeutic Drug,investigational therapeutic candidate; drug/biological intervention type with no disqualifying evidence found,rule_classification,medium,True,True
11C-L-deprenyl-D2,11c l deprenyl d2,NCT01701089,DRUG,uncertain,Needs Review,classify_intervention() could not resolve a confident therapeutic candidate for this intervention,rule_classification,low,False,True
[18F]F-AraG (PET tracer),18f f arag pet tracer,NCT07611357,DRUG,diagnostic_or_imaging_agent,Diagnostic Agent,matches a curated diagnostic/imaging tracer name,rule_classification,high,False,False
[11C]RO6924963,11c ro6924963,NCT02187627,DRUG,uncertain,Needs Review,classify_intervention() could not resolve a confident therapeutic candidate for this intervention,rule_classification,low,False,True
[11C]RO6931643,11c ro6931643,NCT02187627,DRUG,uncertain,Needs Review,classify_intervention() could not resolve a confident therapeutic candidate for this intervention,rule_classification,low,False,True
18F-FDG,18f fdg,NCT01890343,DRUG,diagnostic_or_imaging_agent,Diagnostic Agent,matches a curated diagnostic/imaging tracer name,rule_classification,high,False,False
Hydralazine hydrochloride 25mg tablets,hydralazine hydrochloride 25mg tablets,NCT04842552,DRUG,investigational_therapeutic_unverified,Therapeutic Drug,investigational therapeutic candidate; drug/biological intervention type with no disqualifying evidence found,rule_classification,medium,True,True
Protollin,protollin,NCT07187141,DRUG,investigational_therapeutic_unverified,Therapeutic Drug,investigational therapeutic candidate; drug/biological intervention type with no disqualifying evidence found,rule_classification,medium,True,True
Probiotic,probiotic,NCT07413744,DRUG,investigational_therapeutic_unverified,Therapeutic Drug,investigational therapeutic candidate; drug/biological intervention type with no disqualifying evidence found,rule_classification,medium,True,True
ACU193,acu193,NCT04931459,DRUG,investigational_therapeutic_unverified,Therapeutic Drug,investigational therapeutic candidate; drug/biological intervention type with no disqualifying evidence found,rule_classification,medium,True,True
Alzheimer Disease (AD),alzheimer disease ad,NCT06619613,BIOLOGICAL,investigational_therapeutic_unverified,Therapeutic Drug,investigational therapeutic candidate; drug/biological intervention type with no disqualifying evidence found,rule_classification,medium,True,True
Masupirdine 50 mg,masupirdine 50 mg,NCT05397639,DRUG,uncertain,Needs Review,classify_intervention() could not resolve a confident therapeutic candidate for this intervention,rule_classification,low,False,True
Masupirdine 100 mg,masupirdine 100 mg,NCT05397639,DRUG,uncertain,Needs Review,classify_intervention() could not resolve a confident therapeutic candidate for this intervention,rule_classification,low,False,True
Active TMS,active tms,NCT04482179,DEVICE,device,Non-Drug Intervention,intervention type is DEVICE,rule_type,high,False,False
CILT,cilt,NCT04482179,BEHAVIORAL,behavioral,Non-Drug Intervention,behavioral/non-drug activity,rule_type,high,False,False
Sham TMS,sham tms,NCT04482179,DEVICE,placebo_or_sham,Placebo or Comparator,placebo/sham/vehicle-control arm,rule_classification,high,False,False
TML-6,tml 6,NCT07612150,DRUG,investigational_therapeutic_unverified,Therapeutic Drug,investigational therapeutic candidate; drug/biological intervention type with no disqualifying evidence found,rule_classification,medium,True,True
N-hydroxy-N'-phenyl-octanediamide (Vorinostat),n hydroxy n phenyl octanediamide vorinostat,NCT03056495,DRUG,investigational_therapeutic_unverified,Therapeutic Drug,investigational therapeutic candidate; drug/biological intervention type with no disqualifying evidence found,rule_classification,medium,True,True
Combined metabolic activators,combined metabolic activators,NCT07062198,DRUG,uncertain,Needs Review,classify_intervention() could not resolve a confident therapeutic candidate for this intervention,rule_classification,low,False,True
Collagen and maltodextrin,collagen and maltodextrin,NCT07062198,OTHER,uncertain,Needs Review,classify_intervention() could not resolve a confident therapeutic candidate for this intervention,rule_classification,low,False,True
Cannabis 50 mg of CBD and 5 mg of THC,cannabis 50 mg of cbd and 5 mg of thc,NCT07091747,OTHER,investigational_therapeutic_unverified,Therapeutic Drug,investigational therapeutic candidate; drug/biological intervention type with no disqualifying evidence found,rule_classification,medium,True,True
ASN51,asn51,NCT04759365; NCT06677203,DRUG,investigational_therapeutic_unverified,Therapeutic Drug,investigational therapeutic candidate; drug/biological intervention type with no disqualifying evidence found,rule_classification,medium,True,True
Extended Release Niacin,extended release niacin,NCT06582706,DRUG,investigational_therapeutic_unverified,Therapeutic Drug,investigational therapeutic candidate; drug/biological intervention type with no disqualifying evidence found,rule_classification,medium,True,True
NirsCure with Lecanemab,nirscure with lecanemab,NCT06992804,OTHER,investigational_therapeutic_unverified,Therapeutic Drug,investigational therapeutic candidate; drug/biological intervention type with no disqualifying evidence found,rule_classification,medium,True,True
sham NirsCure with Lecanemab,sham nirscure with lecanemab,NCT06992804,OTHER,placebo_or_sham,Placebo or Comparator,placebo/sham/vehicle-control arm,rule_classification,high,False,False
BnH-015B 5 mg,bnh 015b 5 mg,NCT06535308,DRUG,investigational_therapeutic_unverified,Therapeutic Drug,investigational therapeutic candidate; drug/biological intervention type with no disqualifying evidence found,rule_classification,medium,True,True
BnH-015B 10 mg,bnh 015b 10 mg,NCT06535308,DRUG,investigational_therapeutic_unverified,Therapeutic Drug,investigational therapeutic candidate; drug/biological intervention type with no disqualifying evidence found,rule_classification,medium,True,True
BnH-015B 20 mg,bnh 015b 20 mg,NCT06535308,DRUG,investigational_therapeutic_unverified,Therapeutic Drug,investigational therapeutic candidate; drug/biological intervention type with no disqualifying evidence found,rule_classification,medium,True,True
BnH-015B 40 mg (Dietary impact),bnh 015b 40 mg dietary impact,NCT06535308,DRUG,investigational_therapeutic_unverified,Therapeutic Drug,investigational therapeutic candidate; drug/biological intervention type with no disqualifying evidence found,rule_classification,medium,True,True
BnH-015B 40 mg,bnh 015b 40 mg,NCT06535308,DRUG,investigational_therapeutic_unverified,Therapeutic Drug,investigational therapeutic candidate; drug/biological intervention type with no disqualifying evidence found,rule_classification,medium,True,True
BnH-015B 80 mg,bnh 015b 80 mg,NCT06535308,DRUG,investigational_therapeutic_unverified,Therapeutic Drug,investigational therapeutic candidate; drug/biological intervention type with no disqualifying evidence found,rule_classification,medium,True,True
BnH-015B 160 mg,bnh 015b 160 mg,NCT06535308,DRUG,investigational_therapeutic_unverified,Therapeutic Drug,investigational therapeutic candidate; drug/biological intervention type with no disqualifying evidence found,rule_classification,medium,True,True
BnH-015B 40 mg (MAD),bnh 015b 40 mg mad,NCT06535308,DRUG,investigational_therapeutic_unverified,Therapeutic Drug,investigational therapeutic candidate; drug/biological intervention type with no disqualifying evidence found,rule_classification,medium,True,True
BnH-015B 80 mg (MAD),bnh 015b 80 mg mad,NCT06535308,DRUG,investigational_therapeutic_unverified,Therapeutic Drug,investigational therapeutic candidate; drug/biological intervention type with no disqualifying evidence found,rule_classification,medium,True,True
BnH-015B 40 mg (Part II),bnh 015b 40 mg part ii,NCT06535308,DRUG,investigational_therapeutic_unverified,Therapeutic Drug,investigational therapeutic candidate; drug/biological intervention type with no disqualifying evidence found,rule_classification,medium,True,True
BnH-015B 80 mg (Part II),bnh 015b 80 mg part ii,NCT06535308,DRUG,investigational_therapeutic_unverified,Therapeutic Drug,investigational therapeutic candidate; drug/biological intervention type with no disqualifying evidence found,rule_classification,medium,True,True
BnH-015B Placebo (Part II),bnh 015b placebo part ii,NCT06535308,DRUG,placebo_or_sham,Placebo or Comparator,placebo/sham/vehicle-control arm,rule_classification,high,False,False
Neural Stem Cell-Derived Exosomes,neural stem cell derived exosomes,NCT07554872,BIOLOGICAL,investigational_therapeutic_unverified,Therapeutic Drug,investigational therapeutic candidate; drug/biological intervention type with no disqualifying evidence found,rule_classification,medium,True,True
LY3439539,ly3439539,NCT07598370,DRUG,investigational_therapeutic_unverified,Therapeutic Drug,investigational therapeutic candidate; drug/biological intervention type with no disqualifying evidence found,rule_classification,medium,True,True
Panax Ginseng,panax ginseng,NCT00391833,DRUG,investigational_therapeutic_unverified,Therapeutic Drug,investigational therapeutic candidate; drug/biological intervention type with no disqualifying evidence found,rule_classification,medium,True,True
Lemborexant 10 mg,lemborexant 10 mg,NCT03001557; NCT06274528,DRUG,investigational_therapeutic_unverified,Therapeutic Drug,investigational therapeutic candidate; drug/biological intervention type with no disqualifying evidence found,rule_classification,medium,True,True
Lemborexant 20mg,lemborexant 20mg,NCT06274528,DRUG,investigational_therapeutic_unverified,Therapeutic Drug,investigational therapeutic candidate; drug/biological intervention type with no disqualifying evidence found,rule_classification,medium,True,True
"Comprehensive, CBT-based, multi-component treatment",comprehensive cbt based multi component treatment,NCT01273272,BEHAVIORAL,behavioral,Non-Drug Intervention,behavioral/non-drug activity,rule_type,high,False,False
Treatment as usual,treatment as usual,NCT01273272,BEHAVIORAL,behavioral,Non-Drug Intervention,behavioral/non-drug activity,rule_type,high,False,False
Crenezumab dose level 1,crenezumab dose level 1,NCT02353598,DRUG,investigational_therapeutic_unverified,Therapeutic Drug,investigational therapeutic candidate; drug/biological intervention type with no disqualifying evidence found,rule_classification,medium,True,True
Crenezumab dose level 2,crenezumab dose level 2,NCT02353598,DRUG,investigational_therapeutic_unverified,Therapeutic Drug,investigational therapeutic candidate; drug/biological intervention type with no disqualifying evidence found,rule_classification,medium,True,True
Crenezumb dose level 3,crenezumb dose level 3,NCT02353598,DRUG,uncertain,Needs Review,classify_intervention() could not resolve a confident therapeutic candidate for this intervention,rule_classification,low,False,True
AMDX-2011P,amdx 2011p,NCT06514001,DRUG,investigational_therapeutic_unverified,Therapeutic Drug,investigational therapeutic candidate; drug/biological intervention type with no disqualifying evidence found,rule_classification,medium,True,True
ADAS-Cog evaluation,adas cog evaluation,NCT02377206,OTHER,investigational_therapeutic_unverified,Therapeutic Drug,investigational therapeutic candidate; drug/biological intervention type with no disqualifying evidence found,rule_classification,medium,True,True
Near infrared light therapy,near infrared light therapy,NCT06836180,DEVICE,device,Non-Drug Intervention,intervention type is DEVICE,rule_type,high,False,False
Repetitive Transcranial Magnetic Coil Stimulation (rTMS),repetitive transcranial magnetic coil stimulation rtms,NCT00814697,DEVICE,device,Non-Drug Intervention,intervention type is DEVICE,rule_type,high,False,False
SONOCLOUD®,sonocloud,NCT03119961,DEVICE,device,Non-Drug Intervention,intervention type is DEVICE,rule_type,high,False,False
Bumetanide,bumetanide,NCT06052163,DRUG,investigational_therapeutic_unverified,Therapeutic Drug,investigational therapeutic candidate; drug/biological intervention type with no disqualifying evidence found,rule_classification,medium,True,True
Astragalus Membranaceus Root,astragalus membranaceus root,NCT06694597,DRUG,investigational_therapeutic_unverified,Therapeutic Drug,investigational therapeutic candidate; drug/biological intervention type with no disqualifying evidence found,rule_classification,medium,True,True
Intravenous infusion of mononuclear cells from umbilical cord blood,intravenous infusion of mononuclear cells from umbilical cord blood,NCT07208344,BIOLOGICAL,investigational_therapeutic_unverified,Therapeutic Drug,investigational therapeutic candidate; drug/biological intervention type with no disqualifying evidence found,rule_classification,medium,True,True
"Conventional medical treatment：donepezil, rivastigmine or galantamine",conventional medical treatment donepezil rivastigmine or galantamine,NCT07208344,DRUG,uncertain,Needs Review,classify_intervention() could not resolve a confident therapeutic candidate for this intervention,rule_classification,low,False,True
Trazodone,trazodone,NCT00000179; NCT01142258; NCT05282550,DRUG,investigational_therapeutic_unverified,Therapeutic Drug,investigational therapeutic candidate; drug/biological intervention type with no disqualifying evidence found,rule_classification,medium,True,True
Mevidalen,mevidalen,NCT06538116,DRUG,investigational_therapeutic_unverified,Therapeutic Drug,investigational therapeutic candidate; drug/biological intervention type with no disqualifying evidence found,rule_classification,medium,True,True
ARO-MAPT-SC,aro mapt sc,NCT07221344,DRUG,investigational_therapeutic_unverified,Therapeutic Drug,investigational therapeutic candidate; drug/biological intervention type with no disqualifying evidence found,rule_classification,medium,True,True
JNJ-64042056,jnj 64042056,NCT06544616,DRUG,investigational_therapeutic_unverified,Therapeutic Drug,investigational therapeutic candidate; drug/biological intervention type with no disqualifying evidence found,rule_classification,medium,True,True
IGC-AD1-Active,igc ad1 active,NCT05543681,DRUG,investigational_therapeutic_unverified,Therapeutic Drug,investigational therapeutic candidate; drug/biological intervention type with no disqualifying evidence found,rule_classification,medium,True,True
IGC-AD1-Placebo,igc ad1 placebo,NCT05543681,DRUG,placebo_or_sham,Placebo or Comparator,placebo/sham/vehicle-control arm,rule_classification,high,False,False
Pepinemab,pepinemab,NCT04381468,DRUG,investigational_therapeutic_unverified,Therapeutic Drug,investigational therapeutic candidate; drug/biological intervention type with no disqualifying evidence found,rule_classification,medium,True,True
Trehalose,trehalose,NCT04663854,DRUG,investigational_therapeutic_unverified,Therapeutic Drug,investigational therapeutic candidate; drug/biological intervention type with no disqualifying evidence found,rule_classification,medium,True,True
"Deep Brain Stimulation, DBS",deep brain stimulation dbs,NCT07094438,PROCEDURE,procedure,Non-Drug Intervention,clinical procedure or imaging exam,rule_type,high,False,False
"Deep cervical lymphatic-venous anastomosis, LVA",deep cervical lymphatic venous anastomosis lva,NCT07094438,PROCEDURE,procedure,Non-Drug Intervention,clinical procedure or imaging exam,rule_type,high,False,False
Recognized pharmacological treatments for AD.,recognized pharmacological treatments for ad,NCT07094438,DRUG,investigational_therapeutic_unverified,Therapeutic Drug,investigational therapeutic candidate; drug/biological intervention type with no disqualifying evidence found,rule_classification,medium,True,True
NSC001,nsc001,NCT06995573,DRUG,investigational_therapeutic_unverified,Therapeutic Drug,investigational therapeutic candidate; drug/biological intervention type with no disqualifying evidence found,rule_classification,medium,True,True
LX1001,lx1001,NCT03634007; NCT05400330,BIOLOGICAL,investigational_therapeutic_unverified,Therapeutic Drug,investigational therapeutic candidate; drug/biological intervention type with no disqualifying evidence found,rule_classification,medium,True,True
SNK01,snk01,NCT04678453; NCT06189963; NCT07228078,BIOLOGICAL,investigational_therapeutic_unverified,Therapeutic Drug,investigational therapeutic candidate; drug/biological intervention type with no disqualifying evidence found,rule_classification,medium,True,True
VRCT,vrct,NCT05788848,BEHAVIORAL,behavioral,Non-Drug Intervention,behavioral/non-drug activity,rule_type,high,False,False
Rotigotine 4Mg/24Hrs Patch,rotigotine 4mg 24hrs patch,NCT06702124,DRUG,investigational_therapeutic_unverified,Therapeutic Drug,investigational therapeutic candidate; drug/biological intervention type with no disqualifying evidence found,rule_classification,medium,True,True
Sirolimus,sirolimus,NCT06022068,DRUG,investigational_therapeutic_unverified,Therapeutic Drug,investigational therapeutic candidate; drug/biological intervention type with no disqualifying evidence found,rule_classification,medium,True,True
etanercept and repeated contrast ultrasound,etanercept and repeated contrast ultrasound,NCT06585384,COMBINATION_PRODUCT,investigational_therapeutic_unverified,Therapeutic Drug,"combination product name contains a recognized investigational/known compound — therapeutic component preserved, but the combined name still needs a human check",rule_keyword,medium,True,True
Masitinib (4.5),masitinib 4 5,NCT05564169,DRUG,investigational_therapeutic_unverified,Therapeutic Drug,investigational therapeutic candidate; drug/biological intervention type with no disqualifying evidence found,rule_classification,medium,True,True
Standard of care,standard of care,NCT01872598; NCT05564169,DRUG,other,Non-Drug Intervention,"non-treatment control arm (e.g. no intervention / untreated / usual care), not a product",rule_classification,high,False,False
Estrogen and Progesterone,estrogen and progesterone,NCT00000176,DRUG,investigational_therapeutic_unverified,Therapeutic Drug,investigational therapeutic candidate; drug/biological intervention type with no disqualifying evidence found,rule_classification,medium,True,True
LY4006895,ly4006895,NCT06657768,DRUG,investigational_therapeutic_unverified,Therapeutic Drug,investigational therapeutic candidate; drug/biological intervention type with no disqualifying evidence found,rule_classification,medium,True,True
11C-ER176,11c er176,NCT03744312; NCT03958630; NCT04576793; NCT04840979; NCT06384378,DRUG,investigational_therapeutic_unverified,Therapeutic Drug,investigational therapeutic candidate; drug/biological intervention type with no disqualifying evidence found,rule_classification,medium,True,True
15mg T3D-959,15mg t3d 959,NCT04251182,DRUG,investigational_therapeutic_unverified,Therapeutic Drug,investigational therapeutic candidate; drug/biological intervention type with no disqualifying evidence found,rule_classification,medium,True,True
30 mg T3D-959,30 mg t3d 959,NCT04251182,DRUG,investigational_therapeutic_unverified,Therapeutic Drug,investigational therapeutic candidate; drug/biological intervention type with no disqualifying evidence found,rule_classification,medium,True,True
45 mg T3D-959,45 mg t3d 959,NCT04251182,DRUG,investigational_therapeutic_unverified,Therapeutic Drug,investigational therapeutic candidate; drug/biological intervention type with no disqualifying evidence found,rule_classification,medium,True,True
Nicotinamide Riboside (NR),nicotinamide riboside nr,NCT07741071,DIETARY_SUPPLEMENT,investigational_therapeutic_unverified,Non-Drug Intervention,dietary supplement / nutraceutical — excluded from the default therapeutic view unless curated as a genuine investigational program (data/reference/intervention_scope_overrides.csv),rule_type,medium,False,False
Palacebo,palacebo,NCT07741071,OTHER,uncertain,Needs Review,classify_intervention() could not resolve a confident therapeutic candidate for this intervention,rule_classification,low,False,True
JNJ-39393406,jnj 39393406,NCT01137799,DRUG,investigational_therapeutic_unverified,Therapeutic Drug,investigational therapeutic candidate; drug/biological intervention type with no disqualifying evidence found,rule_classification,medium,True,True
Low-dose whole brain irradiation,low dose whole brain irradiation,NCT05635968,RADIATION,procedure,Non-Drug Intervention,RADIATION-type intervention with no imaging evidence in its name — confirm manually,rule_type,low,False,True
Interleukin-2,interleukin 2,NCT06096090,DRUG,investigational_therapeutic_unverified,Therapeutic Drug,investigational therapeutic candidate; drug/biological intervention type with no disqualifying evidence found,rule_classification,medium,True,True
VG-3927,vg 3927,NCT06343636,DRUG,investigational_therapeutic_unverified,Therapeutic Drug,investigational therapeutic candidate; drug/biological intervention type with no disqualifying evidence found,rule_classification,medium,True,True
Memantine Hydrochloride Tablets,memantine hydrochloride tablets,NCT05063851,DRUG,investigational_therapeutic_unverified,Therapeutic Drug,investigational therapeutic candidate; drug/biological intervention type with no disqualifying evidence found,rule_classification,medium,True,True
AAV-hTERT,aav htert,NCT04133454,DRUG,investigational_therapeutic_unverified,Therapeutic Drug,investigational therapeutic candidate; drug/biological intervention type with no disqualifying evidence found,rule_classification,medium,True,True
EX039,ex039,NCT05413655,DRUG,investigational_therapeutic_unverified,Therapeutic Drug,investigational therapeutic candidate; drug/biological intervention type with no disqualifying evidence found,rule_classification,medium,True,True
SCI -110,sci 110,NCT05239390,DRUG,investigational_therapeutic_unverified,Therapeutic Drug,investigational therapeutic candidate; drug/biological intervention type with no disqualifying evidence found,rule_classification,medium,True,True
Seltorexant,seltorexant,NCT05307692,DRUG,investigational_therapeutic_unverified,Therapeutic Drug,investigational therapeutic candidate; drug/biological intervention type with no disqualifying evidence found,rule_classification,medium,True,True
Aldesleukin,aldesleukin,NCT05821153,DRUG,investigational_therapeutic_unverified,Therapeutic Drug,investigational therapeutic candidate; drug/biological intervention type with no disqualifying evidence found,rule_classification,medium,True,True
UCB-J,ucb j,NCT04871074,DRUG,investigational_therapeutic_unverified,Therapeutic Drug,investigational therapeutic candidate; drug/biological intervention type with no disqualifying evidence found,rule_classification,medium,True,True
MRI Scan,mri scan,NCT04871074,DEVICE,procedure,Non-Drug Intervention,clinical procedure or imaging exam,rule_type,high,False,False
PET Scan,pet scan,NCT03371420; NCT04871074,DEVICE,procedure,Non-Drug Intervention,clinical procedure or imaging exam,rule_type,high,False,False
Low Dose Benfotiamine,low dose benfotiamine,NCT06223360,DRUG,uncertain,Needs Review,classify_intervention() could not resolve a confident therapeutic candidate for this intervention,rule_classification,low,False,True
High Dose Benfotiamine,high dose benfotiamine,NCT06223360,DRUG,uncertain,Needs Review,classify_intervention() could not resolve a confident therapeutic candidate for this intervention,rule_classification,low,False,True
BI 409306,bi 409306,NCT02240693; NCT02337907,DRUG,investigational_therapeutic_unverified,Therapeutic Drug,investigational therapeutic candidate; drug/biological intervention type with no disqualifying evidence found,rule_classification,medium,True,True
REM0046127 High Dose,rem0046127 high dose,NCT05478031,DRUG,uncertain,Needs Review,classify_intervention() could not resolve a confident therapeutic candidate for this intervention,rule_classification,low,False,True
REM0046127 Low Dose,rem0046127 low dose,NCT05478031,DRUG,uncertain,Needs Review,classify_intervention() could not resolve a confident therapeutic candidate for this intervention,rule_classification,low,False,True
Glycine,glycine,NCT04740580,DIETARY_SUPPLEMENT,uncertain,Non-Drug Intervention,dietary supplement / nutraceutical — excluded from the default therapeutic view unless curated as a genuine investigational program (data/reference/intervention_scope_overrides.csv),rule_type,medium,False,False
N-acetylcysteine,n acetylcysteine,NCT04740580,DIETARY_SUPPLEMENT,uncertain,Non-Drug Intervention,dietary supplement / nutraceutical — excluded from the default therapeutic view unless curated as a genuine investigational program (data/reference/intervention_scope_overrides.csv),rule_type,medium,False,False
Alanine,alanine,NCT04740580,DIETARY_SUPPLEMENT,uncertain,Non-Drug Intervention,dietary supplement / nutraceutical — excluded from the default therapeutic view unless curated as a genuine investigational program (data/reference/intervention_scope_overrides.csv),rule_type,medium,False,False
TEP,tep,NCT03417986,DRUG,investigational_therapeutic_unverified,Therapeutic Drug,investigational therapeutic candidate; drug/biological intervention type with no disqualifying evidence found,rule_classification,medium,True,True
PrimeC,primec,NCT06185543,DRUG,investigational_therapeutic_unverified,Therapeutic Drug,investigational therapeutic candidate; drug/biological intervention type with no disqualifying evidence found,rule_classification,medium,True,True
PRI-002,pri 002,NCT06182085,DRUG,investigational_therapeutic_unverified,Therapeutic Drug,investigational therapeutic candidate; drug/biological intervention type with no disqualifying evidence found,rule_classification,medium,True,True
18F-Flortaucipir radiopharmaceutical,18f flortaucipir radiopharmaceutical,NCT05361382,DRUG,diagnostic_or_imaging_agent,Diagnostic Agent,matches a curated diagnostic/imaging tracer name,rule_classification,high,False,False
18F-MK-6240 radiopharmaceutical,18f mk 6240 radiopharmaceutical,NCT05361382,DRUG,diagnostic_or_imaging_agent,Diagnostic Agent,matches a curated diagnostic/imaging tracer name,rule_classification,high,False,False
Amyloid-β radiopharmaceutical (11C-PiB or 18F-Florbetaben or 18F-NAV-4694 or 18F-Flutemetamol),amyloid radiopharmaceutical 11c pib or 18f florbetaben or 18f nav 4694 or 18f flutemetamol,NCT05361382,DRUG,diagnostic_or_imaging_agent,Diagnostic Agent,matches a curated diagnostic/imaging tracer name,rule_classification,high,False,False
ADEL-Y01 - healty participants,adel y01 healty participants,NCT06247345,DRUG,uncertain,Needs Review,classify_intervention() could not resolve a confident therapeutic candidate for this intervention,rule_classification,low,False,True
Placebo - Healthy Participants,placebo healthy participants,NCT06247345,DRUG,placebo_or_sham,Placebo or Comparator,placebo/sham/vehicle-control arm,rule_classification,high,False,False
ADEL-Y01 - MCI/AD,adel y01 mci ad,NCT06247345,DRUG,uncertain,Needs Review,classify_intervention() could not resolve a confident therapeutic candidate for this intervention,rule_classification,low,False,True
Placebo - MCI/AD,placebo mci ad,NCT06247345,DRUG,placebo_or_sham,Placebo or Comparator,placebo/sham/vehicle-control arm,rule_classification,high,False,False
MW150,mw150,NCT05194163,DRUG,investigational_therapeutic_unverified,Therapeutic Drug,investigational therapeutic candidate; drug/biological intervention type with no disqualifying evidence found,rule_classification,medium,True,True
[18F]RO-948,18f ro 948,NCT05464368,DRUG,investigational_therapeutic_unverified,Therapeutic Drug,investigational therapeutic candidate; drug/biological intervention type with no disqualifying evidence found,rule_classification,medium,True,True
18F-MK6240,18f mk6240,NCT04576793; NCT05464368; NCT06999434,DRUG,diagnostic_or_imaging_agent,Diagnostic Agent,matches a curated diagnostic/imaging tracer name,rule_classification,high,False,False
Nutritional Supplement,nutritional supplement,NCT00013923,DRUG,investigational_therapeutic_unverified,Therapeutic Drug,investigational therapeutic candidate; drug/biological intervention type with no disqualifying evidence found,rule_classification,medium,True,True
DSPE-DOTA-Gd Liposomal Injection,dspe dota gd liposomal injection,NCT05453539,DRUG,investigational_therapeutic_unverified,Therapeutic Drug,investigational therapeutic candidate; drug/biological intervention type with no disqualifying evidence found,rule_classification,medium,True,True
NTRX-07,ntrx 07,NCT06194552; NCT07058688,DRUG,investigational_therapeutic_unverified,Therapeutic Drug,investigational therapeutic candidate; drug/biological intervention type with no disqualifying evidence found,rule_classification,medium,True,True
Flos gossypii flavonoids tablet,flos gossypii flavonoids tablet,NCT05269173,DRUG,investigational_therapeutic_unverified,Therapeutic Drug,investigational therapeutic candidate; drug/biological intervention type with no disqualifying evidence found,rule_classification,medium,True,True
Dexmedetomidine,dexmedetomidine,NCT04205539; NCT07432997,DRUG,investigational_therapeutic_unverified,Therapeutic Drug,investigational therapeutic candidate; drug/biological intervention type with no disqualifying evidence found,rule_classification,medium,True,True
Nilotinib BE 84mg,nilotinib be 84mg,NCT05143528,DRUG,investigational_therapeutic_unverified,Therapeutic Drug,investigational therapeutic candidate; drug/biological intervention type with no disqualifying evidence found,rule_classification,medium,True,True
Nilotinib BE 112 mg,nilotinib be 112 mg,NCT05143528,DRUG,investigational_therapeutic_unverified,Therapeutic Drug,investigational therapeutic candidate; drug/biological intervention type with no disqualifying evidence found,rule_classification,medium,True,True
CMS121,cms121,NCT05318040,DRUG,investigational_therapeutic_unverified,Therapeutic Drug,investigational therapeutic candidate; drug/biological intervention type with no disqualifying evidence found,rule_classification,medium,True,True
sabirnetug,sabirnetug,NCT06335173,DRUG,investigational_therapeutic_unverified,Therapeutic Drug,investigational therapeutic candidate; drug/biological intervention type with no disqualifying evidence found,rule_classification,medium,True,True
Montelukast,montelukast,NCT03991988,DRUG,investigational_therapeutic_unverified,Therapeutic Drug,investigational therapeutic candidate; drug/biological intervention type with no disqualifying evidence found,rule_classification,medium,True,True
[18F]APN-1607,18f apn 1607,NCT04141150; NCT05043675; NCT05542953; NCT07422857,DRUG,diagnostic_or_imaging_agent,Diagnostic Agent,matches a curated diagnostic/imaging tracer name,rule_classification,high,False,False
Dapagliflozin,dapagliflozin,NCT03801642,DRUG,investigational_therapeutic_unverified,Therapeutic Drug,investigational therapeutic candidate; drug/biological intervention type with no disqualifying evidence found,rule_classification,medium,True,True
AV-1959D,av 1959d,NCT05642429,BIOLOGICAL,investigational_therapeutic_unverified,Therapeutic Drug,investigational therapeutic candidate; drug/biological intervention type with no disqualifying evidence found,rule_classification,medium,True,True
NE3107,ne3107,NCT04669028; NCT05227820,DRUG,investigational_therapeutic_unverified,Therapeutic Drug,investigational therapeutic candidate; drug/biological intervention type with no disqualifying evidence found,rule_classification,medium,True,True
[123I]AV94,123i av94,NCT00605059,DRUG,investigational_therapeutic_unverified,Therapeutic Drug,investigational therapeutic candidate; drug/biological intervention type with no disqualifying evidence found,rule_classification,medium,True,True
ExPlas,explas,NCT05068830,DRUG,uncertain,Needs Review,classify_intervention() could not resolve a confident therapeutic candidate for this intervention,rule_classification,low,False,True
Octaplasma,octaplasma,NCT05068830,DRUG,uncertain,Needs Review,classify_intervention() could not resolve a confident therapeutic candidate for this intervention,rule_classification,low,False,True
VT301,vt301,NCT05016427,BIOLOGICAL,investigational_therapeutic_unverified,Therapeutic Drug,investigational therapeutic candidate; drug/biological intervention type with no disqualifying evidence found,rule_classification,medium,True,True
ACC-001 + QS-21,acc 001 qs 21,NCT00479557; NCT00498602,BIOLOGICAL,investigational_therapeutic_unverified,Therapeutic Drug,investigational therapeutic candidate; drug/biological intervention type with no disqualifying evidence found,rule_classification,medium,True,True
QS-21,qs 21,NCT00479557; NCT00498602,BIOLOGICAL,investigational_therapeutic_unverified,Therapeutic Drug,investigational therapeutic candidate; drug/biological intervention type with no disqualifying evidence found,rule_classification,medium,True,True
Diluent: Phosphate Buffered Saline,diluent phosphate buffered saline,NCT00498602,OTHER,uncertain,Needs Review,classify_intervention() could not resolve a confident therapeutic candidate for this intervention,rule_classification,low,False,True
AR1001,ar1001,NCT03625622; NCT05531526,DRUG,sponsor_developed_therapeutic,Therapeutic Drug,confirmed or unsourced official sponsor-pipeline match,rule_classification,medium,True,False
Caring Response App,caring response app,NCT04489303; NCT04517877,BEHAVIORAL,behavioral,Non-Drug Intervention,behavioral/non-drug activity,rule_type,high,False,False
Traditional Educational/Resources Program,traditional educational resources program,NCT04489303; NCT04517877; NCT05979922,BEHAVIORAL,behavioral,Non-Drug Intervention,behavioral/non-drug activity,rule_type,high,False,False
Memesto,memesto,NCT05153161,DEVICE,device,Non-Drug Intervention,intervention type is DEVICE,rule_type,high,False,False
MAR,mar,NCT06597058,DRUG,investigational_therapeutic_unverified,Therapeutic Drug,investigational therapeutic candidate; drug/biological intervention type with no disqualifying evidence found,rule_classification,medium,True,True
VGH-AD1,vgh ad1,NCT04249869,DRUG,investigational_therapeutic_unverified,Therapeutic Drug,investigational therapeutic candidate; drug/biological intervention type with no disqualifying evidence found,rule_classification,medium,True,True
Caffeine,caffeine,NCT02211079; NCT04570085,DRUG,investigational_therapeutic_unverified,Therapeutic Drug,investigational therapeutic candidate; drug/biological intervention type with no disqualifying evidence found,rule_classification,medium,True,True
ATH-1017,ath 1017,NCT04488419; NCT04491006; NCT04886063,DRUG,investigational_therapeutic_unverified,Therapeutic Drug,investigational therapeutic candidate; drug/biological intervention type with no disqualifying evidence found,rule_classification,medium,True,True
Approximately 100 million cells allogeneic hMSC,approximately 100 million cells allogeneic hmsc,NCT04040348,BIOLOGICAL,investigational_therapeutic_unverified,Therapeutic Drug,investigational therapeutic candidate; drug/biological intervention type with no disqualifying evidence found,rule_classification,medium,True,True
Simufilam 100 mg tablet,simufilam 100 mg tablet,NCT04079803,DRUG,sponsor_developed_therapeutic,Therapeutic Drug,confirmed or unsourced official sponsor-pipeline match,rule_classification,medium,True,False
Simufilam 50 mg oral tablet,simufilam 50 mg oral tablet,NCT04079803,DRUG,sponsor_developed_therapeutic,Therapeutic Drug,confirmed or unsourced official sponsor-pipeline match,rule_classification,medium,True,False
Foralumab TZLS-401 50 µg,foralumab tzls 401 50 g,NCT06489548,DRUG,uncertain,Needs Review,classify_intervention() could not resolve a confident therapeutic candidate for this intervention,rule_classification,low,False,True
Foralumab TZLS-401 100 µg,foralumab tzls 401 100 g,NCT06489548,DRUG,uncertain,Needs Review,classify_intervention() could not resolve a confident therapeutic candidate for this intervention,rule_classification,low,False,True
V950,v950,NCT00464334,BIOLOGICAL,investigational_therapeutic_unverified,Therapeutic Drug,investigational therapeutic candidate; drug/biological intervention type with no disqualifying evidence found,rule_classification,medium,True,True
ISCOMATRIX™,iscomatrix,NCT00464334,BIOLOGICAL,uncertain,Needs Review,classify_intervention() could not resolve a confident therapeutic candidate for this intervention,rule_classification,low,False,True
Placebo to V950,placebo to v950,NCT00464334,BIOLOGICAL,placebo_or_sham,Placebo or Comparator,placebo/sham/vehicle-control arm,rule_classification,high,False,False
Simufilam 100 mg oral tablet,simufilam 100 mg oral tablet,NCT04388254,DRUG,sponsor_developed_therapeutic,Therapeutic Drug,confirmed or unsourced official sponsor-pipeline match,rule_classification,medium,True,False
Fecal Microbiota Transplant,fecal microbiota transplant,NCT03998423,BIOLOGICAL,investigational_therapeutic_unverified,Therapeutic Drug,investigational therapeutic candidate; drug/biological intervention type with no disqualifying evidence found,rule_classification,medium,True,True
High dose ANAVEX2-73,high dose anavex2 73,NCT03790709,DRUG,investigational_therapeutic_unverified,Therapeutic Drug,investigational therapeutic candidate; drug/biological intervention type with no disqualifying evidence found,rule_classification,medium,True,True
Mid dose ANAVEX2-73,mid dose anavex2 73,NCT03790709,DRUG,investigational_therapeutic_unverified,Therapeutic Drug,investigational therapeutic candidate; drug/biological intervention type with no disqualifying evidence found,rule_classification,medium,True,True
GSI-953,gsi 953,NCT00441987; NCT00479219; NCT00547560,DRUG,investigational_therapeutic_unverified,Therapeutic Drug,investigational therapeutic candidate; drug/biological intervention type with no disqualifying evidence found,rule_classification,medium,True,True
troriluzole,troriluzole,NCT03605667,DRUG,investigational_therapeutic_unverified,Therapeutic Drug,investigational therapeutic candidate; drug/biological intervention type with no disqualifying evidence found,rule_classification,medium,True,True
GV-971,gv 971,NCT04520412,DRUG,investigational_therapeutic_unverified,Therapeutic Drug,investigational therapeutic candidate; drug/biological intervention type with no disqualifying evidence found,rule_classification,medium,True,True
AstroStem,astrostem,NCT03117738; NCT04482413,DRUG,investigational_therapeutic_unverified,Therapeutic Drug,investigational therapeutic candidate; drug/biological intervention type with no disqualifying evidence found,rule_classification,medium,True,True
[F-18]AV-1451-PET,f 18 av 1451 pet,NCT03809351,DRUG,diagnostic_or_imaging_agent,Diagnostic Agent,matches a curated diagnostic/imaging tracer name,rule_classification,high,False,False
"PTI-125, 100 mg tablets",pti 125 100 mg tablets,NCT03748706,DRUG,investigational_therapeutic_unverified,Therapeutic Drug,investigational therapeutic candidate; drug/biological intervention type with no disqualifying evidence found,rule_classification,medium,True,True
DAOI-A group,daoi a group,NCT03752463,DRUG,uncertain,Needs Review,classify_intervention() could not resolve a confident therapeutic candidate for this intervention,rule_classification,low,False,True
DAOI-B group,daoi b group,NCT03752463,DRUG,uncertain,Needs Review,classify_intervention() could not resolve a confident therapeutic candidate for this intervention,rule_classification,low,False,True
DAOI-C group,daoi c group,NCT03752463,DRUG,uncertain,Needs Review,classify_intervention() could not resolve a confident therapeutic candidate for this intervention,rule_classification,low,False,True
Daratumumab Injection,daratumumab injection,NCT04070378,DRUG,investigational_therapeutic_unverified,Therapeutic Drug,investigational therapeutic candidate; drug/biological intervention type with no disqualifying evidence found,rule_classification,medium,True,True
ACC-001+ QS21 (3mcg),acc 001 qs21 3mcg,NCT00960531,BIOLOGICAL,investigational_therapeutic_unverified,Therapeutic Drug,investigational therapeutic candidate; drug/biological intervention type with no disqualifying evidence found,rule_classification,medium,True,True
ACC-001 (10 mcg) + QS-21,acc 001 10 mcg qs 21,NCT00960531,BIOLOGICAL,investigational_therapeutic_unverified,Therapeutic Drug,investigational therapeutic candidate; drug/biological intervention type with no disqualifying evidence found,rule_classification,medium,True,True
ACC-001+QS-21 (30mcg),acc 001 qs 21 30mcg,NCT00960531,BIOLOGICAL,investigational_therapeutic_unverified,Therapeutic Drug,investigational therapeutic candidate; drug/biological intervention type with no disqualifying evidence found,rule_classification,medium,True,True
LY3372993,ly3372993,NCT03720548; NCT04451408,DRUG,investigational_therapeutic_unverified,Therapeutic Drug,investigational therapeutic candidate; drug/biological intervention type with no disqualifying evidence found,rule_classification,medium,True,True
DNL747,dnl747,NCT03757325,DRUG,investigational_therapeutic_unverified,Therapeutic Drug,investigational therapeutic candidate; drug/biological intervention type with no disqualifying evidence found,rule_classification,medium,True,True
[C-11]PiB-PET/MRI,c 11 pib pet mri,NCT03503331,DRUG,diagnostic_or_imaging_agent,Diagnostic Agent,matches a curated diagnostic/imaging tracer name,rule_classification,high,False,False
LY3954068,ly3954068,NCT06297590,DRUG,investigational_therapeutic_unverified,Therapeutic Drug,investigational therapeutic candidate; drug/biological intervention type with no disqualifying evidence found,rule_classification,medium,True,True
Lumbar Puncture,lumbar puncture,NCT04576793,PROCEDURE,procedure,Non-Drug Intervention,clinical procedure or imaging exam,rule_type,high,False,False
booster vaccine,booster vaccine,NCT03819699,BIOLOGICAL,uncertain,Needs Review,classify_intervention() could not resolve a confident therapeutic candidate for this intervention,rule_classification,low,False,True
Socially Assistive Robot Activity,socially assistive robot activity,NCT05178992,BEHAVIORAL,behavioral,Non-Drug Intervention,behavioral/non-drug activity,rule_type,high,False,False
low dosage MSCs-Exos administrated for nasal drip,low dosage mscs exos administrated for nasal drip,NCT04388982,BIOLOGICAL,uncertain,Needs Review,classify_intervention() could not resolve a confident therapeutic candidate for this intervention,rule_classification,low,False,True
mild dosage MSCs-Exos administrated for nasal drip,mild dosage mscs exos administrated for nasal drip,NCT04388982,BIOLOGICAL,uncertain,Needs Review,classify_intervention() could not resolve a confident therapeutic candidate for this intervention,rule_classification,low,False,True
high dosage MSCs-Exos administrated for nasal drip,high dosage mscs exos administrated for nasal drip,NCT04388982,BIOLOGICAL,uncertain,Needs Review,classify_intervention() could not resolve a confident therapeutic candidate for this intervention,rule_classification,low,False,True
Florbetaben,florbetaben,NCT03744312,DRUG,diagnostic_or_imaging_agent,Diagnostic Agent,matches a curated diagnostic/imaging tracer name,rule_classification,high,False,False
Propofol,propofol,NCT01640275,DRUG,uncertain,Needs Review,classify_intervention() could not resolve a confident therapeutic candidate for this intervention,rule_classification,low,False,True
Isoflurane,isoflurane,NCT01640275,DRUG,uncertain,Needs Review,classify_intervention() could not resolve a confident therapeutic candidate for this intervention,rule_classification,low,False,True
LY3372689,ly3372689,NCT05063539,DRUG,investigational_therapeutic_unverified,Therapeutic Drug,investigational therapeutic candidate; drug/biological intervention type with no disqualifying evidence found,rule_classification,medium,True,True
[18F]P16-129,18f p16 129,NCT03902548,DRUG,investigational_therapeutic_unverified,Therapeutic Drug,investigational therapeutic candidate; drug/biological intervention type with no disqualifying evidence found,rule_classification,medium,True,True
Lu AF87908,lu af87908,NCT04149860,DRUG,investigational_therapeutic_unverified,Therapeutic Drug,investigational therapeutic candidate; drug/biological intervention type with no disqualifying evidence found,rule_classification,medium,True,True
XPro1595,xpro1595,NCT03943264; NCT05318976; NCT05321498; NCT05522387,DRUG,investigational_therapeutic_unverified,Therapeutic Drug,investigational therapeutic candidate; drug/biological intervention type with no disqualifying evidence found,rule_classification,medium,True,True
S-equol and Placebo,s equol and placebo,NCT03101085,DRUG,placebo_or_sham,Placebo or Comparator,placebo/sham/vehicle-control arm,rule_classification,high,False,False
Placebo and S-equol,placebo and s equol,NCT03101085,DRUG,placebo_or_sham,Placebo or Comparator,placebo/sham/vehicle-control arm,rule_classification,high,False,False
Dasatinib + Quercetin,dasatinib quercetin,NCT04063124; NCT04685590,DRUG,investigational_therapeutic_unverified,Therapeutic Drug,investigational therapeutic candidate; drug/biological intervention type with no disqualifying evidence found,rule_classification,medium,True,True
COR388 capsule,cor388 capsule,NCT03823404,DRUG,investigational_therapeutic_unverified,Therapeutic Drug,investigational therapeutic candidate; drug/biological intervention type with no disqualifying evidence found,rule_classification,medium,True,True
Placebo capsule,placebo capsule,NCT03823404,DRUG,placebo_or_sham,Placebo or Comparator,placebo/sham/vehicle-control arm,rule_classification,high,False,False
LPS,lps,NCT04057807,DRUG,investigational_therapeutic_unverified,Therapeutic Drug,investigational therapeutic candidate; drug/biological intervention type with no disqualifying evidence found,rule_classification,medium,True,True
EGb761®,egb761,NCT00814346,DRUG,investigational_therapeutic_unverified,Therapeutic Drug,investigational therapeutic candidate; drug/biological intervention type with no disqualifying evidence found,rule_classification,medium,True,True
Salsalate,salsalate,NCT03277573,DRUG,investigational_therapeutic_unverified,Therapeutic Drug,investigational therapeutic candidate; drug/biological intervention type with no disqualifying evidence found,rule_classification,medium,True,True
HB-adMSCs,hb admscs,NCT04228666,BIOLOGICAL,investigational_therapeutic_unverified,Therapeutic Drug,investigational therapeutic candidate; drug/biological intervention type with no disqualifying evidence found,rule_classification,medium,True,True
TW001,tw001,NCT05323812,DRUG,investigational_therapeutic_unverified,Therapeutic Drug,investigational therapeutic candidate; drug/biological intervention type with no disqualifying evidence found,rule_classification,medium,True,True
NP001,np001,NCT03179501,DRUG,investigational_therapeutic_unverified,Therapeutic Drug,investigational therapeutic candidate; drug/biological intervention type with no disqualifying evidence found,rule_classification,medium,True,True
Tau Positron emission tomography (PET),tau positron emission tomography pet,NCT04311515,RADIATION,procedure,Non-Drug Intervention,RADIATION-type intervention with no imaging evidence in its name — confirm manually,rule_type,low,False,True
Fluorodeoxyglucose (FDG) Positron emission tomography (PET),fluorodeoxyglucose fdg positron emission tomography pet,NCT04311515,RADIATION,diagnostic_or_imaging_agent,Diagnostic Agent,matches a curated diagnostic/imaging tracer name,rule_classification,high,False,False
Cerebrospinal fluid (CSF) Biomarkers,cerebrospinal fluid csf biomarkers,NCT04311515,DIAGNOSTIC_TEST,uncertain,Exclude,"generic diagnostic/biomarker test description (e.g. Blood Test, CSF Biomarkers) — never a canonical drug name",rule_keyword,high,False,False
Blood Biomarkers,blood biomarkers,NCT04311515,DIAGNOSTIC_TEST,uncertain,Exclude,"generic diagnostic/biomarker test description (e.g. Blood Test, CSF Biomarkers) — never a canonical drug name",rule_keyword,high,False,False
Rating Scales,rating scales,NCT04311515,BEHAVIORAL,behavioral,Non-Drug Intervention,behavioral/non-drug activity,rule_type,high,False,False
SAM-531 1.5 mg,sam 531 1 5 mg,NCT00895895,DRUG,investigational_therapeutic_unverified,Therapeutic Drug,investigational therapeutic candidate; drug/biological intervention type with no disqualifying evidence found,rule_classification,medium,True,True
SAM-531 3.0 mg,sam 531 3 0 mg,NCT00895895,DRUG,investigational_therapeutic_unverified,Therapeutic Drug,investigational therapeutic candidate; drug/biological intervention type with no disqualifying evidence found,rule_classification,medium,True,True
SAM-531 5.0 mg,sam 531 5 0 mg,NCT00895895,DRUG,investigational_therapeutic_unverified,Therapeutic Drug,investigational therapeutic candidate; drug/biological intervention type with no disqualifying evidence found,rule_classification,medium,True,True
Rotigotine transdermal patch,rotigotine transdermal patch,NCT03250741,DRUG,investigational_therapeutic_unverified,Therapeutic Drug,investigational therapeutic candidate; drug/biological intervention type with no disqualifying evidence found,rule_classification,medium,True,True
[18F]PI-2620,18f pi 2620,NCT03510572; NCT03903211; NCT04566003; NCT05456503; NCT05641688,DRUG,diagnostic_or_imaging_agent,Diagnostic Agent,matches a curated diagnostic/imaging tracer name,rule_classification,high,False,False
[18F]MK-6240,18f mk 6240,NCT03373604; NCT03706261; NCT03757910; NCT04566003; NCT04784416,DRUG,diagnostic_or_imaging_agent,Diagnostic Agent,matches a curated diagnostic/imaging tracer name,rule_classification,high,False,False
Octohydroaminoacridine Succinate,octohydroaminoacridine succinate,NCT03283059,DRUG,investigational_therapeutic_unverified,Therapeutic Drug,investigational therapeutic candidate; drug/biological intervention type with no disqualifying evidence found,rule_classification,medium,True,True
MLC901,mlc901,NCT03038035,DRUG,investigational_therapeutic_unverified,Therapeutic Drug,investigational therapeutic candidate; drug/biological intervention type with no disqualifying evidence found,rule_classification,medium,True,True
PF-04494700 - Low Dose Arm,pf 04494700 low dose arm,NCT00141661,DRUG,investigational_therapeutic_unverified,Therapeutic Drug,investigational therapeutic candidate; drug/biological intervention type with no disqualifying evidence found,rule_classification,medium,True,True
PF-04494700 - High Dose Arm,pf 04494700 high dose arm,NCT00141661,DRUG,investigational_therapeutic_unverified,Therapeutic Drug,investigational therapeutic candidate; drug/biological intervention type with no disqualifying evidence found,rule_classification,medium,True,True
Vitamin D,vitamin d,NCT01409694; NCT04939792,DRUG,investigational_therapeutic_unverified,Therapeutic Drug,investigational therapeutic candidate; drug/biological intervention type with no disqualifying evidence found,rule_classification,medium,True,True
Vitamin D placebo,vitamin d placebo,NCT01409694,DRUG,placebo_or_sham,Placebo or Comparator,placebo/sham/vehicle-control arm,rule_classification,high,False,False
Diranersen,diranersen,NCT05399888,DRUG,investigational_therapeutic_unverified,Therapeutic Drug,investigational therapeutic candidate; drug/biological intervention type with no disqualifying evidence found,rule_classification,medium,True,True
Diranersen-matching placebo,diranersen matching placebo,NCT05399888,DRUG,placebo_or_sham,Placebo or Comparator,placebo/sham/vehicle-control arm,rule_classification,high,False,False
MMFS-205-SR,mmfs 205 sr,NCT03531684,DIETARY_SUPPLEMENT,investigational_therapeutic_unverified,Non-Drug Intervention,dietary supplement / nutraceutical — excluded from the default therapeutic view unless curated as a genuine investigational program (data/reference/intervention_scope_overrides.csv),rule_type,medium,False,False
Leuprolide acetate,leuprolide acetate,NCT00063310; NCT00076440,DRUG,investigational_therapeutic_unverified,Therapeutic Drug,investigational therapeutic candidate; drug/biological intervention type with no disqualifying evidence found,rule_classification,medium,True,True
Bryostatin,bryostatin,NCT03560245,DRUG,investigational_therapeutic_unverified,Therapeutic Drug,investigational therapeutic candidate; drug/biological intervention type with no disqualifying evidence found,rule_classification,medium,True,True
Regulatory T cells,regulatory t cells,NCT03865017,BIOLOGICAL,uncertain,Needs Review,classify_intervention() could not resolve a confident therapeutic candidate for this intervention,rule_classification,low,False,True
Saline,saline,NCT03865017,OTHER,uncertain,Needs Review,classify_intervention() could not resolve a confident therapeutic candidate for this intervention,rule_classification,low,False,True
Placebo - IV,placebo iv,NCT01837641; NCT02614131; NCT03019536,DRUG,placebo_or_sham,Placebo or Comparator,placebo/sham/vehicle-control arm,rule_classification,high,False,False
AMX0035,amx0035,NCT03533257,DRUG,investigational_therapeutic_unverified,Therapeutic Drug,investigational therapeutic candidate; drug/biological intervention type with no disqualifying evidence found,rule_classification,medium,True,True
ID1201,id1201,NCT03363269,DRUG,investigational_therapeutic_unverified,Therapeutic Drug,investigational therapeutic candidate; drug/biological intervention type with no disqualifying evidence found,rule_classification,medium,True,True
TRx0237 16 mg/day,trx0237 16 mg day,NCT03446001,DRUG,investigational_therapeutic_unverified,Therapeutic Drug,investigational therapeutic candidate; drug/biological intervention type with no disqualifying evidence found,rule_classification,medium,True,True
Control,control,NCT03446001,DRUG,uncertain,Needs Review,classify_intervention() could not resolve a confident therapeutic candidate for this intervention,rule_classification,low,False,True
TRx0237 8 mg/day,trx0237 8 mg day,NCT03446001,DRUG,investigational_therapeutic_unverified,Therapeutic Drug,investigational therapeutic candidate; drug/biological intervention type with no disqualifying evidence found,rule_classification,medium,True,True
Transdermal estradiol,transdermal estradiol,NCT00066157,DRUG,uncertain,Needs Review,classify_intervention() could not resolve a confident therapeutic candidate for this intervention,rule_classification,low,False,True
Medroxyprogesterone,medroxyprogesterone,NCT00066157,DRUG,uncertain,Needs Review,classify_intervention() could not resolve a confident therapeutic candidate for this intervention,rule_classification,low,False,True
Placebo Patch,placebo patch,NCT00066157; NCT02720445,DRUG,placebo_or_sham,Placebo or Comparator,placebo/sham/vehicle-control arm,rule_classification,high,False,False
Naproxen Sodium (Aleve),naproxen sodium aleve,NCT00007189,DRUG,investigational_therapeutic_unverified,Therapeutic Drug,investigational therapeutic candidate; drug/biological intervention type with no disqualifying evidence found,rule_classification,medium,True,True
Celecoxib (Celebrex),celecoxib celebrex,NCT00007189,DRUG,uncertain,Needs Review,classify_intervention() could not resolve a confident therapeutic candidate for this intervention,rule_classification,low,False,True
Tylex,tylex,NCT07323914,DRUG,investigational_therapeutic_unverified,Therapeutic Drug,investigational therapeutic candidate; drug/biological intervention type with no disqualifying evidence found,rule_classification,medium,True,True
Atorvastatin calcium,atorvastatin calcium,NCT00024531,DRUG,investigational_therapeutic_unverified,Therapeutic Drug,investigational therapeutic candidate; drug/biological intervention type with no disqualifying evidence found,rule_classification,medium,True,True
neflamapimod,neflamapimod,NCT03402659,DRUG,investigational_therapeutic_unverified,Therapeutic Drug,investigational therapeutic candidate; drug/biological intervention type with no disqualifying evidence found,rule_classification,medium,True,True
DMXB-A,dmxb a,NCT00414622,DRUG,investigational_therapeutic_unverified,Therapeutic Drug,investigational therapeutic candidate; drug/biological intervention type with no disqualifying evidence found,rule_classification,medium,True,True
Raloxifene,raloxifene,NCT00065767; NCT00368459,DRUG,investigational_therapeutic_unverified,Therapeutic Drug,investigational therapeutic candidate; drug/biological intervention type with no disqualifying evidence found,rule_classification,medium,True,True
Montelukast buccal film,montelukast buccal film,NCT03402503,DRUG,investigational_therapeutic_unverified,Therapeutic Drug,investigational therapeutic candidate; drug/biological intervention type with no disqualifying evidence found,rule_classification,medium,True,True
Placebo buccal film,placebo buccal film,NCT03402503,OTHER,placebo_or_sham,Placebo or Comparator,placebo/sham/vehicle-control arm,rule_classification,high,False,False
[18F]MNI-1020,18f mni 1020,NCT03239561,DRUG,investigational_therapeutic_unverified,Therapeutic Drug,investigational therapeutic candidate; drug/biological intervention type with no disqualifying evidence found,rule_classification,medium,True,True
Guanfacine,guanfacine,NCT03116126,DRUG,investigational_therapeutic_unverified,Therapeutic Drug,investigational therapeutic candidate; drug/biological intervention type with no disqualifying evidence found,rule_classification,medium,True,True
BI 425809 dose 1,bi 425809 dose 1,NCT02788513,DRUG,uncertain,Needs Review,classify_intervention() could not resolve a confident therapeutic candidate for this intervention,rule_classification,low,False,True
BI 425809 dose 2,bi 425809 dose 2,NCT02788513,DRUG,uncertain,Needs Review,classify_intervention() could not resolve a confident therapeutic candidate for this intervention,rule_classification,low,False,True
BI 425809 dose 3,bi 425809 dose 3,NCT02788513,DRUG,uncertain,Needs Review,classify_intervention() could not resolve a confident therapeutic candidate for this intervention,rule_classification,low,False,True
BI 425809 dose 4,bi 425809 dose 4,NCT02788513,DRUG,uncertain,Needs Review,classify_intervention() could not resolve a confident therapeutic candidate for this intervention,rule_classification,low,False,True
[^18F]GTP1,18f gtp1,NCT03977584,OTHER,diagnostic_or_imaging_agent,Diagnostic Agent,matches a curated diagnostic/imaging tracer name,rule_classification,high,False,False
Placebo-Control,placebo control,NCT03117738; NCT07422311,OTHER,placebo_or_sham,Placebo or Comparator,placebo/sham/vehicle-control arm,rule_classification,high,False,False
Dimebon 20 mg po TID,dimebon 20 mg po tid,NCT00912288,DRUG,investigational_therapeutic_unverified,Therapeutic Drug,investigational therapeutic candidate; drug/biological intervention type with no disqualifying evidence found,rule_classification,medium,True,True
Placebo po TID,placebo po tid,NCT00912288,DRUG,placebo_or_sham,Placebo or Comparator,placebo/sham/vehicle-control arm,rule_classification,high,False,False
COR388,cor388,NCT03418688,DRUG,investigational_therapeutic_unverified,Therapeutic Drug,investigational therapeutic candidate; drug/biological intervention type with no disqualifying evidence found,rule_classification,medium,True,True
SR57667B,sr57667b,NCT00285025; NCT00285077,DRUG,investigational_therapeutic_unverified,Therapeutic Drug,investigational therapeutic candidate; drug/biological intervention type with no disqualifying evidence found,rule_classification,medium,True,True
Traditional Proton fMRI,traditional proton fmri,NCT02638519,OTHER,uncertain,Needs Review,classify_intervention() could not resolve a confident therapeutic candidate for this intervention,rule_classification,low,False,True
Hyperpolarized Xenon-129 fMRI,hyperpolarized xenon 129 fmri,NCT02638519,OTHER,uncertain,Needs Review,classify_intervention() could not resolve a confident therapeutic candidate for this intervention,rule_classification,low,False,True
Hyperpolarized Xenon-129,hyperpolarized xenon 129,NCT02638519,DRUG,uncertain,Needs Review,classify_intervention() could not resolve a confident therapeutic candidate for this intervention,rule_classification,low,False,True
1H-129Xe Dual-Tuned Quadrature Head Coil,1h 129xe dual tuned quadrature head coil,NCT02638519,DEVICE,device,Non-Drug Intervention,intervention type is DEVICE,rule_type,high,False,False
Escitalopram Pill,escitalopram pill,NCT03274817,DRUG,uncertain,Needs Review,classify_intervention() could not resolve a confident therapeutic candidate for this intervention,rule_classification,low,False,True
Venlafaxine Pill,venlafaxine pill,NCT03274817,DRUG,uncertain,Needs Review,classify_intervention() could not resolve a confident therapeutic candidate for this intervention,rule_classification,low,False,True
NPT088,npt088,NCT03008161,DRUG,investigational_therapeutic_unverified,Therapeutic Drug,investigational therapeutic candidate; drug/biological intervention type with no disqualifying evidence found,rule_classification,medium,True,True
JNJ-63733657,jnj 63733657,NCT03375697; NCT04619420,DRUG,investigational_therapeutic_unverified,Therapeutic Drug,investigational therapeutic candidate; drug/biological intervention type with no disqualifying evidence found,rule_classification,medium,True,True
ML-007C-MA,ml 007c ma,NCT06887192; NCT07459660,DRUG,investigational_therapeutic_unverified,Therapeutic Drug,investigational therapeutic candidate; drug/biological intervention type with no disqualifying evidence found,rule_classification,medium,True,True
Aerobic exercise,aerobic exercise,NCT01681602,OTHER,behavioral,Non-Drug Intervention,behavioral/non-drug activity,rule_type,high,False,False
Galantamine HBr,galantamine hbr,NCT00645190,DRUG,investigational_therapeutic_unverified,Therapeutic Drug,investigational therapeutic candidate; drug/biological intervention type with no disqualifying evidence found,rule_classification,medium,True,True
GRF6019,grf6019,NCT03520998; NCT03765762,DRUG,investigational_therapeutic_unverified,Therapeutic Drug,investigational therapeutic candidate; drug/biological intervention type with no disqualifying evidence found,rule_classification,medium,True,True
Active Treatment- CT1812 100 mg,active treatment ct1812 100 mg,NCT03493282,DRUG,investigational_therapeutic_unverified,Therapeutic Drug,investigational therapeutic candidate; drug/biological intervention type with no disqualifying evidence found,rule_classification,medium,True,True
Active Treatment- CT1812 300 mg,active treatment ct1812 300 mg,NCT03493282,DRUG,investigational_therapeutic_unverified,Therapeutic Drug,investigational therapeutic candidate; drug/biological intervention type with no disqualifying evidence found,rule_classification,medium,True,True
Levetiracetam 500mg,levetiracetam 500mg,NCT07234695,DRUG,investigational_therapeutic_unverified,Therapeutic Drug,investigational therapeutic candidate; drug/biological intervention type with no disqualifying evidence found,rule_classification,medium,True,True
LY3002813,ly3002813,NCT02624778,BIOLOGICAL,sponsor_developed_therapeutic,Therapeutic Drug,confirmed or unsourced official sponsor-pipeline match,rule_classification,medium,True,False
AL003,al003,NCT03822208,BIOLOGICAL,investigational_therapeutic_unverified,Therapeutic Drug,investigational therapeutic candidate; drug/biological intervention type with no disqualifying evidence found,rule_classification,medium,True,True
Saline Solution,saline solution,NCT03635047; NCT03822208,OTHER,uncertain,Needs Review,classify_intervention() could not resolve a confident therapeutic candidate for this intervention,rule_classification,low,False,True
L-Serine,l serine,NCT03062449,DRUG,investigational_therapeutic_unverified,Therapeutic Drug,investigational therapeutic candidate; drug/biological intervention type with no disqualifying evidence found,rule_classification,medium,True,True
Placebo Gummy,placebo gummy,NCT03062449,OTHER,placebo_or_sham,Placebo or Comparator,placebo/sham/vehicle-control arm,rule_classification,high,False,False
Donepezil patch,donepezil patch,NCT01860625; NCT03197740,DRUG,uncertain,Needs Review,classify_intervention() could not resolve a confident therapeutic candidate for this intervention,rule_classification,low,False,True
aricept Tab,aricept tab,NCT03197740,DRUG,uncertain,Needs Review,classify_intervention() could not resolve a confident therapeutic candidate for this intervention,rule_classification,low,False,True
[123I] MNI-308,123i mni 308,NCT00544453,DRUG,investigational_therapeutic_unverified,Therapeutic Drug,investigational therapeutic candidate; drug/biological intervention type with no disqualifying evidence found,rule_classification,medium,True,True
AL002,al002,NCT03635047,BIOLOGICAL,investigational_therapeutic_unverified,Therapeutic Drug,investigational therapeutic candidate; drug/biological intervention type with no disqualifying evidence found,rule_classification,medium,True,True
Longevinex brand resveratrol supplement,longevinex brand resveratrol supplement,NCT00743743,DIETARY_SUPPLEMENT,investigational_therapeutic_unverified,Non-Drug Intervention,dietary supplement / nutraceutical — excluded from the default therapeutic view unless curated as a genuine investigational program (data/reference/intervention_scope_overrides.csv),rule_type,medium,False,False
Acitretin,acitretin,NCT01078168,DRUG,investigational_therapeutic_unverified,Therapeutic Drug,investigational therapeutic candidate; drug/biological intervention type with no disqualifying evidence found,rule_classification,medium,True,True
MLC601,mlc601,NCT01696123,DRUG,investigational_therapeutic_unverified,Therapeutic Drug,investigational therapeutic candidate; drug/biological intervention type with no disqualifying evidence found,rule_classification,medium,True,True
LY3002813-IV,ly3002813 iv,NCT01837641,BIOLOGICAL,uncertain,Needs Review,classify_intervention() could not resolve a confident therapeutic candidate for this intervention,rule_classification,low,False,True
LY3002813-SC,ly3002813 sc,NCT01837641,BIOLOGICAL,uncertain,Needs Review,classify_intervention() could not resolve a confident therapeutic candidate for this intervention,rule_classification,low,False,True
Zagotenemab,zagotenemab,NCT03518073,DRUG,investigational_therapeutic_unverified,Therapeutic Drug,investigational therapeutic candidate; drug/biological intervention type with no disqualifying evidence found,rule_classification,medium,True,True
[123I] IMPY & SPECT Imaging,123i impy spect imaging,NCT00287248,DRUG,procedure,Non-Drug Intervention,clinical procedure or imaging exam,rule_type,high,False,False
Progesterone,progesterone,NCT00006399,DRUG,uncertain,Needs Review,classify_intervention() could not resolve a confident therapeutic candidate for this intervention,rule_classification,low,False,True
[11C]-UCB-J,11c ucb j,NCT03577262,OTHER,investigational_therapeutic_unverified,Therapeutic Drug,investigational therapeutic candidate; drug/biological intervention type with no disqualifying evidence found,rule_classification,medium,True,True
The COGNIShunt® System,the cognishunt system,NCT00056628,DEVICE,device,Non-Drug Intervention,intervention type is DEVICE,rule_type,high,False,False
[11C]BU99008,11c bu99008,NCT02323217; NCT02874820,RADIATION,procedure,Non-Drug Intervention,RADIATION-type intervention with no imaging evidence in its name — confirm manually,rule_type,low,False,True
Idazoxan,idazoxan,NCT02323217; NCT02874820,DRUG,investigational_therapeutic_unverified,Therapeutic Drug,investigational therapeutic candidate; drug/biological intervention type with no disqualifying evidence found,rule_classification,medium,True,True
LY03020,ly03020,NCT06556966; NCT07230652; NCT07292233,DRUG,investigational_therapeutic_unverified,Therapeutic Drug,investigational therapeutic candidate; drug/biological intervention type with no disqualifying evidence found,rule_classification,medium,True,True
"Lu AF20513, low dose",lu af20513 low dose,NCT02388152,DRUG,investigational_therapeutic_unverified,Therapeutic Drug,investigational therapeutic candidate; drug/biological intervention type with no disqualifying evidence found,rule_classification,medium,True,True
"Lu AF20513, medium dose",lu af20513 medium dose,NCT02388152,DRUG,investigational_therapeutic_unverified,Therapeutic Drug,investigational therapeutic candidate; drug/biological intervention type with no disqualifying evidence found,rule_classification,medium,True,True
"Lu AF20513, high dose",lu af20513 high dose,NCT02388152,DRUG,investigational_therapeutic_unverified,Therapeutic Drug,investigational therapeutic candidate; drug/biological intervention type with no disqualifying evidence found,rule_classification,medium,True,True
"Lu AF20513, double high dose",lu af20513 double high dose,NCT02388152,DRUG,investigational_therapeutic_unverified,Therapeutic Drug,investigational therapeutic candidate; drug/biological intervention type with no disqualifying evidence found,rule_classification,medium,True,True
Sterile saline (Placebo),sterile saline placebo,NCT04920786,OTHER,placebo_or_sham,Placebo or Comparator,placebo/sham/vehicle-control arm,rule_classification,high,False,False
"JNJ-54861911, 25 mg",jnj 54861911 25 mg,NCT01887535; NCT02180269; NCT02197884; NCT02406027,DRUG,investigational_therapeutic_unverified,Therapeutic Drug,investigational therapeutic candidate; drug/biological intervention type with no disqualifying evidence found,rule_classification,medium,True,True
"JNJ-54861911, 5 mg",jnj 54861911 5 mg,NCT02406027,DRUG,investigational_therapeutic_unverified,Therapeutic Drug,investigational therapeutic candidate; drug/biological intervention type with no disqualifying evidence found,rule_classification,medium,True,True
PXT00864,pxt00864,NCT02361242; NCT02361424,DRUG,investigational_therapeutic_unverified,Therapeutic Drug,investigational therapeutic candidate; drug/biological intervention type with no disqualifying evidence found,rule_classification,medium,True,True
Divalproex,divalproex,NCT00088387,DRUG,uncertain,Needs Review,classify_intervention() could not resolve a confident therapeutic candidate for this intervention,rule_classification,low,False,True
Time-restricted eating,time restricted eating,NCT06548191,BEHAVIORAL,behavioral,Non-Drug Intervention,behavioral/non-drug activity,rule_type,high,False,False
Valproate,valproate,NCT00071721,DRUG,investigational_therapeutic_unverified,Therapeutic Drug,investigational therapeutic candidate; drug/biological intervention type with no disqualifying evidence found,rule_classification,medium,True,True
MIB-626,mib 626,NCT05040321; NCT07278492,DRUG,investigational_therapeutic_unverified,Therapeutic Drug,investigational therapeutic candidate; drug/biological intervention type with no disqualifying evidence found,rule_classification,medium,True,True
"TMS , H2-coil",tms h2 coil,NCT01334450,DEVICE,device,Non-Drug Intervention,intervention type is DEVICE,rule_type,high,False,False
Dexmedetomidine and Midodrine,dexmedetomidine and midodrine,NCT07432997,DRUG,uncertain,Needs Review,classify_intervention() could not resolve a confident therapeutic candidate for this intervention,rule_classification,low,False,True
Roflumilast,roflumilast,NCT02051335,DRUG,uncertain,Needs Review,classify_intervention() could not resolve a confident therapeutic candidate for this intervention,rule_classification,low,False,True
Roflumilast placebo,roflumilast placebo,NCT02051335,DRUG,placebo_or_sham,Placebo or Comparator,placebo/sham/vehicle-control arm,rule_classification,high,False,False
Donepezil placebo,donepezil placebo,NCT00911807; NCT02051335; NCT02769065; NCT03030105; NCT05811000,DRUG,placebo_or_sham,Placebo or Comparator,placebo/sham/vehicle-control arm,rule_classification,high,False,False
Scopolamine,scopolamine,NCT02051335,DRUG,uncertain,Needs Review,classify_intervention() could not resolve a confident therapeutic candidate for this intervention,rule_classification,low,False,True
Anatabloc(R),anatabloc r,NCT01669876,DIETARY_SUPPLEMENT,investigational_therapeutic_unverified,Non-Drug Intervention,dietary supplement / nutraceutical — excluded from the default therapeutic view unless curated as a genuine investigational program (data/reference/intervention_scope_overrides.csv),rule_type,medium,False,False
Minocycline,minocycline,NCT01463384,DRUG,investigational_therapeutic_unverified,Therapeutic Drug,investigational therapeutic candidate; drug/biological intervention type with no disqualifying evidence found,rule_classification,medium,True,True
Spaced Retrieval Training,spaced retrieval training,NCT00593372,BEHAVIORAL,behavioral,Non-Drug Intervention,behavioral/non-drug activity,rule_type,high,False,False
Masitinib,masitinib,NCT01872598,DRUG,investigational_therapeutic_unverified,Therapeutic Drug,investigational therapeutic candidate; drug/biological intervention type with no disqualifying evidence found,rule_classification,medium,True,True
"Interacting drugs - Cooperstown Cocktail (midazolam, warfarin, (+ vitamin K), caffeine, omeprazole and dextromethorphan)",interacting drugs cooperstown cocktail midazolam warfarin vitamin k caffeine omeprazole and dextromethorphan,NCT00726726,DRUG,uncertain,Needs Review,classify_intervention() could not resolve a confident therapeutic candidate for this intervention,rule_classification,low,False,True
BMS-708163 + Cooperstown Cocktail,bms 708163 cooperstown cocktail,NCT00726726,DRUG,investigational_therapeutic_unverified,Therapeutic Drug,investigational therapeutic candidate; drug/biological intervention type with no disqualifying evidence found,rule_classification,medium,True,True
GV1001 Placebo,gv1001 placebo,NCT05189210; NCT05303701,DRUG,placebo_or_sham,Placebo or Comparator,placebo/sham/vehicle-control arm,rule_classification,high,False,False
GV1001 1.12mg,gv1001 1 12mg,NCT05189210; NCT05303701,DRUG,investigational_therapeutic_unverified,Therapeutic Drug,investigational therapeutic candidate; drug/biological intervention type with no disqualifying evidence found,rule_classification,medium,True,True
Exercise training program,exercise training program,NCT01183806,OTHER,behavioral,Non-Drug Intervention,behavioral/non-drug activity,rule_type,high,False,False
PAZ-417,paz 417,NCT00684710; NCT00739037,DRUG,investigational_therapeutic_unverified,Therapeutic Drug,investigational therapeutic candidate; drug/biological intervention type with no disqualifying evidence found,rule_classification,medium,True,True
NH280105- SAD,nh280105 sad,NCT06870058,DRUG,uncertain,Needs Review,classify_intervention() could not resolve a confident therapeutic candidate for this intervention,rule_classification,low,False,True
NH280105- MAD,nh280105 mad,NCT06870058,DRUG,uncertain,Needs Review,classify_intervention() could not resolve a confident therapeutic candidate for this intervention,rule_classification,low,False,True
Quetiapine Fumarate,quetiapine fumarate,NCT00621647,DRUG,uncertain,Needs Review,classify_intervention() could not resolve a confident therapeutic candidate for this intervention,rule_classification,low,False,True
Prednisone,prednisone,NCT00000178,DRUG,investigational_therapeutic_unverified,Therapeutic Drug,investigational therapeutic candidate; drug/biological intervention type with no disqualifying evidence found,rule_classification,medium,True,True
AVE1625,ave1625,NCT00380302,DRUG,investigational_therapeutic_unverified,Therapeutic Drug,investigational therapeutic candidate; drug/biological intervention type with no disqualifying evidence found,rule_classification,medium,True,True
SNUBH-NM-333(18F),snubh nm 333 18f,NCT02149017,RADIATION,procedure,Non-Drug Intervention,RADIATION-type intervention with no imaging evidence in its name — confirm manually,rule_type,low,False,True
PBS,pbs,NCT00752232,OTHER,uncertain,Needs Review,classify_intervention() could not resolve a confident therapeutic candidate for this intervention,rule_classification,low,False,True
Cerebrolysin + donepezil,cerebrolysin donepezil,NCT00911807,DRUG,investigational_therapeutic_unverified,Therapeutic Drug,investigational therapeutic candidate; drug/biological intervention type with no disqualifying evidence found,rule_classification,medium,True,True
Cerebrolysin + placebo,cerebrolysin placebo,NCT00911807,DRUG,placebo_or_sham,Placebo or Comparator,placebo/sham/vehicle-control arm,rule_classification,high,False,False
Human Nerve Growth Factor,human nerve growth factor,NCT00017940,GENETIC,investigational_therapeutic_unverified,Needs Review,GENETIC intervention type with no clear evidence of gene therapy vs. genetic testing/genotyping,rule_type,low,False,True
J4,j4,NCT06938763,DRUG,investigational_therapeutic_unverified,Therapeutic Drug,investigational therapeutic candidate; drug/biological intervention type with no disqualifying evidence found,rule_classification,medium,True,True
ORY-2001 Low dose,ory 2001 low dose,NCT03867253,DRUG,uncertain,Needs Review,classify_intervention() could not resolve a confident therapeutic candidate for this intervention,rule_classification,low,False,True
ORY-2001 High dose,ory 2001 high dose,NCT03867253,DRUG,uncertain,Needs Review,classify_intervention() could not resolve a confident therapeutic candidate for this intervention,rule_classification,low,False,True
atomoxetine hydrochloride,atomoxetine hydrochloride,NCT00191009,DRUG,investigational_therapeutic_unverified,Therapeutic Drug,investigational therapeutic candidate; drug/biological intervention type with no disqualifying evidence found,rule_classification,medium,True,True
sabirnetug (ACU193),sabirnetug acu193,NCT06511570,DRUG,uncertain,Needs Review,classify_intervention() could not resolve a confident therapeutic candidate for this intervention,rule_classification,low,False,True
Sabirnetug + rHuPH20,sabirnetug rhuph20,NCT06511570,COMBINATION_PRODUCT,uncertain,Needs Review,combination product — components must be inspected individually before treating the whole phrase as one canonical drug name,rule_type,low,False,True
ACC-001(3µg) + QS21,acc 001 3 g qs21,NCT00955409,BIOLOGICAL,investigational_therapeutic_unverified,Therapeutic Drug,investigational therapeutic candidate; drug/biological intervention type with no disqualifying evidence found,rule_classification,medium,True,True
ACC-001(10µg) + QS21,acc 001 10 g qs21,NCT00955409,BIOLOGICAL,investigational_therapeutic_unverified,Therapeutic Drug,investigational therapeutic candidate; drug/biological intervention type with no disqualifying evidence found,rule_classification,medium,True,True
ACC-001(30µg) + QS21,acc 001 30 g qs21,NCT00955409,BIOLOGICAL,investigational_therapeutic_unverified,Therapeutic Drug,investigational therapeutic candidate; drug/biological intervention type with no disqualifying evidence found,rule_classification,medium,True,True
EGb 761® (Tanakan®),egb 761 tanakan,NCT00500500,DRUG,investigational_therapeutic_unverified,Therapeutic Drug,investigational therapeutic candidate; drug/biological intervention type with no disqualifying evidence found,rule_classification,medium,True,True
CM383,cm383,NCT06412185,BIOLOGICAL,investigational_therapeutic_unverified,Therapeutic Drug,investigational therapeutic candidate; drug/biological intervention type with no disqualifying evidence found,rule_classification,medium,True,True
ALIA-1758,alia 1758,NCT06406348,DRUG,investigational_therapeutic_unverified,Therapeutic Drug,investigational therapeutic candidate; drug/biological intervention type with no disqualifying evidence found,rule_classification,medium,True,True
indomethacin,indomethacin,NCT00432081,DRUG,investigational_therapeutic_unverified,Therapeutic Drug,investigational therapeutic candidate; drug/biological intervention type with no disqualifying evidence found,rule_classification,medium,True,True
Donepezil Dihydroxynaphthalate for Injection,donepezil dihydroxynaphthalate for injection,NCT06373094,DRUG,investigational_therapeutic_unverified,Therapeutic Drug,investigational therapeutic candidate; drug/biological intervention type with no disqualifying evidence found,rule_classification,medium,True,True
DDN-A-0101 (SAD),ddn a 0101 sad,NCT06367426,DRUG,uncertain,Needs Review,classify_intervention() could not resolve a confident therapeutic candidate for this intervention,rule_classification,low,False,True
DDN-A-0101 (MAD),ddn a 0101 mad,NCT06367426,DRUG,uncertain,Needs Review,classify_intervention() could not resolve a confident therapeutic candidate for this intervention,rule_classification,low,False,True
Placebo (SAD),placebo sad,NCT06367426,DRUG,placebo_or_sham,Placebo or Comparator,placebo/sham/vehicle-control arm,rule_classification,high,False,False
Placebo (MAD),placebo mad,NCT06367426,DRUG,placebo_or_sham,Placebo or Comparator,placebo/sham/vehicle-control arm,rule_classification,high,False,False
Rofecoxib,rofecoxib,NCT00004845,DRUG,uncertain,Needs Review,classify_intervention() could not resolve a confident therapeutic candidate for this intervention,rule_classification,low,False,True
Naproxen,naproxen,NCT00004845; NCT02702817,DRUG,investigational_therapeutic_unverified,Therapeutic Drug,investigational therapeutic candidate; drug/biological intervention type with no disqualifying evidence found,rule_classification,medium,True,True
Placebo: Phosphate buffered saline,placebo phosphate buffered saline,NCT00479557,DRUG,placebo_or_sham,Placebo or Comparator,placebo/sham/vehicle-control arm,rule_classification,high,False,False
lecozotan SR,lecozotan sr,NCT00151398; NCT00366483; NCT00494962; NCT00499642,DRUG,investigational_therapeutic_unverified,Therapeutic Drug,investigational therapeutic candidate; drug/biological intervention type with no disqualifying evidence found,rule_classification,medium,True,True
Plasma exchenge,plasma exchenge,NCT06234436,BIOLOGICAL,investigational_therapeutic_unverified,Therapeutic Drug,investigational therapeutic candidate; drug/biological intervention type with no disqualifying evidence found,rule_classification,medium,True,True
Placebo pill,placebo pill,NCT00255086,DRUG,placebo_or_sham,Placebo or Comparator,placebo/sham/vehicle-control arm,rule_classification,high,False,False
STA-1,sta 1,NCT01255046,DRUG,investigational_therapeutic_unverified,Therapeutic Drug,investigational therapeutic candidate; drug/biological intervention type with no disqualifying evidence found,rule_classification,medium,True,True
lecozotan SR (SRA-333),lecozotan sr sra 333,NCT00277810,DRUG,investigational_therapeutic_unverified,Therapeutic Drug,investigational therapeutic candidate; drug/biological intervention type with no disqualifying evidence found,rule_classification,medium,True,True
XTR006,xtr006,NCT06151795,DIAGNOSTIC_TEST,investigational_therapeutic_unverified,Diagnostic Agent,intervention type is DIAGNOSTIC_TEST,rule_type,medium,False,True
Standard CSR sampling procedure,standard csr sampling procedure,NCT01436188,PROCEDURE,procedure,Non-Drug Intervention,clinical procedure or imaging exam,rule_type,high,False,False
Alternate frequency CSR sampling procedure,alternate frequency csr sampling procedure,NCT01436188,PROCEDURE,procedure,Non-Drug Intervention,clinical procedure or imaging exam,rule_type,high,False,False
Standard frequent CSR sampling procedure with 800 mg ibuprofen,standard frequent csr sampling procedure with 800 mg ibuprofen,NCT01436188,PROCEDURE,procedure,Non-Drug Intervention,clinical procedure or imaging exam,rule_type,high,False,False
Alternative lower frequency CSR sampling procedure,alternative lower frequency csr sampling procedure,NCT01436188,PROCEDURE,procedure,Non-Drug Intervention,clinical procedure or imaging exam,rule_type,high,False,False
GB-5001A,gb 5001a,NCT06127368,DRUG,investigational_therapeutic_unverified,Therapeutic Drug,investigational therapeutic candidate; drug/biological intervention type with no disqualifying evidence found,rule_classification,medium,True,True
GB-5001D,gb 5001d,NCT06127368,DRUG,investigational_therapeutic_unverified,Therapeutic Drug,investigational therapeutic candidate; drug/biological intervention type with no disqualifying evidence found,rule_classification,medium,True,True
Oral cohort,oral cohort,NCT05525780; NCT06127368,DRUG,uncertain,Needs Review,classify_intervention() could not resolve a confident therapeutic candidate for this intervention,rule_classification,low,False,True
Normal Saline 0.9%,normal saline 0 9,NCT03184467,DRUG,uncertain,Needs Review,classify_intervention() could not resolve a confident therapeutic candidate for this intervention,rule_classification,low,False,True
GV1001 0.56 mg,gv1001 0 56 mg,NCT03184467,DRUG,investigational_therapeutic_unverified,Therapeutic Drug,investigational therapeutic candidate; drug/biological intervention type with no disqualifying evidence found,rule_classification,medium,True,True
GV1001 1.12 mg,gv1001 1 12 mg,NCT03184467,DRUG,investigational_therapeutic_unverified,Therapeutic Drug,investigational therapeutic candidate; drug/biological intervention type with no disqualifying evidence found,rule_classification,medium,True,True
Haloperidol,haloperidol,NCT00000179,DRUG,uncertain,Needs Review,classify_intervention() could not resolve a confident therapeutic candidate for this intervention,rule_classification,low,False,True
CBD,cbd,NCT06014424,DRUG,investigational_therapeutic_unverified,Therapeutic Drug,investigational therapeutic candidate; drug/biological intervention type with no disqualifying evidence found,rule_classification,medium,True,True
Salvia officinalis (sage),salvia officinalis sage,NCT00110552,DRUG,investigational_therapeutic_unverified,Therapeutic Drug,investigational therapeutic candidate; drug/biological intervention type with no disqualifying evidence found,rule_classification,medium,True,True
SAM-531,sam 531,NCT00479297; NCT00479349; NCT00479700; NCT00480818; NCT00481520; NCT00519298; NCT00726115; NCT00745576; NCT00906191,DRUG,investigational_therapeutic_unverified,Therapeutic Drug,investigational therapeutic candidate; drug/biological intervention type with no disqualifying evidence found,rule_classification,medium,True,True
Donepezil (Aricept),donepezil aricept,NCT00630851; NCT06774261,DRUG,investigational_therapeutic_unverified,Therapeutic Drug,investigational therapeutic candidate; drug/biological intervention type with no disqualifying evidence found,rule_classification,medium,True,True
Choline,choline,NCT05880849,DRUG,investigational_therapeutic_unverified,Therapeutic Drug,investigational therapeutic candidate; drug/biological intervention type with no disqualifying evidence found,rule_classification,medium,True,True
Rivastigmine 5 cm^2,rivastigmine 5 cm 2,NCT00506415,DRUG,uncertain,Needs Review,classify_intervention() could not resolve a confident therapeutic candidate for this intervention,rule_classification,low,False,True
Rivastigmine 10 cm^2,rivastigmine 10 cm 2,NCT00506415,DRUG,uncertain,Needs Review,classify_intervention() could not resolve a confident therapeutic candidate for this intervention,rule_classification,low,False,True
Rivastigmine 15 cm^2,rivastigmine 15 cm 2,NCT00506415,DRUG,uncertain,Needs Review,classify_intervention() could not resolve a confident therapeutic candidate for this intervention,rule_classification,low,False,True
Placebo to 15 cm^2 patch,placebo to 15 cm 2 patch,NCT00506415,DRUG,placebo_or_sham,Placebo or Comparator,placebo/sham/vehicle-control arm,rule_classification,high,False,False
Placebo to 10 cm^2 patch,placebo to 10 cm 2 patch,NCT00506415,DRUG,placebo_or_sham,Placebo or Comparator,placebo/sham/vehicle-control arm,rule_classification,high,False,False
AD16 30mg、40mg,ad16 30mg 40mg,NCT05806177,DRUG,investigational_therapeutic_unverified,Therapeutic Drug,investigational therapeutic candidate; drug/biological intervention type with no disqualifying evidence found,rule_classification,medium,True,True
AD16 Placebo 30mg、40mg,ad16 placebo 30mg 40mg,NCT05806177,DRUG,placebo_or_sham,Placebo or Comparator,placebo/sham/vehicle-control arm,rule_classification,high,False,False
high-fat diet group（AD16 20mg）,high fat diet group ad16 20mg,NCT05787041,OTHER,uncertain,Needs Review,classify_intervention() could not resolve a confident therapeutic candidate for this intervention,rule_classification,low,False,True
fasted group（AD16 20mg）,fasted group ad16 20mg,NCT05787041,OTHER,uncertain,Needs Review,classify_intervention() could not resolve a confident therapeutic candidate for this intervention,rule_classification,low,False,True
Lemborexant 25 mg,lemborexant 25 mg,NCT05728736,DRUG,investigational_therapeutic_unverified,Therapeutic Drug,investigational therapeutic candidate; drug/biological intervention type with no disqualifying evidence found,rule_classification,medium,True,True
OLX-07010 Active,olx 07010 active,NCT05696483,DRUG,investigational_therapeutic_unverified,Therapeutic Drug,investigational therapeutic candidate; drug/biological intervention type with no disqualifying evidence found,rule_classification,medium,True,True
OLX-07010 Placebo,olx 07010 placebo,NCT05696483,DRUG,placebo_or_sham,Placebo or Comparator,placebo/sham/vehicle-control arm,rule_classification,high,False,False
NDX-1017,ndx 1017,NCT03298672,DRUG,investigational_therapeutic_unverified,Therapeutic Drug,investigational therapeutic candidate; drug/biological intervention type with no disqualifying evidence found,rule_classification,medium,True,True
AC-OLE-01-VA,ac ole 01 va,NCT05408780; NCT05628636,DRUG,investigational_therapeutic_unverified,Therapeutic Drug,investigational therapeutic candidate; drug/biological intervention type with no disqualifying evidence found,rule_classification,medium,True,True
Investigational drug,investigational drug,NCT00006187,DRUG,investigational_therapeutic_unverified,Therapeutic Drug,investigational therapeutic candidate; drug/biological intervention type with no disqualifying evidence found,rule_classification,medium,True,True
GB-5001,gb 5001,NCT05525780,DRUG,investigational_therapeutic_unverified,Therapeutic Drug,investigational therapeutic candidate; drug/biological intervention type with no disqualifying evidence found,rule_classification,medium,True,True
SPECT scan,spect scan,NCT00605046,DRUG,procedure,Non-Drug Intervention,clinical procedure or imaging exam,rule_type,high,False,False
CY6463,cy6463,NCT04798989,DRUG,investigational_therapeutic_unverified,Therapeutic Drug,investigational therapeutic candidate; drug/biological intervention type with no disqualifying evidence found,rule_classification,medium,True,True
EVP-6124 (0.1 mg/day),evp 6124 0 1 mg day,NCT00766363,DRUG,investigational_therapeutic_unverified,Therapeutic Drug,investigational therapeutic candidate; drug/biological intervention type with no disqualifying evidence found,rule_classification,medium,True,True
EVP-6124 (0.3 mg/day),evp 6124 0 3 mg day,NCT00766363,DRUG,investigational_therapeutic_unverified,Therapeutic Drug,investigational therapeutic candidate; drug/biological intervention type with no disqualifying evidence found,rule_classification,medium,True,True
EVP-6124 (1.0 mg/day),evp 6124 1 0 mg day,NCT00766363,DRUG,investigational_therapeutic_unverified,Therapeutic Drug,investigational therapeutic candidate; drug/biological intervention type with no disqualifying evidence found,rule_classification,medium,True,True
Aricept Tablet,aricept tablet,NCT05345509,DRUG,comparator_or_background_therapy,Placebo or Comparator,"approved background/comparator therapy, not the trial's studied candidate",rule_classification,medium,False,False
IVL3003,ivl3003,NCT05345509,DRUG,investigational_therapeutic_unverified,Therapeutic Drug,investigational therapeutic candidate; drug/biological intervention type with no disqualifying evidence found,rule_classification,medium,True,True
Flutemetamol (18F),flutemetamol 18f,NCT02164643,DRUG,diagnostic_or_imaging_agent,Diagnostic Agent,matches a curated diagnostic/imaging tracer name,rule_classification,high,False,False
[18F] PBR111,18f pbr111,NCT01209156,DRUG,investigational_therapeutic_unverified,Therapeutic Drug,investigational therapeutic candidate; drug/biological intervention type with no disqualifying evidence found,rule_classification,medium,True,True
300 mg [C14] CT1812,300 mg c14 ct1812,NCT05225389,DRUG,investigational_therapeutic_unverified,Therapeutic Drug,investigational therapeutic candidate; drug/biological intervention type with no disqualifying evidence found,rule_classification,medium,True,True
Alpha-Tocopherol,alpha tocopherol,NCT01594346,DRUG,uncertain,Needs Review,classify_intervention() could not resolve a confident therapeutic candidate for this intervention,rule_classification,low,False,True
Sugar Pill,sugar pill,NCT01594346,DRUG,uncertain,Needs Review,classify_intervention() could not resolve a confident therapeutic candidate for this intervention,rule_classification,low,False,True
Amyvid,amyvid,NCT05164536; NCT06600880,DRUG,diagnostic_or_imaging_agent,Diagnostic Agent,matches a curated diagnostic/imaging tracer name,rule_classification,high,False,False
GV1001 0.56mg,gv1001 0 56mg,NCT05189210,DRUG,investigational_therapeutic_unverified,Therapeutic Drug,investigational therapeutic candidate; drug/biological intervention type with no disqualifying evidence found,rule_classification,medium,True,True
Florbetaben (BAY94-9172),florbetaben bay94 9172,NCT00750282; NCT01020838; NCT01138111,DRUG,diagnostic_or_imaging_agent,Diagnostic Agent,matches a curated diagnostic/imaging tracer name,rule_classification,high,False,False
[18F] MNI-558,18f mni 558,NCT01217021,DRUG,investigational_therapeutic_unverified,Therapeutic Drug,investigational therapeutic candidate; drug/biological intervention type with no disqualifying evidence found,rule_classification,medium,True,True
[123I] AV-151,123i av 151,NCT00556660,DRUG,investigational_therapeutic_unverified,Therapeutic Drug,investigational therapeutic candidate; drug/biological intervention type with no disqualifying evidence found,rule_classification,medium,True,True
neuropsychologic assessment,neuropsychologic assessment,NCT01325259,OTHER,investigational_therapeutic_unverified,Therapeutic Drug,investigational therapeutic candidate; drug/biological intervention type with no disqualifying evidence found,rule_classification,medium,True,True
[18F]AV-45 PET,18f av 45 pet,NCT01325259,RADIATION,diagnostic_or_imaging_agent,Diagnostic Agent,matches a curated diagnostic/imaging tracer name,rule_classification,high,False,False
18-FDG PET,18 fdg pet,NCT01325259,RADIATION,diagnostic_or_imaging_agent,Diagnostic Agent,matches a curated diagnostic/imaging tracer name,rule_classification,high,False,False
AC-1202,ac 1202,NCT03635879; NCT05028114,DRUG,investigational_therapeutic_unverified,Therapeutic Drug,investigational therapeutic candidate; drug/biological intervention type with no disqualifying evidence found,rule_classification,medium,True,True
AC-OLE-01,ac ole 01,NCT05028114,DRUG,uncertain,Needs Review,classify_intervention() could not resolve a confident therapeutic candidate for this intervention,rule_classification,low,False,True
AC-OLE-02,ac ole 02,NCT05028114,DRUG,uncertain,Needs Review,classify_intervention() could not resolve a confident therapeutic candidate for this intervention,rule_classification,low,False,True
AC-OLE-03,ac ole 03,NCT05028114,DRUG,uncertain,Needs Review,classify_intervention() could not resolve a confident therapeutic candidate for this intervention,rule_classification,low,False,True
AC-OLE-04,ac ole 04,NCT05028114,DRUG,uncertain,Needs Review,classify_intervention() could not resolve a confident therapeutic candidate for this intervention,rule_classification,low,False,True
AC-OLE-05,ac ole 05,NCT05028114,DRUG,uncertain,Needs Review,classify_intervention() could not resolve a confident therapeutic candidate for this intervention,rule_classification,low,False,True
AC-OLE-06,ac ole 06,NCT05028114,DRUG,uncertain,Needs Review,classify_intervention() could not resolve a confident therapeutic candidate for this intervention,rule_classification,low,False,True
AC-OLE-07,ac ole 07,NCT05028114,DRUG,uncertain,Needs Review,classify_intervention() could not resolve a confident therapeutic candidate for this intervention,rule_classification,low,False,True
AC-OLE-08,ac ole 08,NCT05028114,DRUG,uncertain,Needs Review,classify_intervention() could not resolve a confident therapeutic candidate for this intervention,rule_classification,low,False,True
AC-OLE-09,ac ole 09,NCT05028114,DRUG,uncertain,Needs Review,classify_intervention() could not resolve a confident therapeutic candidate for this intervention,rule_classification,low,False,True
AC-OLE-010,ac ole 010,NCT05028114,DRUG,uncertain,Needs Review,classify_intervention() could not resolve a confident therapeutic candidate for this intervention,rule_classification,low,False,True
AC-OLE-P,ac ole p,NCT05028114,DRUG,uncertain,Needs Review,classify_intervention() could not resolve a confident therapeutic candidate for this intervention,rule_classification,low,False,True
MNI-330 as a brain SPECT tracer of Beta-Amyloid,mni 330 as a brain spect tracer of beta amyloid,NCT00657813,DRUG,diagnostic_or_imaging_agent,Diagnostic Agent,matches a curated diagnostic/imaging tracer name,rule_classification,high,False,False
DAOI-B,daoi b,NCT01600469,DRUG,investigational_therapeutic_unverified,Therapeutic Drug,investigational therapeutic candidate; drug/biological intervention type with no disqualifying evidence found,rule_classification,medium,True,True
Proleukin,proleukin,NCT05468073,DRUG,investigational_therapeutic_unverified,Therapeutic Drug,investigational therapeutic candidate; drug/biological intervention type with no disqualifying evidence found,rule_classification,medium,True,True
Nutriceutical formulation,nutriceutical formulation,NCT01320527,DIETARY_SUPPLEMENT,investigational_therapeutic_unverified,Non-Drug Intervention,dietary supplement / nutraceutical — excluded from the default therapeutic view unless curated as a genuine investigational program (data/reference/intervention_scope_overrides.csv),rule_type,medium,False,False
Lithium orotate,lithium orotate,NCT07459959,DRUG,investigational_therapeutic_unverified,Therapeutic Drug,investigational therapeutic candidate; drug/biological intervention type with no disqualifying evidence found,rule_classification,medium,True,True
Matched Placebo (Capsules),matched placebo capsules,NCT07459959,DRUG,placebo_or_sham,Placebo or Comparator,placebo/sham/vehicle-control arm,rule_classification,high,False,False
MNI-513-01,mni 513 01,NCT01000870,DRUG,investigational_therapeutic_unverified,Therapeutic Drug,investigational therapeutic candidate; drug/biological intervention type with no disqualifying evidence found,rule_classification,medium,True,True
REM0046127,rem0046127,NCT04672135,DRUG,investigational_therapeutic_unverified,Therapeutic Drug,investigational therapeutic candidate; drug/biological intervention type with no disqualifying evidence found,rule_classification,medium,True,True
Vitamin E,vitamin e,NCT00000173; NCT00056329,DRUG,investigational_therapeutic_unverified,Therapeutic Drug,investigational therapeutic candidate; drug/biological intervention type with no disqualifying evidence found,rule_classification,medium,True,True
ALZ-801 170 mg Fasting,alz 801 170 mg fasting,NCT04585347,DRUG,investigational_therapeutic_unverified,Therapeutic Drug,investigational therapeutic candidate; drug/biological intervention type with no disqualifying evidence found,rule_classification,medium,True,True
ALZ-801 205 mg Fasting,alz 801 205 mg fasting,NCT04585347,DRUG,investigational_therapeutic_unverified,Therapeutic Drug,investigational therapeutic candidate; drug/biological intervention type with no disqualifying evidence found,rule_classification,medium,True,True
ALZ-801 205 mg After Food,alz 801 205 mg after food,NCT04585347,DRUG,investigational_therapeutic_unverified,Therapeutic Drug,investigational therapeutic candidate; drug/biological intervention type with no disqualifying evidence found,rule_classification,medium,True,True
ALZ-801 342 mg Fasting,alz 801 342 mg fasting,NCT04585347,DRUG,investigational_therapeutic_unverified,Therapeutic Drug,investigational therapeutic candidate; drug/biological intervention type with no disqualifying evidence found,rule_classification,medium,True,True
Whole body PET scan,whole body pet scan,NCT04474405,PROCEDURE,procedure,Non-Drug Intervention,clinical procedure or imaging exam,rule_type,high,False,False
Brain MRI,brain mri,NCT04474405,PROCEDURE,procedure,Non-Drug Intervention,clinical procedure or imaging exam,rule_type,high,False,False
E2020,e2020,NCT01276353; NCT01404169; NCT01539031,DRUG,investigational_therapeutic_unverified,Therapeutic Drug,investigational therapeutic candidate; drug/biological intervention type with no disqualifying evidence found,rule_classification,medium,True,True
[18F]GTP1,18f gtp1,NCT04394845,DIAGNOSTIC_TEST,diagnostic_or_imaging_agent,Diagnostic Agent,matches a curated diagnostic/imaging tracer name,rule_classification,high,False,False
ALZ-801 or matching placebo,alz 801 or matching placebo,NCT04157712,DRUG,placebo_or_sham,Placebo or Comparator,placebo/sham/vehicle-control arm,rule_classification,high,False,False
NNI-362,nni 362,NCT04074837,DRUG,investigational_therapeutic_unverified,Therapeutic Drug,investigational therapeutic candidate; drug/biological intervention type with no disqualifying evidence found,rule_classification,medium,True,True
flortaucipir F 18,flortaucipir f 18,NCT03901092,DRUG,diagnostic_or_imaging_agent,Diagnostic Agent,matches a curated diagnostic/imaging tracer name,rule_classification,high,False,False
GSI 136,gsi 136,NCT00718731; NCT00719394,DRUG,investigational_therapeutic_unverified,Therapeutic Drug,investigational therapeutic candidate; drug/biological intervention type with no disqualifying evidence found,rule_classification,medium,True,True
Omega-3 treatment,omega 3 treatment,NCT03691519,DRUG,investigational_therapeutic_unverified,Therapeutic Drug,investigational therapeutic candidate; drug/biological intervention type with no disqualifying evidence found,rule_classification,medium,True,True
MCTprocal medical food,mctprocal medical food,NCT03635879,OTHER,uncertain,Needs Review,classify_intervention() could not resolve a confident therapeutic candidate for this intervention,rule_classification,low,False,True
Milk/tricaprilin oil blend,milk tricaprilin oil blend,NCT03635879,OTHER,investigational_therapeutic_unverified,Therapeutic Drug,investigational therapeutic candidate; drug/biological intervention type with no disqualifying evidence found,rule_classification,medium,True,True
AC-1207,ac 1207,NCT03635879,OTHER,investigational_therapeutic_unverified,Therapeutic Drug,investigational therapeutic candidate; drug/biological intervention type with no disqualifying evidence found,rule_classification,medium,True,True
AC-1205,ac 1205,NCT03635879,OTHER,investigational_therapeutic_unverified,Therapeutic Drug,investigational therapeutic candidate; drug/biological intervention type with no disqualifying evidence found,rule_classification,medium,True,True
AC-1206,ac 1206,NCT03635879,OTHER,investigational_therapeutic_unverified,Therapeutic Drug,investigational therapeutic candidate; drug/biological intervention type with no disqualifying evidence found,rule_classification,medium,True,True
50 mg PTI-125,50 mg pti 125,NCT03784300,DRUG,uncertain,Needs Review,classify_intervention() could not resolve a confident therapeutic candidate for this intervention,rule_classification,low,False,True
100 mg PTI-125,100 mg pti 125,NCT03784300,DRUG,uncertain,Needs Review,classify_intervention() could not resolve a confident therapeutic candidate for this intervention,rule_classification,low,False,True
200 mg PTI-125,200 mg pti 125,NCT03784300,DRUG,uncertain,Needs Review,classify_intervention() could not resolve a confident therapeutic candidate for this intervention,rule_classification,low,False,True
Atabecestat,atabecestat,NCT03587376,DRUG,investigational_therapeutic_unverified,Therapeutic Drug,investigational therapeutic candidate; drug/biological intervention type with no disqualifying evidence found,rule_classification,medium,True,True
standard meal,standard meal,NCT03551769,OTHER,uncertain,Needs Review,classify_intervention() could not resolve a confident therapeutic candidate for this intervention,rule_classification,low,False,True
high-fat meal,high fat meal,NCT03551769,OTHER,uncertain,Needs Review,classify_intervention() could not resolve a confident therapeutic candidate for this intervention,rule_classification,low,False,True
overnight fast,overnight fast,NCT03551769,OTHER,uncertain,Needs Review,classify_intervention() could not resolve a confident therapeutic candidate for this intervention,rule_classification,low,False,True
AAV2-BDNF Gene Therapy,aav2 bdnf gene therapy,NCT05040217,GENETIC,uncertain,Therapeutic Drug,name indicates an actual gene-therapy product (vector/AAV/gene-therapy wording),rule_keyword,medium,True,True
AAV2-BDNF Gene Therapy,aav2 bdnf gene therapy,NCT05040217,BIOLOGICAL,uncertain,Needs Review,classify_intervention() could not resolve a confident therapeutic candidate for this intervention,rule_classification,low,False,True
11C-JNJ-63779586,11c jnj 63779586,NCT03089918,DRUG,investigational_therapeutic_unverified,Therapeutic Drug,investigational therapeutic candidate; drug/biological intervention type with no disqualifying evidence found,rule_classification,medium,True,True
Exosomes derived from umbilical cord mesenchymal stem cell for intranasal drop,exosomes derived from umbilical cord mesenchymal stem cell for intranasal drop,NCT07457125,DRUG,investigational_therapeutic_unverified,Therapeutic Drug,investigational therapeutic candidate; drug/biological intervention type with no disqualifying evidence found,rule_classification,medium,True,True
A placebo of exosomes derived from umbilical cord mesenchymal stem cell for intranasal drop,a placebo of exosomes derived from umbilical cord mesenchymal stem cell for intranasal drop,NCT07457125,DRUG,placebo_or_sham,Placebo or Comparator,placebo/sham/vehicle-control arm,rule_classification,high,False,False
Donepezil TDS Version A,donepezil tds version a,NCT02968719,DRUG,uncertain,Needs Review,classify_intervention() could not resolve a confident therapeutic candidate for this intervention,rule_classification,low,False,True
Donepezil TDS Version B,donepezil tds version b,NCT02968719,DRUG,uncertain,Needs Review,classify_intervention() could not resolve a confident therapeutic candidate for this intervention,rule_classification,low,False,True
Donepezil TDS Version D,donepezil tds version d,NCT02968719,DRUG,uncertain,Needs Review,classify_intervention() could not resolve a confident therapeutic candidate for this intervention,rule_classification,low,False,True
Donepezil TDS Version E,donepezil tds version e,NCT02968719,DRUG,uncertain,Needs Review,classify_intervention() could not resolve a confident therapeutic candidate for this intervention,rule_classification,low,False,True
Gastro-retentive zinc cysteine tablet,gastro retentive zinc cysteine tablet,NCT01099332,OTHER,uncertain,Needs Review,classify_intervention() could not resolve a confident therapeutic candidate for this intervention,rule_classification,low,False,True
Tablet identical physically to active comparator containing some lactose,tablet identical physically to active comparator containing some lactose,NCT01099332,OTHER,uncertain,Needs Review,classify_intervention() could not resolve a confident therapeutic candidate for this intervention,rule_classification,low,False,True
F-18 FEDAA1106 (BAY85-8101),f 18 fedaa1106 bay85 8101,NCT01035164,DRUG,investigational_therapeutic_unverified,Therapeutic Drug,investigational therapeutic candidate; drug/biological intervention type with no disqualifying evidence found,rule_classification,medium,True,True
BPN14770 placebo,bpn14770 placebo,NCT03030105,DRUG,placebo_or_sham,Placebo or Comparator,placebo/sham/vehicle-control arm,rule_classification,high,False,False
Scopolamine 0.6 MG/ML,scopolamine 0 6 mg ml,NCT03030105,DRUG,uncertain,Needs Review,classify_intervention() could not resolve a confident therapeutic candidate for this intervention,rule_classification,low,False,True
Scopolamine placebo,scopolamine placebo,NCT03030105,DRUG,placebo_or_sham,Placebo or Comparator,placebo/sham/vehicle-control arm,rule_classification,high,False,False
Levetiracetam (LEV),levetiracetam lev,NCT07477431,DRUG,investigational_therapeutic_unverified,Therapeutic Drug,investigational therapeutic candidate; drug/biological intervention type with no disqualifying evidence found,rule_classification,medium,True,True
Probiotic Blend Capsule,probiotic blend capsule,NCT06181513,DRUG,investigational_therapeutic_unverified,Therapeutic Drug,investigational therapeutic candidate; drug/biological intervention type with no disqualifying evidence found,rule_classification,medium,True,True
Talsaclidine 6 mg,talsaclidine 6 mg,NCT02249403,DRUG,investigational_therapeutic_unverified,Therapeutic Drug,investigational therapeutic candidate; drug/biological intervention type with no disqualifying evidence found,rule_classification,medium,True,True
Talsaclidine 12 mg,talsaclidine 12 mg,NCT02249403,DRUG,investigational_therapeutic_unverified,Therapeutic Drug,investigational therapeutic candidate; drug/biological intervention type with no disqualifying evidence found,rule_classification,medium,True,True
Talsaclidine 24 mg,talsaclidine 24 mg,NCT02249403,DRUG,investigational_therapeutic_unverified,Therapeutic Drug,investigational therapeutic candidate; drug/biological intervention type with no disqualifying evidence found,rule_classification,medium,True,True
Talsaclidine 36 mg,talsaclidine 36 mg,NCT02249403,DRUG,investigational_therapeutic_unverified,Therapeutic Drug,investigational therapeutic candidate; drug/biological intervention type with no disqualifying evidence found,rule_classification,medium,True,True
Talsaclidine,talsaclidine,NCT02248116; NCT02249351,DRUG,investigational_therapeutic_unverified,Therapeutic Drug,investigational therapeutic candidate; drug/biological intervention type with no disqualifying evidence found,rule_classification,medium,True,True
[18F] CFPyPB,18f cfpypb,NCT01461109,DRUG,investigational_therapeutic_unverified,Therapeutic Drug,investigational therapeutic candidate; drug/biological intervention type with no disqualifying evidence found,rule_classification,medium,True,True
Lithia water,lithia water,NCT02204969,DIETARY_SUPPLEMENT,investigational_therapeutic_unverified,Non-Drug Intervention,dietary supplement / nutraceutical — excluded from the default therapeutic view unless curated as a genuine investigational program (data/reference/intervention_scope_overrides.csv),rule_type,medium,False,False
Transcranial Magnetic stimulation,transcranial magnetic stimulation,NCT02204969; NCT07192913,DEVICE,device,Non-Drug Intervention,intervention type is DEVICE,rule_type,high,False,False
BAC treatment,bac treatment,NCT02886494,DRUG,uncertain,Needs Review,classify_intervention() could not resolve a confident therapeutic candidate for this intervention,rule_classification,low,False,True
Matched vehicle,matched vehicle,NCT02886494,DRUG,uncertain,Needs Review,classify_intervention() could not resolve a confident therapeutic candidate for this intervention,rule_classification,low,False,True
Idalopirdine (Lu AE58054) 60 mg,idalopirdine lu ae58054 60 mg,NCT02340195,DRUG,investigational_therapeutic_unverified,Therapeutic Drug,investigational therapeutic candidate; drug/biological intervention type with no disqualifying evidence found,rule_classification,medium,True,True
Flutemetamol (18F) Injection,flutemetamol 18f injection,NCT01028053,DRUG,diagnostic_or_imaging_agent,Diagnostic Agent,matches a curated diagnostic/imaging tracer name,rule_classification,high,False,False
"Donepezil, ODT 10 mg",donepezil odt 10 mg,NCT01297036,DRUG,uncertain,Needs Review,classify_intervention() could not resolve a confident therapeutic candidate for this intervention,rule_classification,low,False,True
"Donepezil, 10 mg tablet",donepezil 10 mg tablet,NCT01297036,DRUG,uncertain,Needs Review,classify_intervention() could not resolve a confident therapeutic candidate for this intervention,rule_classification,low,False,True
[18F]-FMH3,18f fmh3,NCT01268020,DRUG,investigational_therapeutic_unverified,Therapeutic Drug,investigational therapeutic candidate; drug/biological intervention type with no disqualifying evidence found,rule_classification,medium,True,True
Exendin-4 SC,exendin 4 sc,NCT01255163,DRUG,investigational_therapeutic_unverified,Therapeutic Drug,investigational therapeutic candidate; drug/biological intervention type with no disqualifying evidence found,rule_classification,medium,True,True
Placebo SC,placebo sc,NCT01255163; NCT02614131,DRUG,placebo_or_sham,Placebo or Comparator,placebo/sham/vehicle-control arm,rule_classification,high,False,False
F 18 T807,f 18 t807,NCT02707978,DRUG,diagnostic_or_imaging_agent,Diagnostic Agent,matches a curated diagnostic/imaging tracer name,rule_classification,high,False,False
BMS-708163 + Ketoconazole,bms 708163 ketoconazole,NCT00860275,DRUG,investigational_therapeutic_unverified,Therapeutic Drug,investigational therapeutic candidate; drug/biological intervention type with no disqualifying evidence found,rule_classification,medium,True,True
Ketoconazole,ketoconazole,NCT00860275,DRUG,uncertain,Needs Review,classify_intervention() could not resolve a confident therapeutic candidate for this intervention,rule_classification,low,False,True
Fluconazole,fluconazole,NCT00860275,DRUG,uncertain,Needs Review,classify_intervention() could not resolve a confident therapeutic candidate for this intervention,rule_classification,low,False,True
BMS-708163 + Fluconazole,bms 708163 fluconazole,NCT00860275,DRUG,investigational_therapeutic_unverified,Therapeutic Drug,investigational therapeutic candidate; drug/biological intervention type with no disqualifying evidence found,rule_classification,medium,True,True
"Brexpiprazole, OPC-34712",brexpiprazole opc 34712,NCT01862640; NCT01922258,DRUG,investigational_therapeutic_unverified,Therapeutic Drug,investigational therapeutic candidate; drug/biological intervention type with no disqualifying evidence found,rule_classification,medium,True,True
Lecozotan,lecozotan,NCT00563732,DRUG,investigational_therapeutic_unverified,Therapeutic Drug,investigational therapeutic candidate; drug/biological intervention type with no disqualifying evidence found,rule_classification,medium,True,True
SAM-315,sam 315,NCT00474552; NCT00479440; NCT00480467,DRUG,investigational_therapeutic_unverified,Therapeutic Drug,investigational therapeutic candidate; drug/biological intervention type with no disqualifying evidence found,rule_classification,medium,True,True
MK-4334,mk 4334,NCT03740178,DRUG,investigational_therapeutic_unverified,Therapeutic Drug,investigational therapeutic candidate; drug/biological intervention type with no disqualifying evidence found,rule_classification,medium,True,True
Placebo to MK-4334,placebo to mk 4334,NCT03740178,DRUG,placebo_or_sham,Placebo or Comparator,placebo/sham/vehicle-control arm,rule_classification,high,False,False
Donepepzil,donepepzil,NCT03740178,DRUG,uncertain,Needs Review,classify_intervention() could not resolve a confident therapeutic candidate for this intervention,rule_classification,low,False,True
Progenitor Stem Cell Culture,progenitor stem cell culture,NCT00927108,OTHER,investigational_therapeutic_unverified,Therapeutic Drug,investigational therapeutic candidate; drug/biological intervention type with no disqualifying evidence found,rule_classification,medium,True,True
KarXT + KarX-EC Arm Matching Placebo,karxt karx ec arm matching placebo,NCT06947941,DRUG,placebo_or_sham,Placebo or Comparator,placebo/sham/vehicle-control arm,rule_classification,high,False,False
BPDO-1603,bpdo 1603,NCT04229927; NCT05804279,DRUG,investigational_therapeutic_unverified,Therapeutic Drug,investigational therapeutic candidate; drug/biological intervention type with no disqualifying evidence found,rule_classification,medium,True,True
EVP-0962,evp 0962,NCT01661673,DRUG,investigational_therapeutic_unverified,Therapeutic Drug,investigational therapeutic candidate; drug/biological intervention type with no disqualifying evidence found,rule_classification,medium,True,True
Emraclidine,emraclidine,NCT05644977,DRUG,investigational_therapeutic_unverified,Therapeutic Drug,investigational therapeutic candidate; drug/biological intervention type with no disqualifying evidence found,rule_classification,medium,True,True
BMS-986368,bms 986368,NCT06808984,DRUG,investigational_therapeutic_unverified,Therapeutic Drug,investigational therapeutic candidate; drug/biological intervention type with no disqualifying evidence found,rule_classification,medium,True,True
Nicotinamide Riboside supplementation 1000mg daily in total,nicotinamide riboside supplementation 1000mg daily in total,NCT05617508,DIETARY_SUPPLEMENT,investigational_therapeutic_unverified,Non-Drug Intervention,dietary supplement / nutraceutical — excluded from the default therapeutic view unless curated as a genuine investigational program (data/reference/intervention_scope_overrides.csv),rule_type,medium,False,False
Nicotinamide Riboside dose escalation (up to 3000 mg daily in total),nicotinamide riboside dose escalation up to 3000 mg daily in total,NCT05617508,DIETARY_SUPPLEMENT,investigational_therapeutic_unverified,Non-Drug Intervention,dietary supplement / nutraceutical — excluded from the default therapeutic view unless curated as a genuine investigational program (data/reference/intervention_scope_overrides.csv),rule_type,medium,False,False
Sapphire II,sapphire ii,NCT02928211,DEVICE,device,Non-Drug Intervention,intervention type is DEVICE,rule_type,high,False,False
Aftobetin-HCl,aftobetin hcl,NCT02928211,DRUG,investigational_therapeutic_unverified,Therapeutic Drug,investigational therapeutic candidate; drug/biological intervention type with no disqualifying evidence found,rule_classification,medium,True,True
Positron Emission Tomography,positron emission tomography,NCT02928211,RADIATION,procedure,Non-Drug Intervention,RADIATION-type intervention with no imaging evidence in its name — confirm manually,rule_type,low,False,True
"EI-1071 tablet, oral",ei 1071 tablet oral,NCT06745583,DRUG,investigational_therapeutic_unverified,Therapeutic Drug,investigational therapeutic candidate; drug/biological intervention type with no disqualifying evidence found,rule_classification,medium,True,True
Metabolic Cofactor Supplementation,metabolic cofactor supplementation,NCT04044131,DRUG,uncertain,Needs Review,classify_intervention() could not resolve a confident therapeutic candidate for this intervention,rule_classification,low,False,True
Sorbitol,sorbitol,NCT04044131,DRUG,uncertain,Needs Review,classify_intervention() could not resolve a confident therapeutic candidate for this intervention,rule_classification,low,False,True
Normal Saline along with standard treatment,normal saline along with standard treatment,NCT04052737,DRUG,uncertain,Needs Review,classify_intervention() could not resolve a confident therapeutic candidate for this intervention,rule_classification,low,False,True
PMZ-1620 (sovateltide) along with standard treatment,pmz 1620 sovateltide along with standard treatment,NCT04052737,DRUG,uncertain,Needs Review,classify_intervention() could not resolve a confident therapeutic candidate for this intervention,rule_classification,low,False,True
AZD1446,azd1446,NCT01039701; NCT01125683,DRUG,investigational_therapeutic_unverified,Therapeutic Drug,investigational therapeutic candidate; drug/biological intervention type with no disqualifying evidence found,rule_classification,medium,True,True
Suvorexant 20 mg,suvorexant 20 mg,NCT04629547,DRUG,investigational_therapeutic_unverified,Therapeutic Drug,investigational therapeutic candidate; drug/biological intervention type with no disqualifying evidence found,rule_classification,medium,True,True
Centella asiatica product,centella asiatica product,NCT05591027,DRUG,investigational_therapeutic_unverified,Therapeutic Drug,investigational therapeutic candidate; drug/biological intervention type with no disqualifying evidence found,rule_classification,medium,True,True
PM012 Placebo,pm012 placebo,NCT05811000,DRUG,placebo_or_sham,Placebo or Comparator,placebo/sham/vehicle-control arm,rule_classification,high,False,False
[123I]-IBVM,123i ibvm,NCT00480701,DRUG,investigational_therapeutic_unverified,Therapeutic Drug,investigational therapeutic candidate; drug/biological intervention type with no disqualifying evidence found,rule_classification,medium,True,True
[18F]AV-1451,18f av 1451,NCT03283449; NCT04080544; NCT06723015,DRUG,diagnostic_or_imaging_agent,Diagnostic Agent,matches a curated diagnostic/imaging tracer name,rule_classification,high,False,False
Positron Emission Tomography,positron emission tomography,NCT04080544,PROCEDURE,procedure,Non-Drug Intervention,clinical procedure or imaging exam,rule_type,high,False,False
insulin detemir,insulin detemir,NCT01547169; NCT01595646,DRUG,uncertain,Needs Review,classify_intervention() could not resolve a confident therapeutic candidate for this intervention,rule_classification,low,False,True
Escitalopram,escitalopram,NCT00488670; NCT03108846,DRUG,investigational_therapeutic_unverified,Therapeutic Drug,investigational therapeutic candidate; drug/biological intervention type with no disqualifying evidence found,rule_classification,medium,True,True
Insulin,insulin,NCT01595646,DRUG,uncertain,Needs Review,classify_intervention() could not resolve a confident therapeutic candidate for this intervention,rule_classification,low,False,True
Siponimod,siponimod,NCT06639282,DRUG,investigational_therapeutic_unverified,Therapeutic Drug,investigational therapeutic candidate; drug/biological intervention type with no disqualifying evidence found,rule_classification,medium,True,True
Senicapoc,senicapoc,NCT04804241,DRUG,investigational_therapeutic_unverified,Therapeutic Drug,investigational therapeutic candidate; drug/biological intervention type with no disqualifying evidence found,rule_classification,medium,True,True
Placebo Tablet,placebo tablet,NCT04804241,OTHER,placebo_or_sham,Placebo or Comparator,placebo/sham/vehicle-control arm,rule_classification,high,False,False
18F-PM-PBB3,18f pm pbb3,NCT04248270,DRUG,diagnostic_or_imaging_agent,Diagnostic Agent,matches a curated diagnostic/imaging tracer name,rule_classification,high,False,False
Placebo matching BI 409306 25 mg,placebo matching bi 409306 25 mg,NCT02392468,DRUG,placebo_or_sham,Placebo or Comparator,placebo/sham/vehicle-control arm,rule_classification,high,False,False
Placebo matching BI 409306 50 mg,placebo matching bi 409306 50 mg,NCT02392468,DRUG,placebo_or_sham,Placebo or Comparator,placebo/sham/vehicle-control arm,rule_classification,high,False,False
BI 409306 25 mg,bi 409306 25 mg,NCT02392468,DRUG,investigational_therapeutic_unverified,Therapeutic Drug,investigational therapeutic candidate; drug/biological intervention type with no disqualifying evidence found,rule_classification,medium,True,True
BI 409306 50 mg,bi 409306 50 mg,NCT02392468,DRUG,investigational_therapeutic_unverified,Therapeutic Drug,investigational therapeutic candidate; drug/biological intervention type with no disqualifying evidence found,rule_classification,medium,True,True
[18F]T807 PET,18f t807 pet,NCT03022968,DRUG,diagnostic_or_imaging_agent,Diagnostic Agent,matches a curated diagnostic/imaging tracer name,rule_classification,high,False,False
GENUS,genus,NCT07496918,DEVICE,device,Non-Drug Intervention,intervention type is DEVICE,rule_type,high,False,False
Tactile GENUS,tactile genus,NCT07496918,DEVICE,device,Non-Drug Intervention,intervention type is DEVICE,rule_type,high,False,False
"grape seed polyphenolic extract, resveratrol",grape seed polyphenolic extract resveratrol,NCT02502253,DRUG,investigational_therapeutic_unverified,Therapeutic Drug,investigational therapeutic candidate; drug/biological intervention type with no disqualifying evidence found,rule_classification,medium,True,True
Elontril,elontril,NCT01047254,DRUG,investigational_therapeutic_unverified,Therapeutic Drug,investigational therapeutic candidate; drug/biological intervention type with no disqualifying evidence found,rule_classification,medium,True,True
XTR006,xtr006,NCT07115238,DRUG,investigational_therapeutic_unverified,Therapeutic Drug,investigational therapeutic candidate; drug/biological intervention type with no disqualifying evidence found,rule_classification,medium,True,True
Brivaracetam,brivaracetam,NCT05899764,DRUG,investigational_therapeutic_unverified,Therapeutic Drug,investigational therapeutic candidate; drug/biological intervention type with no disqualifying evidence found,rule_classification,medium,True,True
Leucettinib-21,leucettinib 21,NCT06206824,DRUG,investigational_therapeutic_unverified,Therapeutic Drug,investigational therapeutic candidate; drug/biological intervention type with no disqualifying evidence found,rule_classification,medium,True,True
AH110690 (18F) Injection,ah110690 18f injection,NCT00785759,DRUG,investigational_therapeutic_unverified,Therapeutic Drug,investigational therapeutic candidate; drug/biological intervention type with no disqualifying evidence found,rule_classification,medium,True,True
LMTM,lmtm,NCT02245568,DRUG,investigational_therapeutic_unverified,Therapeutic Drug,investigational therapeutic candidate; drug/biological intervention type with no disqualifying evidence found,rule_classification,medium,True,True
400mg LM11A-31-BHS,400mg lm11a 31 bhs,NCT03069014,DRUG,uncertain,Needs Review,classify_intervention() could not resolve a confident therapeutic candidate for this intervention,rule_classification,low,False,True
800mg LM11A-31-BHS,800mg lm11a 31 bhs,NCT03069014,DRUG,uncertain,Needs Review,classify_intervention() could not resolve a confident therapeutic candidate for this intervention,rule_classification,low,False,True
PF-01913539 5 mg,pf 01913539 5 mg,NCT01066481,DRUG,uncertain,Needs Review,classify_intervention() could not resolve a confident therapeutic candidate for this intervention,rule_classification,low,False,True
Regular Insulin,regular insulin,NCT00438568,DRUG,investigational_therapeutic_unverified,Therapeutic Drug,investigational therapeutic candidate; drug/biological intervention type with no disqualifying evidence found,rule_classification,medium,True,True
NSA-789,nsa 789,NCT00795730,DRUG,investigational_therapeutic_unverified,Therapeutic Drug,investigational therapeutic candidate; drug/biological intervention type with no disqualifying evidence found,rule_classification,medium,True,True
Melatonin,melatonin,NCT00000171,DRUG,investigational_therapeutic_unverified,Therapeutic Drug,investigational therapeutic candidate; drug/biological intervention type with no disqualifying evidence found,rule_classification,medium,True,True
HPP854,hpp854,NCT01482013,DRUG,investigational_therapeutic_unverified,Therapeutic Drug,investigational therapeutic candidate; drug/biological intervention type with no disqualifying evidence found,rule_classification,medium,True,True
testosterone gel,testosterone gel,NCT00539305,DRUG,investigational_therapeutic_unverified,Therapeutic Drug,investigational therapeutic candidate; drug/biological intervention type with no disqualifying evidence found,rule_classification,medium,True,True
placebo gel,placebo gel,NCT00539305,DRUG,placebo_or_sham,Placebo or Comparator,placebo/sham/vehicle-control arm,rule_classification,high,False,False
LY2599666,ly2599666,NCT02614131,DRUG,investigational_therapeutic_unverified,Therapeutic Drug,investigational therapeutic candidate; drug/biological intervention type with no disqualifying evidence found,rule_classification,medium,True,True
Participation in a monitored exercise program,participation in a monitored exercise program,NCT00403507,BEHAVIORAL,behavioral,Non-Drug Intervention,behavioral/non-drug activity,rule_type,high,False,False
Personalized aerobic and strength training.,personalized aerobic and strength training,NCT00403507,BEHAVIORAL,behavioral,Non-Drug Intervention,behavioral/non-drug activity,rule_type,high,False,False
"tetanus toxoid, reduced diphtheria toxoid and acellular pertussis vaccine",tetanus toxoid reduced diphtheria toxoid and acellular pertussis vaccine,NCT05183516,BIOLOGICAL,investigational_therapeutic_unverified,Therapeutic Drug,investigational therapeutic candidate; drug/biological intervention type with no disqualifying evidence found,rule_classification,medium,True,True
THN391,thn391,NCT06814730,DRUG,investigational_therapeutic_unverified,Therapeutic Drug,investigational therapeutic candidate; drug/biological intervention type with no disqualifying evidence found,rule_classification,medium,True,True
Nabilone,nabilone,NCT02351882; NCT04516057,DRUG,investigational_therapeutic_unverified,Therapeutic Drug,investigational therapeutic candidate; drug/biological intervention type with no disqualifying evidence found,rule_classification,medium,True,True
EXV-802,exv 802,NCT07284472,DRUG,investigational_therapeutic_unverified,Therapeutic Drug,investigational therapeutic candidate; drug/biological intervention type with no disqualifying evidence found,rule_classification,medium,True,True
EXV-801,exv 801,NCT07284472,DRUG,investigational_therapeutic_unverified,Therapeutic Drug,investigational therapeutic candidate; drug/biological intervention type with no disqualifying evidence found,rule_classification,medium,True,True
Transcranial Alternating Current Stimulation (tACS),transcranial alternating current stimulation tacs,NCT03880240,DEVICE,device,Non-Drug Intervention,intervention type is DEVICE,rule_type,high,False,False
Sham Transcranial Alternating Current Stimulation,sham transcranial alternating current stimulation,NCT03880240,OTHER,placebo_or_sham,Placebo or Comparator,placebo/sham/vehicle-control arm,rule_classification,high,False,False
Insulin (Humulin® R U-100),insulin humulin r u 100,NCT01767909; NCT05006599; NCT05081219,DRUG,investigational_therapeutic_unverified,Therapeutic Drug,investigational therapeutic candidate; drug/biological intervention type with no disqualifying evidence found,rule_classification,medium,True,True
Fasudil,fasudil,NCT06362707,DRUG,investigational_therapeutic_unverified,Therapeutic Drug,investigational therapeutic candidate; drug/biological intervention type with no disqualifying evidence found,rule_classification,medium,True,True
QLH2405,qlh2405,NCT07489599,DRUG,investigational_therapeutic_unverified,Therapeutic Drug,investigational therapeutic candidate; drug/biological intervention type with no disqualifying evidence found,rule_classification,medium,True,True
Dasatinib,dasatinib,NCT04785300; NCT05422885,DRUG,investigational_therapeutic_unverified,Therapeutic Drug,investigational therapeutic candidate; drug/biological intervention type with no disqualifying evidence found,rule_classification,medium,True,True
Quercetin,quercetin,NCT04785300; NCT05422885,DRUG,investigational_therapeutic_unverified,Therapeutic Drug,investigational therapeutic candidate; drug/biological intervention type with no disqualifying evidence found,rule_classification,medium,True,True
Dabigatran,dabigatran,NCT03752294,DRUG,investigational_therapeutic_unverified,Therapeutic Drug,investigational therapeutic candidate; drug/biological intervention type with no disqualifying evidence found,rule_classification,medium,True,True
Placebo - Cap,placebo cap,NCT03752294,DRUG,placebo_or_sham,Placebo or Comparator,placebo/sham/vehicle-control arm,rule_classification,high,False,False
PET/MR Imaging,pet mr imaging,NCT05336695,DIAGNOSTIC_TEST,uncertain,Diagnostic Agent,intervention type is DIAGNOSTIC_TEST,rule_type,medium,False,True
64Cu-FBP8,64cu fbp8,NCT05336695,DRUG,uncertain,Needs Review,classify_intervention() could not resolve a confident therapeutic candidate for this intervention,rule_classification,low,False,True
AGB101 220 mg tablet,agb101 220 mg tablet,NCT03486938,DRUG,investigational_therapeutic_unverified,Therapeutic Drug,investigational therapeutic candidate; drug/biological intervention type with no disqualifying evidence found,rule_classification,medium,True,True
PMN310,pmn310,NCT06750432,DRUG,investigational_therapeutic_unverified,Therapeutic Drug,investigational therapeutic candidate; drug/biological intervention type with no disqualifying evidence found,rule_classification,medium,True,True
AD04,ad04,NCT07107074,DRUG,investigational_therapeutic_unverified,Therapeutic Drug,investigational therapeutic candidate; drug/biological intervention type with no disqualifying evidence found,rule_classification,medium,True,True
DNL628,dnl628,NCT07328451,DRUG,investigational_therapeutic_unverified,Therapeutic Drug,investigational therapeutic candidate; drug/biological intervention type with no disqualifying evidence found,rule_classification,medium,True,True
Sodium oligo-mannurarate 600mg,sodium oligo mannurarate 600mg,NCT01453569,DRUG,uncertain,Needs Review,classify_intervention() could not resolve a confident therapeutic candidate for this intervention,rule_classification,low,False,True
Sodium oligo-mannurarate 900mg,sodium oligo mannurarate 900mg,NCT01453569; NCT02293915,DRUG,uncertain,Needs Review,classify_intervention() could not resolve a confident therapeutic candidate for this intervention,rule_classification,low,False,True
BCG vaccine,bcg vaccine,NCT06078891,BIOLOGICAL,investigational_therapeutic_unverified,Therapeutic Drug,investigational therapeutic candidate; drug/biological intervention type with no disqualifying evidence found,rule_classification,medium,True,True
BMS-986446,bms 986446,NCT06268886,DRUG,investigational_therapeutic_unverified,Therapeutic Drug,investigational therapeutic candidate; drug/biological intervention type with no disqualifying evidence found,rule_classification,medium,True,True
Education Control,education control,NCT00908492,BEHAVIORAL,behavioral,Non-Drug Intervention,behavioral/non-drug activity,rule_type,high,False,False
Environmental Skill Building,environmental skill building,NCT00908492,BEHAVIORAL,behavioral,Non-Drug Intervention,behavioral/non-drug activity,rule_type,high,False,False
Sustiva Pill,sustiva pill,NCT03706885,DRUG,investigational_therapeutic_unverified,Therapeutic Drug,investigational therapeutic candidate; drug/biological intervention type with no disqualifying evidence found,rule_classification,medium,True,True
"[18F]MK-6240, ~185 MBq",18f mk 6240 185 mbq,NCT02562989,DRUG,diagnostic_or_imaging_agent,Diagnostic Agent,matches a curated diagnostic/imaging tracer name,rule_classification,high,False,False
"[18F]MK-6240, ~160 MBq",18f mk 6240 160 mbq,NCT02562989,DRUG,diagnostic_or_imaging_agent,Diagnostic Agent,matches a curated diagnostic/imaging tracer name,rule_classification,high,False,False
Pimavanserin,pimavanserin,NCT03118947,DRUG,investigational_therapeutic_unverified,Therapeutic Drug,investigational therapeutic candidate; drug/biological intervention type with no disqualifying evidence found,rule_classification,medium,True,True
Neuronavigation-guided single-element focused ultrasound transducer,neuronavigation guided single element focused ultrasound transducer,NCT06600880,DEVICE,device,Non-Drug Intervention,intervention type is DEVICE,rule_type,high,False,False
Lumason,lumason,NCT06600880,DRUG,uncertain,Needs Review,classify_intervention() could not resolve a confident therapeutic candidate for this intervention,rule_classification,low,False,True
Magnetic Resonance Imaging (MRI) with or without gadolinium contrast agents,magnetic resonance imaging mri with or without gadolinium contrast agents,NCT06600880,OTHER,procedure,Non-Drug Intervention,clinical procedure or imaging exam,rule_type,high,False,False
Positron Emission Tomography (PET),positron emission tomography pet,NCT06600880,RADIATION,procedure,Non-Drug Intervention,RADIATION-type intervention with no imaging evidence in its name — confirm manually,rule_type,low,False,True
MK-6240,mk 6240,NCT06600880,DRUG,diagnostic_or_imaging_agent,Diagnostic Agent,matches a curated diagnostic/imaging tracer name,rule_classification,high,False,False
Dotarem,dotarem,NCT06600880,DRUG,uncertain,Needs Review,classify_intervention() could not resolve a confident therapeutic candidate for this intervention,rule_classification,low,False,True
Blood draw,blood draw,NCT06600880,DIAGNOSTIC_TEST,procedure,Non-Drug Intervention,clinical procedure or imaging exam,rule_type,high,False,False
UR5e,ur5e,NCT06600880,DEVICE,device,Non-Drug Intervention,intervention type is DEVICE,rule_type,high,False,False
Urine test,urine test,NCT06600880,DIAGNOSTIC_TEST,uncertain,Diagnostic Agent,intervention type is DIAGNOSTIC_TEST,rule_type,medium,False,True
LIPUS-Brain,lipus brain,NCT05983575,DEVICE,device,Non-Drug Intervention,intervention type is DEVICE,rule_type,high,False,False
Placebo,placebo,NCT05983575,DEVICE,placebo_or_sham,Placebo or Comparator,placebo/sham/vehicle-control arm,rule_classification,high,False,False
Skills training for the care of dementia patients,skills training for the care of dementia patients,NCT00255866,BEHAVIORAL,behavioral,Non-Drug Intervention,behavioral/non-drug activity,rule_type,high,False,False
Pimavanserin 34 mg,pimavanserin 34 mg,NCT02992132; NCT03325556,DRUG,investigational_therapeutic_unverified,Therapeutic Drug,investigational therapeutic candidate; drug/biological intervention type with no disqualifying evidence found,rule_classification,medium,True,True
Pimavanserin 20 mg,pimavanserin 20 mg,NCT02992132; NCT03325556,DRUG,investigational_therapeutic_unverified,Therapeutic Drug,investigational therapeutic candidate; drug/biological intervention type with no disqualifying evidence found,rule_classification,medium,True,True
hMSC,hmsc,NCT06781333,BIOLOGICAL,investigational_therapeutic_unverified,Therapeutic Drug,investigational therapeutic candidate; drug/biological intervention type with no disqualifying evidence found,rule_classification,medium,True,True
TAK-071,tak 071,NCT02769065,DRUG,investigational_therapeutic_unverified,Therapeutic Drug,investigational therapeutic candidate; drug/biological intervention type with no disqualifying evidence found,rule_classification,medium,True,True
TAK-071 Placebo,tak 071 placebo,NCT02769065,DRUG,placebo_or_sham,Placebo or Comparator,placebo/sham/vehicle-control arm,rule_classification,high,False,False
ION269,ion269,NCT06673069,DRUG,investigational_therapeutic_unverified,Therapeutic Drug,investigational therapeutic candidate; drug/biological intervention type with no disqualifying evidence found,rule_classification,medium,True,True
AZD5213,azd5213,NCT01548287,DRUG,investigational_therapeutic_unverified,Therapeutic Drug,investigational therapeutic candidate; drug/biological intervention type with no disqualifying evidence found,rule_classification,medium,True,True
3TC,3tc,NCT04552795,DRUG,investigational_therapeutic_unverified,Therapeutic Drug,investigational therapeutic candidate; drug/biological intervention type with no disqualifying evidence found,rule_classification,medium,True,True
ACD856,acd856,NCT05077501; NCT05077631; NCT05783830,DRUG,investigational_therapeutic_unverified,Therapeutic Drug,investigational therapeutic candidate; drug/biological intervention type with no disqualifying evidence found,rule_classification,medium,True,True
ALZT-OP1 (cromolyn and ibuprofen) ALZT-OP1a (cromolyn) and ALZT-OP1b (ibuprofen),alzt op1 cromolyn and ibuprofen alzt op1a cromolyn and alzt op1b ibuprofen,NCT04570644,DRUG,investigational_therapeutic_unverified,Therapeutic Drug,investigational therapeutic candidate; drug/biological intervention type with no disqualifying evidence found,rule_classification,medium,True,True
[18F]NOS,18f nos,NCT04274998,DRUG,uncertain,Needs Review,classify_intervention() could not resolve a confident therapeutic candidate for this intervention,rule_classification,low,False,True
Yangxue Qingnao pills,yangxue qingnao pills,NCT04780399,DRUG,uncertain,Needs Review,classify_intervention() could not resolve a confident therapeutic candidate for this intervention,rule_classification,low,False,True
AGB101,agb101,NCT05986721,DRUG,investigational_therapeutic_unverified,Therapeutic Drug,investigational therapeutic candidate; drug/biological intervention type with no disqualifying evidence found,rule_classification,medium,True,True
Active NIR-PBM,active nir pbm,NCT04018092,DEVICE,device,Non-Drug Intervention,intervention type is DEVICE,rule_type,high,False,False
Sham NIR-PBM,sham nir pbm,NCT04018092,DEVICE,placebo_or_sham,Placebo or Comparator,placebo/sham/vehicle-control arm,rule_classification,high,False,False
ALN-APP,aln app,NCT05231785,DRUG,investigational_therapeutic_unverified,Therapeutic Drug,investigational therapeutic candidate; drug/biological intervention type with no disqualifying evidence found,rule_classification,medium,True,True
MEDI1814 for IV injection,medi1814 for iv injection,NCT02036645,BIOLOGICAL,uncertain,Needs Review,classify_intervention() could not resolve a confident therapeutic candidate for this intervention,rule_classification,low,False,True
MEDI1814 for Subcutaneous Injection,medi1814 for subcutaneous injection,NCT02036645,BIOLOGICAL,uncertain,Needs Review,classify_intervention() could not resolve a confident therapeutic candidate for this intervention,rule_classification,low,False,True
IV Placebo,iv placebo,NCT02036645,BIOLOGICAL,placebo_or_sham,Placebo or Comparator,placebo/sham/vehicle-control arm,rule_classification,high,False,False
Placebo for Subcutaneous Injection,placebo for subcutaneous injection,NCT02036645,BIOLOGICAL,placebo_or_sham,Placebo or Comparator,placebo/sham/vehicle-control arm,rule_classification,high,False,False
ACD856 (fed cohort),acd856 fed cohort,NCT05077631,DRUG,uncertain,Needs Review,classify_intervention() could not resolve a confident therapeutic candidate for this intervention,rule_classification,low,False,True
add-on low dose Astragalus,add on low dose astragalus,NCT05647473,DRUG,uncertain,Needs Review,classify_intervention() could not resolve a confident therapeutic candidate for this intervention,rule_classification,low,False,True
add-on high dose Astragalus,add on high dose astragalus,NCT05647473,DRUG,uncertain,Needs Review,classify_intervention() could not resolve a confident therapeutic candidate for this intervention,rule_classification,low,False,True
AD-35 60mg group,ad 35 60mg group,NCT03625401,DRUG,investigational_therapeutic_unverified,Therapeutic Drug,investigational therapeutic candidate; drug/biological intervention type with no disqualifying evidence found,rule_classification,medium,True,True
Placebo group,placebo group,NCT03625401,DRUG,placebo_or_sham,Placebo or Comparator,placebo/sham/vehicle-control arm,rule_classification,high,False,False
18F-AV-133,18f av 133,NCT01503944,DRUG,investigational_therapeutic_unverified,Therapeutic Drug,investigational therapeutic candidate; drug/biological intervention type with no disqualifying evidence found,rule_classification,medium,True,True
18F-AV-45,18f av 45,NCT01503944,DRUG,diagnostic_or_imaging_agent,Diagnostic Agent,matches a curated diagnostic/imaging tracer name,rule_classification,high,False,False
Posiphen® tartrate capsules,posiphen tartrate capsules,NCT01072812,DRUG,investigational_therapeutic_unverified,Therapeutic Drug,investigational therapeutic candidate; drug/biological intervention type with no disqualifying evidence found,rule_classification,medium,True,True
"Placebo (Part A, B, C)",placebo part a b c,NCT02323334,DRUG,placebo_or_sham,Placebo or Comparator,placebo/sham/vehicle-control arm,rule_classification,high,False,False
[18F] MNI-946,18f mni 946,NCT03071224,DRUG,investigational_therapeutic_unverified,Therapeutic Drug,investigational therapeutic candidate; drug/biological intervention type with no disqualifying evidence found,rule_classification,medium,True,True
Bacillus of Calmette and Guerin (BCG),bacillus of calmette and guerin bcg,NCT04449926,BIOLOGICAL,investigational_therapeutic_unverified,Therapeutic Drug,investigational therapeutic candidate; drug/biological intervention type with no disqualifying evidence found,rule_classification,medium,True,True
Atomoxetine,atomoxetine,NCT01522404; NCT07724132,DRUG,uncertain,Needs Review,classify_intervention() could not resolve a confident therapeutic candidate for this intervention,rule_classification,low,False,True
Metformin 1000 mg Oral Tablet,metformin 1000 mg oral tablet,NCT07724132,DRUG,investigational_therapeutic_unverified,Therapeutic Drug,investigational therapeutic candidate; drug/biological intervention type with no disqualifying evidence found,rule_classification,medium,True,True
SAGE-718,sage 718,NCT04602624; NCT05619692,DRUG,investigational_therapeutic_unverified,Therapeutic Drug,investigational therapeutic candidate; drug/biological intervention type with no disqualifying evidence found,rule_classification,medium,True,True
SAGE-718-matching Placebo,sage 718 matching placebo,NCT05619692,DRUG,placebo_or_sham,Placebo or Comparator,placebo/sham/vehicle-control arm,rule_classification,high,False,False
Valacyclovir,valacyclovir,NCT03282916,DRUG,investigational_therapeutic_unverified,Therapeutic Drug,investigational therapeutic candidate; drug/biological intervention type with no disqualifying evidence found,rule_classification,medium,True,True
Renew NCP-5,renew ncp 5,NCT03721705,DEVICE,device,Non-Drug Intervention,intervention type is DEVICE,rule_type,high,False,False
Nicotinamide riboside,nicotinamide riboside,NCT04430517,DRUG,investigational_therapeutic_unverified,Therapeutic Drug,investigational therapeutic candidate; drug/biological intervention type with no disqualifying evidence found,rule_classification,medium,True,True
Lithium Carbonate,lithium carbonate,NCT01055392,DRUG,investigational_therapeutic_unverified,Therapeutic Drug,investigational therapeutic candidate; drug/biological intervention type with no disqualifying evidence found,rule_classification,medium,True,True
"Angiotensin II receptor blocker (ARB, losartan) and calcium channel blocker (CCB, amlodipine)",angiotensin ii receptor blocker arb losartan and calcium channel blocker ccb amlodipine,NCT02913664,DRUG,investigational_therapeutic_unverified,Therapeutic Drug,investigational therapeutic candidate; drug/biological intervention type with no disqualifying evidence found,rule_classification,medium,True,True
Aerobic Exercise Training,aerobic exercise training,NCT02913664,BEHAVIORAL,behavioral,Non-Drug Intervention,behavioral/non-drug activity,rule_type,high,False,False
Usual Care,usual care,NCT02913664,OTHER,other,Non-Drug Intervention,"non-treatment control arm (e.g. no intervention / untreated / usual care), not a product",rule_classification,high,False,False
Stretching Exercise,stretching exercise,NCT02913664,BEHAVIORAL,behavioral,Non-Drug Intervention,behavioral/non-drug activity,rule_type,high,False,False
Mivelsiran,mivelsiran,NCT07636811,DRUG,investigational_therapeutic_unverified,Therapeutic Drug,investigational therapeutic candidate; drug/biological intervention type with no disqualifying evidence found,rule_classification,medium,True,True
ladostigil hemitartrate,ladostigil hemitartrate,NCT01354691; NCT01429623,DRUG,investigational_therapeutic_unverified,Therapeutic Drug,investigational therapeutic candidate; drug/biological intervention type with no disqualifying evidence found,rule_classification,medium,True,True
Flutemetamol (Vizamyl),flutemetamol vizamyl,NCT02353949,DRUG,diagnostic_or_imaging_agent,Diagnostic Agent,matches a curated diagnostic/imaging tracer name,rule_classification,high,False,False
Preprocessed thawed donor FMT,preprocessed thawed donor fmt,NCT07332260,BIOLOGICAL,investigational_therapeutic_unverified,Therapeutic Drug,investigational therapeutic candidate; drug/biological intervention type with no disqualifying evidence found,rule_classification,medium,True,True
Active tPBM-2.0,active tpbm 2 0,NCT04784416,DEVICE,device,Non-Drug Intervention,intervention type is DEVICE,rule_type,high,False,False
Sham tPBM-2.0,sham tpbm 2 0,NCT04784416,DEVICE,placebo_or_sham,Placebo or Comparator,placebo/sham/vehicle-control arm,rule_classification,high,False,False
12 cm2 - 2 Active DMTS Patches,12 cm2 2 active dmts patches,NCT06052254,DRUG,investigational_therapeutic_unverified,Therapeutic Drug,investigational therapeutic candidate; drug/biological intervention type with no disqualifying evidence found,rule_classification,medium,True,True
6 cm2 - 1 Active and 1 Placebo DMTS Patches,6 cm2 1 active and 1 placebo dmts patches,NCT06052254,DRUG,placebo_or_sham,Placebo or Comparator,placebo/sham/vehicle-control arm,rule_classification,high,False,False
Placebo - 2 Placebo DMTS Patches,placebo 2 placebo dmts patches,NCT06052254,DRUG,placebo_or_sham,Placebo or Comparator,placebo/sham/vehicle-control arm,rule_classification,high,False,False
Dexamethasone,dexamethasone,NCT01083316; NCT03236792; NCT04270175; NCT04984330; NCT05738486,DRUG,uncertain,Needs Review,classify_intervention() could not resolve a confident therapeutic candidate for this intervention,rule_classification,low,False,True
Fish Oil,fish oil,NCT00090402,DIETARY_SUPPLEMENT,uncertain,Non-Drug Intervention,dietary supplement / nutraceutical — excluded from the default therapeutic view unless curated as a genuine investigational program (data/reference/intervention_scope_overrides.csv),rule_type,medium,False,False
Lipoic Acid,lipoic acid,NCT00090402,DIETARY_SUPPLEMENT,uncertain,Non-Drug Intervention,dietary supplement / nutraceutical — excluded from the default therapeutic view unless curated as a genuine investigational program (data/reference/intervention_scope_overrides.csv),rule_type,medium,False,False
Fish Oil Placebo,fish oil placebo,NCT00090402,OTHER,placebo_or_sham,Placebo or Comparator,placebo/sham/vehicle-control arm,rule_classification,high,False,False
Lipoic Acid Placebo,lipoic acid placebo,NCT00090402,OTHER,placebo_or_sham,Placebo or Comparator,placebo/sham/vehicle-control arm,rule_classification,high,False,False
AVP-923,avp 923,NCT00056524,DRUG,investigational_therapeutic_unverified,Therapeutic Drug,investigational therapeutic candidate; drug/biological intervention type with no disqualifying evidence found,rule_classification,medium,True,True
RVT-101 35 mg,rvt 101 35 mg,NCT02910102,DRUG,investigational_therapeutic_unverified,Therapeutic Drug,investigational therapeutic candidate; drug/biological intervention type with no disqualifying evidence found,rule_classification,medium,True,True
TELEPHONE CALL,telephone call,NCT00281749,PROCEDURE,procedure,Non-Drug Intervention,clinical procedure or imaging exam,rule_type,high,False,False
2-hydroxybenzylamine acetate,2 hydroxybenzylamine acetate,NCT06432166,DRUG,investigational_therapeutic_unverified,Therapeutic Drug,investigational therapeutic candidate; drug/biological intervention type with no disqualifying evidence found,rule_classification,medium,True,True
Rapamycin,rapamycin,NCT04629495,DRUG,investigational_therapeutic_unverified,Therapeutic Drug,investigational therapeutic candidate; drug/biological intervention type with no disqualifying evidence found,rule_classification,medium,True,True
NIO752,nio752,NCT05469360; NCT06372821,DRUG,investigational_therapeutic_unverified,Therapeutic Drug,investigational therapeutic candidate; drug/biological intervention type with no disqualifying evidence found,rule_classification,medium,True,True
LYN-057,lyn 057,NCT03711825,DRUG,investigational_therapeutic_unverified,Therapeutic Drug,investigational therapeutic candidate; drug/biological intervention type with no disqualifying evidence found,rule_classification,medium,True,True
Imaging Assessment (MRI),imaging assessment mri,NCT03711825,PROCEDURE,procedure,Non-Drug Intervention,clinical procedure or imaging exam,rule_type,high,False,False
Imaging Assessment (U/S),imaging assessment u s,NCT03711825,PROCEDURE,procedure,Non-Drug Intervention,clinical procedure or imaging exam,rule_type,high,False,False
Active rTMS,active rtms,NCT06538311,DEVICE,device,Non-Drug Intervention,intervention type is DEVICE,rule_type,high,False,False
Sham rTMS,sham rtms,NCT06538311,DEVICE,placebo_or_sham,Placebo or Comparator,placebo/sham/vehicle-control arm,rule_classification,high,False,False
THN 201,thn 201,NCT03698695,DRUG,investigational_therapeutic_unverified,Therapeutic Drug,investigational therapeutic candidate; drug/biological intervention type with no disqualifying evidence found,rule_classification,medium,True,True
Music Therapy,music therapy,NCT00448318,PROCEDURE,procedure,Non-Drug Intervention,clinical procedure or imaging exam,rule_type,high,False,False
11C-MC1,11c mc1,NCT04396873,DRUG,uncertain,Needs Review,classify_intervention() could not resolve a confident therapeutic candidate for this intervention,rule_classification,low,False,True
11C-PS13,11c ps13,NCT04396873,DRUG,uncertain,Needs Review,classify_intervention() could not resolve a confident therapeutic candidate for this intervention,rule_classification,low,False,True
human Mesenchymal Stem Cells,human mesenchymal stem cells,NCT07512362,BIOLOGICAL,investigational_therapeutic_unverified,Therapeutic Drug,investigational therapeutic candidate; drug/biological intervention type with no disqualifying evidence found,rule_classification,medium,True,True
COT,cot,NCT05122598,DRUG,investigational_therapeutic_unverified,Therapeutic Drug,investigational therapeutic candidate; drug/biological intervention type with no disqualifying evidence found,rule_classification,medium,True,True
Sham,sham,NCT05122598,DRUG,placebo_or_sham,Placebo or Comparator,placebo/sham/vehicle-control arm,rule_classification,high,False,False
GE180 PET Scan,ge180 pet scan,NCT03702816,DRUG,procedure,Non-Drug Intervention,clinical procedure or imaging exam,rule_type,high,False,False
adMSC,admsc,NCT06775964,BIOLOGICAL,investigational_therapeutic_unverified,Therapeutic Drug,investigational therapeutic candidate; drug/biological intervention type with no disqualifying evidence found,rule_classification,medium,True,True
Contraloid acetate,contraloid acetate,NCT04711486,DRUG,investigational_therapeutic_unverified,Therapeutic Drug,investigational therapeutic candidate; drug/biological intervention type with no disqualifying evidence found,rule_classification,medium,True,True
multivitamin,multivitamin,NCT00056329,DRUG,uncertain,Needs Review,classify_intervention() could not resolve a confident therapeutic candidate for this intervention,rule_classification,low,False,True
Phenserine,phenserine,NCT06774261,DRUG,investigational_therapeutic_unverified,Therapeutic Drug,investigational therapeutic candidate; drug/biological intervention type with no disqualifying evidence found,rule_classification,medium,True,True
DHA,dha,NCT03613844,DRUG,investigational_therapeutic_unverified,Therapeutic Drug,investigational therapeutic candidate; drug/biological intervention type with no disqualifying evidence found,rule_classification,medium,True,True
Canakinumab,canakinumab,NCT04795466,BIOLOGICAL,investigational_therapeutic_unverified,Therapeutic Drug,investigational therapeutic candidate; drug/biological intervention type with no disqualifying evidence found,rule_classification,medium,True,True
Sham-NICE-System,sham nice system,NCT01168245,DEVICE,placebo_or_sham,Placebo or Comparator,placebo/sham/vehicle-control arm,rule_classification,high,False,False
NICE-System,nice system,NCT01168245,DEVICE,device,Non-Drug Intervention,intervention type is DEVICE,rule_type,high,False,False
smart soup,smart soup,NCT05538507,DRUG,investigational_therapeutic_unverified,Therapeutic Drug,investigational therapeutic candidate; drug/biological intervention type with no disqualifying evidence found,rule_classification,medium,True,True
APNmAb005,apnmab005,NCT05344989,DRUG,investigational_therapeutic_unverified,Therapeutic Drug,investigational therapeutic candidate; drug/biological intervention type with no disqualifying evidence found,rule_classification,medium,True,True
digoxin,digoxin,NCT00831506,DRUG,uncertain,Needs Review,classify_intervention() could not resolve a confident therapeutic candidate for this intervention,rule_classification,low,False,True
Dextromethorphan,dextromethorphan,NCT00788047,DRUG,uncertain,Needs Review,classify_intervention() could not resolve a confident therapeutic candidate for this intervention,rule_classification,low,False,True
Dimebon + Dextromethorphan,dimebon dextromethorphan,NCT00788047,DRUG,investigational_therapeutic_unverified,Therapeutic Drug,investigational therapeutic candidate; drug/biological intervention type with no disqualifying evidence found,rule_classification,medium,True,True
[F-18]Flornaptitril,f 18 flornaptitril,NCT06254469,DRUG,investigational_therapeutic_unverified,Therapeutic Drug,investigational therapeutic candidate; drug/biological intervention type with no disqualifying evidence found,rule_classification,medium,True,True
[18F]-PI2620,18f pi2620,NCT04715750,DRUG,diagnostic_or_imaging_agent,Diagnostic Agent,matches a curated diagnostic/imaging tracer name,rule_classification,high,False,False
Cholinergic antagonist,cholinergic antagonist,NCT04129060,DRUG,investigational_therapeutic_unverified,Therapeutic Drug,investigational therapeutic candidate; drug/biological intervention type with no disqualifying evidence found,rule_classification,medium,True,True
AL001,al001,NCT05363293,DRUG,investigational_therapeutic_unverified,Therapeutic Drug,investigational therapeutic candidate; drug/biological intervention type with no disqualifying evidence found,rule_classification,medium,True,True
Exablate Model 4000 Type 2,exablate model 4000 type 2,NCT05469009,DEVICE,device,Non-Drug Intervention,intervention type is DEVICE,rule_type,high,False,False
Tacrolimus,tacrolimus,NCT04263519,DRUG,investigational_therapeutic_unverified,Therapeutic Drug,investigational therapeutic candidate; drug/biological intervention type with no disqualifying evidence found,rule_classification,medium,True,True
JNJ-40346527,jnj 40346527,NCT04121208,DRUG,investigational_therapeutic_unverified,Therapeutic Drug,investigational therapeutic candidate; drug/biological intervention type with no disqualifying evidence found,rule_classification,medium,True,True
Pramlintide challenge test,pramlintide challenge test,NCT03560960,DRUG,investigational_therapeutic_unverified,Therapeutic Drug,investigational therapeutic candidate; drug/biological intervention type with no disqualifying evidence found,rule_classification,medium,True,True
Metformin,metformin,NCT00620191; NCT01965756,DRUG,investigational_therapeutic_unverified,Therapeutic Drug,investigational therapeutic candidate; drug/biological intervention type with no disqualifying evidence found,rule_classification,medium,True,True
Eligard 22.5Mg Suspension for Injection,eligard 22 5mg suspension for injection,NCT03649724,DRUG,investigational_therapeutic_unverified,Therapeutic Drug,investigational therapeutic candidate; drug/biological intervention type with no disqualifying evidence found,rule_classification,medium,True,True
[18F]MNI-1126,18f mni 1126,NCT03587649,DRUG,investigational_therapeutic_unverified,Therapeutic Drug,investigational therapeutic candidate; drug/biological intervention type with no disqualifying evidence found,rule_classification,medium,True,True
All Subjects,all subjects,NCT03919669,DRUG,investigational_therapeutic_unverified,Therapeutic Drug,investigational therapeutic candidate; drug/biological intervention type with no disqualifying evidence found,rule_classification,medium,True,True
Pioglitazone placebo,pioglitazone placebo,NCT01931566,DRUG,placebo_or_sham,Placebo or Comparator,placebo/sham/vehicle-control arm,rule_classification,high,False,False
Mito-Food Plan,mito food plan,NCT03630419,DIETARY_SUPPLEMENT,uncertain,Non-Drug Intervention,dietary supplement / nutraceutical — excluded from the default therapeutic view unless curated as a genuine investigational program (data/reference/intervention_scope_overrides.csv),rule_type,medium,False,False
Cellular Repair Therapy,cellular repair therapy,NCT03630419,OTHER,uncertain,Needs Review,classify_intervention() could not resolve a confident therapeutic candidate for this intervention,rule_classification,low,False,True
Methylene Blue,methylene blue,NCT02380573,DRUG,uncertain,Needs Review,classify_intervention() could not resolve a confident therapeutic candidate for this intervention,rule_classification,low,False,True
FD&C Blue # 2,fd c blue 2,NCT02380573,DRUG,uncertain,Needs Review,classify_intervention() could not resolve a confident therapeutic candidate for this intervention,rule_classification,low,False,True
Phenazopyridine hydrochloride,phenazopyridine hydrochloride,NCT02380573,DRUG,uncertain,Needs Review,classify_intervention() could not resolve a confident therapeutic candidate for this intervention,rule_classification,low,False,True
ABvac40,abvac40,NCT03461276,BIOLOGICAL,investigational_therapeutic_unverified,Therapeutic Drug,investigational therapeutic candidate; drug/biological intervention type with no disqualifying evidence found,rule_classification,medium,True,True
Allopregnanolone injection (intravenous solution),allopregnanolone injection intravenous solution,NCT02221622,DRUG,investigational_therapeutic_unverified,Therapeutic Drug,investigational therapeutic candidate; drug/biological intervention type with no disqualifying evidence found,rule_classification,medium,True,True
Placebo injection (intravenous solution),placebo injection intravenous solution,NCT02221622,DRUG,placebo_or_sham,Placebo or Comparator,placebo/sham/vehicle-control arm,rule_classification,high,False,False
GSM-779690T,gsm 779690t,NCT07690228,DRUG,investigational_therapeutic_unverified,Therapeutic Drug,investigational therapeutic candidate; drug/biological intervention type with no disqualifying evidence found,rule_classification,medium,True,True
es-citalopram,es citalopram,NCT01876823,DRUG,investigational_therapeutic_unverified,Therapeutic Drug,investigational therapeutic candidate; drug/biological intervention type with no disqualifying evidence found,rule_classification,medium,True,True
[18F]RP-115 PET/MRI or PET/CT and MRI,18f rp 115 pet mri or pet ct and mri,NCT05374278,DRUG,procedure,Non-Drug Intervention,clinical procedure or imaging exam,rule_type,high,False,False
AQW051,aqw051,NCT00582855,DRUG,investigational_therapeutic_unverified,Therapeutic Drug,investigational therapeutic candidate; drug/biological intervention type with no disqualifying evidence found,rule_classification,medium,True,True
"Atabecestat, 5 mg",atabecestat 5 mg,NCT02569398,DRUG,investigational_therapeutic_unverified,Therapeutic Drug,investigational therapeutic candidate; drug/biological intervention type with no disqualifying evidence found,rule_classification,medium,True,True
"Atabecestat, 25 mg",atabecestat 25 mg,NCT02569398,DRUG,investigational_therapeutic_unverified,Therapeutic Drug,investigational therapeutic candidate; drug/biological intervention type with no disqualifying evidence found,rule_classification,medium,True,True
[123I]CLINDE,123i clinde,NCT00612872,DRUG,investigational_therapeutic_unverified,Therapeutic Drug,investigational therapeutic candidate; drug/biological intervention type with no disqualifying evidence found,rule_classification,medium,True,True
Amyloid PET scan,amyloid pet scan,NCT03860857,RADIATION,procedure,Diagnostic Agent,RADIATION-type intervention with imaging/scan wording,rule_keyword,medium,False,False
Tau PET scan using MK-6240,tau pet scan using mk 6240,NCT03860857,DRUG,diagnostic_or_imaging_agent,Diagnostic Agent,matches a curated diagnostic/imaging tracer name,rule_classification,high,False,False
Neurocognitive testing,neurocognitive testing,NCT03860857,BEHAVIORAL,behavioral,Non-Drug Intervention,behavioral/non-drug activity,rule_type,high,False,False
NirsCure 6000,nirscure 6000,NCT07262645,DEVICE,device,Non-Drug Intervention,intervention type is DEVICE,rule_type,high,False,False
Sham Device,sham device,NCT07262645,DEVICE,placebo_or_sham,Placebo or Comparator,placebo/sham/vehicle-control arm,rule_classification,high,False,False
DAOIB plus AO,daoib plus ao,NCT06467539,DRUG,investigational_therapeutic_unverified,Therapeutic Drug,investigational therapeutic candidate; drug/biological intervention type with no disqualifying evidence found,rule_classification,medium,True,True
DAOIB plus placebo,daoib plus placebo,NCT06467539,DRUG,placebo_or_sham,Placebo or Comparator,placebo/sham/vehicle-control arm,rule_classification,high,False,False
NPT 2042 (Reference formula/Formulation 1),npt 2042 reference formula formulation 1,NCT07222878,DRUG,uncertain,Needs Review,classify_intervention() could not resolve a confident therapeutic candidate for this intervention,rule_classification,low,False,True
NPT 2042 (Test formula/Formulation 2),npt 2042 test formula formulation 2,NCT07222878,DRUG,uncertain,Needs Review,classify_intervention() could not resolve a confident therapeutic candidate for this intervention,rule_classification,low,False,True
Diadem prototype,diadem prototype,NCT06135051,DEVICE,device,Non-Drug Intervention,intervention type is DEVICE,rule_type,high,False,False
AGB101 220 mg,agb101 220 mg,NCT03461861,DRUG,investigational_therapeutic_unverified,Therapeutic Drug,investigational therapeutic candidate; drug/biological intervention type with no disqualifying evidence found,rule_classification,medium,True,True
TMS,tms,NCT06597942,DEVICE,device,Non-Drug Intervention,intervention type is DEVICE,rule_type,high,False,False
Transcranial Magnetic Stimulation Sham,transcranial magnetic stimulation sham,NCT06597942,DEVICE,placebo_or_sham,Placebo or Comparator,placebo/sham/vehicle-control arm,rule_classification,high,False,False
Cannabidiol,cannabidiol,NCT05822362,DRUG,investigational_therapeutic_unverified,Therapeutic Drug,investigational therapeutic candidate; drug/biological intervention type with no disqualifying evidence found,rule_classification,medium,True,True
amyloid PET,amyloid pet,NCT03542656; NCT04604600,DRUG,diagnostic_or_imaging_agent,Diagnostic Agent,matches a curated diagnostic/imaging tracer name,rule_classification,high,False,False
XBD173,xbd173,NCT07191821,DRUG,investigational_therapeutic_unverified,Therapeutic Drug,investigational therapeutic candidate; drug/biological intervention type with no disqualifying evidence found,rule_classification,medium,True,True
natural product combination-1 (NPC1),natural product combination 1 npc1,NCT07236190,COMBINATION_PRODUCT,investigational_therapeutic_unverified,Needs Review,combination product — components must be inspected individually before treating the whole phrase as one canonical drug name,rule_type,low,False,True
Candesartan,candesartan,NCT02646982,DRUG,investigational_therapeutic_unverified,Therapeutic Drug,investigational therapeutic candidate; drug/biological intervention type with no disqualifying evidence found,rule_classification,medium,True,True
NPT 2042 (bumetanide analog) or Matching Placebo,npt 2042 bumetanide analog or matching placebo,NCT05503511,DRUG,placebo_or_sham,Placebo or Comparator,placebo/sham/vehicle-control arm,rule_classification,high,False,False
Rapamune,rapamune,NCT04200911,DRUG,investigational_therapeutic_unverified,Therapeutic Drug,investigational therapeutic candidate; drug/biological intervention type with no disqualifying evidence found,rule_classification,medium,True,True
Structured wellness care,structured wellness care,NCT07214974,BEHAVIORAL,behavioral,Non-Drug Intervention,behavioral/non-drug activity,rule_type,high,False,False
Wearable brain-computer interface devices,wearable brain computer interface devices,NCT07214974,DEVICE,device,Non-Drug Intervention,intervention type is DEVICE,rule_type,high,False,False
Stem Cell Therapy - Experimental,stem cell therapy experimental,NCT07214974,BIOLOGICAL,investigational_therapeutic_unverified,Therapeutic Drug,investigational therapeutic candidate; drug/biological intervention type with no disqualifying evidence found,rule_classification,medium,True,True
Control - Placebo Comparator,control placebo comparator,NCT07214974,OTHER,placebo_or_sham,Placebo or Comparator,placebo/sham/vehicle-control arm,rule_classification,high,False,False
[18F]-FEPPA,18f feppa,NCT00970333,DRUG,investigational_therapeutic_unverified,Therapeutic Drug,investigational therapeutic candidate; drug/biological intervention type with no disqualifying evidence found,rule_classification,medium,True,True
Computerized Cognitive Stimulation,computerized cognitive stimulation,NCT03848312,BEHAVIORAL,behavioral,Non-Drug Intervention,behavioral/non-drug activity,rule_type,high,False,False
PET,pet,NCT03283449,DEVICE,device,Non-Drug Intervention,intervention type is DEVICE,rule_type,high,False,False
"Resveratrol, Quercetin, and Curcumin (RQC)",resveratrol quercetin and curcumin rqc,NCT06470061,DRUG,investigational_therapeutic_unverified,Therapeutic Drug,investigational therapeutic candidate; drug/biological intervention type with no disqualifying evidence found,rule_classification,medium,True,True
Curcumin,curcumin,NCT01811381; NCT06470061,DRUG,uncertain,Needs Review,classify_intervention() could not resolve a confident therapeutic candidate for this intervention,rule_classification,low,False,True
Door-through-door companion rideshare,door through door companion rideshare,NCT06850870,OTHER,uncertain,Needs Review,classify_intervention() could not resolve a confident therapeutic candidate for this intervention,rule_classification,low,False,True
Curb-to-curb rideshare services,curb to curb rideshare services,NCT06850870,OTHER,uncertain,Needs Review,classify_intervention() could not resolve a confident therapeutic candidate for this intervention,rule_classification,low,False,True
Xanamem,xanamem,NCT02727699; NCT06125951,DRUG,investigational_therapeutic_unverified,Therapeutic Drug,investigational therapeutic candidate; drug/biological intervention type with no disqualifying evidence found,rule_classification,medium,True,True
BAY1006578,bay1006578,NCT01153607,DRUG,investigational_therapeutic_unverified,Therapeutic Drug,investigational therapeutic candidate; drug/biological intervention type with no disqualifying evidence found,rule_classification,medium,True,True
PMPBB3,pmpbb3,NCT04309253,DRUG,investigational_therapeutic_unverified,Therapeutic Drug,investigational therapeutic candidate; drug/biological intervention type with no disqualifying evidence found,rule_classification,medium,True,True
AV45,av45,NCT04309253,DRUG,diagnostic_or_imaging_agent,Diagnostic Agent,matches a curated diagnostic/imaging tracer name,rule_classification,high,False,False
high CBD/low THC sublingual solution,high cbd low thc sublingual solution,NCT04075435,DRUG,investigational_therapeutic_unverified,Therapeutic Drug,investigational therapeutic candidate; drug/biological intervention type with no disqualifying evidence found,rule_classification,medium,True,True
intermittent theta burst stimulation,intermittent theta burst stimulation,NCT04555941,DEVICE,device,Non-Drug Intervention,intervention type is DEVICE,rule_type,high,False,False
[18F] PBR06,18f pbr06,NCT01028209,DRUG,investigational_therapeutic_unverified,Therapeutic Drug,investigational therapeutic candidate; drug/biological intervention type with no disqualifying evidence found,rule_classification,medium,True,True
[C-11],c 11,NCT03746366,RADIATION,procedure,Non-Drug Intervention,RADIATION-type intervention with no imaging evidence in its name — confirm manually,rule_type,low,False,True
Pittsburgh Compound B,pittsburgh compound b,NCT03746366,DRUG,diagnostic_or_imaging_agent,Diagnostic Agent,matches a curated diagnostic/imaging tracer name,rule_classification,high,False,False
AZD3839,azd3839,NCT01348737,DRUG,investigational_therapeutic_unverified,Therapeutic Drug,investigational therapeutic candidate; drug/biological intervention type with no disqualifying evidence found,rule_classification,medium,True,True
AZD3839 Placebo,azd3839 placebo,NCT01348737,DRUG,placebo_or_sham,Placebo or Comparator,placebo/sham/vehicle-control arm,rule_classification,high,False,False
In-home intervention,in home intervention,NCT00259454,BEHAVIORAL,behavioral,Non-Drug Intervention,behavioral/non-drug activity,rule_type,high,False,False
PLIÉ (Preventing Loss of Independence through Exercise),pli preventing loss of independence through exercise,NCT01371214,BEHAVIORAL,behavioral,Non-Drug Intervention,behavioral/non-drug activity,rule_type,high,False,False
ACI-35.030,aci 35 030,NCT04445831,BIOLOGICAL,uncertain,Needs Review,classify_intervention() could not resolve a confident therapeutic candidate for this intervention,rule_classification,low,False,True
JACI-35.054,jaci 35 054,NCT04445831,BIOLOGICAL,uncertain,Needs Review,classify_intervention() could not resolve a confident therapeutic candidate for this intervention,rule_classification,low,False,True
LY03017,ly03017,NCT06388551; NCT06793995; NCT06980207,DRUG,investigational_therapeutic_unverified,Therapeutic Drug,investigational therapeutic candidate; drug/biological intervention type with no disqualifying evidence found,rule_classification,medium,True,True
Supplemental Oxygen,supplemental oxygen,NCT05094271,OTHER,uncertain,Needs Review,classify_intervention() could not resolve a confident therapeutic candidate for this intervention,rule_classification,low,False,True
Continuous Positive Airway Pressure Machine,continuous positive airway pressure machine,NCT05094271,DEVICE,device,Non-Drug Intervention,intervention type is DEVICE,rule_type,high,False,False
Room Air,room air,NCT05094271,OTHER,uncertain,Needs Review,classify_intervention() could not resolve a confident therapeutic candidate for this intervention,rule_classification,low,False,True
Baricitinib,baricitinib,NCT05189106,DRUG,investigational_therapeutic_unverified,Therapeutic Drug,investigational therapeutic candidate; drug/biological intervention type with no disqualifying evidence found,rule_classification,medium,True,True
Citalopram [Celexa],citalopram celexa,NCT00009204,DRUG,uncertain,Needs Review,classify_intervention() could not resolve a confident therapeutic candidate for this intervention,rule_classification,low,False,True
Perphenazine [Trilafon],perphenazine trilafon,NCT00009204,DRUG,uncertain,Needs Review,classify_intervention() could not resolve a confident therapeutic candidate for this intervention,rule_classification,low,False,True
Staying Sharp intervention,staying sharp intervention,NCT05260515,BEHAVIORAL,behavioral,Non-Drug Intervention,behavioral/non-drug activity,rule_type,high,False,False
HiDO-ALZ,hido alz,NCT06691256,DEVICE,device,Non-Drug Intervention,intervention type is DEVICE,rule_type,high,False,False
Mnemonic strategy training (MST),mnemonic strategy training mst,NCT00714571,BEHAVIORAL,behavioral,Non-Drug Intervention,behavioral/non-drug activity,rule_type,high,False,False
Repeated exposure (XP),repeated exposure xp,NCT00714571,BEHAVIORAL,behavioral,Non-Drug Intervention,behavioral/non-drug activity,rule_type,high,False,False
Subtracting Cues training,subtracting cues training,NCT00714571,BEHAVIORAL,behavioral,Non-Drug Intervention,behavioral/non-drug activity,rule_type,high,False,False
THC-free CBD Oil,thc free cbd oil,NCT04436081,DRUG,investigational_therapeutic_unverified,Therapeutic Drug,investigational therapeutic candidate; drug/biological intervention type with no disqualifying evidence found,rule_classification,medium,True,True
Ginkgo Biloba Extract 761,ginkgo biloba extract 761,NCT07287852,DIETARY_SUPPLEMENT,investigational_therapeutic_unverified,Non-Drug Intervention,dietary supplement / nutraceutical — excluded from the default therapeutic view unless curated as a genuine investigational program (data/reference/intervention_scope_overrides.csv),rule_type,medium,False,False
Suvorexant,suvorexant,NCT02750306,DRUG,investigational_therapeutic_unverified,Therapeutic Drug,investigational therapeutic candidate; drug/biological intervention type with no disqualifying evidence found,rule_classification,medium,True,True
Placebo Capsules,placebo capsules,NCT04685590,OTHER,placebo_or_sham,Placebo or Comparator,placebo/sham/vehicle-control arm,rule_classification,high,False,False
Isocarboxazid,isocarboxazid,NCT02323217,DRUG,uncertain,Needs Review,classify_intervention() could not resolve a confident therapeutic candidate for this intervention,rule_classification,low,False,True
Active social engagement group,active social engagement group,NCT01571427,BEHAVIORAL,behavioral,Non-Drug Intervention,behavioral/non-drug activity,rule_type,high,False,False
Control group,control group,NCT01571427,BEHAVIORAL,behavioral,Non-Drug Intervention,behavioral/non-drug activity,rule_type,high,False,False
GSK1034702,gsk1034702,NCT00937846,DRUG,investigational_therapeutic_unverified,Therapeutic Drug,investigational therapeutic candidate; drug/biological intervention type with no disqualifying evidence found,rule_classification,medium,True,True
F18-3F4AP,f18 3f4ap,NCT04710550,DRUG,investigational_therapeutic_unverified,Therapeutic Drug,investigational therapeutic candidate; drug/biological intervention type with no disqualifying evidence found,rule_classification,medium,True,True
NPI-001,npi 001,NCT07741526,DRUG,investigational_therapeutic_unverified,Therapeutic Drug,investigational therapeutic candidate; drug/biological intervention type with no disqualifying evidence found,rule_classification,medium,True,True
acupuncture,acupuncture,NCT02305836,PROCEDURE,procedure,Non-Drug Intervention,clinical procedure or imaging exam,rule_type,high,False,False
Cardio-Dance Fitness,cardio dance fitness,NCT05597124,BEHAVIORAL,behavioral,Non-Drug Intervention,behavioral/non-drug activity,rule_type,high,False,False
"Strength, Flexibility & Balance",strength flexibility balance,NCT05597124,BEHAVIORAL,behavioral,Non-Drug Intervention,behavioral/non-drug activity,rule_type,high,False,False
1. amyloid PET；2. T807 PET,1 amyloid pet 2 t807 pet,NCT03969732,DRUG,diagnostic_or_imaging_agent,Diagnostic Agent,matches a curated diagnostic/imaging tracer name,rule_classification,high,False,False
Blood Draws,blood draws,NCT03371420,OTHER,uncertain,Needs Review,classify_intervention() could not resolve a confident therapeutic candidate for this intervention,rule_classification,low,False,True
F-18 DPA-714 (BAY85-8102),f 18 dpa 714 bay85 8102,NCT01009359,DRUG,uncertain,Needs Review,classify_intervention() could not resolve a confident therapeutic candidate for this intervention,rule_classification,low,False,True
Valaciclovir 500Mg Tablet,valaciclovir 500mg tablet,NCT02997982,DRUG,investigational_therapeutic_unverified,Therapeutic Drug,investigational therapeutic candidate; drug/biological intervention type with no disqualifying evidence found,rule_classification,medium,True,True
Lemborexant 2.5 mg,lemborexant 2 5 mg,NCT03001557,DRUG,investigational_therapeutic_unverified,Therapeutic Drug,investigational therapeutic candidate; drug/biological intervention type with no disqualifying evidence found,rule_classification,medium,True,True
Lemborexant 5 mg,lemborexant 5 mg,NCT03001557,DRUG,investigational_therapeutic_unverified,Therapeutic Drug,investigational therapeutic candidate; drug/biological intervention type with no disqualifying evidence found,rule_classification,medium,True,True
Lemborexant 15 mg,lemborexant 15 mg,NCT03001557,DRUG,investigational_therapeutic_unverified,Therapeutic Drug,investigational therapeutic candidate; drug/biological intervention type with no disqualifying evidence found,rule_classification,medium,True,True
Lemborexant-matched placebo,lemborexant matched placebo,NCT03001557,DRUG,placebo_or_sham,Placebo or Comparator,placebo/sham/vehicle-control arm,rule_classification,high,False,False
Gut-X-001 + Placebo capsule,gut x 001 placebo capsule,NCT07591727,DRUG,placebo_or_sham,Placebo or Comparator,placebo/sham/vehicle-control arm,rule_classification,high,False,False
Gut-X-001,gut x 001,NCT07591727,DRUG,investigational_therapeutic_unverified,Therapeutic Drug,investigational therapeutic candidate; drug/biological intervention type with no disqualifying evidence found,rule_classification,medium,True,True
Part 1 KS101,part 1 ks101,NCT07143331,DRUG,uncertain,Needs Review,classify_intervention() could not resolve a confident therapeutic candidate for this intervention,rule_classification,low,False,True
Part 1 Placebo,part 1 placebo,NCT07143331,DRUG,placebo_or_sham,Placebo or Comparator,placebo/sham/vehicle-control arm,rule_classification,high,False,False
Part 2 with Food,part 2 with food,NCT07143331,DRUG,uncertain,Needs Review,classify_intervention() could not resolve a confident therapeutic candidate for this intervention,rule_classification,low,False,True
Part 2 without food,part 2 without food,NCT07143331,DRUG,uncertain,Needs Review,classify_intervention() could not resolve a confident therapeutic candidate for this intervention,rule_classification,low,False,True
Part 3 KS101,part 3 ks101,NCT07143331,DRUG,uncertain,Needs Review,classify_intervention() could not resolve a confident therapeutic candidate for this intervention,rule_classification,low,False,True
GPS modem and RFID,gps modem and rfid,NCT00743418,DEVICE,device,Non-Drug Intervention,intervention type is DEVICE,rule_type,high,False,False
KDS2010,kds2010,NCT07027072,DRUG,investigational_therapeutic_unverified,Therapeutic Drug,investigational therapeutic candidate; drug/biological intervention type with no disqualifying evidence found,rule_classification,medium,True,True
RPh201,rph201,NCT03462121,DRUG,investigational_therapeutic_unverified,Therapeutic Drug,investigational therapeutic candidate; drug/biological intervention type with no disqualifying evidence found,rule_classification,medium,True,True
Cognitive Behavioral Therapy of Anxiety in Dementia (CBT-AD),cognitive behavioral therapy of anxiety in dementia cbt ad,NCT00596284,BEHAVIORAL,behavioral,Non-Drug Intervention,behavioral/non-drug activity,rule_type,high,False,False
Enhanced Usual Care (EUC),enhanced usual care euc,NCT00596284,BEHAVIORAL,behavioral,Non-Drug Intervention,behavioral/non-drug activity,rule_type,high,False,False
acetaminophen 650 mg qid and placebo qid PRN. The other arm was placebo qid and acetaminophen 650 mg qid PRN,acetaminophen 650 mg qid and placebo qid prn the other arm was placebo qid and acetaminophen 650 mg qid prn,NCT00012857,DRUG,placebo_or_sham,Placebo or Comparator,placebo/sham/vehicle-control arm,rule_classification,high,False,False
[18F]MNI-958,18f mni 958,NCT03058965; NCT03545789,DRUG,investigational_therapeutic_unverified,Therapeutic Drug,investigational therapeutic candidate; drug/biological intervention type with no disqualifying evidence found,rule_classification,medium,True,True
CORT108297,cort108297,NCT04601038,DRUG,investigational_therapeutic_unverified,Therapeutic Drug,investigational therapeutic candidate; drug/biological intervention type with no disqualifying evidence found,rule_classification,medium,True,True
[18F]MNI-952,18f mni 952,NCT03080051,DRUG,investigational_therapeutic_unverified,Therapeutic Drug,investigational therapeutic candidate; drug/biological intervention type with no disqualifying evidence found,rule_classification,medium,True,True
DaTscan,datscan,NCT00209456; NCT03058965,DRUG,uncertain,Needs Review,classify_intervention() could not resolve a confident therapeutic candidate for this intervention,rule_classification,low,False,True
Intranasal insulin,intranasal insulin,NCT06072963,DRUG,uncertain,Needs Review,classify_intervention() could not resolve a confident therapeutic candidate for this intervention,rule_classification,low,False,True
Semaglutide placebo,semaglutide placebo,NCT06072963,OTHER,placebo_or_sham,Placebo or Comparator,placebo/sham/vehicle-control arm,rule_classification,high,False,False
Intranasal insulin placebo,intranasal insulin placebo,NCT06072963,OTHER,placebo_or_sham,Placebo or Comparator,placebo/sham/vehicle-control arm,rule_classification,high,False,False
NeuroEPO,neuroepo,NCT07178678,DRUG,investigational_therapeutic_unverified,Therapeutic Drug,investigational therapeutic candidate; drug/biological intervention type with no disqualifying evidence found,rule_classification,medium,True,True
[18F]-FEOBV Radiotracer,18f feobv radiotracer,NCT05231798,DRUG,diagnostic_or_imaging_agent,Diagnostic Agent,matches a curated diagnostic/imaging tracer name,rule_classification,high,False,False
Empagliflozin 10 MG,empagliflozin 10 mg,NCT05081219,DRUG,uncertain,Needs Review,classify_intervention() could not resolve a confident therapeutic candidate for this intervention,rule_classification,low,False,True
Aptar Pharma CPS Intranasal Delivery Device,aptar pharma cps intranasal delivery device,NCT05006599; NCT05081219,DEVICE,device,Non-Drug Intervention,intervention type is DEVICE,rule_type,high,False,False
Placebo (Insulin Diluent),placebo insulin diluent,NCT05081219,DRUG,placebo_or_sham,Placebo or Comparator,placebo/sham/vehicle-control arm,rule_classification,high,False,False
Retinal fundus photography,retinal fundus photography,NCT04567745,DIAGNOSTIC_TEST,investigational_therapeutic_unverified,Diagnostic Agent,intervention type is DIAGNOSTIC_TEST,rule_type,medium,False,True
[11C]MPC6827,11c mpc6827,NCT04575727,DRUG,investigational_therapeutic_unverified,Therapeutic Drug,investigational therapeutic candidate; drug/biological intervention type with no disqualifying evidence found,rule_classification,medium,True,True
[18F]DPA-714 PET/ [18F]AV-45 PET/neuropsychological assessment,18f dpa 714 pet 18f av 45 pet neuropsychological assessment,NCT02062099,DRUG,diagnostic_or_imaging_agent,Diagnostic Agent,matches a curated diagnostic/imaging tracer name,rule_classification,high,False,False
18F-OP-801,18f op 801,NCT05395624,DRUG,investigational_therapeutic_unverified,Therapeutic Drug,investigational therapeutic candidate; drug/biological intervention type with no disqualifying evidence found,rule_classification,medium,True,True
VY7523,vy7523,NCT06874621,DRUG,investigational_therapeutic_unverified,Therapeutic Drug,investigational therapeutic candidate; drug/biological intervention type with no disqualifying evidence found,rule_classification,medium,True,True
aerobic yoga,aerobic yoga,NCT01811381,BEHAVIORAL,behavioral,Non-Drug Intervention,behavioral/non-drug activity,rule_type,high,False,False
non aerobic yoga,non aerobic yoga,NCT01811381,BEHAVIORAL,behavioral,Non-Drug Intervention,behavioral/non-drug activity,rule_type,high,False,False
Building Better Caregivers Online Workshop,building better caregivers online workshop,NCT00799786,BEHAVIORAL,behavioral,Non-Drug Intervention,behavioral/non-drug activity,rule_type,high,False,False
Brain-Computer Interface,brain computer interface,NCT02228187,DEVICE,device,Non-Drug Intervention,intervention type is DEVICE,rule_type,high,False,False
BrainPalTM,brainpaltm,NCT01661894,DEVICE,device,Non-Drug Intervention,intervention type is DEVICE,rule_type,high,False,False
Biological/Vaccine: Bacillus Calmette-Guerin (BCG),biological vaccine bacillus calmette guerin bcg,NCT05004688,BIOLOGICAL,investigational_therapeutic_unverified,Therapeutic Drug,investigational therapeutic candidate; drug/biological intervention type with no disqualifying evidence found,rule_classification,medium,True,True
Lipoic Acid plus Omega-3 Fatty Acids,lipoic acid plus omega 3 fatty acids,NCT01780974,DRUG,investigational_therapeutic_unverified,Therapeutic Drug,investigational therapeutic candidate; drug/biological intervention type with no disqualifying evidence found,rule_classification,medium,True,True
"Psychosocial educational, support group and implementation of strategies",psychosocial educational support group and implementation of strategies,NCT06511752,BEHAVIORAL,behavioral,Non-Drug Intervention,behavioral/non-drug activity,rule_type,high,False,False
18F-Florbetapir or 18F-Flutemetamol,18f florbetapir or 18f flutemetamol,NCT07012993,DRUG,diagnostic_or_imaging_agent,Diagnostic Agent,matches a curated diagnostic/imaging tracer name,rule_classification,high,False,False
Structured Retrieval Practice,structured retrieval practice,NCT07377318,BEHAVIORAL,behavioral,Non-Drug Intervention,behavioral/non-drug activity,rule_type,high,False,False
Business as usual learning,business as usual learning,NCT07377318,BEHAVIORAL,behavioral,Non-Drug Intervention,behavioral/non-drug activity,rule_type,high,False,False
Standard Retrieval Practice,standard retrieval practice,NCT07377318,BEHAVIORAL,behavioral,Non-Drug Intervention,behavioral/non-drug activity,rule_type,high,False,False
F-18,f 18,NCT03625128,DRUG,investigational_therapeutic_unverified,Therapeutic Drug,investigational therapeutic candidate; drug/biological intervention type with no disqualifying evidence found,rule_classification,medium,True,True
[18F]MC225,18f mc225,NCT05853471,DRUG,investigational_therapeutic_unverified,Therapeutic Drug,investigational therapeutic candidate; drug/biological intervention type with no disqualifying evidence found,rule_classification,medium,True,True
[ 18F]3F4AP,18f 3f4ap,NCT06999434,DRUG,investigational_therapeutic_unverified,Therapeutic Drug,investigational therapeutic candidate; drug/biological intervention type with no disqualifying evidence found,rule_classification,medium,True,True
IGC AD1,igc ad1,NCT04749563,DRUG,investigational_therapeutic_unverified,Therapeutic Drug,investigational therapeutic candidate; drug/biological intervention type with no disqualifying evidence found,rule_classification,medium,True,True
BMS-9894923,bms 9894923,NCT06309147,DRUG,investigational_therapeutic_unverified,Therapeutic Drug,investigational therapeutic candidate; drug/biological intervention type with no disqualifying evidence found,rule_classification,medium,True,True
WeCareAdvisor,wecareadvisor,NCT04587583,BEHAVIORAL,behavioral,Non-Drug Intervention,behavioral/non-drug activity,rule_type,high,False,False
Ramelteon,ramelteon,NCT00325728,DRUG,investigational_therapeutic_unverified,Therapeutic Drug,investigational therapeutic candidate; drug/biological intervention type with no disqualifying evidence found,rule_classification,medium,True,True
18F-PF974,18f pf974,NCT07169630,DRUG,investigational_therapeutic_unverified,Therapeutic Drug,investigational therapeutic candidate; drug/biological intervention type with no disqualifying evidence found,rule_classification,medium,True,True
Radiopharmaceuticals,radiopharmaceuticals,NCT03926702,DRUG,investigational_therapeutic_unverified,Therapeutic Drug,investigational therapeutic candidate; drug/biological intervention type with no disqualifying evidence found,rule_classification,medium,True,True
[18F]MK-6240,18f mk 6240,NCT06860373,BIOLOGICAL,diagnostic_or_imaging_agent,Diagnostic Agent,matches a curated diagnostic/imaging tracer name,rule_classification,high,False,False
Time in Bed Restriction,time in bed restriction,NCT05138848,BEHAVIORAL,behavioral,Non-Drug Intervention,behavioral/non-drug activity,rule_type,high,False,False
Sleep Schedule,sleep schedule,NCT05138848,BEHAVIORAL,behavioral,Non-Drug Intervention,behavioral/non-drug activity,rule_type,high,False,False
DCB-AD1,dcb ad1,NCT00154635,DRUG,investigational_therapeutic_unverified,Therapeutic Drug,investigational therapeutic candidate; drug/biological intervention type with no disqualifying evidence found,rule_classification,medium,True,True
"Immune Globulin Intravenous (Human), 10% Solution",immune globulin intravenous human 10 solution,NCT01524887,BIOLOGICAL,uncertain,Needs Review,classify_intervention() could not resolve a confident therapeutic candidate for this intervention,rule_classification,low,False,True
Human albumin 0.25%,human albumin 0 25,NCT01524887,BIOLOGICAL,uncertain,Needs Review,classify_intervention() could not resolve a confident therapeutic candidate for this intervention,rule_classification,low,False,True
[18F]-MFBG PET CT,18f mfbg pet ct,NCT06120049,DIAGNOSTIC_TEST,uncertain,Diagnostic Agent,intervention type is DIAGNOSTIC_TEST,rule_type,medium,False,True
[18F]-FE-PE2I PET CT or PET MRI,18f fe pe2i pet ct or pet mri,NCT06120049,DIAGNOSTIC_TEST,procedure,Non-Drug Intervention,clinical procedure or imaging exam,rule_type,high,False,False
[123I]-MIBG SPECT CT,123i mibg spect ct,NCT06120049,DIAGNOSTIC_TEST,procedure,Non-Drug Intervention,clinical procedure or imaging exam,rule_type,high,False,False
[18F]-MFBG PET dosimetry scans,18f mfbg pet dosimetry scans,NCT06120049,DIAGNOSTIC_TEST,uncertain,Diagnostic Agent,intervention type is DIAGNOSTIC_TEST,rule_type,medium,False,True
Mindfulness-based Cognitive Coping,mindfulness based cognitive coping,NCT05979922,BEHAVIORAL,behavioral,Non-Drug Intervention,behavioral/non-drug activity,rule_type,high,False,False
Emtriva Capsule,emtriva capsule,NCT04500847,DRUG,investigational_therapeutic_unverified,Therapeutic Drug,investigational therapeutic candidate; drug/biological intervention type with no disqualifying evidence found,rule_classification,medium,True,True
"GnRH, gonadorelin acetate",gnrh gonadorelin acetate,NCT04390646,DRUG,uncertain,Needs Review,classify_intervention() could not resolve a confident therapeutic candidate for this intervention,rule_classification,low,False,True
0.9% NaCl,0 9 nacl,NCT04390646,DRUG,uncertain,Needs Review,classify_intervention() could not resolve a confident therapeutic candidate for this intervention,rule_classification,low,False,True
SHUTi OASIS,shuti oasis,NCT05565833,BEHAVIORAL,behavioral,Non-Drug Intervention,behavioral/non-drug activity,rule_type,high,False,False
Patient Education,patient education,NCT05565833,OTHER,investigational_therapeutic_unverified,Therapeutic Drug,investigational therapeutic candidate; drug/biological intervention type with no disqualifying evidence found,rule_classification,medium,True,True
Isosorbide Mononitrate XL (ISMN),isosorbide mononitrate xl ismn,NCT03451591,DRUG,uncertain,Needs Review,classify_intervention() could not resolve a confident therapeutic candidate for this intervention,rule_classification,low,False,True
Cilostazol,cilostazol,NCT03451591,DRUG,investigational_therapeutic_unverified,Therapeutic Drug,investigational therapeutic candidate; drug/biological intervention type with no disqualifying evidence found,rule_classification,medium,True,True
ISMN XL and Cilostazol,ismn xl and cilostazol,NCT03451591,DRUG,investigational_therapeutic_unverified,Therapeutic Drug,investigational therapeutic candidate; drug/biological intervention type with no disqualifying evidence found,rule_classification,medium,True,True
Neither ISMN nor cilostazol,neither ismn nor cilostazol,NCT03451591,OTHER,investigational_therapeutic_unverified,Therapeutic Drug,investigational therapeutic candidate; drug/biological intervention type with no disqualifying evidence found,rule_classification,medium,True,True
Omega 3 PUFA,omega 3 pufa,NCT01953705,DRUG,investigational_therapeutic_unverified,Therapeutic Drug,investigational therapeutic candidate; drug/biological intervention type with no disqualifying evidence found,rule_classification,medium,True,True
Aripiprazole (BMS-337039),aripiprazole bms 337039,NCT01438060,DRUG,investigational_therapeutic_unverified,Therapeutic Drug,investigational therapeutic candidate; drug/biological intervention type with no disqualifying evidence found,rule_classification,medium,True,True
Radioligand (11C)AZD2995,radioligand 11c azd2995,NCT00692705,DRUG,uncertain,Needs Review,classify_intervention() could not resolve a confident therapeutic candidate for this intervention,rule_classification,low,False,True
NP031112,np031112,NCT00948259,DRUG,investigational_therapeutic_unverified,Therapeutic Drug,investigational therapeutic candidate; drug/biological intervention type with no disqualifying evidence found,rule_classification,medium,True,True
Angiotensin Receptor Blockers (ARBs),angiotensin receptor blockers arbs,NCT07447206,DRUG,uncertain,Needs Review,classify_intervention() could not resolve a confident therapeutic candidate for this intervention,rule_classification,low,False,True
Hydrophilic Statins or Non-Statin Alternative,hydrophilic statins or non statin alternative,NCT07447206,DRUG,uncertain,Needs Review,classify_intervention() could not resolve a confident therapeutic candidate for this intervention,rule_classification,low,False,True
Alianza Latina,alianza latina,NCT04418232,COMBINATION_PRODUCT,investigational_therapeutic_unverified,Needs Review,combination product — components must be inspected individually before treating the whole phrase as one canonical drug name,rule_type,low,False,True
Angiotensin 1-7,angiotensin 1 7,NCT05336175,DRUG,uncertain,Needs Review,classify_intervention() could not resolve a confident therapeutic candidate for this intervention,rule_classification,low,False,True
Saline solution,saline solution,NCT05336175,DRUG,uncertain,Needs Review,classify_intervention() could not resolve a confident therapeutic candidate for this intervention,rule_classification,low,False,True
DAOIB,daoib,NCT02103673; NCT05006781,DRUG,investigational_therapeutic_unverified,Therapeutic Drug,investigational therapeutic candidate; drug/biological intervention type with no disqualifying evidence found,rule_classification,medium,True,True
Attention-Control Condition,attention control condition,NCT03682185,BEHAVIORAL,behavioral,Non-Drug Intervention,behavioral/non-drug activity,rule_type,high,False,False
Timed Activity Intervention,timed activity intervention,NCT03682185,BEHAVIORAL,behavioral,Non-Drug Intervention,behavioral/non-drug activity,rule_type,high,False,False
F-18 AV-45,f 18 av 45,NCT03430869,DRUG,diagnostic_or_imaging_agent,Diagnostic Agent,matches a curated diagnostic/imaging tracer name,rule_classification,high,False,False
[18F]FPEB,18f fpeb,NCT00870974,DRUG,investigational_therapeutic_unverified,Therapeutic Drug,investigational therapeutic candidate; drug/biological intervention type with no disqualifying evidence found,rule_classification,medium,True,True
Dimebon (latrepirdine),dimebon latrepirdine,NCT00954590,DRUG,investigational_therapeutic_unverified,Therapeutic Drug,investigational therapeutic candidate; drug/biological intervention type with no disqualifying evidence found,rule_classification,medium,True,True
[18F]T807 ([18F]MNI-777),18f t807 18f mni 777,NCT02103894,DRUG,diagnostic_or_imaging_agent,Diagnostic Agent,matches a curated diagnostic/imaging tracer name,rule_classification,high,False,False
[18F]MNI-815 (MNI-815),18f mni 815 mni 815,NCT02531360,DRUG,investigational_therapeutic_unverified,Therapeutic Drug,investigational therapeutic candidate; drug/biological intervention type with no disqualifying evidence found,rule_classification,medium,True,True
N-831(Traneurocin) 10 mg QD,n 831 traneurocin 10 mg qd,NCT03538522,DRUG,uncertain,Needs Review,classify_intervention() could not resolve a confident therapeutic candidate for this intervention,rule_classification,low,False,True
NA-831 (Traneurocin) 20 mg QD,na 831 traneurocin 20 mg qd,NCT03538522,DRUG,uncertain,Needs Review,classify_intervention() could not resolve a confident therapeutic candidate for this intervention,rule_classification,low,False,True
NA-831 (Traneurocin) 40 mg QD,na 831 traneurocin 40 mg qd,NCT03538522,DRUG,uncertain,Needs Review,classify_intervention() could not resolve a confident therapeutic candidate for this intervention,rule_classification,low,False,True
Placebo oral capsule QD,placebo oral capsule qd,NCT03538522,DRUG,placebo_or_sham,Placebo or Comparator,placebo/sham/vehicle-control arm,rule_classification,high,False,False
Dronabinol Oral Solution,dronabinol oral solution,NCT07422311,DRUG,investigational_therapeutic_unverified,Therapeutic Drug,investigational therapeutic candidate; drug/biological intervention type with no disqualifying evidence found,rule_classification,medium,True,True
Fluoroethylnormemantine (FENM),fluoroethylnormemantine fenm,NCT05921929,DRUG,investigational_therapeutic_unverified,Therapeutic Drug,investigational therapeutic candidate; drug/biological intervention type with no disqualifying evidence found,rule_classification,medium,True,True
Video-based coping skills training with telephone coaching,video based coping skills training with telephone coaching,NCT00396825,BEHAVIORAL,behavioral,Non-Drug Intervention,behavioral/non-drug activity,rule_type,high,False,False
Probucol,probucol,NCT02707458,DRUG,investigational_therapeutic_unverified,Therapeutic Drug,investigational therapeutic candidate; drug/biological intervention type with no disqualifying evidence found,rule_classification,medium,True,True
TML-6 Granules,tml 6 granules,NCT06562114,DRUG,investigational_therapeutic_unverified,Therapeutic Drug,investigational therapeutic candidate; drug/biological intervention type with no disqualifying evidence found,rule_classification,medium,True,True
"RPh201, botanical drug product",rph201 botanical drug product,NCT01513967,DRUG,investigational_therapeutic_unverified,Therapeutic Drug,investigational therapeutic candidate; drug/biological intervention type with no disqualifying evidence found,rule_classification,medium,True,True
Lenalidomide 10 mg,lenalidomide 10 mg,NCT04032626; NCT06177028,DRUG,investigational_therapeutic_unverified,Therapeutic Drug,investigational therapeutic candidate; drug/biological intervention type with no disqualifying evidence found,rule_classification,medium,True,True
PF-06751979 single ascending dose,pf 06751979 single ascending dose,NCT02509117,DRUG,uncertain,Needs Review,classify_intervention() could not resolve a confident therapeutic candidate for this intervention,rule_classification,low,False,True
Placebo single dose,placebo single dose,NCT02509117; NCT02793232,DRUG,placebo_or_sham,Placebo or Comparator,placebo/sham/vehicle-control arm,rule_classification,high,False,False
PF-06751979 multiple ascending dose,pf 06751979 multiple ascending dose,NCT02509117; NCT02793232,DRUG,uncertain,Needs Review,classify_intervention() could not resolve a confident therapeutic candidate for this intervention,rule_classification,low,False,True
Placebo multiple dose,placebo multiple dose,NCT02509117,DRUG,placebo_or_sham,Placebo or Comparator,placebo/sham/vehicle-control arm,rule_classification,high,False,False
PF-06751979 multiple dose,pf 06751979 multiple dose,NCT02509117; NCT02793232,DRUG,uncertain,Needs Review,classify_intervention() could not resolve a confident therapeutic candidate for this intervention,rule_classification,low,False,True
Couples-based treatment- Patient,couples based treatment patient,NCT06649929,BEHAVIORAL,behavioral,Non-Drug Intervention,behavioral/non-drug activity,rule_type,high,False,False
Couples-based treatment- Partner,couples based treatment partner,NCT06649929,BEHAVIORAL,behavioral,Non-Drug Intervention,behavioral/non-drug activity,rule_type,high,False,False
Information control- Patient,information control patient,NCT06649929,OTHER,uncertain,Needs Review,classify_intervention() could not resolve a confident therapeutic candidate for this intervention,rule_classification,low,False,True
Information control- Partner,information control partner,NCT06649929,OTHER,uncertain,Needs Review,classify_intervention() could not resolve a confident therapeutic candidate for this intervention,rule_classification,low,False,True
"CST-2032, matching placebo for CST-2032, CST-107, matching placebo for CST-107",cst 2032 matching placebo for cst 2032 cst 107 matching placebo for cst 107,NCT05104463,DRUG,placebo_or_sham,Placebo or Comparator,placebo/sham/vehicle-control arm,rule_classification,high,False,False
LY03017-Placebo,ly03017 placebo,NCT06388551; NCT06980207,DRUG,placebo_or_sham,Placebo or Comparator,placebo/sham/vehicle-control arm,rule_classification,high,False,False
Alpha-Linolenic Acid (2.6 g/day),alpha linolenic acid 2 6 g day,NCT07392723,DRUG,investigational_therapeutic_unverified,Therapeutic Drug,investigational therapeutic candidate; drug/biological intervention type with no disqualifying evidence found,rule_classification,medium,True,True
Placebo Control Group,placebo control group,NCT07392723,DIETARY_SUPPLEMENT,placebo_or_sham,Placebo or Comparator,placebo/sham/vehicle-control arm,rule_classification,high,False,False
Psilocybin (drug),psilocybin drug,NCT07386730,DRUG,uncertain,Needs Review,classify_intervention() could not resolve a confident therapeutic candidate for this intervention,rule_classification,low,False,True
Dextromethorphan (DXM),dextromethorphan dxm,NCT07386730,DRUG,uncertain,Needs Review,classify_intervention() could not resolve a confident therapeutic candidate for this intervention,rule_classification,low,False,True
hUC-MSC-sEV-001 nasal drops,huc msc sev 001 nasal drops,NCT06607900,DRUG,investigational_therapeutic_unverified,Therapeutic Drug,investigational therapeutic candidate; drug/biological intervention type with no disqualifying evidence found,rule_classification,medium,True,True
Baricitinib 4 MG,baricitinib 4 mg,NCT05858515,DRUG,investigational_therapeutic_unverified,Therapeutic Drug,investigational therapeutic candidate; drug/biological intervention type with no disqualifying evidence found,rule_classification,medium,True,True
RGN1016,rgn1016,NCT02820155,DRUG,investigational_therapeutic_unverified,Therapeutic Drug,investigational therapeutic candidate; drug/biological intervention type with no disqualifying evidence found,rule_classification,medium,True,True
JNJ-54861911 (100 mg),jnj 54861911 100 mg,NCT02180269,DRUG,investigational_therapeutic_unverified,Therapeutic Drug,investigational therapeutic candidate; drug/biological intervention type with no disqualifying evidence found,rule_classification,medium,True,True
NITESGON,nitesgon,NCT05289804,DEVICE,device,Non-Drug Intervention,intervention type is DEVICE,rule_type,high,False,False
Lidocaine / Prilocaine Topical Cream,lidocaine prilocaine topical cream,NCT05289804,DRUG,investigational_therapeutic_unverified,Therapeutic Drug,investigational therapeutic candidate; drug/biological intervention type with no disqualifying evidence found,rule_classification,medium,True,True
C5/C6 stimulation,c5 c6 stimulation,NCT05289804,DEVICE,device,Non-Drug Intervention,intervention type is DEVICE,rule_type,high,False,False
Sham NITESGON,sham nitesgon,NCT05289804,DEVICE,placebo_or_sham,Placebo or Comparator,placebo/sham/vehicle-control arm,rule_classification,high,False,False
[18Fluor]AZD4694,18fluor azd4694,NCT01325402,OTHER,diagnostic_or_imaging_agent,Diagnostic Agent,matches a curated diagnostic/imaging tracer name,rule_classification,high,False,False
PF-06751979 single dose,pf 06751979 single dose,NCT02793232,DRUG,uncertain,Needs Review,classify_intervention() could not resolve a confident therapeutic candidate for this intervention,rule_classification,low,False,True
Placebo multiple ascending dose,placebo multiple ascending dose,NCT02793232,DRUG,placebo_or_sham,Placebo or Comparator,placebo/sham/vehicle-control arm,rule_classification,high,False,False
Placebo multiple elderly dose,placebo multiple elderly dose,NCT02793232,DRUG,placebo_or_sham,Placebo or Comparator,placebo/sham/vehicle-control arm,rule_classification,high,False,False
JNJ-54861911 (Treatment A),jnj 54861911 treatment a,NCT02260700,DRUG,investigational_therapeutic_unverified,Therapeutic Drug,investigational therapeutic candidate; drug/biological intervention type with no disqualifying evidence found,rule_classification,medium,True,True
JNJ-54861911 (Treatment B),jnj 54861911 treatment b,NCT02260700,DRUG,investigational_therapeutic_unverified,Therapeutic Drug,investigational therapeutic candidate; drug/biological intervention type with no disqualifying evidence found,rule_classification,medium,True,True
JNJ-54861911 (Treatment C),jnj 54861911 treatment c,NCT02260700,DRUG,investigational_therapeutic_unverified,Therapeutic Drug,investigational therapeutic candidate; drug/biological intervention type with no disqualifying evidence found,rule_classification,medium,True,True
Placebo (for Xanamem™),placebo for xanamem,NCT02727699,DRUG,placebo_or_sham,Placebo or Comparator,placebo/sham/vehicle-control arm,rule_classification,high,False,False
Snoezelen Room,snoezelen room,NCT00548951,OTHER,uncertain,Needs Review,classify_intervention() could not resolve a confident therapeutic candidate for this intervention,rule_classification,low,False,True
Bacillus Calmette-Guerin (BCG),bacillus calmette guerin bcg,NCT04507126,BIOLOGICAL,investigational_therapeutic_unverified,Therapeutic Drug,investigational therapeutic candidate; drug/biological intervention type with no disqualifying evidence found,rule_classification,medium,True,True
TH9507 human growth hormone releasing hormone (GHRH),th9507 human growth hormone releasing hormone ghrh,NCT00257712,DRUG,investigational_therapeutic_unverified,Therapeutic Drug,investigational therapeutic candidate; drug/biological intervention type with no disqualifying evidence found,rule_classification,medium,True,True
Family Intervention:Telephone Tracking Support- Caregiver,family intervention telephone tracking support caregiver,NCT00735800,BEHAVIORAL,behavioral,Non-Drug Intervention,behavioral/non-drug activity,rule_type,high,False,False
Telephone Support,telephone support,NCT00735800,BEHAVIORAL,behavioral,Non-Drug Intervention,behavioral/non-drug activity,rule_type,high,False,False
RP902,rp902,NCT07579884,DRUG,investigational_therapeutic_unverified,Therapeutic Drug,investigational therapeutic candidate; drug/biological intervention type with no disqualifying evidence found,rule_classification,medium,True,True
empagliflozin (Jardiance) 25 mg,empagliflozin jardiance 25 mg,NCT03852901,DRUG,investigational_therapeutic_unverified,Therapeutic Drug,investigational therapeutic candidate; drug/biological intervention type with no disqualifying evidence found,rule_classification,medium,True,True
Sham discontinuation,sham discontinuation,NCT02248636,DRUG,placebo_or_sham,Placebo or Comparator,placebo/sham/vehicle-control arm,rule_classification,high,False,False
[18F]ACI-19626,18f aci 19626,NCT06891716,OTHER,investigational_therapeutic_unverified,Therapeutic Drug,investigational therapeutic candidate; drug/biological intervention type with no disqualifying evidence found,rule_classification,medium,True,True
JNJ-54861911 1mg,jnj 54861911 1mg,NCT01827982,DRUG,investigational_therapeutic_unverified,Therapeutic Drug,investigational therapeutic candidate; drug/biological intervention type with no disqualifying evidence found,rule_classification,medium,True,True
JNJ-54861911 3 mg,jnj 54861911 3 mg,NCT01827982; NCT01887535,DRUG,investigational_therapeutic_unverified,Therapeutic Drug,investigational therapeutic candidate; drug/biological intervention type with no disqualifying evidence found,rule_classification,medium,True,True
JNJ-54861911 9 mg,jnj 54861911 9 mg,NCT01827982,DRUG,investigational_therapeutic_unverified,Therapeutic Drug,investigational therapeutic candidate; drug/biological intervention type with no disqualifying evidence found,rule_classification,medium,True,True
JNJ-54861911 27 mg,jnj 54861911 27 mg,NCT01827982,DRUG,investigational_therapeutic_unverified,Therapeutic Drug,investigational therapeutic candidate; drug/biological intervention type with no disqualifying evidence found,rule_classification,medium,True,True
JNJ-54861911 81 mg,jnj 54861911 81 mg,NCT01827982,DRUG,investigational_therapeutic_unverified,Therapeutic Drug,investigational therapeutic candidate; drug/biological intervention type with no disqualifying evidence found,rule_classification,medium,True,True
JNJ-54861911 160 mg,jnj 54861911 160 mg,NCT01827982,DRUG,investigational_therapeutic_unverified,Therapeutic Drug,investigational therapeutic candidate; drug/biological intervention type with no disqualifying evidence found,rule_classification,medium,True,True
JNJ-54861911 tbd,jnj 54861911 tbd,NCT01827982,DRUG,investigational_therapeutic_unverified,Therapeutic Drug,investigational therapeutic candidate; drug/biological intervention type with no disqualifying evidence found,rule_classification,medium,True,True
JNJ-54861911 30 mg,jnj 54861911 30 mg,NCT01887535,DRUG,investigational_therapeutic_unverified,Therapeutic Drug,investigational therapeutic candidate; drug/biological intervention type with no disqualifying evidence found,rule_classification,medium,True,True
JNJ-54861911 80 mg,jnj 54861911 80 mg,NCT01887535,DRUG,investigational_therapeutic_unverified,Therapeutic Drug,investigational therapeutic candidate; drug/biological intervention type with no disqualifying evidence found,rule_classification,medium,True,True
Itraconazole 200 mg,itraconazole 200 mg,NCT02197884,DRUG,uncertain,Needs Review,classify_intervention() could not resolve a confident therapeutic candidate for this intervention,rule_classification,low,False,True
Clarithromycin 500 mg,clarithromycin 500 mg,NCT02197884,DRUG,uncertain,Needs Review,classify_intervention() could not resolve a confident therapeutic candidate for this intervention,rule_classification,low,False,True
Docosahexaenoic acid,docosahexaenoic acid,NCT02541929,DIETARY_SUPPLEMENT,investigational_therapeutic_unverified,Non-Drug Intervention,dietary supplement / nutraceutical — excluded from the default therapeutic view unless curated as a genuine investigational program (data/reference/intervention_scope_overrides.csv),rule_type,medium,False,False
JNJ-54861911,jnj 54861911,NCT02211079,DRUG,investigational_therapeutic_unverified,Therapeutic Drug,investigational therapeutic candidate; drug/biological intervention type with no disqualifying evidence found,rule_classification,medium,True,True
Midazolam,midazolam,NCT02211079,DRUG,uncertain,Needs Review,classify_intervention() could not resolve a confident therapeutic candidate for this intervention,rule_classification,low,False,True
Tolbutamide,tolbutamide,NCT02211079,DRUG,uncertain,Needs Review,classify_intervention() could not resolve a confident therapeutic candidate for this intervention,rule_classification,low,False,True
SAM-531 and gemfibrozil,sam 531 and gemfibrozil,NCT00966966,DRUG,investigational_therapeutic_unverified,Therapeutic Drug,investigational therapeutic candidate; drug/biological intervention type with no disqualifying evidence found,rule_classification,medium,True,True
Donepezil plus placebo,donepezil plus placebo,NCT00959881,DRUG,placebo_or_sham,Placebo or Comparator,placebo/sham/vehicle-control arm,rule_classification,high,False,False
Begacestat,begacestat,NCT00959881,DRUG,investigational_therapeutic_unverified,Therapeutic Drug,investigational therapeutic candidate; drug/biological intervention type with no disqualifying evidence found,rule_classification,medium,True,True
PF-05212377,pf 05212377,NCT02005991,DRUG,investigational_therapeutic_unverified,Therapeutic Drug,investigational therapeutic candidate; drug/biological intervention type with no disqualifying evidence found,rule_classification,medium,True,True
Caregiver support via telephone,caregiver support via telephone,NCT00259415,BEHAVIORAL,behavioral,Non-Drug Intervention,behavioral/non-drug activity,rule_type,high,False,False
BNC,bnc,NCT01747213,DRUG,investigational_therapeutic_unverified,Therapeutic Drug,investigational therapeutic candidate; drug/biological intervention type with no disqualifying evidence found,rule_classification,medium,True,True
T2:C100,t2 c100,NCT05644262,DRUG,investigational_therapeutic_unverified,Therapeutic Drug,investigational therapeutic candidate; drug/biological intervention type with no disqualifying evidence found,rule_classification,medium,True,True
Nicotine Transdermal Patch,nicotine transdermal patch,NCT02720445,DRUG,investigational_therapeutic_unverified,Therapeutic Drug,investigational therapeutic candidate; drug/biological intervention type with no disqualifying evidence found,rule_classification,medium,True,True
Polyamine,polyamine,NCT03094546,DIETARY_SUPPLEMENT,investigational_therapeutic_unverified,Non-Drug Intervention,dietary supplement / nutraceutical — excluded from the default therapeutic view unless curated as a genuine investigational program (data/reference/intervention_scope_overrides.csv),rule_type,medium,False,False
NX210c,nx210c,NCT05827653,DRUG,investigational_therapeutic_unverified,Therapeutic Drug,investigational therapeutic candidate; drug/biological intervention type with no disqualifying evidence found,rule_classification,medium,True,True
Tau PET scan,tau pet scan,NCT03618186,COMBINATION_PRODUCT,procedure,Non-Drug Intervention,clinical procedure or imaging exam,rule_type,high,False,False
1 Nebulized inhalation for booster groups,1 nebulized inhalation for booster groups,NCT05330871,BIOLOGICAL,uncertain,Needs Review,classify_intervention() could not resolve a confident therapeutic candidate for this intervention,rule_classification,low,False,True
2 Nebulized inhalation for booster groups,2 nebulized inhalation for booster groups,NCT05330871,BIOLOGICAL,uncertain,Needs Review,classify_intervention() could not resolve a confident therapeutic candidate for this intervention,rule_classification,low,False,True
3 Nebulized inhalation for booster groups,3 nebulized inhalation for booster groups,NCT05330871,BIOLOGICAL,uncertain,Needs Review,classify_intervention() could not resolve a confident therapeutic candidate for this intervention,rule_classification,low,False,True
4 Nebulized inhalation for booster groups,4 nebulized inhalation for booster groups,NCT05330871,BIOLOGICAL,uncertain,Needs Review,classify_intervention() could not resolve a confident therapeutic candidate for this intervention,rule_classification,low,False,True
5 Intramuscular injection for booster groups,5 intramuscular injection for booster groups,NCT05330871,BIOLOGICAL,uncertain,Needs Review,classify_intervention() could not resolve a confident therapeutic candidate for this intervention,rule_classification,low,False,True
6 Intramuscular injection for booster groups,6 intramuscular injection for booster groups,NCT05330871,BIOLOGICAL,uncertain,Needs Review,classify_intervention() could not resolve a confident therapeutic candidate for this intervention,rule_classification,low,False,True
7 Intramuscular injection for booster groups,7 intramuscular injection for booster groups,NCT05330871,BIOLOGICAL,uncertain,Needs Review,classify_intervention() could not resolve a confident therapeutic candidate for this intervention,rule_classification,low,False,True
8 Intramuscular injection for booster groups,8 intramuscular injection for booster groups,NCT05330871,BIOLOGICAL,uncertain,Needs Review,classify_intervention() could not resolve a confident therapeutic candidate for this intervention,rule_classification,low,False,True
9 Intramuscular injection for booster groups,9 intramuscular injection for booster groups,NCT05330871,BIOLOGICAL,uncertain,Needs Review,classify_intervention() could not resolve a confident therapeutic candidate for this intervention,rule_classification,low,False,True
10 Intramuscular injection for booster groups,10 intramuscular injection for booster groups,NCT05330871,BIOLOGICAL,uncertain,Needs Review,classify_intervention() could not resolve a confident therapeutic candidate for this intervention,rule_classification,low,False,True
11 Nebulized inhalation for booster groups,11 nebulized inhalation for booster groups,NCT05330871,BIOLOGICAL,uncertain,Needs Review,classify_intervention() could not resolve a confident therapeutic candidate for this intervention,rule_classification,low,False,True
12 Nebulized inhalation for booster groups,12 nebulized inhalation for booster groups,NCT05330871,BIOLOGICAL,uncertain,Needs Review,classify_intervention() could not resolve a confident therapeutic candidate for this intervention,rule_classification,low,False,True
13 Nebulized inhalation for booster groups,13 nebulized inhalation for booster groups,NCT05330871,BIOLOGICAL,uncertain,Needs Review,classify_intervention() could not resolve a confident therapeutic candidate for this intervention,rule_classification,low,False,True
14 Nebulized inhalation for booster groups,14 nebulized inhalation for booster groups,NCT05330871,BIOLOGICAL,uncertain,Needs Review,classify_intervention() could not resolve a confident therapeutic candidate for this intervention,rule_classification,low,False,True
15 Intramuscular injection for booster groups,15 intramuscular injection for booster groups,NCT05330871,BIOLOGICAL,uncertain,Needs Review,classify_intervention() could not resolve a confident therapeutic candidate for this intervention,rule_classification,low,False,True
16 Intramuscular injection for booster groups,16 intramuscular injection for booster groups,NCT05330871,BIOLOGICAL,uncertain,Needs Review,classify_intervention() could not resolve a confident therapeutic candidate for this intervention,rule_classification,low,False,True
17 Intramuscular injection for booster groups,17 intramuscular injection for booster groups,NCT05330871,BIOLOGICAL,uncertain,Needs Review,classify_intervention() could not resolve a confident therapeutic candidate for this intervention,rule_classification,low,False,True
18 Intramuscular injection for booster groups,18 intramuscular injection for booster groups,NCT05330871,BIOLOGICAL,uncertain,Needs Review,classify_intervention() could not resolve a confident therapeutic candidate for this intervention,rule_classification,low,False,True
19 Intramuscular injection for booster groups,19 intramuscular injection for booster groups,NCT05330871,BIOLOGICAL,uncertain,Needs Review,classify_intervention() could not resolve a confident therapeutic candidate for this intervention,rule_classification,low,False,True
20 Intramuscular injection for booster groups,20 intramuscular injection for booster groups,NCT05330871,BIOLOGICAL,uncertain,Needs Review,classify_intervention() could not resolve a confident therapeutic candidate for this intervention,rule_classification,low,False,True
21 Nebulized inhalation for primary groups,21 nebulized inhalation for primary groups,NCT05330871,BIOLOGICAL,uncertain,Needs Review,classify_intervention() could not resolve a confident therapeutic candidate for this intervention,rule_classification,low,False,True
22 Nebulized inhalation for primary groups,22 nebulized inhalation for primary groups,NCT05330871,BIOLOGICAL,uncertain,Needs Review,classify_intervention() could not resolve a confident therapeutic candidate for this intervention,rule_classification,low,False,True
23 Nebulized inhalation for primary groups,23 nebulized inhalation for primary groups,NCT05330871,BIOLOGICAL,uncertain,Needs Review,classify_intervention() could not resolve a confident therapeutic candidate for this intervention,rule_classification,low,False,True
24 Nebulized inhalation for primary groups,24 nebulized inhalation for primary groups,NCT05330871,BIOLOGICAL,uncertain,Needs Review,classify_intervention() could not resolve a confident therapeutic candidate for this intervention,rule_classification,low,False,True
"Angiotensin II Receptor Blockers (ARBs, losartan) and Calcium Channel Blockers (CCB, amlodipine)",angiotensin ii receptor blockers arbs losartan and calcium channel blockers ccb amlodipine,NCT05331144,DRUG,uncertain,Needs Review,classify_intervention() could not resolve a confident therapeutic candidate for this intervention,rule_classification,low,False,True
PCP,pcp,NCT05331144,OTHER,uncertain,Needs Review,classify_intervention() could not resolve a confident therapeutic candidate for this intervention,rule_classification,low,False,True
Recombinant Novel Coronavirus Vaccine (Adenovirus Type 5 Vector) for Inhalation,recombinant novel coronavirus vaccine adenovirus type 5 vector for inhalation,NCT04840992,BIOLOGICAL,uncertain,Needs Review,classify_intervention() could not resolve a confident therapeutic candidate for this intervention,rule_classification,low,False,True
Recombinant Novel Coronavirus Vaccine (Adenovirus Type 5 Vector),recombinant novel coronavirus vaccine adenovirus type 5 vector,NCT04313127; NCT04398147; NCT04526990; NCT04566770; NCT04840992; NCT05169008,BIOLOGICAL,uncertain,Needs Review,classify_intervention() could not resolve a confident therapeutic candidate for this intervention,rule_classification,low,False,True
Placebo for Inhalation,placebo for inhalation,NCT04840992,BIOLOGICAL,placebo_or_sham,Placebo or Comparator,placebo/sham/vehicle-control arm,rule_classification,high,False,False
Gam-COVID-Vac,gam covid vac,NCT04642339,BIOLOGICAL,investigational_therapeutic_unverified,Therapeutic Drug,investigational therapeutic candidate; drug/biological intervention type with no disqualifying evidence found,rule_classification,medium,True,True
Recombinant Novel Coronavirus Vaccine (Adenovirus Type 5 Vector) -placebo,recombinant novel coronavirus vaccine adenovirus type 5 vector placebo,NCT04566770,BIOLOGICAL,placebo_or_sham,Placebo or Comparator,placebo/sham/vehicle-control arm,rule_classification,high,False,False
18F-Flutemetamol PET/MRI,18f flutemetamol pet mri,NCT03291093,DRUG,diagnostic_or_imaging_agent,Diagnostic Agent,matches a curated diagnostic/imaging tracer name,rule_classification,high,False,False
Heart Rate Variability Biofeedback,heart rate variability biofeedback,NCT05627687,BEHAVIORAL,behavioral,Non-Drug Intervention,behavioral/non-drug activity,rule_type,high,False,False
Music Listening Control,music listening control,NCT05627687,BEHAVIORAL,behavioral,Non-Drug Intervention,behavioral/non-drug activity,rule_type,high,False,False
AS-S603,as s603,NCT06786676,DRUG,investigational_therapeutic_unverified,Therapeutic Drug,investigational therapeutic candidate; drug/biological intervention type with no disqualifying evidence found,rule_classification,medium,True,True
"Immune Globulin Intravenous (Human), 10% (IGIV, 10%) 400 mg/kg",immune globulin intravenous human 10 igiv 10 400 mg kg,NCT00818662,BIOLOGICAL,uncertain,Needs Review,classify_intervention() could not resolve a confident therapeutic candidate for this intervention,rule_classification,low,False,True
"Immune Globulin Intravenous (Human), 10% (IGIV, 10%) 200 mg/kg",immune globulin intravenous human 10 igiv 10 200 mg kg,NCT00818662,BIOLOGICAL,uncertain,Needs Review,classify_intervention() could not resolve a confident therapeutic candidate for this intervention,rule_classification,low,False,True
Placebo solution: Human Albumin 0.25% - 4 mL/kg,placebo solution human albumin 0 25 4 ml kg,NCT00818662,BIOLOGICAL,placebo_or_sham,Placebo or Comparator,placebo/sham/vehicle-control arm,rule_classification,high,False,False
Placebo solution: Human Albumin 0.25% - 2 mL/kg,placebo solution human albumin 0 25 2 ml kg,NCT00818662,BIOLOGICAL,placebo_or_sham,Placebo or Comparator,placebo/sham/vehicle-control arm,rule_classification,high,False,False
Standard Care,standard care,NCT03354143,OTHER,uncertain,Needs Review,classify_intervention() could not resolve a confident therapeutic candidate for this intervention,rule_classification,low,False,True
Intensive Treatment,intensive treatment,NCT03354143,OTHER,uncertain,Needs Review,classify_intervention() could not resolve a confident therapeutic candidate for this intervention,rule_classification,low,False,True
External Counterpulsation (EECP),external counterpulsation eecp,NCT01659398,DEVICE,device,Non-Drug Intervention,intervention type is DEVICE,rule_type,high,False,False
Dextrose Water,dextrose water,NCT05574400,DRUG,uncertain,Needs Review,classify_intervention() could not resolve a confident therapeutic candidate for this intervention,rule_classification,low,False,True
Caffeine citrate,caffeine citrate,NCT05574400,DRUG,uncertain,Needs Review,classify_intervention() could not resolve a confident therapeutic candidate for this intervention,rule_classification,low,False,True
Fasting-Mimicking Diet ProlonADTM,fasting mimicking diet prolonadtm,NCT05480358,DIETARY_SUPPLEMENT,investigational_therapeutic_unverified,Non-Drug Intervention,dietary supplement / nutraceutical — excluded from the default therapeutic view unless curated as a genuine investigational program (data/reference/intervention_scope_overrides.csv),rule_type,medium,False,False
Sleep Education Program,sleep education program,NCT00393627,BEHAVIORAL,behavioral,Non-Drug Intervention,behavioral/non-drug activity,rule_type,high,False,False
Phase I U-SMART (4 wks),phase i u smart 4 wks,NCT01688128,DEVICE,device,Non-Drug Intervention,intervention type is DEVICE,rule_type,high,False,False
Washout (2 wks),washout 2 wks,NCT01688128,OTHER,investigational_therapeutic_unverified,Therapeutic Drug,investigational therapeutic candidate; drug/biological intervention type with no disqualifying evidence found,rule_classification,medium,True,True
Phase II U-SMART (4 wks),phase ii u smart 4 wks,NCT01688128,DEVICE,device,Non-Drug Intervention,intervention type is DEVICE,rule_type,high,False,False
U-SMART,u smart,NCT01628653,DEVICE,device,Non-Drug Intervention,intervention type is DEVICE,rule_type,high,False,False
Epigallocatechin-3-gallate (EGCG),epigallocatechin 3 gallate egcg,NCT01699711,DIETARY_SUPPLEMENT,investigational_therapeutic_unverified,Non-Drug Intervention,dietary supplement / nutraceutical — excluded from the default therapeutic view unless curated as a genuine investigational program (data/reference/intervention_scope_overrides.csv),rule_type,medium,False,False
Vitamin D + L-cysteine,vitamin d l cysteine,NCT04939792,DRUG,uncertain,Needs Review,classify_intervention() could not resolve a confident therapeutic candidate for this intervention,rule_classification,low,False,True
L-cysteine,l cysteine,NCT04939792,DRUG,uncertain,Needs Review,classify_intervention() could not resolve a confident therapeutic candidate for this intervention,rule_classification,low,False,True
NewGam 10% IVIG,newgam 10 ivig,NCT01300728,DRUG,investigational_therapeutic_unverified,Therapeutic Drug,investigational therapeutic candidate; drug/biological intervention type with no disqualifying evidence found,rule_classification,medium,True,True
Amyloid imaging,amyloid imaging,NCT02317250,PROCEDURE,procedure,Non-Drug Intervention,clinical procedure or imaging exam,rule_type,high,False,False
FDG-PET,fdg pet,NCT02317250,PROCEDURE,diagnostic_or_imaging_agent,Diagnostic Agent,matches a curated diagnostic/imaging tracer name,rule_classification,high,False,False
Elderberry Juice,elderberry juice,NCT02414607,BIOLOGICAL,investigational_therapeutic_unverified,Therapeutic Drug,investigational therapeutic candidate; drug/biological intervention type with no disqualifying evidence found,rule_classification,medium,True,True
Communication Bridge™,communication bridge,NCT06191198,BEHAVIORAL,behavioral,Non-Drug Intervention,behavioral/non-drug activity,rule_type,high,False,False
Evidence-Based Impairment Focused,evidence based impairment focused,NCT06191198,BEHAVIORAL,behavioral,Non-Drug Intervention,behavioral/non-drug activity,rule_type,high,False,False
CX516,cx516,NCT00040443,DRUG,investigational_therapeutic_unverified,Therapeutic Drug,investigational therapeutic candidate; drug/biological intervention type with no disqualifying evidence found,rule_classification,medium,True,True
Rifaximin SSD 40 mg IR tablet,rifaximin ssd 40 mg ir tablet,NCT06718686,DRUG,investigational_therapeutic_unverified,Therapeutic Drug,investigational therapeutic candidate; drug/biological intervention type with no disqualifying evidence found,rule_classification,medium,True,True
Recombinant COVID-19 vaccine (adenovirus type 5 vector) for Inhalation (Ad5-nCoV-IH),recombinant covid 19 vaccine adenovirus type 5 vector for inhalation ad5 ncov ih,NCT05124561; NCT05169008,BIOLOGICAL,uncertain,Needs Review,classify_intervention() could not resolve a confident therapeutic candidate for this intervention,rule_classification,low,False,True
18F-JSS20-183A PET,18f jss20 183a pet,NCT06932809,DRUG,investigational_therapeutic_unverified,Therapeutic Drug,investigational therapeutic candidate; drug/biological intervention type with no disqualifying evidence found,rule_classification,medium,True,True
Brain MRI,brain mri,NCT06932809,DIAGNOSTIC_TEST,procedure,Non-Drug Intervention,clinical procedure or imaging exam,rule_type,high,False,False
Amyloid PET,amyloid pet,NCT06932809,DIAGNOSTIC_TEST,diagnostic_or_imaging_agent,Diagnostic Agent,matches a curated diagnostic/imaging tracer name,rule_classification,high,False,False
Neurological Assessments,neurological assessments,NCT06932809,BEHAVIORAL,behavioral,Non-Drug Intervention,behavioral/non-drug activity,rule_type,high,False,False
Positron Emission Tomography (PET) Scan,positron emission tomography pet scan,NCT03958630,DIAGNOSTIC_TEST,procedure,Non-Drug Intervention,clinical procedure or imaging exam,rule_type,high,False,False
Revusiran (ALN-TTRSC),revusiran aln ttrsc,NCT02292186; NCT02319005,DRUG,investigational_therapeutic_unverified,Therapeutic Drug,investigational therapeutic candidate; drug/biological intervention type with no disqualifying evidence found,rule_classification,medium,True,True
Amniotic and Umbilical Cord Tissue Procedure,amniotic and umbilical cord tissue procedure,NCT03899298,BIOLOGICAL,investigational_therapeutic_unverified,Therapeutic Drug,investigational therapeutic candidate; drug/biological intervention type with no disqualifying evidence found,rule_classification,medium,True,True
Levetiracetam 62.5mg,levetiracetam 62 5mg,NCT01044758,DRUG,uncertain,Needs Review,classify_intervention() could not resolve a confident therapeutic candidate for this intervention,rule_classification,low,False,True
Levetiracetam 125mg,levetiracetam 125mg,NCT01044758,DRUG,uncertain,Needs Review,classify_intervention() could not resolve a confident therapeutic candidate for this intervention,rule_classification,low,False,True
Levetiracetam 250mg,levetiracetam 250mg,NCT01044758,DRUG,uncertain,Needs Review,classify_intervention() could not resolve a confident therapeutic candidate for this intervention,rule_classification,low,False,True
Basic Education,basic education,NCT00056316,BEHAVIORAL,behavioral,Non-Drug Intervention,behavioral/non-drug activity,rule_type,high,False,False
Behavioral Skills Training: Experimental,behavioral skills training experimental,NCT00056316,BEHAVIORAL,behavioral,Non-Drug Intervention,behavioral/non-drug activity,rule_type,high,False,False
Daratumumab SC,daratumumab sc,NCT04270175,DRUG,uncertain,Needs Review,classify_intervention() could not resolve a confident therapeutic candidate for this intervention,rule_classification,low,False,True
Pomalidomide,pomalidomide,NCT04270175,DRUG,uncertain,Needs Review,classify_intervention() could not resolve a confident therapeutic candidate for this intervention,rule_classification,low,False,True
Ixazomib,ixazomib,NCT03236792,DRUG,uncertain,Needs Review,classify_intervention() could not resolve a confident therapeutic candidate for this intervention,rule_classification,low,False,True
Cyclophosphamide,cyclophosphamide,NCT03236792,DRUG,uncertain,Needs Review,classify_intervention() could not resolve a confident therapeutic candidate for this intervention,rule_classification,low,False,True
Precision Medicine Approach,precision medicine approach,NCT05894954,DIETARY_SUPPLEMENT,uncertain,Non-Drug Intervention,dietary supplement / nutraceutical — excluded from the default therapeutic view unless curated as a genuine investigational program (data/reference/intervention_scope_overrides.csv),rule_type,medium,False,False
"Hormones and Medications tailored to lab tests, combined with devices that support stress management and brain exercises",hormones and medications tailored to lab tests combined with devices that support stress management and brain exercises,NCT05894954,COMBINATION_PRODUCT,uncertain,Needs Review,combination product — components must be inspected individually before treating the whole phrase as one canonical drug name,rule_type,low,False,True
Standard-of-Care,standard of care,NCT05894954,BEHAVIORAL,other,Non-Drug Intervention,"non-treatment control arm (e.g. no intervention / untreated / usual care), not a product",rule_classification,high,False,False
"Lifestyle including diet, exercise, stress management",lifestyle including diet exercise stress management,NCT05894954,BEHAVIORAL,behavioral,Non-Drug Intervention,behavioral/non-drug activity,rule_type,high,False,False
Mobilan (M-VM3),mobilan m vm3,NCT02844699,DRUG,investigational_therapeutic_unverified,Therapeutic Drug,investigational therapeutic candidate; drug/biological intervention type with no disqualifying evidence found,rule_classification,medium,True,True
Tafamidis,tafamidis,NCT01994889; NCT02791230,DRUG,investigational_therapeutic_unverified,Therapeutic Drug,investigational therapeutic candidate; drug/biological intervention type with no disqualifying evidence found,rule_classification,medium,True,True
A: Placebo to match Donepezil and MK-3134 + Placebo to match Scopolamine,a placebo to match donepezil and mk 3134 placebo to match scopolamine,NCT01181310,DRUG,placebo_or_sham,Placebo or Comparator,placebo/sham/vehicle-control arm,rule_classification,high,False,False
B: Placebo to match Donepezil and MK-3134 + Scopolamine 0.5 mg,b placebo to match donepezil and mk 3134 scopolamine 0 5 mg,NCT01181310,DRUG,placebo_or_sham,Placebo or Comparator,placebo/sham/vehicle-control arm,rule_classification,high,False,False
C: MK-3134 25 mg + Scopolamine 0.5 mg,c mk 3134 25 mg scopolamine 0 5 mg,NCT01181310,DRUG,investigational_therapeutic_unverified,Therapeutic Drug,investigational therapeutic candidate; drug/biological intervention type with no disqualifying evidence found,rule_classification,medium,True,True
D: Donepezil 10 mg + Scopolamine 0.5 mg,d donepezil 10 mg scopolamine 0 5 mg,NCT01181310,DRUG,uncertain,Needs Review,classify_intervention() could not resolve a confident therapeutic candidate for this intervention,rule_classification,low,False,True
E: Combo: Donepezil 10 mg + MK-3134 25 mg + Scopolamine 0.5 mg,e combo donepezil 10 mg mk 3134 25 mg scopolamine 0 5 mg,NCT01181310,DRUG,uncertain,Needs Review,classify_intervention() could not resolve a confident therapeutic candidate for this intervention,rule_classification,low,False,True
Low Dose Nicotine (7mg),low dose nicotine 7mg,NCT01778946,DRUG,uncertain,Needs Review,classify_intervention() could not resolve a confident therapeutic candidate for this intervention,rule_classification,low,False,True
Moderate Dose Nicotine (14mg),moderate dose nicotine 14mg,NCT01778946,DRUG,uncertain,Needs Review,classify_intervention() could not resolve a confident therapeutic candidate for this intervention,rule_classification,low,False,True
Selinexor,selinexor,NCT04984330,DRUG,uncertain,Needs Review,classify_intervention() could not resolve a confident therapeutic candidate for this intervention,rule_classification,low,False,True
Bortezomib,bortezomib,NCT01083316,DRUG,uncertain,Needs Review,classify_intervention() could not resolve a confident therapeutic candidate for this intervention,rule_classification,low,False,True
Melphalan,melphalan,NCT01083316,DRUG,uncertain,Needs Review,classify_intervention() could not resolve a confident therapeutic candidate for this intervention,rule_classification,low,False,True
Fx-1006A,fx 1006a,NCT00409175; NCT00791492,DRUG,investigational_therapeutic_unverified,Therapeutic Drug,investigational therapeutic candidate; drug/biological intervention type with no disqualifying evidence found,rule_classification,medium,True,True
anle138b,anle138b,NCT04208152; NCT04685265,DRUG,investigational_therapeutic_unverified,Therapeutic Drug,investigational therapeutic candidate; drug/biological intervention type with no disqualifying evidence found,rule_classification,medium,True,True
NEOD001,neod001,NCT02632786,DRUG,investigational_therapeutic_unverified,Therapeutic Drug,investigational therapeutic candidate; drug/biological intervention type with no disqualifying evidence found,rule_classification,medium,True,True
anle138b (TEV-56286),anle138b tev 56286,NCT05532358,DRUG,uncertain,Needs Review,classify_intervention() could not resolve a confident therapeutic candidate for this intervention,rule_classification,low,False,True
Fluvoxamine 100 mg QD for 5 days,fluvoxamine 100 mg qd for 5 days,NCT05532358,DRUG,uncertain,Needs Review,classify_intervention() could not resolve a confident therapeutic candidate for this intervention,rule_classification,low,False,True
Grape Powder,grape powder,NCT03361410,DIETARY_SUPPLEMENT,investigational_therapeutic_unverified,Non-Drug Intervention,dietary supplement / nutraceutical — excluded from the default therapeutic view unless curated as a genuine investigational program (data/reference/intervention_scope_overrides.csv),rule_type,medium,False,False
Placebo Powder,placebo powder,NCT03361410,DIETARY_SUPPLEMENT,placebo_or_sham,Placebo or Comparator,placebo/sham/vehicle-control arm,rule_classification,high,False,False
Tauroursodeoxycholic Acid and Doxycycline,tauroursodeoxycholic acid and doxycycline,NCT01855360,DRUG,investigational_therapeutic_unverified,Therapeutic Drug,investigational therapeutic candidate; drug/biological intervention type with no disqualifying evidence found,rule_classification,medium,True,True
Acoramidis,acoramidis,NCT03860935; NCT04882735; NCT06563895,DRUG,investigational_therapeutic_unverified,Therapeutic Drug,investigational therapeutic candidate; drug/biological intervention type with no disqualifying evidence found,rule_classification,medium,True,True
AG10,ag10,NCT04418024,DRUG,investigational_therapeutic_unverified,Therapeutic Drug,investigational therapeutic candidate; drug/biological intervention type with no disqualifying evidence found,rule_classification,medium,True,True
Mobile Phone Application,mobile phone application,NCT02072252,BEHAVIORAL,behavioral,Non-Drug Intervention,behavioral/non-drug activity,rule_type,high,False,False
Acoramidis (AG10),acoramidis ag10,NCT07116473,DRUG,investigational_therapeutic_unverified,Therapeutic Drug,investigational therapeutic candidate; drug/biological intervention type with no disqualifying evidence found,rule_classification,medium,True,True
Sterile Normal Saline (0.9% NaCl),sterile normal saline 0 9 nacl,NCT02319005,DRUG,uncertain,Needs Review,classify_intervention() could not resolve a confident therapeutic candidate for this intervention,rule_classification,low,False,True
PROSOMNIA Sleep Therapy™ (PSTx),prosomnia sleep therapy pstx,NCT06644573,PROCEDURE,procedure,Non-Drug Intervention,clinical procedure or imaging exam,rule_type,high,False,False
Anesthesia-Induced Sleep Therapy,anesthesia induced sleep therapy,NCT06644573,PROCEDURE,procedure,Non-Drug Intervention,clinical procedure or imaging exam,rule_type,high,False,False
"Diprivan (propofol), Astra-Zeneca",diprivan propofol astra zeneca,NCT06644573,DRUG,investigational_therapeutic_unverified,Therapeutic Drug,investigational therapeutic candidate; drug/biological intervention type with no disqualifying evidence found,rule_classification,medium,True,True
Continuous EEG Monitoring,continuous eeg monitoring,NCT06644573,DEVICE,device,Non-Drug Intervention,intervention type is DEVICE,rule_type,high,False,False
PrimePro™/ PrimeMSK™,primepro primemsk,NCT04684602,BIOLOGICAL,investigational_therapeutic_unverified,Therapeutic Drug,investigational therapeutic candidate; drug/biological intervention type with no disqualifying evidence found,rule_classification,medium,True,True
